<?xml version="1.0" encoding="UTF-8"?>
<gpx version="1.1" creator="MCA Maps — Managalas clan boundary survey"
     xmlns="http://www.topografix.com/GPX/1/1"
     xmlns:xsi="http://www.w3.org/2001/XMLSchema-instance"
     xsi:schemaLocation="http://www.topografix.com/GPX/1/1 http://www.topografix.com/GPX/1/1/gpx.xsd">
  <metadata>
    <name>Dusi — clan land boundary</name>
    <desc>Dusi, Zone 8. 33.0 km walked; 1.9 km still to walk in 3 gaps. 1 join(s) under the marking threshold are not shown.</desc>
    <time>2026-08-18T00:00:00Z</time>
  </metadata>
  <wpt lat="-9.1301233" lon="148.4809483">
    <name>GAP 1 OF 3 START</name>
    <desc>0.42 km not walked. This straight line is not a boundary — it joins the two ends so the shape can be closed on paper. Dusi, Zone 8.</desc>
    <sym>Flag</sym>
  </wpt>
  <wpt lat="-9.1288133" lon="148.4845183">
    <name>GAP 1 OF 3 END</name>
    <desc>0.42 km not walked. This straight line is not a boundary — it joins the two ends so the shape can be closed on paper. Dusi, Zone 8.</desc>
    <sym>Flag</sym>
  </wpt>
  <wpt lat="-9.1240400" lon="148.4841967">
    <name>GAP 2 OF 3 START</name>
    <desc>0.95 km not walked. This straight line is not a boundary — it joins the two ends so the shape can be closed on paper. Dusi, Zone 8.</desc>
    <sym>Flag</sym>
  </wpt>
  <wpt lat="-9.1294500" lon="148.4909417">
    <name>GAP 2 OF 3 END</name>
    <desc>0.95 km not walked. This straight line is not a boundary — it joins the two ends so the shape can be closed on paper. Dusi, Zone 8.</desc>
    <sym>Flag</sym>
  </wpt>
  <wpt lat="-9.1452383" lon="148.4836200">
    <name>GAP 3 OF 3 START</name>
    <desc>0.48 km not walked. This straight line is not a boundary — it joins the two ends so the shape can be closed on paper. Dusi, Zone 8.</desc>
    <sym>Flag</sym>
  </wpt>
  <wpt lat="-9.1465300" lon="148.4794550">
    <name>GAP 3 OF 3 END</name>
    <desc>0.48 km not walked. This straight line is not a boundary — it joins the two ends so the shape can be closed on paper. Dusi, Zone 8.</desc>
    <sym>Flag</sym>
  </wpt>
  <trk>
    <name>GAP 1 OF 3 - NOT WALKED - 0.42 km</name>
    <desc>0.42 km not walked. This straight line is not a boundary — it joins the two ends so the shape can be closed on paper. Dusi, Zone 8.</desc>
    <type>not-walked</type>
    <trkseg>
      <trkpt lat="-9.1301233" lon="148.4809483"/>
      <trkpt lat="-9.1288133" lon="148.4845183"/>
    </trkseg>
  </trk>
  <trk>
    <name>GAP 2 OF 3 - NOT WALKED - 0.95 km</name>
    <desc>0.95 km not walked. This straight line is not a boundary — it joins the two ends so the shape can be closed on paper. Dusi, Zone 8.</desc>
    <type>not-walked</type>
    <trkseg>
      <trkpt lat="-9.1240400" lon="148.4841967"/>
      <trkpt lat="-9.1294500" lon="148.4909417"/>
    </trkseg>
  </trk>
  <trk>
    <name>GAP 3 OF 3 - NOT WALKED - 0.48 km</name>
    <desc>0.48 km not walked. This straight line is not a boundary — it joins the two ends so the shape can be closed on paper. Dusi, Zone 8.</desc>
    <type>not-walked</type>
    <trkseg>
      <trkpt lat="-9.1452383" lon="148.4836200"/>
      <trkpt lat="-9.1465300" lon="148.4794550"/>
    </trkseg>
  </trk>
  <trk>
    <name>Dusi - Max Mamo</name>
    <desc>Walked by Max Mamo. 33.0 km, 52 track(s), recorded on the ground. Dusi, Zone 8.</desc>
    <type>walked-boundary</type>
    <trkseg>
      <trkpt lat="-9.1386717" lon="148.4677917"/>
      <trkpt lat="-9.1387921" lon="148.4676576"/>
      <trkpt lat="-9.1387817" lon="148.4678250"/>
    </trkseg>
    <trkseg>
      <trkpt lat="-9.1388833" lon="148.4677750"/>
      <trkpt lat="-9.1389717" lon="148.4677400"/>
    </trkseg>
    <trkseg>
      <trkpt lat="-9.1390067" lon="148.4678950"/>
      <trkpt lat="-9.1391055" lon="148.4679684"/>
      <trkpt lat="-9.1391787" lon="148.4680909"/>
      <trkpt lat="-9.1392538" lon="148.4682379"/>
      <trkpt lat="-9.1393316" lon="148.4683852"/>
      <trkpt lat="-9.1393777" lon="148.4685363"/>
      <trkpt lat="-9.1393709" lon="148.4687159"/>
      <trkpt lat="-9.1393655" lon="148.4688950"/>
      <trkpt lat="-9.1394100" lon="148.4690593"/>
      <trkpt lat="-9.1395164" lon="148.4691775"/>
      <trkpt lat="-9.1396732" lon="148.4692424"/>
      <trkpt lat="-9.1398387" lon="148.4692941"/>
      <trkpt lat="-9.1399829" lon="148.4693805"/>
      <trkpt lat="-9.1400872" lon="148.4695169"/>
      <trkpt lat="-9.1401739" lon="148.4696725"/>
      <trkpt lat="-9.1402729" lon="148.4697977"/>
      <trkpt lat="-9.1404070" lon="148.4698418"/>
      <trkpt lat="-9.1405645" lon="148.4698076"/>
      <trkpt lat="-9.1407149" lon="148.4697777"/>
      <trkpt lat="-9.1408399" lon="148.4697989"/>
      <trkpt lat="-9.1409671" lon="148.4698436"/>
      <trkpt lat="-9.1411068" lon="148.4698404"/>
      <trkpt lat="-9.1412382" lon="148.4697809"/>
      <trkpt lat="-9.1413350" lon="148.4696950"/>
    </trkseg>
    <trkseg>
      <trkpt lat="-9.1390067" lon="148.4678950"/>
      <trkpt lat="-9.1391055" lon="148.4679684"/>
      <trkpt lat="-9.1391787" lon="148.4680909"/>
      <trkpt lat="-9.1392538" lon="148.4682379"/>
      <trkpt lat="-9.1393316" lon="148.4683852"/>
      <trkpt lat="-9.1393777" lon="148.4685363"/>
      <trkpt lat="-9.1393709" lon="148.4687159"/>
      <trkpt lat="-9.1393655" lon="148.4688950"/>
      <trkpt lat="-9.1394100" lon="148.4690593"/>
      <trkpt lat="-9.1395164" lon="148.4691775"/>
      <trkpt lat="-9.1396732" lon="148.4692424"/>
      <trkpt lat="-9.1398387" lon="148.4692941"/>
      <trkpt lat="-9.1399829" lon="148.4693805"/>
      <trkpt lat="-9.1400872" lon="148.4695169"/>
      <trkpt lat="-9.1401739" lon="148.4696725"/>
      <trkpt lat="-9.1402729" lon="148.4697977"/>
      <trkpt lat="-9.1404070" lon="148.4698418"/>
      <trkpt lat="-9.1405645" lon="148.4698076"/>
      <trkpt lat="-9.1407149" lon="148.4697777"/>
      <trkpt lat="-9.1408399" lon="148.4697989"/>
      <trkpt lat="-9.1409671" lon="148.4698436"/>
      <trkpt lat="-9.1411068" lon="148.4698404"/>
      <trkpt lat="-9.1412382" lon="148.4697809"/>
      <trkpt lat="-9.1413350" lon="148.4696950"/>
    </trkseg>
    <trkseg>
      <trkpt lat="-9.1412800" lon="148.4698017"/>
      <trkpt lat="-9.1414021" lon="148.4697014"/>
      <trkpt lat="-9.1415014" lon="148.4695715"/>
      <trkpt lat="-9.1415984" lon="148.4694481"/>
      <trkpt lat="-9.1416936" lon="148.4694347"/>
      <trkpt lat="-9.1418062" lon="148.4695115"/>
      <trkpt lat="-9.1419196" lon="148.4696367"/>
      <trkpt lat="-9.1420719" lon="148.4697296"/>
      <trkpt lat="-9.1422357" lon="148.4697810"/>
      <trkpt lat="-9.1424027" lon="148.4698270"/>
      <trkpt lat="-9.1425590" lon="148.4698917"/>
      <trkpt lat="-9.1427141" lon="148.4699565"/>
      <trkpt lat="-9.1428698" lon="148.4699672"/>
      <trkpt lat="-9.1430306" lon="148.4699063"/>
      <trkpt lat="-9.1431904" lon="148.4698278"/>
      <trkpt lat="-9.1433428" lon="148.4697371"/>
      <trkpt lat="-9.1434858" lon="148.4696373"/>
      <trkpt lat="-9.1436170" lon="148.4695160"/>
      <trkpt lat="-9.1437424" lon="148.4693922"/>
      <trkpt lat="-9.1438854" lon="148.4693174"/>
      <trkpt lat="-9.1440109" lon="148.4692998"/>
      <trkpt lat="-9.1440474" lon="148.4693476"/>
      <trkpt lat="-9.1440472" lon="148.4693862"/>
      <trkpt lat="-9.1440061" lon="148.4693959"/>
      <trkpt lat="-9.1440207" lon="148.4693634"/>
      <trkpt lat="-9.1440471" lon="148.4693476"/>
      <trkpt lat="-9.1440535" lon="148.4693349"/>
      <trkpt lat="-9.1440535" lon="148.4693997"/>
      <trkpt lat="-9.1439988" lon="148.4695065"/>
      <trkpt lat="-9.1439608" lon="148.4696803"/>
      <trkpt lat="-9.1438814" lon="148.4698381"/>
      <trkpt lat="-9.1437918" lon="148.4699909"/>
      <trkpt lat="-9.1437021" lon="148.4701447"/>
      <trkpt lat="-9.1436357" lon="148.4703123"/>
      <trkpt lat="-9.1435958" lon="148.4704881"/>
      <trkpt lat="-9.1435845" lon="148.4706647"/>
      <trkpt lat="-9.1435984" lon="148.4708421"/>
      <trkpt lat="-9.1436404" lon="148.4710132"/>
      <trkpt lat="-9.1436751" lon="148.4711839"/>
      <trkpt lat="-9.1437189" lon="148.4713534"/>
      <trkpt lat="-9.1437402" lon="148.4715086"/>
      <trkpt lat="-9.1437600" lon="148.4716450"/>
    </trkseg>
    <trkseg>
      <trkpt lat="-9.1437483" lon="148.4717383"/>
      <trkpt lat="-9.1438563" lon="148.4718826"/>
      <trkpt lat="-9.1439763" lon="148.4720159"/>
      <trkpt lat="-9.1441068" lon="148.4721400"/>
      <trkpt lat="-9.1442246" lon="148.4722734"/>
      <trkpt lat="-9.1443076" lon="148.4724233"/>
      <trkpt lat="-9.1443371" lon="148.4725915"/>
      <trkpt lat="-9.1443112" lon="148.4727596"/>
      <trkpt lat="-9.1442541" lon="148.4729295"/>
      <trkpt lat="-9.1441830" lon="148.4730960"/>
      <trkpt lat="-9.1441178" lon="148.4732629"/>
      <trkpt lat="-9.1440751" lon="148.4734330"/>
      <trkpt lat="-9.1440489" lon="148.4736071"/>
      <trkpt lat="-9.1440309" lon="148.4737862"/>
      <trkpt lat="-9.1439862" lon="148.4739602"/>
      <trkpt lat="-9.1439249" lon="148.4741301"/>
      <trkpt lat="-9.1438711" lon="148.4743008"/>
      <trkpt lat="-9.1438199" lon="148.4744723"/>
      <trkpt lat="-9.1437975" lon="148.4746469"/>
      <trkpt lat="-9.1437716" lon="148.4748206"/>
      <trkpt lat="-9.1437878" lon="148.4749948"/>
      <trkpt lat="-9.1438205" lon="148.4751664"/>
      <trkpt lat="-9.1438942" lon="148.4753308"/>
      <trkpt lat="-9.1439917" lon="148.4754786"/>
      <trkpt lat="-9.1441218" lon="148.4755739"/>
      <trkpt lat="-9.1442710" lon="148.4756386"/>
      <trkpt lat="-9.1444062" lon="148.4757148"/>
      <trkpt lat="-9.1445301" lon="148.4758291"/>
      <trkpt lat="-9.1446601" lon="148.4759436"/>
      <trkpt lat="-9.1447898" lon="148.4760518"/>
      <trkpt lat="-9.1448699" lon="148.4761772"/>
      <trkpt lat="-9.1448941" lon="148.4763391"/>
      <trkpt lat="-9.1448978" lon="148.4765127"/>
      <trkpt lat="-9.1449365" lon="148.4766755"/>
      <trkpt lat="-9.1449708" lon="148.4768397"/>
      <trkpt lat="-9.1449989" lon="148.4770078"/>
      <trkpt lat="-9.1449985" lon="148.4771881"/>
      <trkpt lat="-9.1450124" lon="148.4773684"/>
      <trkpt lat="-9.1450114" lon="148.4775469"/>
      <trkpt lat="-9.1449870" lon="148.4777212"/>
      <trkpt lat="-9.1449389" lon="148.4778938"/>
      <trkpt lat="-9.1449454" lon="148.4780380"/>
      <trkpt lat="-9.1450132" lon="148.4781724"/>
      <trkpt lat="-9.1451081" lon="148.4783011"/>
      <trkpt lat="-9.1451753" lon="148.4784515"/>
      <trkpt lat="-9.1452621" lon="148.4785551"/>
      <trkpt lat="-9.1453856" lon="148.4786397"/>
      <trkpt lat="-9.1455419" lon="148.4787049"/>
      <trkpt lat="-9.1456938" lon="148.4787946"/>
      <trkpt lat="-9.1458301" lon="148.4789000"/>
      <trkpt lat="-9.1459379" lon="148.4790297"/>
      <trkpt lat="-9.1460135" lon="148.4791916"/>
      <trkpt lat="-9.1460837" lon="148.4793578"/>
      <trkpt lat="-9.1461840" lon="148.4794812"/>
      <trkpt lat="-9.1463198" lon="148.4795533"/>
      <trkpt lat="-9.1464428" lon="148.4795322"/>
      <trkpt lat="-9.1465679" lon="148.4794889"/>
      <trkpt lat="-9.1466724" lon="148.4793927"/>
      <trkpt lat="-9.1468015" lon="148.4792935"/>
      <trkpt lat="-9.1469336" lon="148.4792017"/>
      <trkpt lat="-9.1470617" lon="148.4792073"/>
      <trkpt lat="-9.1471911" lon="148.4792992"/>
      <trkpt lat="-9.1473123" lon="148.4794262"/>
      <trkpt lat="-9.1474559" lon="148.4794896"/>
      <trkpt lat="-9.1475730" lon="148.4795227"/>
      <trkpt lat="-9.1476600" lon="148.4795333"/>
    </trkseg>
    <trkseg>
      <trkpt lat="-9.1390067" lon="148.4678950"/>
      <trkpt lat="-9.1391055" lon="148.4679684"/>
      <trkpt lat="-9.1391787" lon="148.4680909"/>
      <trkpt lat="-9.1392538" lon="148.4682379"/>
      <trkpt lat="-9.1393316" lon="148.4683852"/>
      <trkpt lat="-9.1393777" lon="148.4685363"/>
      <trkpt lat="-9.1393709" lon="148.4687159"/>
      <trkpt lat="-9.1393655" lon="148.4688950"/>
      <trkpt lat="-9.1394100" lon="148.4690593"/>
      <trkpt lat="-9.1395164" lon="148.4691775"/>
      <trkpt lat="-9.1396732" lon="148.4692424"/>
      <trkpt lat="-9.1398387" lon="148.4692941"/>
      <trkpt lat="-9.1399829" lon="148.4693805"/>
      <trkpt lat="-9.1400872" lon="148.4695169"/>
      <trkpt lat="-9.1401739" lon="148.4696725"/>
      <trkpt lat="-9.1402729" lon="148.4697977"/>
      <trkpt lat="-9.1404070" lon="148.4698418"/>
      <trkpt lat="-9.1405645" lon="148.4698076"/>
      <trkpt lat="-9.1407149" lon="148.4697777"/>
      <trkpt lat="-9.1408399" lon="148.4697989"/>
      <trkpt lat="-9.1409671" lon="148.4698436"/>
      <trkpt lat="-9.1411068" lon="148.4698404"/>
      <trkpt lat="-9.1412382" lon="148.4697809"/>
      <trkpt lat="-9.1413350" lon="148.4696950"/>
    </trkseg>
    <trkseg>
      <trkpt lat="-9.1412800" lon="148.4698017"/>
      <trkpt lat="-9.1414021" lon="148.4697014"/>
      <trkpt lat="-9.1415014" lon="148.4695715"/>
      <trkpt lat="-9.1415984" lon="148.4694481"/>
      <trkpt lat="-9.1416936" lon="148.4694347"/>
      <trkpt lat="-9.1418062" lon="148.4695115"/>
      <trkpt lat="-9.1419196" lon="148.4696367"/>
      <trkpt lat="-9.1420719" lon="148.4697296"/>
      <trkpt lat="-9.1422357" lon="148.4697810"/>
      <trkpt lat="-9.1424027" lon="148.4698270"/>
      <trkpt lat="-9.1425590" lon="148.4698917"/>
      <trkpt lat="-9.1427141" lon="148.4699565"/>
      <trkpt lat="-9.1428698" lon="148.4699672"/>
      <trkpt lat="-9.1430306" lon="148.4699063"/>
      <trkpt lat="-9.1431904" lon="148.4698278"/>
      <trkpt lat="-9.1433428" lon="148.4697371"/>
      <trkpt lat="-9.1434858" lon="148.4696373"/>
      <trkpt lat="-9.1436170" lon="148.4695160"/>
      <trkpt lat="-9.1437424" lon="148.4693922"/>
      <trkpt lat="-9.1438854" lon="148.4693174"/>
      <trkpt lat="-9.1440109" lon="148.4692998"/>
      <trkpt lat="-9.1440474" lon="148.4693476"/>
      <trkpt lat="-9.1440472" lon="148.4693862"/>
      <trkpt lat="-9.1440061" lon="148.4693959"/>
      <trkpt lat="-9.1440207" lon="148.4693634"/>
      <trkpt lat="-9.1440471" lon="148.4693476"/>
      <trkpt lat="-9.1440535" lon="148.4693349"/>
      <trkpt lat="-9.1440535" lon="148.4693997"/>
      <trkpt lat="-9.1439988" lon="148.4695065"/>
      <trkpt lat="-9.1439608" lon="148.4696803"/>
      <trkpt lat="-9.1438814" lon="148.4698381"/>
      <trkpt lat="-9.1437918" lon="148.4699909"/>
      <trkpt lat="-9.1437021" lon="148.4701447"/>
      <trkpt lat="-9.1436357" lon="148.4703123"/>
      <trkpt lat="-9.1435958" lon="148.4704881"/>
      <trkpt lat="-9.1435845" lon="148.4706647"/>
      <trkpt lat="-9.1435984" lon="148.4708421"/>
      <trkpt lat="-9.1436404" lon="148.4710132"/>
      <trkpt lat="-9.1436751" lon="148.4711839"/>
      <trkpt lat="-9.1437189" lon="148.4713534"/>
      <trkpt lat="-9.1437402" lon="148.4715086"/>
      <trkpt lat="-9.1437600" lon="148.4716450"/>
    </trkseg>
    <trkseg>
      <trkpt lat="-9.1437483" lon="148.4717383"/>
      <trkpt lat="-9.1438563" lon="148.4718826"/>
      <trkpt lat="-9.1439763" lon="148.4720159"/>
      <trkpt lat="-9.1441068" lon="148.4721400"/>
      <trkpt lat="-9.1442246" lon="148.4722734"/>
      <trkpt lat="-9.1443076" lon="148.4724233"/>
      <trkpt lat="-9.1443371" lon="148.4725915"/>
      <trkpt lat="-9.1443112" lon="148.4727596"/>
      <trkpt lat="-9.1442541" lon="148.4729295"/>
      <trkpt lat="-9.1441830" lon="148.4730960"/>
      <trkpt lat="-9.1441178" lon="148.4732629"/>
      <trkpt lat="-9.1440751" lon="148.4734330"/>
      <trkpt lat="-9.1440489" lon="148.4736071"/>
      <trkpt lat="-9.1440309" lon="148.4737862"/>
      <trkpt lat="-9.1439862" lon="148.4739602"/>
      <trkpt lat="-9.1439249" lon="148.4741301"/>
      <trkpt lat="-9.1438711" lon="148.4743008"/>
      <trkpt lat="-9.1438199" lon="148.4744723"/>
      <trkpt lat="-9.1437975" lon="148.4746469"/>
      <trkpt lat="-9.1437819" lon="148.4747879"/>
      <trkpt lat="-9.1437883" lon="148.4748983"/>
    </trkseg>
    <trkseg>
      <trkpt lat="-9.1390067" lon="148.4678950"/>
      <trkpt lat="-9.1391055" lon="148.4679684"/>
      <trkpt lat="-9.1391787" lon="148.4680909"/>
      <trkpt lat="-9.1392538" lon="148.4682379"/>
      <trkpt lat="-9.1393316" lon="148.4683852"/>
      <trkpt lat="-9.1393777" lon="148.4685363"/>
      <trkpt lat="-9.1393709" lon="148.4687159"/>
      <trkpt lat="-9.1393655" lon="148.4688950"/>
      <trkpt lat="-9.1394100" lon="148.4690593"/>
      <trkpt lat="-9.1395164" lon="148.4691775"/>
      <trkpt lat="-9.1396732" lon="148.4692424"/>
      <trkpt lat="-9.1398387" lon="148.4692941"/>
      <trkpt lat="-9.1399829" lon="148.4693805"/>
      <trkpt lat="-9.1400872" lon="148.4695169"/>
      <trkpt lat="-9.1401739" lon="148.4696725"/>
      <trkpt lat="-9.1402729" lon="148.4697977"/>
      <trkpt lat="-9.1404070" lon="148.4698418"/>
      <trkpt lat="-9.1405645" lon="148.4698076"/>
      <trkpt lat="-9.1407149" lon="148.4697777"/>
      <trkpt lat="-9.1408399" lon="148.4697989"/>
      <trkpt lat="-9.1409671" lon="148.4698436"/>
      <trkpt lat="-9.1411068" lon="148.4698404"/>
      <trkpt lat="-9.1412382" lon="148.4697809"/>
      <trkpt lat="-9.1413350" lon="148.4696950"/>
    </trkseg>
    <trkseg>
      <trkpt lat="-9.1412800" lon="148.4698017"/>
      <trkpt lat="-9.1414021" lon="148.4697014"/>
      <trkpt lat="-9.1415014" lon="148.4695715"/>
      <trkpt lat="-9.1415984" lon="148.4694481"/>
      <trkpt lat="-9.1416936" lon="148.4694347"/>
      <trkpt lat="-9.1418062" lon="148.4695115"/>
      <trkpt lat="-9.1419196" lon="148.4696367"/>
      <trkpt lat="-9.1420719" lon="148.4697296"/>
      <trkpt lat="-9.1422357" lon="148.4697810"/>
      <trkpt lat="-9.1424027" lon="148.4698270"/>
      <trkpt lat="-9.1425590" lon="148.4698917"/>
      <trkpt lat="-9.1427141" lon="148.4699565"/>
      <trkpt lat="-9.1428698" lon="148.4699672"/>
      <trkpt lat="-9.1430306" lon="148.4699063"/>
      <trkpt lat="-9.1431904" lon="148.4698278"/>
      <trkpt lat="-9.1433428" lon="148.4697371"/>
      <trkpt lat="-9.1434858" lon="148.4696373"/>
      <trkpt lat="-9.1436170" lon="148.4695160"/>
      <trkpt lat="-9.1437424" lon="148.4693922"/>
      <trkpt lat="-9.1438854" lon="148.4693174"/>
      <trkpt lat="-9.1440109" lon="148.4692998"/>
      <trkpt lat="-9.1440474" lon="148.4693476"/>
      <trkpt lat="-9.1440472" lon="148.4693862"/>
      <trkpt lat="-9.1440061" lon="148.4693959"/>
      <trkpt lat="-9.1440207" lon="148.4693634"/>
      <trkpt lat="-9.1440471" lon="148.4693476"/>
      <trkpt lat="-9.1440536" lon="148.4693262"/>
      <trkpt lat="-9.1440183" lon="148.4693033"/>
    </trkseg>
    <trkseg>
      <trkpt lat="-9.1390067" lon="148.4678950"/>
      <trkpt lat="-9.1391055" lon="148.4679684"/>
      <trkpt lat="-9.1391787" lon="148.4680909"/>
      <trkpt lat="-9.1392538" lon="148.4682379"/>
      <trkpt lat="-9.1393316" lon="148.4683852"/>
      <trkpt lat="-9.1393777" lon="148.4685363"/>
      <trkpt lat="-9.1393709" lon="148.4687159"/>
      <trkpt lat="-9.1393655" lon="148.4688950"/>
      <trkpt lat="-9.1394100" lon="148.4690593"/>
      <trkpt lat="-9.1395164" lon="148.4691775"/>
      <trkpt lat="-9.1396732" lon="148.4692424"/>
      <trkpt lat="-9.1398387" lon="148.4692941"/>
      <trkpt lat="-9.1399829" lon="148.4693805"/>
      <trkpt lat="-9.1400872" lon="148.4695169"/>
      <trkpt lat="-9.1401739" lon="148.4696725"/>
      <trkpt lat="-9.1402729" lon="148.4697977"/>
      <trkpt lat="-9.1404070" lon="148.4698418"/>
      <trkpt lat="-9.1405645" lon="148.4698076"/>
      <trkpt lat="-9.1407149" lon="148.4697777"/>
      <trkpt lat="-9.1408399" lon="148.4697989"/>
      <trkpt lat="-9.1409671" lon="148.4698436"/>
      <trkpt lat="-9.1411068" lon="148.4698404"/>
      <trkpt lat="-9.1412382" lon="148.4697809"/>
      <trkpt lat="-9.1413350" lon="148.4696950"/>
    </trkseg>
    <trkseg>
      <trkpt lat="-9.1412800" lon="148.4698017"/>
      <trkpt lat="-9.1414021" lon="148.4697014"/>
      <trkpt lat="-9.1415014" lon="148.4695715"/>
      <trkpt lat="-9.1415984" lon="148.4694481"/>
      <trkpt lat="-9.1416936" lon="148.4694347"/>
      <trkpt lat="-9.1418062" lon="148.4695115"/>
      <trkpt lat="-9.1419196" lon="148.4696367"/>
      <trkpt lat="-9.1420719" lon="148.4697296"/>
      <trkpt lat="-9.1422357" lon="148.4697810"/>
      <trkpt lat="-9.1424027" lon="148.4698270"/>
      <trkpt lat="-9.1425590" lon="148.4698917"/>
      <trkpt lat="-9.1427141" lon="148.4699565"/>
      <trkpt lat="-9.1428698" lon="148.4699672"/>
      <trkpt lat="-9.1430306" lon="148.4699063"/>
      <trkpt lat="-9.1431904" lon="148.4698278"/>
      <trkpt lat="-9.1433428" lon="148.4697371"/>
      <trkpt lat="-9.1434858" lon="148.4696373"/>
      <trkpt lat="-9.1436170" lon="148.4695160"/>
      <trkpt lat="-9.1437424" lon="148.4693922"/>
      <trkpt lat="-9.1438854" lon="148.4693174"/>
      <trkpt lat="-9.1440109" lon="148.4692998"/>
      <trkpt lat="-9.1440474" lon="148.4693476"/>
      <trkpt lat="-9.1440472" lon="148.4693862"/>
      <trkpt lat="-9.1440061" lon="148.4693959"/>
      <trkpt lat="-9.1440207" lon="148.4693634"/>
      <trkpt lat="-9.1440471" lon="148.4693476"/>
      <trkpt lat="-9.1440535" lon="148.4693349"/>
      <trkpt lat="-9.1440535" lon="148.4693997"/>
      <trkpt lat="-9.1439988" lon="148.4695065"/>
      <trkpt lat="-9.1439608" lon="148.4696803"/>
      <trkpt lat="-9.1438814" lon="148.4698381"/>
      <trkpt lat="-9.1437918" lon="148.4699909"/>
      <trkpt lat="-9.1437021" lon="148.4701447"/>
      <trkpt lat="-9.1436357" lon="148.4703123"/>
      <trkpt lat="-9.1435958" lon="148.4704881"/>
      <trkpt lat="-9.1435845" lon="148.4706647"/>
      <trkpt lat="-9.1435984" lon="148.4708421"/>
      <trkpt lat="-9.1436404" lon="148.4710132"/>
      <trkpt lat="-9.1436751" lon="148.4711839"/>
      <trkpt lat="-9.1437189" lon="148.4713534"/>
      <trkpt lat="-9.1437402" lon="148.4715086"/>
      <trkpt lat="-9.1437600" lon="148.4716450"/>
    </trkseg>
    <trkseg>
      <trkpt lat="-9.1437483" lon="148.4717383"/>
      <trkpt lat="-9.1438563" lon="148.4718826"/>
      <trkpt lat="-9.1439763" lon="148.4720159"/>
      <trkpt lat="-9.1441068" lon="148.4721400"/>
      <trkpt lat="-9.1442246" lon="148.4722734"/>
      <trkpt lat="-9.1443076" lon="148.4724233"/>
      <trkpt lat="-9.1443371" lon="148.4725915"/>
      <trkpt lat="-9.1443112" lon="148.4727596"/>
      <trkpt lat="-9.1442541" lon="148.4729295"/>
      <trkpt lat="-9.1441830" lon="148.4730960"/>
      <trkpt lat="-9.1441178" lon="148.4732629"/>
      <trkpt lat="-9.1440751" lon="148.4734330"/>
      <trkpt lat="-9.1440489" lon="148.4736071"/>
      <trkpt lat="-9.1440309" lon="148.4737862"/>
      <trkpt lat="-9.1439862" lon="148.4739602"/>
      <trkpt lat="-9.1439249" lon="148.4741301"/>
      <trkpt lat="-9.1438711" lon="148.4743008"/>
      <trkpt lat="-9.1438199" lon="148.4744723"/>
      <trkpt lat="-9.1437975" lon="148.4746469"/>
      <trkpt lat="-9.1437716" lon="148.4748206"/>
      <trkpt lat="-9.1437878" lon="148.4749948"/>
      <trkpt lat="-9.1438205" lon="148.4751664"/>
      <trkpt lat="-9.1438942" lon="148.4753308"/>
      <trkpt lat="-9.1439917" lon="148.4754786"/>
      <trkpt lat="-9.1441218" lon="148.4755739"/>
      <trkpt lat="-9.1442710" lon="148.4756386"/>
      <trkpt lat="-9.1444062" lon="148.4757148"/>
      <trkpt lat="-9.1445301" lon="148.4758291"/>
      <trkpt lat="-9.1446601" lon="148.4759436"/>
      <trkpt lat="-9.1447898" lon="148.4760518"/>
      <trkpt lat="-9.1448699" lon="148.4761772"/>
      <trkpt lat="-9.1448941" lon="148.4763391"/>
      <trkpt lat="-9.1448978" lon="148.4765127"/>
      <trkpt lat="-9.1449365" lon="148.4766755"/>
      <trkpt lat="-9.1449708" lon="148.4768397"/>
      <trkpt lat="-9.1449989" lon="148.4770078"/>
      <trkpt lat="-9.1449985" lon="148.4771881"/>
      <trkpt lat="-9.1450124" lon="148.4773684"/>
      <trkpt lat="-9.1450114" lon="148.4775469"/>
      <trkpt lat="-9.1449870" lon="148.4777212"/>
      <trkpt lat="-9.1449389" lon="148.4778938"/>
      <trkpt lat="-9.1449454" lon="148.4780380"/>
      <trkpt lat="-9.1450132" lon="148.4781724"/>
      <trkpt lat="-9.1451081" lon="148.4783011"/>
      <trkpt lat="-9.1451753" lon="148.4784515"/>
      <trkpt lat="-9.1452621" lon="148.4785551"/>
      <trkpt lat="-9.1453856" lon="148.4786397"/>
      <trkpt lat="-9.1455419" lon="148.4787049"/>
      <trkpt lat="-9.1456938" lon="148.4787946"/>
      <trkpt lat="-9.1458301" lon="148.4789000"/>
      <trkpt lat="-9.1459379" lon="148.4790297"/>
      <trkpt lat="-9.1460135" lon="148.4791916"/>
      <trkpt lat="-9.1460837" lon="148.4793578"/>
      <trkpt lat="-9.1461840" lon="148.4794812"/>
      <trkpt lat="-9.1463198" lon="148.4795533"/>
      <trkpt lat="-9.1464416" lon="148.4795318"/>
      <trkpt lat="-9.1465300" lon="148.4794550"/>
    </trkseg>
    <trkseg>
      <trkpt lat="-9.1390067" lon="148.4678950"/>
      <trkpt lat="-9.1391055" lon="148.4679684"/>
      <trkpt lat="-9.1391787" lon="148.4680909"/>
      <trkpt lat="-9.1392538" lon="148.4682379"/>
      <trkpt lat="-9.1393316" lon="148.4683852"/>
      <trkpt lat="-9.1393777" lon="148.4685363"/>
      <trkpt lat="-9.1393709" lon="148.4687159"/>
      <trkpt lat="-9.1393655" lon="148.4688950"/>
      <trkpt lat="-9.1394100" lon="148.4690593"/>
      <trkpt lat="-9.1395164" lon="148.4691775"/>
      <trkpt lat="-9.1396732" lon="148.4692424"/>
      <trkpt lat="-9.1398387" lon="148.4692941"/>
      <trkpt lat="-9.1399829" lon="148.4693805"/>
      <trkpt lat="-9.1400872" lon="148.4695169"/>
      <trkpt lat="-9.1401739" lon="148.4696725"/>
      <trkpt lat="-9.1402729" lon="148.4697977"/>
      <trkpt lat="-9.1404070" lon="148.4698418"/>
      <trkpt lat="-9.1405645" lon="148.4698076"/>
      <trkpt lat="-9.1407149" lon="148.4697777"/>
      <trkpt lat="-9.1408399" lon="148.4697989"/>
      <trkpt lat="-9.1409671" lon="148.4698436"/>
      <trkpt lat="-9.1411068" lon="148.4698404"/>
      <trkpt lat="-9.1412382" lon="148.4697809"/>
      <trkpt lat="-9.1413350" lon="148.4696950"/>
    </trkseg>
    <trkseg>
      <trkpt lat="-9.1412800" lon="148.4698017"/>
      <trkpt lat="-9.1414021" lon="148.4697014"/>
      <trkpt lat="-9.1415014" lon="148.4695715"/>
      <trkpt lat="-9.1415984" lon="148.4694481"/>
      <trkpt lat="-9.1416936" lon="148.4694347"/>
      <trkpt lat="-9.1418062" lon="148.4695115"/>
      <trkpt lat="-9.1419196" lon="148.4696367"/>
      <trkpt lat="-9.1420719" lon="148.4697296"/>
      <trkpt lat="-9.1422357" lon="148.4697810"/>
      <trkpt lat="-9.1424027" lon="148.4698270"/>
      <trkpt lat="-9.1425590" lon="148.4698917"/>
      <trkpt lat="-9.1427141" lon="148.4699565"/>
      <trkpt lat="-9.1428698" lon="148.4699672"/>
      <trkpt lat="-9.1430306" lon="148.4699063"/>
      <trkpt lat="-9.1431904" lon="148.4698278"/>
      <trkpt lat="-9.1433428" lon="148.4697371"/>
      <trkpt lat="-9.1434858" lon="148.4696373"/>
      <trkpt lat="-9.1436170" lon="148.4695160"/>
      <trkpt lat="-9.1437424" lon="148.4693922"/>
      <trkpt lat="-9.1438854" lon="148.4693174"/>
      <trkpt lat="-9.1440109" lon="148.4692998"/>
      <trkpt lat="-9.1440474" lon="148.4693476"/>
      <trkpt lat="-9.1440472" lon="148.4693862"/>
      <trkpt lat="-9.1440061" lon="148.4693959"/>
      <trkpt lat="-9.1440207" lon="148.4693634"/>
      <trkpt lat="-9.1440471" lon="148.4693476"/>
      <trkpt lat="-9.1440535" lon="148.4693349"/>
      <trkpt lat="-9.1440535" lon="148.4693997"/>
      <trkpt lat="-9.1439988" lon="148.4695065"/>
      <trkpt lat="-9.1439608" lon="148.4696803"/>
      <trkpt lat="-9.1438814" lon="148.4698381"/>
      <trkpt lat="-9.1437918" lon="148.4699909"/>
      <trkpt lat="-9.1437021" lon="148.4701447"/>
      <trkpt lat="-9.1436357" lon="148.4703123"/>
      <trkpt lat="-9.1435958" lon="148.4704881"/>
      <trkpt lat="-9.1435845" lon="148.4706647"/>
      <trkpt lat="-9.1435984" lon="148.4708421"/>
      <trkpt lat="-9.1436404" lon="148.4710132"/>
      <trkpt lat="-9.1436751" lon="148.4711839"/>
      <trkpt lat="-9.1437189" lon="148.4713534"/>
      <trkpt lat="-9.1437402" lon="148.4715086"/>
      <trkpt lat="-9.1437600" lon="148.4716450"/>
    </trkseg>
    <trkseg>
      <trkpt lat="-9.1437483" lon="148.4717383"/>
      <trkpt lat="-9.1438563" lon="148.4718826"/>
      <trkpt lat="-9.1439763" lon="148.4720159"/>
      <trkpt lat="-9.1441068" lon="148.4721400"/>
      <trkpt lat="-9.1442246" lon="148.4722734"/>
      <trkpt lat="-9.1443076" lon="148.4724233"/>
      <trkpt lat="-9.1443371" lon="148.4725915"/>
      <trkpt lat="-9.1443112" lon="148.4727596"/>
      <trkpt lat="-9.1442541" lon="148.4729295"/>
      <trkpt lat="-9.1441830" lon="148.4730960"/>
      <trkpt lat="-9.1441178" lon="148.4732629"/>
      <trkpt lat="-9.1440751" lon="148.4734330"/>
      <trkpt lat="-9.1440489" lon="148.4736071"/>
      <trkpt lat="-9.1440309" lon="148.4737862"/>
      <trkpt lat="-9.1439862" lon="148.4739602"/>
      <trkpt lat="-9.1439249" lon="148.4741301"/>
      <trkpt lat="-9.1438711" lon="148.4743008"/>
      <trkpt lat="-9.1438199" lon="148.4744723"/>
      <trkpt lat="-9.1437975" lon="148.4746469"/>
      <trkpt lat="-9.1437716" lon="148.4748206"/>
      <trkpt lat="-9.1437878" lon="148.4749948"/>
      <trkpt lat="-9.1438205" lon="148.4751664"/>
      <trkpt lat="-9.1438942" lon="148.4753308"/>
      <trkpt lat="-9.1439917" lon="148.4754786"/>
      <trkpt lat="-9.1441218" lon="148.4755739"/>
      <trkpt lat="-9.1442710" lon="148.4756386"/>
      <trkpt lat="-9.1444062" lon="148.4757148"/>
      <trkpt lat="-9.1445301" lon="148.4758291"/>
      <trkpt lat="-9.1446601" lon="148.4759436"/>
      <trkpt lat="-9.1447898" lon="148.4760518"/>
      <trkpt lat="-9.1448699" lon="148.4761772"/>
      <trkpt lat="-9.1448941" lon="148.4763391"/>
      <trkpt lat="-9.1448978" lon="148.4765127"/>
      <trkpt lat="-9.1449365" lon="148.4766755"/>
      <trkpt lat="-9.1449708" lon="148.4768397"/>
      <trkpt lat="-9.1449989" lon="148.4770078"/>
      <trkpt lat="-9.1449985" lon="148.4771881"/>
      <trkpt lat="-9.1450124" lon="148.4773684"/>
      <trkpt lat="-9.1450114" lon="148.4775469"/>
      <trkpt lat="-9.1449870" lon="148.4777212"/>
      <trkpt lat="-9.1449364" lon="148.4778821"/>
      <trkpt lat="-9.1448817" lon="148.4780300"/>
    </trkseg>
    <trkseg>
      <trkpt lat="-9.1477400" lon="148.4796400"/>
      <trkpt lat="-9.1479073" lon="148.4795969"/>
      <trkpt lat="-9.1480658" lon="148.4796024"/>
      <trkpt lat="-9.1482284" lon="148.4796369"/>
      <trkpt lat="-9.1483740" lon="148.4797150"/>
      <trkpt lat="-9.1484968" lon="148.4798204"/>
      <trkpt lat="-9.1486154" lon="148.4799347"/>
      <trkpt lat="-9.1487472" lon="148.4800214"/>
      <trkpt lat="-9.1489002" lon="148.4800909"/>
      <trkpt lat="-9.1490368" lon="148.4801833"/>
      <trkpt lat="-9.1490966" lon="148.4803142"/>
      <trkpt lat="-9.1491012" lon="148.4804665"/>
      <trkpt lat="-9.1490339" lon="148.4806257"/>
      <trkpt lat="-9.1489416" lon="148.4807672"/>
      <trkpt lat="-9.1488041" lon="148.4808725"/>
      <trkpt lat="-9.1486471" lon="148.4809532"/>
      <trkpt lat="-9.1484905" lon="148.4810314"/>
      <trkpt lat="-9.1483406" lon="148.4811159"/>
      <trkpt lat="-9.1481834" lon="148.4811798"/>
      <trkpt lat="-9.1480189" lon="148.4812327"/>
      <trkpt lat="-9.1478527" lon="148.4812882"/>
      <trkpt lat="-9.1477177" lon="148.4813946"/>
      <trkpt lat="-9.1476399" lon="148.4815403"/>
      <trkpt lat="-9.1475884" lon="148.4817067"/>
      <trkpt lat="-9.1475223" lon="148.4818173"/>
      <trkpt lat="-9.1474778" lon="148.4819186"/>
      <trkpt lat="-9.1474625" lon="148.4819606"/>
      <trkpt lat="-9.1474581" lon="148.4820047"/>
      <trkpt lat="-9.1474216" lon="148.4819416"/>
      <trkpt lat="-9.1473970" lon="148.4819115"/>
      <trkpt lat="-9.1474391" lon="148.4819155"/>
      <trkpt lat="-9.1474851" lon="148.4819670"/>
      <trkpt lat="-9.1474682" lon="148.4819854"/>
      <trkpt lat="-9.1474199" lon="148.4819752"/>
      <trkpt lat="-9.1473980" lon="148.4819869"/>
      <trkpt lat="-9.1474142" lon="148.4820018"/>
      <trkpt lat="-9.1474200" lon="148.4820083"/>
    </trkseg>
    <trkseg>
      <trkpt lat="-9.1477400" lon="148.4796400"/>
      <trkpt lat="-9.1479073" lon="148.4795969"/>
      <trkpt lat="-9.1480658" lon="148.4796024"/>
      <trkpt lat="-9.1482284" lon="148.4796369"/>
      <trkpt lat="-9.1483740" lon="148.4797150"/>
      <trkpt lat="-9.1484968" lon="148.4798204"/>
      <trkpt lat="-9.1486154" lon="148.4799347"/>
      <trkpt lat="-9.1487472" lon="148.4800214"/>
      <trkpt lat="-9.1489002" lon="148.4800909"/>
      <trkpt lat="-9.1490368" lon="148.4801833"/>
      <trkpt lat="-9.1490966" lon="148.4803142"/>
      <trkpt lat="-9.1491012" lon="148.4804665"/>
      <trkpt lat="-9.1490339" lon="148.4806257"/>
      <trkpt lat="-9.1489416" lon="148.4807672"/>
      <trkpt lat="-9.1488041" lon="148.4808725"/>
      <trkpt lat="-9.1486471" lon="148.4809532"/>
      <trkpt lat="-9.1484905" lon="148.4810314"/>
      <trkpt lat="-9.1483795" lon="148.4810957"/>
      <trkpt lat="-9.1483117" lon="148.4811467"/>
    </trkseg>
    <trkseg>
      <trkpt lat="-9.1477400" lon="148.4796400"/>
      <trkpt lat="-9.1479073" lon="148.4795969"/>
      <trkpt lat="-9.1480658" lon="148.4796024"/>
      <trkpt lat="-9.1482284" lon="148.4796369"/>
      <trkpt lat="-9.1483740" lon="148.4797150"/>
      <trkpt lat="-9.1484968" lon="148.4798204"/>
      <trkpt lat="-9.1486154" lon="148.4799347"/>
      <trkpt lat="-9.1487472" lon="148.4800214"/>
      <trkpt lat="-9.1489002" lon="148.4800909"/>
      <trkpt lat="-9.1490368" lon="148.4801833"/>
      <trkpt lat="-9.1490966" lon="148.4803142"/>
      <trkpt lat="-9.1491012" lon="148.4804665"/>
      <trkpt lat="-9.1490339" lon="148.4806257"/>
      <trkpt lat="-9.1489416" lon="148.4807672"/>
      <trkpt lat="-9.1488041" lon="148.4808725"/>
      <trkpt lat="-9.1486471" lon="148.4809532"/>
      <trkpt lat="-9.1484905" lon="148.4810314"/>
      <trkpt lat="-9.1483406" lon="148.4811159"/>
      <trkpt lat="-9.1481834" lon="148.4811798"/>
      <trkpt lat="-9.1480189" lon="148.4812327"/>
      <trkpt lat="-9.1478527" lon="148.4812882"/>
      <trkpt lat="-9.1477177" lon="148.4813946"/>
      <trkpt lat="-9.1476399" lon="148.4815403"/>
      <trkpt lat="-9.1475884" lon="148.4817067"/>
      <trkpt lat="-9.1475223" lon="148.4818173"/>
      <trkpt lat="-9.1474778" lon="148.4819186"/>
      <trkpt lat="-9.1474625" lon="148.4819606"/>
      <trkpt lat="-9.1474581" lon="148.4820047"/>
      <trkpt lat="-9.1474216" lon="148.4819416"/>
      <trkpt lat="-9.1473970" lon="148.4819115"/>
      <trkpt lat="-9.1474391" lon="148.4819155"/>
      <trkpt lat="-9.1474851" lon="148.4819670"/>
      <trkpt lat="-9.1474682" lon="148.4819854"/>
      <trkpt lat="-9.1474199" lon="148.4819752"/>
      <trkpt lat="-9.1473980" lon="148.4819869"/>
      <trkpt lat="-9.1474415" lon="148.4820168"/>
      <trkpt lat="-9.1475017" lon="148.4820533"/>
    </trkseg>
    <trkseg>
      <trkpt lat="-9.1452383" lon="148.4836200"/>
      <trkpt lat="-9.1452820" lon="148.4836047"/>
      <trkpt lat="-9.1453502" lon="148.4835742"/>
      <trkpt lat="-9.1454203" lon="148.4835763"/>
      <trkpt lat="-9.1454126" lon="148.4836277"/>
      <trkpt lat="-9.1454090" lon="148.4836866"/>
      <trkpt lat="-9.1454391" lon="148.4837311"/>
      <trkpt lat="-9.1455147" lon="148.4837132"/>
      <trkpt lat="-9.1456177" lon="148.4837065"/>
      <trkpt lat="-9.1457307" lon="148.4836795"/>
      <trkpt lat="-9.1457807" lon="148.4836766"/>
      <trkpt lat="-9.1457107" lon="148.4836723"/>
      <trkpt lat="-9.1455374" lon="148.4836504"/>
      <trkpt lat="-9.1453673" lon="148.4836068"/>
      <trkpt lat="-9.1452520" lon="148.4835136"/>
      <trkpt lat="-9.1451583" lon="148.4833954"/>
      <trkpt lat="-9.1451010" lon="148.4832421"/>
      <trkpt lat="-9.1450324" lon="148.4831055"/>
      <trkpt lat="-9.1449855" lon="148.4829581"/>
      <trkpt lat="-9.1449461" lon="148.4828048"/>
      <trkpt lat="-9.1449405" lon="148.4826383"/>
      <trkpt lat="-9.1449250" lon="148.4824787"/>
      <trkpt lat="-9.1449303" lon="148.4823191"/>
      <trkpt lat="-9.1449385" lon="148.4821505"/>
      <trkpt lat="-9.1450077" lon="148.4819961"/>
      <trkpt lat="-9.1450111" lon="148.4819067"/>
      <trkpt lat="-9.1449399" lon="148.4819001"/>
      <trkpt lat="-9.1447727" lon="148.4819507"/>
      <trkpt lat="-9.1446546" lon="148.4819639"/>
      <trkpt lat="-9.1445497" lon="148.4819307"/>
      <trkpt lat="-9.1444938" lon="148.4819107"/>
      <trkpt lat="-9.1443935" lon="148.4819366"/>
      <trkpt lat="-9.1443931" lon="148.4819819"/>
      <trkpt lat="-9.1443635" lon="148.4820322"/>
      <trkpt lat="-9.1443959" lon="148.4820724"/>
      <trkpt lat="-9.1443985" lon="148.4821013"/>
      <trkpt lat="-9.1444818" lon="148.4820541"/>
      <trkpt lat="-9.1445385" lon="148.4820233"/>
      <trkpt lat="-9.1445653" lon="148.4820224"/>
      <trkpt lat="-9.1445048" lon="148.4820532"/>
      <trkpt lat="-9.1444019" lon="148.4820559"/>
      <trkpt lat="-9.1442403" lon="148.4820332"/>
      <trkpt lat="-9.1440610" lon="148.4820096"/>
      <trkpt lat="-9.1439045" lon="148.4819471"/>
      <trkpt lat="-9.1438031" lon="148.4818855"/>
      <trkpt lat="-9.1437567" lon="148.4818250"/>
    </trkseg>
    <trkseg>
      <trkpt lat="-9.1436650" lon="148.4818433"/>
      <trkpt lat="-9.1435539" lon="148.4818380"/>
      <trkpt lat="-9.1434705" lon="148.4817559"/>
      <trkpt lat="-9.1433902" lon="148.4816729"/>
      <trkpt lat="-9.1432767" lon="148.4816878"/>
      <trkpt lat="-9.1431441" lon="148.4817948"/>
      <trkpt lat="-9.1430006" lon="148.4818672"/>
      <trkpt lat="-9.1428395" lon="148.4818880"/>
      <trkpt lat="-9.1426769" lon="148.4818952"/>
      <trkpt lat="-9.1425554" lon="148.4819704"/>
      <trkpt lat="-9.1424683" lon="148.4821077"/>
      <trkpt lat="-9.1423684" lon="148.4822178"/>
      <trkpt lat="-9.1422296" lon="148.4822800"/>
      <trkpt lat="-9.1420612" lon="148.4823089"/>
      <trkpt lat="-9.1418931" lon="148.4823494"/>
      <trkpt lat="-9.1417252" lon="148.4823917"/>
      <trkpt lat="-9.1415520" lon="148.4824142"/>
      <trkpt lat="-9.1413816" lon="148.4824055"/>
      <trkpt lat="-9.1412549" lon="148.4823286"/>
      <trkpt lat="-9.1411822" lon="148.4821916"/>
      <trkpt lat="-9.1411274" lon="148.4820290"/>
      <trkpt lat="-9.1410357" lon="148.4818888"/>
      <trkpt lat="-9.1408988" lon="148.4817783"/>
      <trkpt lat="-9.1407418" lon="148.4816921"/>
      <trkpt lat="-9.1405763" lon="148.4816410"/>
      <trkpt lat="-9.1404191" lon="148.4815832"/>
      <trkpt lat="-9.1403284" lon="148.4814894"/>
      <trkpt lat="-9.1402853" lon="148.4813390"/>
      <trkpt lat="-9.1402380" lon="148.4811926"/>
      <trkpt lat="-9.1401281" lon="148.4810757"/>
      <trkpt lat="-9.1400065" lon="148.4809893"/>
      <trkpt lat="-9.1399100" lon="148.4809100"/>
    </trkseg>
    <trkseg>
      <trkpt lat="-9.1399300" lon="148.4806917"/>
      <trkpt lat="-9.1398001" lon="148.4806739"/>
      <trkpt lat="-9.1396508" lon="148.4806381"/>
      <trkpt lat="-9.1394920" lon="148.4805628"/>
      <trkpt lat="-9.1393944" lon="148.4805190"/>
      <trkpt lat="-9.1393324" lon="148.4804902"/>
      <trkpt lat="-9.1392662" lon="148.4804862"/>
      <trkpt lat="-9.1391324" lon="148.4804705"/>
      <trkpt lat="-9.1389723" lon="148.4804174"/>
      <trkpt lat="-9.1388072" lon="148.4803588"/>
      <trkpt lat="-9.1386616" lon="148.4802725"/>
      <trkpt lat="-9.1385173" lon="148.4801848"/>
      <trkpt lat="-9.1383863" lon="148.4800747"/>
      <trkpt lat="-9.1382340" lon="148.4799993"/>
      <trkpt lat="-9.1380724" lon="148.4799434"/>
      <trkpt lat="-9.1379014" lon="148.4798990"/>
      <trkpt lat="-9.1377339" lon="148.4798379"/>
      <trkpt lat="-9.1375658" lon="148.4797832"/>
      <trkpt lat="-9.1374025" lon="148.4797316"/>
      <trkpt lat="-9.1372464" lon="148.4797277"/>
      <trkpt lat="-9.1371099" lon="148.4797811"/>
      <trkpt lat="-9.1369909" lon="148.4799088"/>
      <trkpt lat="-9.1369131" lon="148.4800660"/>
      <trkpt lat="-9.1368458" lon="148.4802294"/>
      <trkpt lat="-9.1367712" lon="148.4803844"/>
      <trkpt lat="-9.1366725" lon="148.4805182"/>
      <trkpt lat="-9.1366096" lon="148.4806186"/>
      <trkpt lat="-9.1365933" lon="148.4806950"/>
    </trkseg>
    <trkseg>
      <trkpt lat="-9.1452383" lon="148.4836200"/>
      <trkpt lat="-9.1452820" lon="148.4836047"/>
      <trkpt lat="-9.1453502" lon="148.4835742"/>
      <trkpt lat="-9.1454203" lon="148.4835763"/>
      <trkpt lat="-9.1454126" lon="148.4836277"/>
      <trkpt lat="-9.1454090" lon="148.4836866"/>
      <trkpt lat="-9.1454391" lon="148.4837311"/>
      <trkpt lat="-9.1455147" lon="148.4837132"/>
      <trkpt lat="-9.1456177" lon="148.4837065"/>
      <trkpt lat="-9.1457307" lon="148.4836795"/>
      <trkpt lat="-9.1457807" lon="148.4836766"/>
      <trkpt lat="-9.1457107" lon="148.4836723"/>
      <trkpt lat="-9.1455597" lon="148.4836678"/>
      <trkpt lat="-9.1454367" lon="148.4836533"/>
    </trkseg>
    <trkseg>
      <trkpt lat="-9.1452383" lon="148.4836200"/>
      <trkpt lat="-9.1452820" lon="148.4836047"/>
      <trkpt lat="-9.1453502" lon="148.4835742"/>
      <trkpt lat="-9.1454168" lon="148.4835421"/>
      <trkpt lat="-9.1454500" lon="148.4835117"/>
    </trkseg>
    <trkseg>
      <trkpt lat="-9.1365333" lon="148.4806483"/>
      <trkpt lat="-9.1365437" lon="148.4806639"/>
      <trkpt lat="-9.1365633" lon="148.4807325"/>
      <trkpt lat="-9.1366113" lon="148.4808499"/>
      <trkpt lat="-9.1366512" lon="148.4810065"/>
      <trkpt lat="-9.1366701" lon="148.4811656"/>
      <trkpt lat="-9.1366266" lon="148.4813248"/>
      <trkpt lat="-9.1365748" lon="148.4814806"/>
      <trkpt lat="-9.1364920" lon="148.4816156"/>
      <trkpt lat="-9.1364128" lon="148.4817547"/>
      <trkpt lat="-9.1363500" lon="148.4818979"/>
      <trkpt lat="-9.1362797" lon="148.4820481"/>
      <trkpt lat="-9.1361948" lon="148.4821928"/>
      <trkpt lat="-9.1361099" lon="148.4823367"/>
      <trkpt lat="-9.1360595" lon="148.4825004"/>
      <trkpt lat="-9.1360635" lon="148.4826763"/>
      <trkpt lat="-9.1360396" lon="148.4828366"/>
      <trkpt lat="-9.1359713" lon="148.4829661"/>
      <trkpt lat="-9.1358652" lon="148.4830899"/>
      <trkpt lat="-9.1357845" lon="148.4832305"/>
      <trkpt lat="-9.1357536" lon="148.4834012"/>
      <trkpt lat="-9.1357540" lon="148.4835787"/>
      <trkpt lat="-9.1357579" lon="148.4837511"/>
      <trkpt lat="-9.1357420" lon="148.4839099"/>
      <trkpt lat="-9.1356646" lon="148.4840415"/>
      <trkpt lat="-9.1355501" lon="148.4841627"/>
      <trkpt lat="-9.1354508" lon="148.4842960"/>
      <trkpt lat="-9.1353701" lon="148.4844458"/>
      <trkpt lat="-9.1353177" lon="148.4846085"/>
      <trkpt lat="-9.1352805" lon="148.4847738"/>
      <trkpt lat="-9.1352734" lon="148.4849514"/>
      <trkpt lat="-9.1352716" lon="148.4851315"/>
      <trkpt lat="-9.1352503" lon="148.4853097"/>
      <trkpt lat="-9.1351931" lon="148.4854738"/>
      <trkpt lat="-9.1351368" lon="148.4856134"/>
      <trkpt lat="-9.1350867" lon="148.4857300"/>
    </trkseg>
    <trkseg>
      <trkpt lat="-9.1349417" lon="148.4860417"/>
      <trkpt lat="-9.1348185" lon="148.4861644"/>
      <trkpt lat="-9.1346822" lon="148.4862722"/>
      <trkpt lat="-9.1345253" lon="148.4863451"/>
      <trkpt lat="-9.1343594" lon="148.4864014"/>
      <trkpt lat="-9.1341848" lon="148.4864329"/>
      <trkpt lat="-9.1340132" lon="148.4864769"/>
      <trkpt lat="-9.1338577" lon="148.4865531"/>
      <trkpt lat="-9.1337215" lon="148.4866628"/>
      <trkpt lat="-9.1336226" lon="148.4867794"/>
      <trkpt lat="-9.1335500" lon="148.4868867"/>
    </trkseg>
    <trkseg>
      <trkpt lat="-9.1336117" lon="148.4869700"/>
      <trkpt lat="-9.1334844" lon="148.4869404"/>
      <trkpt lat="-9.1333621" lon="148.4869805"/>
      <trkpt lat="-9.1332412" lon="148.4870859"/>
      <trkpt lat="-9.1331081" lon="148.4871614"/>
      <trkpt lat="-9.1330469" lon="148.4871471"/>
      <trkpt lat="-9.1330752" lon="148.4870654"/>
      <trkpt lat="-9.1331291" lon="148.4869208"/>
      <trkpt lat="-9.1331835" lon="148.4867760"/>
      <trkpt lat="-9.1332315" lon="148.4866189"/>
      <trkpt lat="-9.1332760" lon="148.4864895"/>
      <trkpt lat="-9.1332656" lon="148.4864657"/>
      <trkpt lat="-9.1331930" lon="148.4865414"/>
      <trkpt lat="-9.1331067" lon="148.4867013"/>
      <trkpt lat="-9.1330204" lon="148.4868612"/>
      <trkpt lat="-9.1329340" lon="148.4870211"/>
      <trkpt lat="-9.1328477" lon="148.4871810"/>
      <trkpt lat="-9.1327614" lon="148.4873409"/>
      <trkpt lat="-9.1326750" lon="148.4875008"/>
      <trkpt lat="-9.1325887" lon="148.4876607"/>
      <trkpt lat="-9.1325024" lon="148.4878206"/>
      <trkpt lat="-9.1324161" lon="148.4879805"/>
      <trkpt lat="-9.1323185" lon="148.4881245"/>
      <trkpt lat="-9.1321997" lon="148.4882447"/>
      <trkpt lat="-9.1321227" lon="148.4883036"/>
      <trkpt lat="-9.1320796" lon="148.4883176"/>
      <trkpt lat="-9.1321190" lon="148.4883182"/>
      <trkpt lat="-9.1321628" lon="148.4883132"/>
      <trkpt lat="-9.1322300" lon="148.4883017"/>
    </trkseg>
    <trkseg>
      <trkpt lat="-9.1322817" lon="148.4882917"/>
      <trkpt lat="-9.1322298" lon="148.4883225"/>
      <trkpt lat="-9.1321582" lon="148.4884041"/>
      <trkpt lat="-9.1320725" lon="148.4885395"/>
      <trkpt lat="-9.1319724" lon="148.4886744"/>
      <trkpt lat="-9.1318922" lon="148.4887477"/>
      <trkpt lat="-9.1318308" lon="148.4887690"/>
      <trkpt lat="-9.1317578" lon="148.4887685"/>
      <trkpt lat="-9.1316704" lon="148.4887580"/>
      <trkpt lat="-9.1315526" lon="148.4887492"/>
      <trkpt lat="-9.1314267" lon="148.4887552"/>
      <trkpt lat="-9.1312821" lon="148.4888050"/>
      <trkpt lat="-9.1311407" lon="148.4888239"/>
      <trkpt lat="-9.1310094" lon="148.4888548"/>
      <trkpt lat="-9.1308823" lon="148.4888656"/>
      <trkpt lat="-9.1307929" lon="148.4889557"/>
      <trkpt lat="-9.1307373" lon="148.4890527"/>
      <trkpt lat="-9.1306756" lon="148.4891703"/>
      <trkpt lat="-9.1305701" lon="148.4892701"/>
      <trkpt lat="-9.1304785" lon="148.4893499"/>
      <trkpt lat="-9.1304107" lon="148.4894126"/>
      <trkpt lat="-9.1303749" lon="148.4894959"/>
      <trkpt lat="-9.1303174" lon="148.4895949"/>
      <trkpt lat="-9.1303295" lon="148.4897104"/>
      <trkpt lat="-9.1303141" lon="148.4897682"/>
      <trkpt lat="-9.1302838" lon="148.4898172"/>
      <trkpt lat="-9.1301646" lon="148.4898379"/>
      <trkpt lat="-9.1300941" lon="148.4899263"/>
      <trkpt lat="-9.1300471" lon="148.4900309"/>
      <trkpt lat="-9.1300050" lon="148.4901851"/>
      <trkpt lat="-9.1299657" lon="148.4903083"/>
      <trkpt lat="-9.1298732" lon="148.4903852"/>
      <trkpt lat="-9.1298085" lon="148.4904771"/>
      <trkpt lat="-9.1296947" lon="148.4905803"/>
      <trkpt lat="-9.1296291" lon="148.4907192"/>
      <trkpt lat="-9.1295549" lon="148.4908228"/>
      <trkpt lat="-9.1295069" lon="148.4908998"/>
      <trkpt lat="-9.1294500" lon="148.4909417"/>
    </trkseg>
    <trkseg>
      <trkpt lat="-9.1294100" lon="148.4909267"/>
      <trkpt lat="-9.1295300" lon="148.4908950"/>
    </trkseg>
    <trkseg>
      <trkpt lat="-9.1242767" lon="148.4846550"/>
      <trkpt lat="-9.1243535" lon="148.4846299"/>
      <trkpt lat="-9.1243557" lon="148.4845721"/>
      <trkpt lat="-9.1242833" lon="148.4844817"/>
    </trkseg>
    <trkseg>
      <trkpt lat="-9.1243333" lon="148.4846867"/>
      <trkpt lat="-9.1242223" lon="148.4845431"/>
      <trkpt lat="-9.1241587" lon="148.4844689"/>
      <trkpt lat="-9.1241821" lon="148.4844723"/>
      <trkpt lat="-9.1242324" lon="148.4845205"/>
      <trkpt lat="-9.1242760" lon="148.4845746"/>
      <trkpt lat="-9.1242786" lon="148.4846170"/>
      <trkpt lat="-9.1243005" lon="148.4846540"/>
      <trkpt lat="-9.1243240" lon="148.4846471"/>
      <trkpt lat="-9.1243488" lon="148.4846543"/>
      <trkpt lat="-9.1243327" lon="148.4846182"/>
      <trkpt lat="-9.1242667" lon="148.4845588"/>
      <trkpt lat="-9.1241609" lon="148.4844179"/>
      <trkpt lat="-9.1240625" lon="148.4842986"/>
      <trkpt lat="-9.1240271" lon="148.4842215"/>
      <trkpt lat="-9.1240400" lon="148.4841967"/>
    </trkseg>
    <trkseg>
      <trkpt lat="-9.1238983" lon="148.4840450"/>
      <trkpt lat="-9.1239624" lon="148.4842000"/>
      <trkpt lat="-9.1240487" lon="148.4843038"/>
      <trkpt lat="-9.1241648" lon="148.4843180"/>
      <trkpt lat="-9.1242972" lon="148.4842460"/>
      <trkpt lat="-9.1244485" lon="148.4841650"/>
      <trkpt lat="-9.1246120" lon="148.4841328"/>
      <trkpt lat="-9.1247769" lon="148.4841688"/>
      <trkpt lat="-9.1249386" lon="148.4842385"/>
      <trkpt lat="-9.1250968" lon="148.4843036"/>
      <trkpt lat="-9.1251672" lon="148.4843275"/>
      <trkpt lat="-9.1251965" lon="148.4843569"/>
      <trkpt lat="-9.1252295" lon="148.4843817"/>
      <trkpt lat="-9.1253429" lon="148.4844298"/>
      <trkpt lat="-9.1254873" lon="148.4844477"/>
      <trkpt lat="-9.1256301" lon="148.4844679"/>
      <trkpt lat="-9.1257808" lon="148.4845061"/>
      <trkpt lat="-9.1259306" lon="148.4845857"/>
      <trkpt lat="-9.1260599" lon="148.4847090"/>
      <trkpt lat="-9.1261797" lon="148.4847816"/>
      <trkpt lat="-9.1263075" lon="148.4847860"/>
      <trkpt lat="-9.1264290" lon="148.4847510"/>
      <trkpt lat="-9.1265417" lon="148.4847417"/>
    </trkseg>
    <trkseg>
      <trkpt lat="-9.1263600" lon="148.4847033"/>
      <trkpt lat="-9.1263417" lon="148.4846817"/>
      <trkpt lat="-9.1263360" lon="148.4846385"/>
      <trkpt lat="-9.1263854" lon="148.4846510"/>
      <trkpt lat="-9.1264739" lon="148.4845717"/>
      <trkpt lat="-9.1266043" lon="148.4845831"/>
      <trkpt lat="-9.1267447" lon="148.4846014"/>
      <trkpt lat="-9.1268900" lon="148.4846325"/>
      <trkpt lat="-9.1270474" lon="148.4846315"/>
      <trkpt lat="-9.1271970" lon="148.4846318"/>
      <trkpt lat="-9.1273538" lon="148.4846673"/>
      <trkpt lat="-9.1275038" lon="148.4847179"/>
      <trkpt lat="-9.1276512" lon="148.4847423"/>
      <trkpt lat="-9.1277912" lon="148.4847293"/>
      <trkpt lat="-9.1279157" lon="148.4847461"/>
      <trkpt lat="-9.1280450" lon="148.4847571"/>
      <trkpt lat="-9.1281574" lon="148.4848247"/>
      <trkpt lat="-9.1282885" lon="148.4848205"/>
      <trkpt lat="-9.1284153" lon="148.4847879"/>
      <trkpt lat="-9.1285655" lon="148.4847066"/>
      <trkpt lat="-9.1287068" lon="148.4846241"/>
      <trkpt lat="-9.1287547" lon="148.4845461"/>
      <trkpt lat="-9.1287622" lon="148.4845251"/>
      <trkpt lat="-9.1287511" lon="148.4845155"/>
      <trkpt lat="-9.1288133" lon="148.4845183"/>
    </trkseg>
    <trkseg>
      <trkpt lat="-9.1290300" lon="148.4844367"/>
      <trkpt lat="-9.1289892" lon="148.4844108"/>
      <trkpt lat="-9.1289686" lon="148.4844158"/>
      <trkpt lat="-9.1289576" lon="148.4843921"/>
      <trkpt lat="-9.1289890" lon="148.4843433"/>
      <trkpt lat="-9.1290267" lon="148.4843186"/>
      <trkpt lat="-9.1290252" lon="148.4842793"/>
      <trkpt lat="-9.1290170" lon="148.4842337"/>
      <trkpt lat="-9.1290020" lon="148.4841278"/>
      <trkpt lat="-9.1290272" lon="148.4840495"/>
      <trkpt lat="-9.1290454" lon="148.4839917"/>
      <trkpt lat="-9.1290662" lon="148.4838871"/>
      <trkpt lat="-9.1290945" lon="148.4837965"/>
      <trkpt lat="-9.1291008" lon="148.4836884"/>
      <trkpt lat="-9.1290450" lon="148.4835893"/>
      <trkpt lat="-9.1289621" lon="148.4834979"/>
      <trkpt lat="-9.1289415" lon="148.4835098"/>
      <trkpt lat="-9.1289480" lon="148.4835307"/>
      <trkpt lat="-9.1290106" lon="148.4835671"/>
      <trkpt lat="-9.1290291" lon="148.4835035"/>
      <trkpt lat="-9.1290970" lon="148.4834688"/>
      <trkpt lat="-9.1291354" lon="148.4834153"/>
      <trkpt lat="-9.1291861" lon="148.4833535"/>
      <trkpt lat="-9.1291949" lon="148.4832391"/>
      <trkpt lat="-9.1292181" lon="148.4830762"/>
      <trkpt lat="-9.1292817" lon="148.4829220"/>
      <trkpt lat="-9.1294016" lon="148.4827967"/>
      <trkpt lat="-9.1295225" lon="148.4826694"/>
      <trkpt lat="-9.1296440" lon="148.4825405"/>
      <trkpt lat="-9.1297419" lon="148.4823894"/>
      <trkpt lat="-9.1298399" lon="148.4822386"/>
      <trkpt lat="-9.1299183" lon="148.4820773"/>
      <trkpt lat="-9.1299932" lon="148.4819155"/>
      <trkpt lat="-9.1300415" lon="148.4817474"/>
      <trkpt lat="-9.1300808" lon="148.4815790"/>
      <trkpt lat="-9.1300915" lon="148.4814082"/>
      <trkpt lat="-9.1301012" lon="148.4812330"/>
      <trkpt lat="-9.1301064" lon="148.4811047"/>
      <trkpt lat="-9.1301322" lon="148.4810872"/>
      <trkpt lat="-9.1302066" lon="148.4811542"/>
      <trkpt lat="-9.1303340" lon="148.4812219"/>
      <trkpt lat="-9.1305039" lon="148.4812245"/>
      <trkpt lat="-9.1306770" lon="148.4812143"/>
      <trkpt lat="-9.1308307" lon="148.4812621"/>
      <trkpt lat="-9.1309710" lon="148.4813501"/>
      <trkpt lat="-9.1311128" lon="148.4814384"/>
      <trkpt lat="-9.1312678" lon="148.4815007"/>
      <trkpt lat="-9.1314297" lon="148.4815086"/>
      <trkpt lat="-9.1315755" lon="148.4814823"/>
      <trkpt lat="-9.1316792" lon="148.4813744"/>
      <trkpt lat="-9.1317494" lon="148.4812346"/>
      <trkpt lat="-9.1318022" lon="148.4810635"/>
      <trkpt lat="-9.1318765" lon="148.4809002"/>
      <trkpt lat="-9.1319390" lon="148.4807350"/>
      <trkpt lat="-9.1319542" lon="148.4805675"/>
      <trkpt lat="-9.1319433" lon="148.4803929"/>
      <trkpt lat="-9.1319761" lon="148.4802459"/>
      <trkpt lat="-9.1320756" lon="148.4801162"/>
      <trkpt lat="-9.1322193" lon="148.4800158"/>
      <trkpt lat="-9.1323604" lon="148.4799154"/>
      <trkpt lat="-9.1325144" lon="148.4798574"/>
      <trkpt lat="-9.1326630" lon="148.4797895"/>
      <trkpt lat="-9.1327764" lon="148.4796970"/>
      <trkpt lat="-9.1328731" lon="148.4795578"/>
      <trkpt lat="-9.1329312" lon="148.4794023"/>
      <trkpt lat="-9.1330028" lon="148.4792585"/>
      <trkpt lat="-9.1330841" lon="148.4791275"/>
      <trkpt lat="-9.1331885" lon="148.4790007"/>
      <trkpt lat="-9.1332938" lon="148.4788647"/>
      <trkpt lat="-9.1333996" lon="148.4787276"/>
      <trkpt lat="-9.1335315" lon="148.4786154"/>
      <trkpt lat="-9.1336558" lon="148.4785008"/>
      <trkpt lat="-9.1337811" lon="148.4784175"/>
      <trkpt lat="-9.1338952" lon="148.4783709"/>
      <trkpt lat="-9.1340317" lon="148.4783900"/>
    </trkseg>
    <trkseg>
      <trkpt lat="-9.1340617" lon="148.4783983"/>
      <trkpt lat="-9.1342061" lon="148.4783102"/>
      <trkpt lat="-9.1343613" lon="148.4782439"/>
      <trkpt lat="-9.1345030" lon="148.4781678"/>
      <trkpt lat="-9.1346018" lon="148.4780458"/>
      <trkpt lat="-9.1346355" lon="148.4778798"/>
      <trkpt lat="-9.1346052" lon="148.4777100"/>
      <trkpt lat="-9.1345632" lon="148.4775462"/>
      <trkpt lat="-9.1345439" lon="148.4773840"/>
      <trkpt lat="-9.1345355" lon="148.4772180"/>
      <trkpt lat="-9.1345067" lon="148.4770518"/>
      <trkpt lat="-9.1344732" lon="148.4768843"/>
      <trkpt lat="-9.1344605" lon="148.4767642"/>
      <trkpt lat="-9.1344717" lon="148.4766900"/>
    </trkseg>
    <trkseg>
      <trkpt lat="-9.1344800" lon="148.4766617"/>
      <trkpt lat="-9.1346262" lon="148.4765760"/>
      <trkpt lat="-9.1347880" lon="148.4765211"/>
      <trkpt lat="-9.1349598" lon="148.4764840"/>
      <trkpt lat="-9.1351225" lon="148.4764232"/>
      <trkpt lat="-9.1352701" lon="148.4763357"/>
      <trkpt lat="-9.1353794" lon="148.4762125"/>
      <trkpt lat="-9.1354562" lon="148.4760679"/>
      <trkpt lat="-9.1354586" lon="148.4759071"/>
      <trkpt lat="-9.1354060" lon="148.4757588"/>
      <trkpt lat="-9.1353127" lon="148.4756063"/>
      <trkpt lat="-9.1352109" lon="148.4754604"/>
      <trkpt lat="-9.1351046" lon="148.4753190"/>
      <trkpt lat="-9.1349721" lon="148.4752087"/>
      <trkpt lat="-9.1349005" lon="148.4750907"/>
      <trkpt lat="-9.1348951" lon="148.4749619"/>
      <trkpt lat="-9.1349714" lon="148.4748108"/>
      <trkpt lat="-9.1350300" lon="148.4746524"/>
      <trkpt lat="-9.1350828" lon="148.4744878"/>
      <trkpt lat="-9.1351239" lon="148.4743158"/>
      <trkpt lat="-9.1351816" lon="148.4741537"/>
      <trkpt lat="-9.1352030" lon="148.4739920"/>
      <trkpt lat="-9.1352319" lon="148.4738322"/>
      <trkpt lat="-9.1352623" lon="148.4736685"/>
      <trkpt lat="-9.1353619" lon="148.4735323"/>
      <trkpt lat="-9.1354796" lon="148.4734087"/>
      <trkpt lat="-9.1355847" lon="148.4732831"/>
      <trkpt lat="-9.1356633" lon="148.4731311"/>
      <trkpt lat="-9.1357084" lon="148.4729597"/>
      <trkpt lat="-9.1357627" lon="148.4727881"/>
      <trkpt lat="-9.1357976" lon="148.4726120"/>
      <trkpt lat="-9.1358102" lon="148.4724357"/>
      <trkpt lat="-9.1357793" lon="148.4722663"/>
      <trkpt lat="-9.1357830" lon="148.4721123"/>
      <trkpt lat="-9.1358353" lon="148.4719711"/>
      <trkpt lat="-9.1359387" lon="148.4718261"/>
      <trkpt lat="-9.1360279" lon="148.4716703"/>
      <trkpt lat="-9.1361101" lon="148.4715095"/>
      <trkpt lat="-9.1361855" lon="148.4713452"/>
      <trkpt lat="-9.1362353" lon="148.4711781"/>
      <trkpt lat="-9.1362210" lon="148.4710119"/>
      <trkpt lat="-9.1361405" lon="148.4708641"/>
      <trkpt lat="-9.1360394" lon="148.4707209"/>
      <trkpt lat="-9.1359453" lon="148.4705750"/>
      <trkpt lat="-9.1358399" lon="148.4704539"/>
      <trkpt lat="-9.1357074" lon="148.4703579"/>
      <trkpt lat="-9.1355716" lon="148.4702623"/>
      <trkpt lat="-9.1354855" lon="148.4701208"/>
      <trkpt lat="-9.1354544" lon="148.4699484"/>
      <trkpt lat="-9.1354630" lon="148.4697699"/>
      <trkpt lat="-9.1354713" lon="148.4695958"/>
      <trkpt lat="-9.1355041" lon="148.4694409"/>
      <trkpt lat="-9.1355796" lon="148.4693230"/>
      <trkpt lat="-9.1357174" lon="148.4692403"/>
      <trkpt lat="-9.1358774" lon="148.4691685"/>
      <trkpt lat="-9.1360399" lon="148.4690959"/>
      <trkpt lat="-9.1362046" lon="148.4690240"/>
      <trkpt lat="-9.1363412" lon="148.4689453"/>
      <trkpt lat="-9.1364819" lon="148.4688942"/>
      <trkpt lat="-9.1366103" lon="148.4688325"/>
      <trkpt lat="-9.1367739" lon="148.4687987"/>
      <trkpt lat="-9.1368848" lon="148.4687603"/>
      <trkpt lat="-9.1369583" lon="148.4687517"/>
    </trkseg>
    <trkseg>
      <trkpt lat="-9.1369467" lon="148.4685317"/>
      <trkpt lat="-9.1370296" lon="148.4686435"/>
      <trkpt lat="-9.1371151" lon="148.4686918"/>
      <trkpt lat="-9.1372033" lon="148.4686767"/>
    </trkseg>
    <trkseg>
      <trkpt lat="-9.1372950" lon="148.4687083"/>
      <trkpt lat="-9.1374276" lon="148.4686205"/>
      <trkpt lat="-9.1375187" lon="148.4684920"/>
      <trkpt lat="-9.1375568" lon="148.4683238"/>
      <trkpt lat="-9.1375960" lon="148.4681535"/>
      <trkpt lat="-9.1376741" lon="148.4680116"/>
      <trkpt lat="-9.1378115" lon="148.4679121"/>
      <trkpt lat="-9.1379737" lon="148.4678422"/>
      <trkpt lat="-9.1381445" lon="148.4677901"/>
      <trkpt lat="-9.1383091" lon="148.4677239"/>
      <trkpt lat="-9.1384750" lon="148.4676846"/>
      <trkpt lat="-9.1386292" lon="148.4676985"/>
      <trkpt lat="-9.1387888" lon="148.4677508"/>
      <trkpt lat="-9.1389442" lon="148.4678108"/>
      <trkpt lat="-9.1390618" lon="148.4678399"/>
      <trkpt lat="-9.1391300" lon="148.4678700"/>
    </trkseg>
    <trkseg>
      <trkpt lat="-9.1391517" lon="148.4679300"/>
      <trkpt lat="-9.1391948" lon="148.4680940"/>
      <trkpt lat="-9.1392775" lon="148.4682402"/>
      <trkpt lat="-9.1393630" lon="148.4683878"/>
      <trkpt lat="-9.1393965" lon="148.4685430"/>
      <trkpt lat="-9.1393711" lon="148.4687169"/>
      <trkpt lat="-9.1393548" lon="148.4688893"/>
      <trkpt lat="-9.1393928" lon="148.4690526"/>
      <trkpt lat="-9.1394922" lon="148.4691938"/>
      <trkpt lat="-9.1396296" lon="148.4693033"/>
      <trkpt lat="-9.1397832" lon="148.4693939"/>
      <trkpt lat="-9.1399289" lon="148.4694893"/>
      <trkpt lat="-9.1400307" lon="148.4696165"/>
      <trkpt lat="-9.1401279" lon="148.4697506"/>
      <trkpt lat="-9.1402450" lon="148.4698562"/>
      <trkpt lat="-9.1404088" lon="148.4698953"/>
      <trkpt lat="-9.1405813" lon="148.4698804"/>
      <trkpt lat="-9.1407546" lon="148.4698605"/>
      <trkpt lat="-9.1409289" lon="148.4698616"/>
      <trkpt lat="-9.1411014" lon="148.4698562"/>
      <trkpt lat="-9.1412158" lon="148.4698432"/>
      <trkpt lat="-9.1412733" lon="148.4698183"/>
    </trkseg>
    <trkseg>
      <trkpt lat="-9.1390067" lon="148.4678950"/>
      <trkpt lat="-9.1391055" lon="148.4679684"/>
      <trkpt lat="-9.1391787" lon="148.4680909"/>
      <trkpt lat="-9.1392538" lon="148.4682379"/>
      <trkpt lat="-9.1393316" lon="148.4683852"/>
      <trkpt lat="-9.1393777" lon="148.4685363"/>
      <trkpt lat="-9.1393709" lon="148.4687159"/>
      <trkpt lat="-9.1393655" lon="148.4688950"/>
      <trkpt lat="-9.1394100" lon="148.4690593"/>
      <trkpt lat="-9.1395164" lon="148.4691775"/>
      <trkpt lat="-9.1396732" lon="148.4692424"/>
      <trkpt lat="-9.1398387" lon="148.4692941"/>
      <trkpt lat="-9.1399829" lon="148.4693805"/>
      <trkpt lat="-9.1400872" lon="148.4695169"/>
      <trkpt lat="-9.1401739" lon="148.4696725"/>
      <trkpt lat="-9.1402729" lon="148.4697977"/>
      <trkpt lat="-9.1404070" lon="148.4698418"/>
      <trkpt lat="-9.1405645" lon="148.4698076"/>
      <trkpt lat="-9.1407149" lon="148.4697777"/>
      <trkpt lat="-9.1408399" lon="148.4697989"/>
      <trkpt lat="-9.1409671" lon="148.4698436"/>
      <trkpt lat="-9.1411068" lon="148.4698404"/>
      <trkpt lat="-9.1412382" lon="148.4697809"/>
      <trkpt lat="-9.1413350" lon="148.4696950"/>
    </trkseg>
    <trkseg>
      <trkpt lat="-9.1412800" lon="148.4698017"/>
      <trkpt lat="-9.1414021" lon="148.4697014"/>
      <trkpt lat="-9.1415014" lon="148.4695715"/>
      <trkpt lat="-9.1415984" lon="148.4694481"/>
      <trkpt lat="-9.1416936" lon="148.4694347"/>
      <trkpt lat="-9.1418062" lon="148.4695115"/>
      <trkpt lat="-9.1419196" lon="148.4696367"/>
      <trkpt lat="-9.1420719" lon="148.4697296"/>
      <trkpt lat="-9.1422357" lon="148.4697810"/>
      <trkpt lat="-9.1424027" lon="148.4698270"/>
      <trkpt lat="-9.1425590" lon="148.4698917"/>
      <trkpt lat="-9.1427141" lon="148.4699565"/>
      <trkpt lat="-9.1428698" lon="148.4699672"/>
      <trkpt lat="-9.1430306" lon="148.4699063"/>
      <trkpt lat="-9.1431904" lon="148.4698278"/>
      <trkpt lat="-9.1433428" lon="148.4697371"/>
      <trkpt lat="-9.1434858" lon="148.4696373"/>
      <trkpt lat="-9.1436170" lon="148.4695160"/>
      <trkpt lat="-9.1437424" lon="148.4693922"/>
      <trkpt lat="-9.1438854" lon="148.4693174"/>
      <trkpt lat="-9.1440109" lon="148.4692998"/>
      <trkpt lat="-9.1440474" lon="148.4693476"/>
      <trkpt lat="-9.1440472" lon="148.4693862"/>
      <trkpt lat="-9.1440061" lon="148.4693959"/>
      <trkpt lat="-9.1440207" lon="148.4693634"/>
      <trkpt lat="-9.1440471" lon="148.4693476"/>
      <trkpt lat="-9.1440535" lon="148.4693349"/>
      <trkpt lat="-9.1440535" lon="148.4693997"/>
      <trkpt lat="-9.1439988" lon="148.4695065"/>
      <trkpt lat="-9.1439608" lon="148.4696803"/>
      <trkpt lat="-9.1438814" lon="148.4698381"/>
      <trkpt lat="-9.1437918" lon="148.4699909"/>
      <trkpt lat="-9.1437021" lon="148.4701447"/>
      <trkpt lat="-9.1436357" lon="148.4703123"/>
      <trkpt lat="-9.1435958" lon="148.4704881"/>
      <trkpt lat="-9.1435845" lon="148.4706647"/>
      <trkpt lat="-9.1435984" lon="148.4708421"/>
      <trkpt lat="-9.1436404" lon="148.4710132"/>
      <trkpt lat="-9.1436751" lon="148.4711839"/>
      <trkpt lat="-9.1437189" lon="148.4713534"/>
      <trkpt lat="-9.1437402" lon="148.4715086"/>
      <trkpt lat="-9.1437600" lon="148.4716450"/>
    </trkseg>
    <trkseg>
      <trkpt lat="-9.1437483" lon="148.4717383"/>
      <trkpt lat="-9.1438563" lon="148.4718826"/>
      <trkpt lat="-9.1439763" lon="148.4720159"/>
      <trkpt lat="-9.1441068" lon="148.4721400"/>
      <trkpt lat="-9.1442246" lon="148.4722734"/>
      <trkpt lat="-9.1443076" lon="148.4724233"/>
      <trkpt lat="-9.1443371" lon="148.4725915"/>
      <trkpt lat="-9.1443112" lon="148.4727596"/>
      <trkpt lat="-9.1442541" lon="148.4729295"/>
      <trkpt lat="-9.1441830" lon="148.4730960"/>
      <trkpt lat="-9.1441178" lon="148.4732629"/>
      <trkpt lat="-9.1440751" lon="148.4734330"/>
      <trkpt lat="-9.1440489" lon="148.4736071"/>
      <trkpt lat="-9.1440309" lon="148.4737862"/>
      <trkpt lat="-9.1439862" lon="148.4739602"/>
      <trkpt lat="-9.1439249" lon="148.4741301"/>
      <trkpt lat="-9.1438711" lon="148.4743008"/>
      <trkpt lat="-9.1438199" lon="148.4744723"/>
      <trkpt lat="-9.1437975" lon="148.4746469"/>
      <trkpt lat="-9.1437716" lon="148.4748206"/>
      <trkpt lat="-9.1437878" lon="148.4749948"/>
      <trkpt lat="-9.1438205" lon="148.4751664"/>
      <trkpt lat="-9.1438942" lon="148.4753308"/>
      <trkpt lat="-9.1439917" lon="148.4754786"/>
      <trkpt lat="-9.1441218" lon="148.4755739"/>
      <trkpt lat="-9.1442710" lon="148.4756386"/>
      <trkpt lat="-9.1444062" lon="148.4757148"/>
      <trkpt lat="-9.1445301" lon="148.4758291"/>
      <trkpt lat="-9.1446601" lon="148.4759436"/>
      <trkpt lat="-9.1447898" lon="148.4760518"/>
      <trkpt lat="-9.1448699" lon="148.4761772"/>
      <trkpt lat="-9.1448941" lon="148.4763391"/>
      <trkpt lat="-9.1448978" lon="148.4765127"/>
      <trkpt lat="-9.1449365" lon="148.4766755"/>
      <trkpt lat="-9.1449708" lon="148.4768397"/>
      <trkpt lat="-9.1449989" lon="148.4770078"/>
      <trkpt lat="-9.1449985" lon="148.4771881"/>
      <trkpt lat="-9.1450124" lon="148.4773684"/>
      <trkpt lat="-9.1450114" lon="148.4775469"/>
      <trkpt lat="-9.1449870" lon="148.4777212"/>
      <trkpt lat="-9.1449389" lon="148.4778938"/>
      <trkpt lat="-9.1449454" lon="148.4780380"/>
      <trkpt lat="-9.1450132" lon="148.4781724"/>
      <trkpt lat="-9.1451081" lon="148.4783011"/>
      <trkpt lat="-9.1451753" lon="148.4784515"/>
      <trkpt lat="-9.1452621" lon="148.4785551"/>
      <trkpt lat="-9.1453856" lon="148.4786397"/>
      <trkpt lat="-9.1455419" lon="148.4787049"/>
      <trkpt lat="-9.1456938" lon="148.4787946"/>
      <trkpt lat="-9.1458301" lon="148.4789000"/>
      <trkpt lat="-9.1459379" lon="148.4790297"/>
      <trkpt lat="-9.1460135" lon="148.4791916"/>
      <trkpt lat="-9.1460837" lon="148.4793578"/>
      <trkpt lat="-9.1461840" lon="148.4794812"/>
      <trkpt lat="-9.1463198" lon="148.4795533"/>
      <trkpt lat="-9.1464428" lon="148.4795322"/>
      <trkpt lat="-9.1465679" lon="148.4794889"/>
      <trkpt lat="-9.1466724" lon="148.4793927"/>
      <trkpt lat="-9.1468015" lon="148.4792935"/>
      <trkpt lat="-9.1469336" lon="148.4792017"/>
      <trkpt lat="-9.1470617" lon="148.4792073"/>
      <trkpt lat="-9.1471911" lon="148.4792992"/>
      <trkpt lat="-9.1473123" lon="148.4794262"/>
      <trkpt lat="-9.1474559" lon="148.4794896"/>
      <trkpt lat="-9.1475730" lon="148.4795227"/>
      <trkpt lat="-9.1476600" lon="148.4795333"/>
    </trkseg>
    <trkseg>
      <trkpt lat="-9.1452383" lon="148.4836200"/>
      <trkpt lat="-9.1452820" lon="148.4836047"/>
      <trkpt lat="-9.1453502" lon="148.4835742"/>
      <trkpt lat="-9.1454203" lon="148.4835763"/>
      <trkpt lat="-9.1454126" lon="148.4836277"/>
      <trkpt lat="-9.1454090" lon="148.4836866"/>
      <trkpt lat="-9.1454391" lon="148.4837311"/>
      <trkpt lat="-9.1455147" lon="148.4837132"/>
      <trkpt lat="-9.1456177" lon="148.4837065"/>
      <trkpt lat="-9.1457307" lon="148.4836795"/>
      <trkpt lat="-9.1457807" lon="148.4836766"/>
      <trkpt lat="-9.1457107" lon="148.4836723"/>
      <trkpt lat="-9.1455374" lon="148.4836504"/>
      <trkpt lat="-9.1453673" lon="148.4836068"/>
      <trkpt lat="-9.1452520" lon="148.4835136"/>
      <trkpt lat="-9.1451583" lon="148.4833954"/>
      <trkpt lat="-9.1451010" lon="148.4832421"/>
      <trkpt lat="-9.1450324" lon="148.4831055"/>
      <trkpt lat="-9.1449855" lon="148.4829581"/>
      <trkpt lat="-9.1449461" lon="148.4828048"/>
      <trkpt lat="-9.1449405" lon="148.4826383"/>
      <trkpt lat="-9.1449250" lon="148.4824787"/>
      <trkpt lat="-9.1449303" lon="148.4823191"/>
      <trkpt lat="-9.1449385" lon="148.4821505"/>
      <trkpt lat="-9.1450077" lon="148.4819961"/>
      <trkpt lat="-9.1450111" lon="148.4819067"/>
      <trkpt lat="-9.1449399" lon="148.4819001"/>
      <trkpt lat="-9.1447727" lon="148.4819507"/>
      <trkpt lat="-9.1446546" lon="148.4819639"/>
      <trkpt lat="-9.1445497" lon="148.4819307"/>
      <trkpt lat="-9.1444938" lon="148.4819107"/>
      <trkpt lat="-9.1443935" lon="148.4819366"/>
      <trkpt lat="-9.1443931" lon="148.4819819"/>
      <trkpt lat="-9.1443635" lon="148.4820322"/>
      <trkpt lat="-9.1443959" lon="148.4820724"/>
      <trkpt lat="-9.1443985" lon="148.4821013"/>
      <trkpt lat="-9.1444818" lon="148.4820541"/>
      <trkpt lat="-9.1445385" lon="148.4820233"/>
      <trkpt lat="-9.1445653" lon="148.4820224"/>
      <trkpt lat="-9.1445048" lon="148.4820532"/>
      <trkpt lat="-9.1444019" lon="148.4820559"/>
      <trkpt lat="-9.1442403" lon="148.4820332"/>
      <trkpt lat="-9.1440610" lon="148.4820096"/>
      <trkpt lat="-9.1439045" lon="148.4819471"/>
      <trkpt lat="-9.1438031" lon="148.4818855"/>
      <trkpt lat="-9.1437567" lon="148.4818250"/>
    </trkseg>
    <trkseg>
      <trkpt lat="-9.1436650" lon="148.4818433"/>
      <trkpt lat="-9.1435539" lon="148.4818380"/>
      <trkpt lat="-9.1434705" lon="148.4817559"/>
      <trkpt lat="-9.1433902" lon="148.4816729"/>
      <trkpt lat="-9.1432767" lon="148.4816878"/>
      <trkpt lat="-9.1431441" lon="148.4817948"/>
      <trkpt lat="-9.1430006" lon="148.4818672"/>
      <trkpt lat="-9.1428395" lon="148.4818880"/>
      <trkpt lat="-9.1426769" lon="148.4818952"/>
      <trkpt lat="-9.1425554" lon="148.4819704"/>
      <trkpt lat="-9.1424683" lon="148.4821077"/>
      <trkpt lat="-9.1423684" lon="148.4822178"/>
      <trkpt lat="-9.1422296" lon="148.4822800"/>
      <trkpt lat="-9.1420612" lon="148.4823089"/>
      <trkpt lat="-9.1418931" lon="148.4823494"/>
      <trkpt lat="-9.1417252" lon="148.4823917"/>
      <trkpt lat="-9.1415520" lon="148.4824142"/>
      <trkpt lat="-9.1413816" lon="148.4824055"/>
      <trkpt lat="-9.1412549" lon="148.4823286"/>
      <trkpt lat="-9.1411822" lon="148.4821916"/>
      <trkpt lat="-9.1411274" lon="148.4820290"/>
      <trkpt lat="-9.1410357" lon="148.4818888"/>
      <trkpt lat="-9.1408988" lon="148.4817783"/>
      <trkpt lat="-9.1407418" lon="148.4816921"/>
      <trkpt lat="-9.1405763" lon="148.4816410"/>
      <trkpt lat="-9.1404191" lon="148.4815832"/>
      <trkpt lat="-9.1403284" lon="148.4814894"/>
      <trkpt lat="-9.1402853" lon="148.4813390"/>
      <trkpt lat="-9.1402380" lon="148.4811926"/>
      <trkpt lat="-9.1401281" lon="148.4810757"/>
      <trkpt lat="-9.1400065" lon="148.4809893"/>
      <trkpt lat="-9.1399100" lon="148.4809100"/>
    </trkseg>
    <trkseg>
      <trkpt lat="-9.1399300" lon="148.4806917"/>
      <trkpt lat="-9.1398001" lon="148.4806739"/>
      <trkpt lat="-9.1396508" lon="148.4806381"/>
      <trkpt lat="-9.1394920" lon="148.4805628"/>
      <trkpt lat="-9.1393944" lon="148.4805190"/>
      <trkpt lat="-9.1393324" lon="148.4804902"/>
      <trkpt lat="-9.1393192" lon="148.4804997"/>
      <trkpt lat="-9.1392967" lon="148.4805100"/>
    </trkseg>
    <trkseg>
      <trkpt lat="-9.1336117" lon="148.4869700"/>
      <trkpt lat="-9.1334844" lon="148.4869404"/>
      <trkpt lat="-9.1333755" lon="148.4869643"/>
      <trkpt lat="-9.1332850" lon="148.4870417"/>
    </trkseg>
    <trkseg>
      <trkpt lat="-9.1365333" lon="148.4806483"/>
      <trkpt lat="-9.1365437" lon="148.4806639"/>
      <trkpt lat="-9.1365437" lon="148.4806817"/>
      <trkpt lat="-9.1365333" lon="148.4807017"/>
    </trkseg>
    <trkseg>
      <trkpt lat="-9.1322817" lon="148.4882917"/>
      <trkpt lat="-9.1322298" lon="148.4883225"/>
      <trkpt lat="-9.1321582" lon="148.4884041"/>
      <trkpt lat="-9.1320725" lon="148.4885395"/>
      <trkpt lat="-9.1319724" lon="148.4886744"/>
      <trkpt lat="-9.1318922" lon="148.4887477"/>
      <trkpt lat="-9.1318308" lon="148.4887690"/>
      <trkpt lat="-9.1317578" lon="148.4887685"/>
      <trkpt lat="-9.1316704" lon="148.4887580"/>
      <trkpt lat="-9.1315526" lon="148.4887492"/>
      <trkpt lat="-9.1314267" lon="148.4887552"/>
      <trkpt lat="-9.1312821" lon="148.4888050"/>
      <trkpt lat="-9.1311407" lon="148.4888239"/>
      <trkpt lat="-9.1310094" lon="148.4888548"/>
      <trkpt lat="-9.1308823" lon="148.4888656"/>
      <trkpt lat="-9.1307929" lon="148.4889557"/>
      <trkpt lat="-9.1307373" lon="148.4890527"/>
      <trkpt lat="-9.1306756" lon="148.4891703"/>
      <trkpt lat="-9.1305701" lon="148.4892701"/>
      <trkpt lat="-9.1304785" lon="148.4893499"/>
      <trkpt lat="-9.1304107" lon="148.4894126"/>
      <trkpt lat="-9.1303749" lon="148.4894959"/>
      <trkpt lat="-9.1303174" lon="148.4895949"/>
      <trkpt lat="-9.1303295" lon="148.4897104"/>
      <trkpt lat="-9.1303141" lon="148.4897682"/>
      <trkpt lat="-9.1302838" lon="148.4898172"/>
      <trkpt lat="-9.1301646" lon="148.4898379"/>
      <trkpt lat="-9.1300941" lon="148.4899263"/>
      <trkpt lat="-9.1300471" lon="148.4900309"/>
      <trkpt lat="-9.1300050" lon="148.4901851"/>
      <trkpt lat="-9.1299657" lon="148.4903083"/>
      <trkpt lat="-9.1298732" lon="148.4903852"/>
      <trkpt lat="-9.1298085" lon="148.4904771"/>
      <trkpt lat="-9.1296947" lon="148.4905803"/>
      <trkpt lat="-9.1296291" lon="148.4907192"/>
      <trkpt lat="-9.1295634" lon="148.4908160"/>
      <trkpt lat="-9.1295217" lon="148.4908850"/>
    </trkseg>
    <trkseg>
      <trkpt lat="-9.1243333" lon="148.4846867"/>
      <trkpt lat="-9.1242223" lon="148.4845431"/>
      <trkpt lat="-9.1241587" lon="148.4844689"/>
      <trkpt lat="-9.1241821" lon="148.4844723"/>
      <trkpt lat="-9.1242324" lon="148.4845205"/>
      <trkpt lat="-9.1242760" lon="148.4845746"/>
      <trkpt lat="-9.1242786" lon="148.4846170"/>
      <trkpt lat="-9.1243005" lon="148.4846540"/>
      <trkpt lat="-9.1243240" lon="148.4846471"/>
      <trkpt lat="-9.1243488" lon="148.4846543"/>
      <trkpt lat="-9.1243327" lon="148.4846182"/>
      <trkpt lat="-9.1242667" lon="148.4845588"/>
      <trkpt lat="-9.1241609" lon="148.4844179"/>
      <trkpt lat="-9.1240625" lon="148.4842986"/>
      <trkpt lat="-9.1240271" lon="148.4842215"/>
      <trkpt lat="-9.1240400" lon="148.4841967"/>
    </trkseg>
    <trkseg>
      <trkpt lat="-9.1238983" lon="148.4840450"/>
      <trkpt lat="-9.1239624" lon="148.4842000"/>
      <trkpt lat="-9.1240487" lon="148.4843038"/>
      <trkpt lat="-9.1241648" lon="148.4843180"/>
      <trkpt lat="-9.1242972" lon="148.4842460"/>
      <trkpt lat="-9.1244485" lon="148.4841650"/>
      <trkpt lat="-9.1246120" lon="148.4841328"/>
      <trkpt lat="-9.1247769" lon="148.4841688"/>
      <trkpt lat="-9.1249386" lon="148.4842385"/>
      <trkpt lat="-9.1250968" lon="148.4843036"/>
      <trkpt lat="-9.1251854" lon="148.4843296"/>
      <trkpt lat="-9.1251983" lon="148.4843250"/>
    </trkseg>
    <trkseg>
      <trkpt lat="-9.1290300" lon="148.4844367"/>
      <trkpt lat="-9.1289892" lon="148.4844108"/>
      <trkpt lat="-9.1289686" lon="148.4844158"/>
      <trkpt lat="-9.1289576" lon="148.4843921"/>
      <trkpt lat="-9.1289890" lon="148.4843433"/>
      <trkpt lat="-9.1290267" lon="148.4843186"/>
      <trkpt lat="-9.1290252" lon="148.4842793"/>
      <trkpt lat="-9.1290170" lon="148.4842337"/>
      <trkpt lat="-9.1290020" lon="148.4841278"/>
      <trkpt lat="-9.1290272" lon="148.4840495"/>
      <trkpt lat="-9.1290454" lon="148.4839917"/>
      <trkpt lat="-9.1290662" lon="148.4838871"/>
      <trkpt lat="-9.1290945" lon="148.4837965"/>
      <trkpt lat="-9.1291008" lon="148.4836884"/>
      <trkpt lat="-9.1290450" lon="148.4835893"/>
      <trkpt lat="-9.1289621" lon="148.4834979"/>
      <trkpt lat="-9.1289415" lon="148.4835098"/>
      <trkpt lat="-9.1289480" lon="148.4835307"/>
      <trkpt lat="-9.1290106" lon="148.4835671"/>
      <trkpt lat="-9.1290291" lon="148.4835035"/>
      <trkpt lat="-9.1290970" lon="148.4834688"/>
      <trkpt lat="-9.1291354" lon="148.4834153"/>
      <trkpt lat="-9.1291861" lon="148.4833535"/>
      <trkpt lat="-9.1291949" lon="148.4832391"/>
      <trkpt lat="-9.1292181" lon="148.4830762"/>
      <trkpt lat="-9.1292817" lon="148.4829220"/>
      <trkpt lat="-9.1294016" lon="148.4827967"/>
      <trkpt lat="-9.1295225" lon="148.4826694"/>
      <trkpt lat="-9.1296440" lon="148.4825405"/>
      <trkpt lat="-9.1297419" lon="148.4823894"/>
      <trkpt lat="-9.1298399" lon="148.4822386"/>
      <trkpt lat="-9.1299183" lon="148.4820773"/>
      <trkpt lat="-9.1299932" lon="148.4819155"/>
      <trkpt lat="-9.1300415" lon="148.4817474"/>
      <trkpt lat="-9.1300808" lon="148.4815790"/>
      <trkpt lat="-9.1300915" lon="148.4814082"/>
      <trkpt lat="-9.1301012" lon="148.4812330"/>
      <trkpt lat="-9.1301076" lon="148.4810802"/>
      <trkpt lat="-9.1301233" lon="148.4809483"/>
    </trkseg>
    <trkseg>
      <trkpt lat="-9.1340617" lon="148.4783983"/>
      <trkpt lat="-9.1342061" lon="148.4783102"/>
      <trkpt lat="-9.1343613" lon="148.4782439"/>
      <trkpt lat="-9.1345030" lon="148.4781678"/>
      <trkpt lat="-9.1346018" lon="148.4780458"/>
      <trkpt lat="-9.1346355" lon="148.4778798"/>
      <trkpt lat="-9.1346052" lon="148.4777100"/>
      <trkpt lat="-9.1345632" lon="148.4775462"/>
      <trkpt lat="-9.1345439" lon="148.4773840"/>
      <trkpt lat="-9.1345355" lon="148.4772180"/>
      <trkpt lat="-9.1345067" lon="148.4770518"/>
      <trkpt lat="-9.1344732" lon="148.4768843"/>
      <trkpt lat="-9.1344605" lon="148.4767642"/>
      <trkpt lat="-9.1344717" lon="148.4766900"/>
    </trkseg>
    <trkseg>
      <trkpt lat="-9.1365333" lon="148.4806483"/>
      <trkpt lat="-9.1365437" lon="148.4806639"/>
      <trkpt lat="-9.1365633" lon="148.4807325"/>
      <trkpt lat="-9.1366113" lon="148.4808499"/>
      <trkpt lat="-9.1366512" lon="148.4810065"/>
      <trkpt lat="-9.1366701" lon="148.4811656"/>
      <trkpt lat="-9.1366266" lon="148.4813248"/>
      <trkpt lat="-9.1365748" lon="148.4814806"/>
      <trkpt lat="-9.1364920" lon="148.4816156"/>
      <trkpt lat="-9.1364128" lon="148.4817547"/>
      <trkpt lat="-9.1363500" lon="148.4818979"/>
      <trkpt lat="-9.1362797" lon="148.4820481"/>
      <trkpt lat="-9.1361948" lon="148.4821928"/>
      <trkpt lat="-9.1361099" lon="148.4823367"/>
      <trkpt lat="-9.1360595" lon="148.4825004"/>
      <trkpt lat="-9.1360635" lon="148.4826763"/>
      <trkpt lat="-9.1360512" lon="148.4828293"/>
      <trkpt lat="-9.1360267" lon="148.4829583"/>
    </trkseg>
    <trkseg>
      <trkpt lat="-9.1452383" lon="148.4836200"/>
      <trkpt lat="-9.1452820" lon="148.4836047"/>
      <trkpt lat="-9.1453502" lon="148.4835742"/>
      <trkpt lat="-9.1454203" lon="148.4835763"/>
      <trkpt lat="-9.1454126" lon="148.4836277"/>
      <trkpt lat="-9.1454090" lon="148.4836866"/>
      <trkpt lat="-9.1454391" lon="148.4837311"/>
      <trkpt lat="-9.1455147" lon="148.4837132"/>
      <trkpt lat="-9.1456177" lon="148.4837065"/>
      <trkpt lat="-9.1457307" lon="148.4836795"/>
      <trkpt lat="-9.1457807" lon="148.4836766"/>
      <trkpt lat="-9.1457107" lon="148.4836723"/>
      <trkpt lat="-9.1455374" lon="148.4836504"/>
      <trkpt lat="-9.1453673" lon="148.4836068"/>
      <trkpt lat="-9.1452520" lon="148.4835136"/>
      <trkpt lat="-9.1451583" lon="148.4833954"/>
      <trkpt lat="-9.1451010" lon="148.4832421"/>
      <trkpt lat="-9.1450324" lon="148.4831055"/>
      <trkpt lat="-9.1449855" lon="148.4829581"/>
      <trkpt lat="-9.1449461" lon="148.4828048"/>
      <trkpt lat="-9.1449405" lon="148.4826383"/>
      <trkpt lat="-9.1449250" lon="148.4824787"/>
      <trkpt lat="-9.1449303" lon="148.4823191"/>
      <trkpt lat="-9.1449385" lon="148.4821505"/>
      <trkpt lat="-9.1450077" lon="148.4819961"/>
      <trkpt lat="-9.1450111" lon="148.4819067"/>
      <trkpt lat="-9.1449399" lon="148.4819001"/>
      <trkpt lat="-9.1447727" lon="148.4819507"/>
      <trkpt lat="-9.1446546" lon="148.4819639"/>
      <trkpt lat="-9.1445497" lon="148.4819307"/>
      <trkpt lat="-9.1444938" lon="148.4819107"/>
      <trkpt lat="-9.1443935" lon="148.4819366"/>
      <trkpt lat="-9.1443931" lon="148.4819819"/>
      <trkpt lat="-9.1443635" lon="148.4820322"/>
      <trkpt lat="-9.1443959" lon="148.4820724"/>
      <trkpt lat="-9.1443985" lon="148.4821013"/>
      <trkpt lat="-9.1444818" lon="148.4820541"/>
      <trkpt lat="-9.1445385" lon="148.4820233"/>
      <trkpt lat="-9.1445653" lon="148.4820224"/>
      <trkpt lat="-9.1445048" lon="148.4820532"/>
      <trkpt lat="-9.1444019" lon="148.4820559"/>
      <trkpt lat="-9.1442403" lon="148.4820332"/>
      <trkpt lat="-9.1440610" lon="148.4820096"/>
      <trkpt lat="-9.1439045" lon="148.4819471"/>
      <trkpt lat="-9.1438031" lon="148.4818855"/>
      <trkpt lat="-9.1437567" lon="148.4818250"/>
    </trkseg>
    <trkseg>
      <trkpt lat="-9.1436650" lon="148.4818433"/>
      <trkpt lat="-9.1435539" lon="148.4818380"/>
      <trkpt lat="-9.1434705" lon="148.4817559"/>
      <trkpt lat="-9.1433902" lon="148.4816729"/>
      <trkpt lat="-9.1432767" lon="148.4816878"/>
      <trkpt lat="-9.1431441" lon="148.4817948"/>
      <trkpt lat="-9.1430006" lon="148.4818672"/>
      <trkpt lat="-9.1428395" lon="148.4818880"/>
      <trkpt lat="-9.1426769" lon="148.4818952"/>
      <trkpt lat="-9.1425554" lon="148.4819704"/>
      <trkpt lat="-9.1424683" lon="148.4821077"/>
      <trkpt lat="-9.1423684" lon="148.4822178"/>
      <trkpt lat="-9.1422296" lon="148.4822800"/>
      <trkpt lat="-9.1420612" lon="148.4823089"/>
      <trkpt lat="-9.1418931" lon="148.4823494"/>
      <trkpt lat="-9.1417252" lon="148.4823917"/>
      <trkpt lat="-9.1415520" lon="148.4824142"/>
      <trkpt lat="-9.1413816" lon="148.4824055"/>
      <trkpt lat="-9.1412549" lon="148.4823286"/>
      <trkpt lat="-9.1411822" lon="148.4821916"/>
      <trkpt lat="-9.1411274" lon="148.4820290"/>
      <trkpt lat="-9.1410357" lon="148.4818888"/>
      <trkpt lat="-9.1408988" lon="148.4817783"/>
      <trkpt lat="-9.1407418" lon="148.4816921"/>
      <trkpt lat="-9.1405763" lon="148.4816410"/>
      <trkpt lat="-9.1404191" lon="148.4815832"/>
      <trkpt lat="-9.1403284" lon="148.4814894"/>
      <trkpt lat="-9.1402853" lon="148.4813390"/>
      <trkpt lat="-9.1402380" lon="148.4811926"/>
      <trkpt lat="-9.1401281" lon="148.4810757"/>
      <trkpt lat="-9.1400065" lon="148.4809893"/>
      <trkpt lat="-9.1399100" lon="148.4809100"/>
    </trkseg>
    <trkseg>
      <trkpt lat="-9.1399300" lon="148.4806917"/>
      <trkpt lat="-9.1398533" lon="148.4807683"/>
    </trkseg>
    <trkseg>
      <trkpt lat="-9.1452383" lon="148.4836200"/>
      <trkpt lat="-9.1452820" lon="148.4836047"/>
      <trkpt lat="-9.1453502" lon="148.4835742"/>
      <trkpt lat="-9.1454203" lon="148.4835763"/>
      <trkpt lat="-9.1454126" lon="148.4836277"/>
      <trkpt lat="-9.1454090" lon="148.4836866"/>
      <trkpt lat="-9.1454391" lon="148.4837311"/>
      <trkpt lat="-9.1455147" lon="148.4837132"/>
      <trkpt lat="-9.1456177" lon="148.4837065"/>
      <trkpt lat="-9.1457307" lon="148.4836795"/>
      <trkpt lat="-9.1457807" lon="148.4836766"/>
      <trkpt lat="-9.1457107" lon="148.4836723"/>
      <trkpt lat="-9.1455374" lon="148.4836504"/>
      <trkpt lat="-9.1453673" lon="148.4836068"/>
      <trkpt lat="-9.1452520" lon="148.4835136"/>
      <trkpt lat="-9.1451583" lon="148.4833954"/>
      <trkpt lat="-9.1451010" lon="148.4832421"/>
      <trkpt lat="-9.1450324" lon="148.4831055"/>
      <trkpt lat="-9.1449855" lon="148.4829581"/>
      <trkpt lat="-9.1449461" lon="148.4828048"/>
      <trkpt lat="-9.1449405" lon="148.4826383"/>
      <trkpt lat="-9.1449250" lon="148.4824787"/>
      <trkpt lat="-9.1449303" lon="148.4823191"/>
      <trkpt lat="-9.1449385" lon="148.4821505"/>
      <trkpt lat="-9.1450077" lon="148.4819961"/>
      <trkpt lat="-9.1450111" lon="148.4819067"/>
      <trkpt lat="-9.1449399" lon="148.4819001"/>
      <trkpt lat="-9.1447727" lon="148.4819507"/>
      <trkpt lat="-9.1446546" lon="148.4819639"/>
      <trkpt lat="-9.1445497" lon="148.4819307"/>
      <trkpt lat="-9.1444938" lon="148.4819107"/>
      <trkpt lat="-9.1443935" lon="148.4819366"/>
      <trkpt lat="-9.1443931" lon="148.4819819"/>
      <trkpt lat="-9.1443635" lon="148.4820322"/>
      <trkpt lat="-9.1443959" lon="148.4820724"/>
      <trkpt lat="-9.1443985" lon="148.4821013"/>
      <trkpt lat="-9.1444818" lon="148.4820541"/>
      <trkpt lat="-9.1445385" lon="148.4820233"/>
      <trkpt lat="-9.1445653" lon="148.4820224"/>
      <trkpt lat="-9.1445048" lon="148.4820532"/>
      <trkpt lat="-9.1444019" lon="148.4820559"/>
      <trkpt lat="-9.1442403" lon="148.4820332"/>
      <trkpt lat="-9.1440610" lon="148.4820096"/>
      <trkpt lat="-9.1439045" lon="148.4819471"/>
      <trkpt lat="-9.1438031" lon="148.4818855"/>
      <trkpt lat="-9.1437567" lon="148.4818250"/>
    </trkseg>
    <trkseg>
      <trkpt lat="-9.1436650" lon="148.4818433"/>
      <trkpt lat="-9.1435539" lon="148.4818380"/>
      <trkpt lat="-9.1434705" lon="148.4817559"/>
      <trkpt lat="-9.1433902" lon="148.4816729"/>
      <trkpt lat="-9.1432767" lon="148.4816878"/>
      <trkpt lat="-9.1431441" lon="148.4817948"/>
      <trkpt lat="-9.1430006" lon="148.4818672"/>
      <trkpt lat="-9.1428395" lon="148.4818880"/>
      <trkpt lat="-9.1426769" lon="148.4818952"/>
      <trkpt lat="-9.1425554" lon="148.4819704"/>
      <trkpt lat="-9.1424683" lon="148.4821077"/>
      <trkpt lat="-9.1423684" lon="148.4822178"/>
      <trkpt lat="-9.1422296" lon="148.4822800"/>
      <trkpt lat="-9.1420612" lon="148.4823089"/>
      <trkpt lat="-9.1418931" lon="148.4823494"/>
      <trkpt lat="-9.1417252" lon="148.4823917"/>
      <trkpt lat="-9.1415520" lon="148.4824142"/>
      <trkpt lat="-9.1413816" lon="148.4824055"/>
      <trkpt lat="-9.1412549" lon="148.4823286"/>
      <trkpt lat="-9.1411880" lon="148.4822394"/>
      <trkpt lat="-9.1411750" lon="148.4821583"/>
    </trkseg>
    <trkseg>
      <trkpt lat="-9.1263600" lon="148.4847033"/>
      <trkpt lat="-9.1263417" lon="148.4846817"/>
      <trkpt lat="-9.1263360" lon="148.4846385"/>
      <trkpt lat="-9.1263854" lon="148.4846510"/>
      <trkpt lat="-9.1264739" lon="148.4845717"/>
      <trkpt lat="-9.1266043" lon="148.4845831"/>
      <trkpt lat="-9.1267447" lon="148.4846014"/>
      <trkpt lat="-9.1268900" lon="148.4846325"/>
      <trkpt lat="-9.1270474" lon="148.4846315"/>
      <trkpt lat="-9.1271970" lon="148.4846318"/>
      <trkpt lat="-9.1273538" lon="148.4846673"/>
      <trkpt lat="-9.1275038" lon="148.4847179"/>
      <trkpt lat="-9.1276512" lon="148.4847423"/>
      <trkpt lat="-9.1277912" lon="148.4847293"/>
      <trkpt lat="-9.1279157" lon="148.4847461"/>
      <trkpt lat="-9.1280450" lon="148.4847571"/>
      <trkpt lat="-9.1281574" lon="148.4848247"/>
      <trkpt lat="-9.1282885" lon="148.4848205"/>
      <trkpt lat="-9.1284153" lon="148.4847879"/>
      <trkpt lat="-9.1285655" lon="148.4847066"/>
      <trkpt lat="-9.1287068" lon="148.4846241"/>
      <trkpt lat="-9.1287540" lon="148.4845458"/>
      <trkpt lat="-9.1286967" lon="148.4844550"/>
    </trkseg>
    <trkseg>
      <trkpt lat="-9.1365333" lon="148.4806483"/>
      <trkpt lat="-9.1365437" lon="148.4806639"/>
      <trkpt lat="-9.1365633" lon="148.4807325"/>
      <trkpt lat="-9.1366113" lon="148.4808499"/>
      <trkpt lat="-9.1366512" lon="148.4810065"/>
      <trkpt lat="-9.1366701" lon="148.4811656"/>
      <trkpt lat="-9.1366266" lon="148.4813248"/>
      <trkpt lat="-9.1365748" lon="148.4814806"/>
      <trkpt lat="-9.1364920" lon="148.4816156"/>
      <trkpt lat="-9.1364128" lon="148.4817547"/>
      <trkpt lat="-9.1363500" lon="148.4818979"/>
      <trkpt lat="-9.1362797" lon="148.4820481"/>
      <trkpt lat="-9.1361948" lon="148.4821928"/>
      <trkpt lat="-9.1361099" lon="148.4823367"/>
      <trkpt lat="-9.1360595" lon="148.4825004"/>
      <trkpt lat="-9.1360635" lon="148.4826763"/>
      <trkpt lat="-9.1360396" lon="148.4828366"/>
      <trkpt lat="-9.1359713" lon="148.4829661"/>
      <trkpt lat="-9.1358652" lon="148.4830899"/>
      <trkpt lat="-9.1357845" lon="148.4832305"/>
      <trkpt lat="-9.1357536" lon="148.4834012"/>
      <trkpt lat="-9.1357540" lon="148.4835787"/>
      <trkpt lat="-9.1357579" lon="148.4837511"/>
      <trkpt lat="-9.1357420" lon="148.4839099"/>
      <trkpt lat="-9.1356646" lon="148.4840415"/>
      <trkpt lat="-9.1355501" lon="148.4841627"/>
      <trkpt lat="-9.1354508" lon="148.4842960"/>
      <trkpt lat="-9.1353701" lon="148.4844458"/>
      <trkpt lat="-9.1353177" lon="148.4846085"/>
      <trkpt lat="-9.1352805" lon="148.4847738"/>
      <trkpt lat="-9.1352734" lon="148.4849514"/>
      <trkpt lat="-9.1352716" lon="148.4851315"/>
      <trkpt lat="-9.1352503" lon="148.4853097"/>
      <trkpt lat="-9.1351931" lon="148.4854738"/>
      <trkpt lat="-9.1351368" lon="148.4856134"/>
      <trkpt lat="-9.1350867" lon="148.4857300"/>
    </trkseg>
    <trkseg>
      <trkpt lat="-9.1349417" lon="148.4860417"/>
      <trkpt lat="-9.1348185" lon="148.4861644"/>
      <trkpt lat="-9.1346822" lon="148.4862722"/>
      <trkpt lat="-9.1345253" lon="148.4863451"/>
      <trkpt lat="-9.1343594" lon="148.4864014"/>
      <trkpt lat="-9.1341848" lon="148.4864329"/>
      <trkpt lat="-9.1340132" lon="148.4864769"/>
      <trkpt lat="-9.1338577" lon="148.4865531"/>
      <trkpt lat="-9.1337215" lon="148.4866628"/>
      <trkpt lat="-9.1336226" lon="148.4867794"/>
      <trkpt lat="-9.1335500" lon="148.4868867"/>
    </trkseg>
    <trkseg>
      <trkpt lat="-9.1336117" lon="148.4869700"/>
      <trkpt lat="-9.1334844" lon="148.4869404"/>
      <trkpt lat="-9.1333621" lon="148.4869805"/>
      <trkpt lat="-9.1332412" lon="148.4870859"/>
      <trkpt lat="-9.1331081" lon="148.4871614"/>
      <trkpt lat="-9.1330469" lon="148.4871471"/>
      <trkpt lat="-9.1330752" lon="148.4870654"/>
      <trkpt lat="-9.1331291" lon="148.4869208"/>
      <trkpt lat="-9.1331835" lon="148.4867760"/>
      <trkpt lat="-9.1332315" lon="148.4866189"/>
      <trkpt lat="-9.1332760" lon="148.4864895"/>
      <trkpt lat="-9.1332656" lon="148.4864657"/>
      <trkpt lat="-9.1331930" lon="148.4865414"/>
      <trkpt lat="-9.1331067" lon="148.4867013"/>
      <trkpt lat="-9.1330204" lon="148.4868612"/>
      <trkpt lat="-9.1329340" lon="148.4870211"/>
      <trkpt lat="-9.1328477" lon="148.4871810"/>
      <trkpt lat="-9.1327614" lon="148.4873409"/>
      <trkpt lat="-9.1326750" lon="148.4875008"/>
      <trkpt lat="-9.1325887" lon="148.4876607"/>
      <trkpt lat="-9.1325024" lon="148.4878206"/>
      <trkpt lat="-9.1324161" lon="148.4879805"/>
      <trkpt lat="-9.1323185" lon="148.4881245"/>
      <trkpt lat="-9.1321997" lon="148.4882447"/>
      <trkpt lat="-9.1321227" lon="148.4883036"/>
      <trkpt lat="-9.1320796" lon="148.4883176"/>
      <trkpt lat="-9.1320986" lon="148.4883344"/>
      <trkpt lat="-9.1321167" lon="148.4883917"/>
    </trkseg>
    <trkseg>
      <trkpt lat="-9.1322817" lon="148.4882917"/>
      <trkpt lat="-9.1322222" lon="148.4882729"/>
      <trkpt lat="-9.1322217" lon="148.4882550"/>
    </trkseg>
    <trkseg>
      <trkpt lat="-9.1243333" lon="148.4846867"/>
      <trkpt lat="-9.1242223" lon="148.4845431"/>
      <trkpt lat="-9.1241587" lon="148.4844689"/>
      <trkpt lat="-9.1241821" lon="148.4844723"/>
      <trkpt lat="-9.1242324" lon="148.4845205"/>
      <trkpt lat="-9.1242760" lon="148.4845746"/>
      <trkpt lat="-9.1242786" lon="148.4846170"/>
      <trkpt lat="-9.1243005" lon="148.4846540"/>
      <trkpt lat="-9.1243240" lon="148.4846471"/>
      <trkpt lat="-9.1243560" lon="148.4846650"/>
      <trkpt lat="-9.1243967" lon="148.4847333"/>
    </trkseg>
    <trkseg>
      <trkpt lat="-9.1290300" lon="148.4844367"/>
      <trkpt lat="-9.1289892" lon="148.4844108"/>
      <trkpt lat="-9.1289686" lon="148.4844158"/>
      <trkpt lat="-9.1289576" lon="148.4843921"/>
      <trkpt lat="-9.1289890" lon="148.4843433"/>
      <trkpt lat="-9.1290267" lon="148.4843186"/>
      <trkpt lat="-9.1290252" lon="148.4842793"/>
      <trkpt lat="-9.1290170" lon="148.4842337"/>
      <trkpt lat="-9.1290020" lon="148.4841278"/>
      <trkpt lat="-9.1290272" lon="148.4840495"/>
      <trkpt lat="-9.1290454" lon="148.4839917"/>
      <trkpt lat="-9.1290662" lon="148.4838871"/>
      <trkpt lat="-9.1290945" lon="148.4837965"/>
      <trkpt lat="-9.1291008" lon="148.4836884"/>
      <trkpt lat="-9.1290450" lon="148.4835893"/>
      <trkpt lat="-9.1289621" lon="148.4834979"/>
      <trkpt lat="-9.1289415" lon="148.4835098"/>
      <trkpt lat="-9.1289480" lon="148.4835307"/>
      <trkpt lat="-9.1290106" lon="148.4835671"/>
      <trkpt lat="-9.1290291" lon="148.4835035"/>
      <trkpt lat="-9.1290970" lon="148.4834688"/>
      <trkpt lat="-9.1291366" lon="148.4834174"/>
      <trkpt lat="-9.1292117" lon="148.4834150"/>
    </trkseg>
    <trkseg>
      <trkpt lat="-9.1452383" lon="148.4836200"/>
      <trkpt lat="-9.1452820" lon="148.4836047"/>
      <trkpt lat="-9.1453502" lon="148.4835742"/>
      <trkpt lat="-9.1454203" lon="148.4835763"/>
      <trkpt lat="-9.1454126" lon="148.4836277"/>
      <trkpt lat="-9.1454090" lon="148.4836866"/>
      <trkpt lat="-9.1454391" lon="148.4837311"/>
      <trkpt lat="-9.1455147" lon="148.4837132"/>
      <trkpt lat="-9.1456177" lon="148.4837065"/>
      <trkpt lat="-9.1457307" lon="148.4836795"/>
      <trkpt lat="-9.1457807" lon="148.4836766"/>
      <trkpt lat="-9.1457107" lon="148.4836723"/>
      <trkpt lat="-9.1455374" lon="148.4836504"/>
      <trkpt lat="-9.1453673" lon="148.4836068"/>
      <trkpt lat="-9.1452520" lon="148.4835136"/>
      <trkpt lat="-9.1451583" lon="148.4833954"/>
      <trkpt lat="-9.1451010" lon="148.4832421"/>
      <trkpt lat="-9.1450324" lon="148.4831055"/>
      <trkpt lat="-9.1449855" lon="148.4829581"/>
      <trkpt lat="-9.1449461" lon="148.4828048"/>
      <trkpt lat="-9.1449405" lon="148.4826383"/>
      <trkpt lat="-9.1449250" lon="148.4824787"/>
      <trkpt lat="-9.1449303" lon="148.4823191"/>
      <trkpt lat="-9.1449385" lon="148.4821505"/>
      <trkpt lat="-9.1450077" lon="148.4819961"/>
      <trkpt lat="-9.1450111" lon="148.4819067"/>
      <trkpt lat="-9.1449399" lon="148.4819001"/>
      <trkpt lat="-9.1447727" lon="148.4819507"/>
      <trkpt lat="-9.1446546" lon="148.4819639"/>
      <trkpt lat="-9.1445497" lon="148.4819307"/>
      <trkpt lat="-9.1444938" lon="148.4819107"/>
      <trkpt lat="-9.1443935" lon="148.4819366"/>
      <trkpt lat="-9.1443931" lon="148.4819819"/>
      <trkpt lat="-9.1443635" lon="148.4820322"/>
      <trkpt lat="-9.1443959" lon="148.4820724"/>
      <trkpt lat="-9.1443985" lon="148.4821013"/>
      <trkpt lat="-9.1444818" lon="148.4820541"/>
      <trkpt lat="-9.1445385" lon="148.4820233"/>
      <trkpt lat="-9.1445653" lon="148.4820224"/>
      <trkpt lat="-9.1445048" lon="148.4820532"/>
      <trkpt lat="-9.1444019" lon="148.4820559"/>
      <trkpt lat="-9.1442403" lon="148.4820332"/>
      <trkpt lat="-9.1440610" lon="148.4820096"/>
      <trkpt lat="-9.1439045" lon="148.4819471"/>
      <trkpt lat="-9.1438031" lon="148.4818855"/>
      <trkpt lat="-9.1437567" lon="148.4818250"/>
    </trkseg>
    <trkseg>
      <trkpt lat="-9.1436650" lon="148.4818433"/>
      <trkpt lat="-9.1435539" lon="148.4818380"/>
      <trkpt lat="-9.1434705" lon="148.4817559"/>
      <trkpt lat="-9.1433902" lon="148.4816729"/>
      <trkpt lat="-9.1432767" lon="148.4816878"/>
      <trkpt lat="-9.1431473" lon="148.4817950"/>
      <trkpt lat="-9.1430267" lon="148.4819183"/>
    </trkseg>
    <trkseg>
      <trkpt lat="-9.1290300" lon="148.4844367"/>
      <trkpt lat="-9.1289892" lon="148.4844108"/>
      <trkpt lat="-9.1289686" lon="148.4844158"/>
      <trkpt lat="-9.1289576" lon="148.4843921"/>
      <trkpt lat="-9.1289890" lon="148.4843433"/>
      <trkpt lat="-9.1290267" lon="148.4843186"/>
      <trkpt lat="-9.1290252" lon="148.4842793"/>
      <trkpt lat="-9.1290170" lon="148.4842337"/>
      <trkpt lat="-9.1290020" lon="148.4841278"/>
      <trkpt lat="-9.1290272" lon="148.4840495"/>
      <trkpt lat="-9.1290454" lon="148.4839917"/>
      <trkpt lat="-9.1290662" lon="148.4838871"/>
      <trkpt lat="-9.1290945" lon="148.4837965"/>
      <trkpt lat="-9.1291008" lon="148.4836884"/>
      <trkpt lat="-9.1290450" lon="148.4835893"/>
      <trkpt lat="-9.1289621" lon="148.4834979"/>
      <trkpt lat="-9.1289415" lon="148.4835098"/>
      <trkpt lat="-9.1289480" lon="148.4835307"/>
      <trkpt lat="-9.1290106" lon="148.4835671"/>
      <trkpt lat="-9.1290291" lon="148.4835035"/>
      <trkpt lat="-9.1290970" lon="148.4834688"/>
      <trkpt lat="-9.1291354" lon="148.4834153"/>
      <trkpt lat="-9.1291861" lon="148.4833535"/>
      <trkpt lat="-9.1291949" lon="148.4832391"/>
      <trkpt lat="-9.1292181" lon="148.4830762"/>
      <trkpt lat="-9.1292817" lon="148.4829220"/>
      <trkpt lat="-9.1294016" lon="148.4827967"/>
      <trkpt lat="-9.1295225" lon="148.4826694"/>
      <trkpt lat="-9.1296440" lon="148.4825405"/>
      <trkpt lat="-9.1297419" lon="148.4823894"/>
      <trkpt lat="-9.1298399" lon="148.4822386"/>
      <trkpt lat="-9.1299183" lon="148.4820773"/>
      <trkpt lat="-9.1299932" lon="148.4819155"/>
      <trkpt lat="-9.1300415" lon="148.4817474"/>
      <trkpt lat="-9.1300808" lon="148.4815790"/>
      <trkpt lat="-9.1300915" lon="148.4814082"/>
      <trkpt lat="-9.1301012" lon="148.4812330"/>
      <trkpt lat="-9.1301064" lon="148.4811047"/>
      <trkpt lat="-9.1301322" lon="148.4810872"/>
      <trkpt lat="-9.1302066" lon="148.4811542"/>
      <trkpt lat="-9.1303340" lon="148.4812219"/>
      <trkpt lat="-9.1305039" lon="148.4812245"/>
      <trkpt lat="-9.1306770" lon="148.4812143"/>
      <trkpt lat="-9.1308307" lon="148.4812621"/>
      <trkpt lat="-9.1309710" lon="148.4813501"/>
      <trkpt lat="-9.1311128" lon="148.4814384"/>
      <trkpt lat="-9.1312641" lon="148.4815040"/>
      <trkpt lat="-9.1314167" lon="148.4815650"/>
    </trkseg>
    <trkseg>
      <trkpt lat="-9.1290300" lon="148.4844367"/>
      <trkpt lat="-9.1289892" lon="148.4844108"/>
      <trkpt lat="-9.1289686" lon="148.4844158"/>
      <trkpt lat="-9.1289576" lon="148.4843921"/>
      <trkpt lat="-9.1289890" lon="148.4843433"/>
      <trkpt lat="-9.1290267" lon="148.4843186"/>
      <trkpt lat="-9.1290252" lon="148.4842793"/>
      <trkpt lat="-9.1290170" lon="148.4842337"/>
      <trkpt lat="-9.1290020" lon="148.4841278"/>
      <trkpt lat="-9.1290272" lon="148.4840495"/>
      <trkpt lat="-9.1290454" lon="148.4839917"/>
      <trkpt lat="-9.1290662" lon="148.4838871"/>
      <trkpt lat="-9.1290945" lon="148.4837965"/>
      <trkpt lat="-9.1291008" lon="148.4836884"/>
      <trkpt lat="-9.1290450" lon="148.4835893"/>
      <trkpt lat="-9.1289621" lon="148.4834979"/>
      <trkpt lat="-9.1289415" lon="148.4835098"/>
      <trkpt lat="-9.1289480" lon="148.4835307"/>
      <trkpt lat="-9.1290106" lon="148.4835671"/>
      <trkpt lat="-9.1290291" lon="148.4835035"/>
      <trkpt lat="-9.1290970" lon="148.4834688"/>
      <trkpt lat="-9.1291354" lon="148.4834153"/>
      <trkpt lat="-9.1291861" lon="148.4833535"/>
      <trkpt lat="-9.1291949" lon="148.4832391"/>
      <trkpt lat="-9.1292181" lon="148.4830762"/>
      <trkpt lat="-9.1292817" lon="148.4829220"/>
      <trkpt lat="-9.1294016" lon="148.4827967"/>
      <trkpt lat="-9.1295225" lon="148.4826694"/>
      <trkpt lat="-9.1296440" lon="148.4825405"/>
      <trkpt lat="-9.1297419" lon="148.4823894"/>
      <trkpt lat="-9.1298399" lon="148.4822386"/>
      <trkpt lat="-9.1299183" lon="148.4820773"/>
      <trkpt lat="-9.1299932" lon="148.4819155"/>
      <trkpt lat="-9.1300415" lon="148.4817474"/>
      <trkpt lat="-9.1300808" lon="148.4815790"/>
      <trkpt lat="-9.1300915" lon="148.4814082"/>
      <trkpt lat="-9.1301012" lon="148.4812330"/>
      <trkpt lat="-9.1301064" lon="148.4811047"/>
      <trkpt lat="-9.1301322" lon="148.4810872"/>
      <trkpt lat="-9.1302066" lon="148.4811542"/>
      <trkpt lat="-9.1303340" lon="148.4812219"/>
      <trkpt lat="-9.1305039" lon="148.4812245"/>
      <trkpt lat="-9.1306770" lon="148.4812143"/>
      <trkpt lat="-9.1308307" lon="148.4812621"/>
      <trkpt lat="-9.1309710" lon="148.4813501"/>
      <trkpt lat="-9.1311128" lon="148.4814384"/>
      <trkpt lat="-9.1312678" lon="148.4815007"/>
      <trkpt lat="-9.1314297" lon="148.4815086"/>
      <trkpt lat="-9.1315755" lon="148.4814823"/>
      <trkpt lat="-9.1316792" lon="148.4813744"/>
      <trkpt lat="-9.1317494" lon="148.4812346"/>
      <trkpt lat="-9.1318022" lon="148.4810635"/>
      <trkpt lat="-9.1318765" lon="148.4809002"/>
      <trkpt lat="-9.1319390" lon="148.4807350"/>
      <trkpt lat="-9.1319542" lon="148.4805675"/>
      <trkpt lat="-9.1319433" lon="148.4803929"/>
      <trkpt lat="-9.1319761" lon="148.4802459"/>
      <trkpt lat="-9.1320756" lon="148.4801162"/>
      <trkpt lat="-9.1322193" lon="148.4800158"/>
      <trkpt lat="-9.1323604" lon="148.4799154"/>
      <trkpt lat="-9.1325144" lon="148.4798574"/>
      <trkpt lat="-9.1326630" lon="148.4797895"/>
      <trkpt lat="-9.1327764" lon="148.4796970"/>
      <trkpt lat="-9.1328731" lon="148.4795578"/>
      <trkpt lat="-9.1329312" lon="148.4794023"/>
      <trkpt lat="-9.1330028" lon="148.4792585"/>
      <trkpt lat="-9.1330841" lon="148.4791275"/>
      <trkpt lat="-9.1331885" lon="148.4790007"/>
      <trkpt lat="-9.1332938" lon="148.4788647"/>
      <trkpt lat="-9.1333996" lon="148.4787276"/>
      <trkpt lat="-9.1335315" lon="148.4786154"/>
      <trkpt lat="-9.1336558" lon="148.4785008"/>
      <trkpt lat="-9.1337811" lon="148.4784175"/>
      <trkpt lat="-9.1338952" lon="148.4783709"/>
      <trkpt lat="-9.1340317" lon="148.4783900"/>
    </trkseg>
    <trkseg>
      <trkpt lat="-9.1452383" lon="148.4836200"/>
      <trkpt lat="-9.1452820" lon="148.4836047"/>
      <trkpt lat="-9.1453502" lon="148.4835742"/>
      <trkpt lat="-9.1454203" lon="148.4835763"/>
      <trkpt lat="-9.1454126" lon="148.4836277"/>
      <trkpt lat="-9.1454090" lon="148.4836866"/>
      <trkpt lat="-9.1454391" lon="148.4837311"/>
      <trkpt lat="-9.1455147" lon="148.4837132"/>
      <trkpt lat="-9.1456177" lon="148.4837065"/>
      <trkpt lat="-9.1457307" lon="148.4836795"/>
      <trkpt lat="-9.1457807" lon="148.4836766"/>
      <trkpt lat="-9.1457107" lon="148.4836723"/>
      <trkpt lat="-9.1455374" lon="148.4836504"/>
      <trkpt lat="-9.1453673" lon="148.4836068"/>
      <trkpt lat="-9.1452520" lon="148.4835136"/>
      <trkpt lat="-9.1451583" lon="148.4833954"/>
      <trkpt lat="-9.1451010" lon="148.4832421"/>
      <trkpt lat="-9.1450324" lon="148.4831055"/>
      <trkpt lat="-9.1449855" lon="148.4829581"/>
      <trkpt lat="-9.1449461" lon="148.4828048"/>
      <trkpt lat="-9.1449405" lon="148.4826383"/>
      <trkpt lat="-9.1449250" lon="148.4824787"/>
      <trkpt lat="-9.1449303" lon="148.4823191"/>
      <trkpt lat="-9.1449385" lon="148.4821505"/>
      <trkpt lat="-9.1450077" lon="148.4819961"/>
      <trkpt lat="-9.1450111" lon="148.4819067"/>
      <trkpt lat="-9.1449399" lon="148.4819001"/>
      <trkpt lat="-9.1447727" lon="148.4819507"/>
      <trkpt lat="-9.1446546" lon="148.4819639"/>
      <trkpt lat="-9.1445497" lon="148.4819307"/>
      <trkpt lat="-9.1444938" lon="148.4819107"/>
      <trkpt lat="-9.1443935" lon="148.4819366"/>
      <trkpt lat="-9.1443931" lon="148.4819819"/>
      <trkpt lat="-9.1443635" lon="148.4820322"/>
      <trkpt lat="-9.1443959" lon="148.4820724"/>
      <trkpt lat="-9.1443985" lon="148.4821013"/>
      <trkpt lat="-9.1444818" lon="148.4820541"/>
      <trkpt lat="-9.1445385" lon="148.4820233"/>
      <trkpt lat="-9.1445653" lon="148.4820224"/>
      <trkpt lat="-9.1445216" lon="148.4820554"/>
      <trkpt lat="-9.1444700" lon="148.4820633"/>
    </trkseg>
    <trkseg>
      <trkpt lat="-9.1290300" lon="148.4844367"/>
      <trkpt lat="-9.1289892" lon="148.4844108"/>
      <trkpt lat="-9.1289686" lon="148.4844158"/>
      <trkpt lat="-9.1289576" lon="148.4843921"/>
      <trkpt lat="-9.1289890" lon="148.4843433"/>
      <trkpt lat="-9.1290267" lon="148.4843186"/>
      <trkpt lat="-9.1290252" lon="148.4842793"/>
      <trkpt lat="-9.1290170" lon="148.4842337"/>
      <trkpt lat="-9.1290020" lon="148.4841278"/>
      <trkpt lat="-9.1290272" lon="148.4840495"/>
      <trkpt lat="-9.1290454" lon="148.4839917"/>
      <trkpt lat="-9.1290662" lon="148.4838871"/>
      <trkpt lat="-9.1290945" lon="148.4837965"/>
      <trkpt lat="-9.1291008" lon="148.4836884"/>
      <trkpt lat="-9.1290450" lon="148.4835893"/>
      <trkpt lat="-9.1289621" lon="148.4834979"/>
      <trkpt lat="-9.1289415" lon="148.4835098"/>
      <trkpt lat="-9.1289480" lon="148.4835307"/>
      <trkpt lat="-9.1290106" lon="148.4835671"/>
      <trkpt lat="-9.1290291" lon="148.4835035"/>
      <trkpt lat="-9.1290970" lon="148.4834688"/>
      <trkpt lat="-9.1291354" lon="148.4834153"/>
      <trkpt lat="-9.1291861" lon="148.4833535"/>
      <trkpt lat="-9.1291949" lon="148.4832391"/>
      <trkpt lat="-9.1292181" lon="148.4830762"/>
      <trkpt lat="-9.1292817" lon="148.4829220"/>
      <trkpt lat="-9.1294016" lon="148.4827967"/>
      <trkpt lat="-9.1295225" lon="148.4826694"/>
      <trkpt lat="-9.1296440" lon="148.4825405"/>
      <trkpt lat="-9.1297419" lon="148.4823894"/>
      <trkpt lat="-9.1298399" lon="148.4822386"/>
      <trkpt lat="-9.1299183" lon="148.4820773"/>
      <trkpt lat="-9.1299932" lon="148.4819155"/>
      <trkpt lat="-9.1300415" lon="148.4817474"/>
      <trkpt lat="-9.1300808" lon="148.4815790"/>
      <trkpt lat="-9.1300915" lon="148.4814082"/>
      <trkpt lat="-9.1301012" lon="148.4812330"/>
      <trkpt lat="-9.1301064" lon="148.4811047"/>
      <trkpt lat="-9.1301322" lon="148.4810872"/>
      <trkpt lat="-9.1302066" lon="148.4811542"/>
      <trkpt lat="-9.1303340" lon="148.4812219"/>
      <trkpt lat="-9.1305039" lon="148.4812245"/>
      <trkpt lat="-9.1306770" lon="148.4812143"/>
      <trkpt lat="-9.1308307" lon="148.4812621"/>
      <trkpt lat="-9.1309710" lon="148.4813501"/>
      <trkpt lat="-9.1311128" lon="148.4814384"/>
      <trkpt lat="-9.1312678" lon="148.4815007"/>
      <trkpt lat="-9.1314297" lon="148.4815086"/>
      <trkpt lat="-9.1315755" lon="148.4814823"/>
      <trkpt lat="-9.1316792" lon="148.4813744"/>
      <trkpt lat="-9.1317494" lon="148.4812346"/>
      <trkpt lat="-9.1318022" lon="148.4810635"/>
      <trkpt lat="-9.1318570" lon="148.4809386"/>
      <trkpt lat="-9.1319033" lon="148.4808567"/>
    </trkseg>
    <trkseg>
      <trkpt lat="-9.1344800" lon="148.4766617"/>
      <trkpt lat="-9.1346262" lon="148.4765760"/>
      <trkpt lat="-9.1347880" lon="148.4765211"/>
      <trkpt lat="-9.1349598" lon="148.4764840"/>
      <trkpt lat="-9.1351225" lon="148.4764232"/>
      <trkpt lat="-9.1352701" lon="148.4763357"/>
      <trkpt lat="-9.1353794" lon="148.4762125"/>
      <trkpt lat="-9.1354562" lon="148.4760679"/>
      <trkpt lat="-9.1354586" lon="148.4759071"/>
      <trkpt lat="-9.1354060" lon="148.4757588"/>
      <trkpt lat="-9.1353127" lon="148.4756063"/>
      <trkpt lat="-9.1352109" lon="148.4754604"/>
      <trkpt lat="-9.1351046" lon="148.4753190"/>
      <trkpt lat="-9.1349721" lon="148.4752087"/>
      <trkpt lat="-9.1349005" lon="148.4750907"/>
      <trkpt lat="-9.1348951" lon="148.4749619"/>
      <trkpt lat="-9.1349714" lon="148.4748108"/>
      <trkpt lat="-9.1350300" lon="148.4746524"/>
      <trkpt lat="-9.1350828" lon="148.4744878"/>
      <trkpt lat="-9.1351239" lon="148.4743158"/>
      <trkpt lat="-9.1351816" lon="148.4741537"/>
      <trkpt lat="-9.1352030" lon="148.4739920"/>
      <trkpt lat="-9.1352319" lon="148.4738322"/>
      <trkpt lat="-9.1352623" lon="148.4736685"/>
      <trkpt lat="-9.1353619" lon="148.4735323"/>
      <trkpt lat="-9.1354796" lon="148.4734087"/>
      <trkpt lat="-9.1355847" lon="148.4732831"/>
      <trkpt lat="-9.1356633" lon="148.4731311"/>
      <trkpt lat="-9.1357084" lon="148.4729597"/>
      <trkpt lat="-9.1357627" lon="148.4727881"/>
      <trkpt lat="-9.1357976" lon="148.4726120"/>
      <trkpt lat="-9.1358102" lon="148.4724357"/>
      <trkpt lat="-9.1357793" lon="148.4722663"/>
      <trkpt lat="-9.1357830" lon="148.4721123"/>
      <trkpt lat="-9.1358353" lon="148.4719711"/>
      <trkpt lat="-9.1359387" lon="148.4718261"/>
      <trkpt lat="-9.1360279" lon="148.4716703"/>
      <trkpt lat="-9.1361101" lon="148.4715095"/>
      <trkpt lat="-9.1361855" lon="148.4713452"/>
      <trkpt lat="-9.1362353" lon="148.4711781"/>
      <trkpt lat="-9.1362210" lon="148.4710119"/>
      <trkpt lat="-9.1361405" lon="148.4708641"/>
      <trkpt lat="-9.1360394" lon="148.4707209"/>
      <trkpt lat="-9.1359453" lon="148.4705750"/>
      <trkpt lat="-9.1358399" lon="148.4704539"/>
      <trkpt lat="-9.1357074" lon="148.4703579"/>
      <trkpt lat="-9.1355716" lon="148.4702623"/>
      <trkpt lat="-9.1354855" lon="148.4701208"/>
      <trkpt lat="-9.1354544" lon="148.4699484"/>
      <trkpt lat="-9.1354630" lon="148.4697699"/>
      <trkpt lat="-9.1354713" lon="148.4695958"/>
      <trkpt lat="-9.1355041" lon="148.4694409"/>
      <trkpt lat="-9.1355796" lon="148.4693230"/>
      <trkpt lat="-9.1357174" lon="148.4692403"/>
      <trkpt lat="-9.1358774" lon="148.4691685"/>
      <trkpt lat="-9.1360399" lon="148.4690959"/>
      <trkpt lat="-9.1362046" lon="148.4690240"/>
      <trkpt lat="-9.1363412" lon="148.4689453"/>
      <trkpt lat="-9.1364819" lon="148.4688942"/>
      <trkpt lat="-9.1366103" lon="148.4688325"/>
      <trkpt lat="-9.1367739" lon="148.4687987"/>
      <trkpt lat="-9.1368848" lon="148.4687603"/>
      <trkpt lat="-9.1369583" lon="148.4687517"/>
    </trkseg>
    <trkseg>
      <trkpt lat="-9.1344800" lon="148.4766617"/>
      <trkpt lat="-9.1346262" lon="148.4765760"/>
      <trkpt lat="-9.1347880" lon="148.4765211"/>
      <trkpt lat="-9.1349598" lon="148.4764840"/>
      <trkpt lat="-9.1351225" lon="148.4764232"/>
      <trkpt lat="-9.1352701" lon="148.4763357"/>
      <trkpt lat="-9.1353794" lon="148.4762125"/>
      <trkpt lat="-9.1354562" lon="148.4760679"/>
      <trkpt lat="-9.1354586" lon="148.4759071"/>
      <trkpt lat="-9.1354060" lon="148.4757588"/>
      <trkpt lat="-9.1353127" lon="148.4756063"/>
      <trkpt lat="-9.1352109" lon="148.4754604"/>
      <trkpt lat="-9.1351046" lon="148.4753190"/>
      <trkpt lat="-9.1349721" lon="148.4752087"/>
      <trkpt lat="-9.1349005" lon="148.4750907"/>
      <trkpt lat="-9.1348951" lon="148.4749619"/>
      <trkpt lat="-9.1349714" lon="148.4748108"/>
      <trkpt lat="-9.1350300" lon="148.4746524"/>
      <trkpt lat="-9.1350828" lon="148.4744878"/>
      <trkpt lat="-9.1351239" lon="148.4743158"/>
      <trkpt lat="-9.1351816" lon="148.4741537"/>
      <trkpt lat="-9.1352030" lon="148.4739920"/>
      <trkpt lat="-9.1352319" lon="148.4738322"/>
      <trkpt lat="-9.1352623" lon="148.4736685"/>
      <trkpt lat="-9.1353619" lon="148.4735323"/>
      <trkpt lat="-9.1354796" lon="148.4734087"/>
      <trkpt lat="-9.1355847" lon="148.4732831"/>
      <trkpt lat="-9.1356633" lon="148.4731311"/>
      <trkpt lat="-9.1357084" lon="148.4729597"/>
      <trkpt lat="-9.1357627" lon="148.4727881"/>
      <trkpt lat="-9.1357976" lon="148.4726120"/>
      <trkpt lat="-9.1358102" lon="148.4724357"/>
      <trkpt lat="-9.1357793" lon="148.4722663"/>
      <trkpt lat="-9.1357830" lon="148.4721123"/>
      <trkpt lat="-9.1358353" lon="148.4719711"/>
      <trkpt lat="-9.1359387" lon="148.4718261"/>
      <trkpt lat="-9.1360279" lon="148.4716703"/>
      <trkpt lat="-9.1361101" lon="148.4715095"/>
      <trkpt lat="-9.1361855" lon="148.4713452"/>
      <trkpt lat="-9.1362353" lon="148.4711781"/>
      <trkpt lat="-9.1362210" lon="148.4710119"/>
      <trkpt lat="-9.1361405" lon="148.4708641"/>
      <trkpt lat="-9.1360394" lon="148.4707209"/>
      <trkpt lat="-9.1359453" lon="148.4705750"/>
      <trkpt lat="-9.1358399" lon="148.4704539"/>
      <trkpt lat="-9.1357074" lon="148.4703579"/>
      <trkpt lat="-9.1355716" lon="148.4702623"/>
      <trkpt lat="-9.1354855" lon="148.4701208"/>
      <trkpt lat="-9.1354544" lon="148.4699484"/>
      <trkpt lat="-9.1354630" lon="148.4697699"/>
      <trkpt lat="-9.1354713" lon="148.4695958"/>
      <trkpt lat="-9.1354670" lon="148.4694732"/>
      <trkpt lat="-9.1354450" lon="148.4694017"/>
    </trkseg>
    <trkseg>
      <trkpt lat="-9.1344800" lon="148.4766617"/>
      <trkpt lat="-9.1346262" lon="148.4765760"/>
      <trkpt lat="-9.1347880" lon="148.4765211"/>
      <trkpt lat="-9.1349598" lon="148.4764840"/>
      <trkpt lat="-9.1351225" lon="148.4764232"/>
      <trkpt lat="-9.1352701" lon="148.4763357"/>
      <trkpt lat="-9.1353794" lon="148.4762125"/>
      <trkpt lat="-9.1354562" lon="148.4760679"/>
      <trkpt lat="-9.1354586" lon="148.4759071"/>
      <trkpt lat="-9.1354060" lon="148.4757588"/>
      <trkpt lat="-9.1353127" lon="148.4756063"/>
      <trkpt lat="-9.1352109" lon="148.4754604"/>
      <trkpt lat="-9.1351046" lon="148.4753190"/>
      <trkpt lat="-9.1349721" lon="148.4752087"/>
      <trkpt lat="-9.1349005" lon="148.4750907"/>
      <trkpt lat="-9.1348951" lon="148.4749619"/>
      <trkpt lat="-9.1349714" lon="148.4748108"/>
      <trkpt lat="-9.1350300" lon="148.4746524"/>
      <trkpt lat="-9.1350828" lon="148.4744878"/>
      <trkpt lat="-9.1351239" lon="148.4743158"/>
      <trkpt lat="-9.1351816" lon="148.4741537"/>
      <trkpt lat="-9.1352030" lon="148.4739920"/>
      <trkpt lat="-9.1352319" lon="148.4738322"/>
      <trkpt lat="-9.1352623" lon="148.4736685"/>
      <trkpt lat="-9.1353619" lon="148.4735323"/>
      <trkpt lat="-9.1354796" lon="148.4734087"/>
      <trkpt lat="-9.1355847" lon="148.4732831"/>
      <trkpt lat="-9.1356633" lon="148.4731311"/>
      <trkpt lat="-9.1357084" lon="148.4729597"/>
      <trkpt lat="-9.1357627" lon="148.4727881"/>
      <trkpt lat="-9.1357976" lon="148.4726120"/>
      <trkpt lat="-9.1358102" lon="148.4724357"/>
      <trkpt lat="-9.1357793" lon="148.4722663"/>
      <trkpt lat="-9.1357830" lon="148.4721123"/>
      <trkpt lat="-9.1358353" lon="148.4719711"/>
      <trkpt lat="-9.1359387" lon="148.4718261"/>
      <trkpt lat="-9.1360279" lon="148.4716703"/>
      <trkpt lat="-9.1360897" lon="148.4715399"/>
      <trkpt lat="-9.1361350" lon="148.4714417"/>
    </trkseg>
    <trkseg>
      <trkpt lat="-9.1344800" lon="148.4766617"/>
      <trkpt lat="-9.1346262" lon="148.4765760"/>
      <trkpt lat="-9.1347880" lon="148.4765211"/>
      <trkpt lat="-9.1349598" lon="148.4764840"/>
      <trkpt lat="-9.1351225" lon="148.4764232"/>
      <trkpt lat="-9.1352701" lon="148.4763357"/>
      <trkpt lat="-9.1353794" lon="148.4762125"/>
      <trkpt lat="-9.1354562" lon="148.4760679"/>
      <trkpt lat="-9.1354884" lon="148.4759576"/>
      <trkpt lat="-9.1355050" lon="148.4759033"/>
    </trkseg>
    <trkseg>
      <trkpt lat="-9.1344800" lon="148.4766617"/>
      <trkpt lat="-9.1346262" lon="148.4765760"/>
      <trkpt lat="-9.1347880" lon="148.4765211"/>
      <trkpt lat="-9.1349598" lon="148.4764840"/>
      <trkpt lat="-9.1351225" lon="148.4764232"/>
      <trkpt lat="-9.1352701" lon="148.4763357"/>
      <trkpt lat="-9.1353794" lon="148.4762125"/>
      <trkpt lat="-9.1354562" lon="148.4760679"/>
      <trkpt lat="-9.1354586" lon="148.4759071"/>
      <trkpt lat="-9.1354060" lon="148.4757588"/>
      <trkpt lat="-9.1353127" lon="148.4756063"/>
      <trkpt lat="-9.1352109" lon="148.4754604"/>
      <trkpt lat="-9.1351046" lon="148.4753190"/>
      <trkpt lat="-9.1349721" lon="148.4752087"/>
      <trkpt lat="-9.1349005" lon="148.4750907"/>
      <trkpt lat="-9.1348951" lon="148.4749619"/>
      <trkpt lat="-9.1349714" lon="148.4748108"/>
      <trkpt lat="-9.1350300" lon="148.4746524"/>
      <trkpt lat="-9.1350828" lon="148.4744878"/>
      <trkpt lat="-9.1351239" lon="148.4743158"/>
      <trkpt lat="-9.1351816" lon="148.4741537"/>
      <trkpt lat="-9.1352109" lon="148.4740228"/>
      <trkpt lat="-9.1352083" lon="148.4739200"/>
    </trkseg>
  </trk>
</gpx>
