<?xml version="1.0" encoding="UTF-8"?>
<gpx version="1.1" creator="MCA Maps — Managalas clan boundary survey"
     xmlns="http://www.topografix.com/GPX/1/1"
     xmlns:xsi="http://www.w3.org/2001/XMLSchema-instance"
     xsi:schemaLocation="http://www.topografix.com/GPX/1/1 http://www.topografix.com/GPX/1/1/gpx.xsd">
  <metadata>
    <name>Ginangi — clan land boundary</name>
    <desc>Ginangi, Zone 7B. 36.7 km walked; 6.9 km still to walk in 3 gaps. 4 join(s) under the marking threshold are not shown.</desc>
    <time>2026-08-18T00:00:00Z</time>
  </metadata>
  <wpt lat="-9.1400141" lon="148.3875787">
    <name>GAP 1 OF 3 START</name>
    <desc>1.78 km not walked. This straight line is not a boundary — it joins the two ends so the shape can be closed on paper. Ginangi, Zone 7B.</desc>
    <sym>Flag</sym>
  </wpt>
  <wpt lat="-9.1331761" lon="148.3729273">
    <name>GAP 1 OF 3 END</name>
    <desc>1.78 km not walked. This straight line is not a boundary — it joins the two ends so the shape can be closed on paper. Ginangi, Zone 7B.</desc>
    <sym>Flag</sym>
  </wpt>
  <wpt lat="-9.1334800" lon="148.3721831">
    <name>GAP 2 OF 3 START</name>
    <desc>1.94 km not walked. This straight line is not a boundary — it joins the two ends so the shape can be closed on paper. Ginangi, Zone 7B.</desc>
    <sym>Flag</sym>
  </wpt>
  <wpt lat="-9.1206501" lon="148.3601189">
    <name>GAP 2 OF 3 END</name>
    <desc>1.94 km not walked. This straight line is not a boundary — it joins the two ends so the shape can be closed on paper. Ginangi, Zone 7B.</desc>
    <sym>Flag</sym>
  </wpt>
  <wpt lat="-9.1097194" lon="148.3875629">
    <name>GAP 3 OF 3 START</name>
    <desc>3.22 km not walked. This straight line is not a boundary — it joins the two ends so the shape can be closed on paper. Ginangi, Zone 7B.</desc>
    <sym>Flag</sym>
  </wpt>
  <wpt lat="-9.1388634" lon="148.3873959">
    <name>GAP 3 OF 3 END</name>
    <desc>3.22 km not walked. This straight line is not a boundary — it joins the two ends so the shape can be closed on paper. Ginangi, Zone 7B.</desc>
    <sym>Flag</sym>
  </wpt>
  <trk>
    <name>GAP 1 OF 3 - NOT WALKED - 1.78 km</name>
    <desc>1.78 km not walked. This straight line is not a boundary — it joins the two ends so the shape can be closed on paper. Ginangi, Zone 7B.</desc>
    <type>not-walked</type>
    <trkseg>
      <trkpt lat="-9.1400141" lon="148.3875787"/>
      <trkpt lat="-9.1331761" lon="148.3729273"/>
    </trkseg>
  </trk>
  <trk>
    <name>GAP 2 OF 3 - NOT WALKED - 1.94 km</name>
    <desc>1.94 km not walked. This straight line is not a boundary — it joins the two ends so the shape can be closed on paper. Ginangi, Zone 7B.</desc>
    <type>not-walked</type>
    <trkseg>
      <trkpt lat="-9.1334800" lon="148.3721831"/>
      <trkpt lat="-9.1206501" lon="148.3601189"/>
    </trkseg>
  </trk>
  <trk>
    <name>GAP 3 OF 3 - NOT WALKED - 3.22 km</name>
    <desc>3.22 km not walked. This straight line is not a boundary — it joins the two ends so the shape can be closed on paper. Ginangi, Zone 7B.</desc>
    <type>not-walked</type>
    <trkseg>
      <trkpt lat="-9.1097194" lon="148.3875629"/>
      <trkpt lat="-9.1388634" lon="148.3873959"/>
    </trkseg>
  </trk>
  <trk>
    <name>Ginangi - Job Mokondo</name>
    <desc>Walked by Job Mokondo. 21.8 km, 7 track(s), recorded on the ground. Ginangi, Zone 7B.</desc>
    <type>walked-boundary</type>
    <trkseg>
      <trkpt lat="-9.1331761" lon="148.3729273"/>
      <trkpt lat="-9.1333349" lon="148.3728656"/>
      <trkpt lat="-9.1334986" lon="148.3728111"/>
      <trkpt lat="-9.1336665" lon="148.3727649"/>
      <trkpt lat="-9.1337635" lon="148.3726787"/>
      <trkpt lat="-9.1337684" lon="148.3725629"/>
      <trkpt lat="-9.1336929" lon="148.3724111"/>
      <trkpt lat="-9.1335960" lon="148.3722598"/>
      <trkpt lat="-9.1335040" lon="148.3721051"/>
      <trkpt lat="-9.1334068" lon="148.3719519"/>
      <trkpt lat="-9.1333185" lon="148.3717938"/>
      <trkpt lat="-9.1332318" lon="148.3716461"/>
      <trkpt lat="-9.1331408" lon="148.3715906"/>
      <trkpt lat="-9.1330227" lon="148.3716193"/>
      <trkpt lat="-9.1328858" lon="148.3717089"/>
      <trkpt lat="-9.1328169" lon="148.3718091"/>
      <trkpt lat="-9.1328070" lon="148.3719391"/>
      <trkpt lat="-9.1328107" lon="148.3720942"/>
      <trkpt lat="-9.1327843" lon="148.3722420"/>
      <trkpt lat="-9.1328075" lon="148.3723487"/>
      <trkpt lat="-9.1329166" lon="148.3724438"/>
      <trkpt lat="-9.1330730" lon="148.3725296"/>
      <trkpt lat="-9.1332070" lon="148.3726278"/>
      <trkpt lat="-9.1332921" lon="148.3727296"/>
      <trkpt lat="-9.1333434" lon="148.3727969"/>
      <trkpt lat="-9.1333759" lon="148.3728341"/>
    </trkseg>
    <trkseg>
      <trkpt lat="-9.1333740" lon="148.3728772"/>
      <trkpt lat="-9.1335381" lon="148.3728066"/>
      <trkpt lat="-9.1336972" lon="148.3727507"/>
      <trkpt lat="-9.1337785" lon="148.3726706"/>
      <trkpt lat="-9.1337649" lon="148.3725550"/>
      <trkpt lat="-9.1336701" lon="148.3724033"/>
      <trkpt lat="-9.1335683" lon="148.3722537"/>
      <trkpt lat="-9.1334752" lon="148.3720981"/>
      <trkpt lat="-9.1333858" lon="148.3719401"/>
      <trkpt lat="-9.1333049" lon="148.3717776"/>
      <trkpt lat="-9.1332247" lon="148.3716474"/>
      <trkpt lat="-9.1331230" lon="148.3716013"/>
      <trkpt lat="-9.1329943" lon="148.3716433"/>
      <trkpt lat="-9.1328780" lon="148.3717610"/>
      <trkpt lat="-9.1328264" lon="148.3719060"/>
      <trkpt lat="-9.1328052" lon="148.3720741"/>
      <trkpt lat="-9.1328182" lon="148.3722384"/>
      <trkpt lat="-9.1328682" lon="148.3723767"/>
      <trkpt lat="-9.1329876" lon="148.3724945"/>
      <trkpt lat="-9.1331434" lon="148.3725842"/>
      <trkpt lat="-9.1332537" lon="148.3726825"/>
      <trkpt lat="-9.1333319" lon="148.3727685"/>
      <trkpt lat="-9.1333714" lon="148.3728547"/>
    </trkseg>
    <trkseg>
      <trkpt lat="-9.1048715" lon="148.3572210"/>
      <trkpt lat="-9.1050428" lon="148.3572745"/>
      <trkpt lat="-9.1051928" lon="148.3572607"/>
      <trkpt lat="-9.1052370" lon="148.3572029"/>
      <trkpt lat="-9.1051661" lon="148.3571142"/>
      <trkpt lat="-9.1049991" lon="148.3570695"/>
      <trkpt lat="-9.1049347" lon="148.3570455"/>
      <trkpt lat="-9.1049285" lon="148.3569845"/>
      <trkpt lat="-9.1049576" lon="148.3568736"/>
      <trkpt lat="-9.1049193" lon="148.3567125"/>
      <trkpt lat="-9.1048561" lon="148.3565554"/>
      <trkpt lat="-9.1047963" lon="148.3564105"/>
      <trkpt lat="-9.1047356" lon="148.3563258"/>
      <trkpt lat="-9.1047060" lon="148.3562796"/>
      <trkpt lat="-9.1046958" lon="148.3562729"/>
      <trkpt lat="-9.1046881" lon="148.3562739"/>
      <trkpt lat="-9.1047140" lon="148.3562476"/>
      <trkpt lat="-9.1047252" lon="148.3561673"/>
      <trkpt lat="-9.1047491" lon="148.3560151"/>
      <trkpt lat="-9.1047474" lon="148.3558402"/>
      <trkpt lat="-9.1047584" lon="148.3556641"/>
      <trkpt lat="-9.1047424" lon="148.3554938"/>
      <trkpt lat="-9.1047074" lon="148.3553257"/>
      <trkpt lat="-9.1046625" lon="148.3551571"/>
      <trkpt lat="-9.1046366" lon="148.3549816"/>
      <trkpt lat="-9.1046084" lon="148.3548030"/>
      <trkpt lat="-9.1045747" lon="148.3546294"/>
      <trkpt lat="-9.1045612" lon="148.3544585"/>
      <trkpt lat="-9.1045499" lon="148.3542965"/>
      <trkpt lat="-9.1045445" lon="148.3541368"/>
      <trkpt lat="-9.1045052" lon="148.3539870"/>
      <trkpt lat="-9.1044286" lon="148.3538457"/>
      <trkpt lat="-9.1043288" lon="148.3537080"/>
      <trkpt lat="-9.1042000" lon="148.3535837"/>
      <trkpt lat="-9.1040571" lon="148.3534868"/>
      <trkpt lat="-9.1038911" lon="148.3534322"/>
      <trkpt lat="-9.1037176" lon="148.3533925"/>
      <trkpt lat="-9.1035505" lon="148.3533357"/>
      <trkpt lat="-9.1034091" lon="148.3532349"/>
      <trkpt lat="-9.1032907" lon="148.3531031"/>
      <trkpt lat="-9.1031847" lon="148.3529592"/>
      <trkpt lat="-9.1031010" lon="148.3528076"/>
      <trkpt lat="-9.1030278" lon="148.3526502"/>
      <trkpt lat="-9.1029715" lon="148.3524802"/>
      <trkpt lat="-9.1029038" lon="148.3523122"/>
      <trkpt lat="-9.1028600" lon="148.3521459"/>
      <trkpt lat="-9.1028084" lon="148.3519830"/>
      <trkpt lat="-9.1027558" lon="148.3518254"/>
      <trkpt lat="-9.1026554" lon="148.3516844"/>
      <trkpt lat="-9.1025368" lon="148.3515588"/>
      <trkpt lat="-9.1024213" lon="148.3514315"/>
      <trkpt lat="-9.1023180" lon="148.3512927"/>
      <trkpt lat="-9.1022231" lon="148.3511596"/>
      <trkpt lat="-9.1021105" lon="148.3510460"/>
    </trkseg>
    <trkseg>
      <trkpt lat="-9.1019928" lon="148.3509486"/>
      <trkpt lat="-9.1018998" lon="148.3507928"/>
      <trkpt lat="-9.1017994" lon="148.3506446"/>
      <trkpt lat="-9.1016903" lon="148.3505098"/>
      <trkpt lat="-9.1016017" lon="148.3503866"/>
      <trkpt lat="-9.1015211" lon="148.3502558"/>
      <trkpt lat="-9.1014313" lon="148.3501279"/>
      <trkpt lat="-9.1013374" lon="148.3499942"/>
      <trkpt lat="-9.1012994" lon="148.3499189"/>
      <trkpt lat="-9.1013319" lon="148.3498986"/>
      <trkpt lat="-9.1014163" lon="148.3499481"/>
      <trkpt lat="-9.1015323" lon="148.3499829"/>
      <trkpt lat="-9.1016806" lon="148.3499738"/>
      <trkpt lat="-9.1018521" lon="148.3499404"/>
      <trkpt lat="-9.1019915" lon="148.3498781"/>
      <trkpt lat="-9.1021100" lon="148.3498118"/>
      <trkpt lat="-9.1022199" lon="148.3497780"/>
      <trkpt lat="-9.1023412" lon="148.3498296"/>
      <trkpt lat="-9.1024698" lon="148.3498780"/>
      <trkpt lat="-9.1025941" lon="148.3498660"/>
      <trkpt lat="-9.1027046" lon="148.3497504"/>
      <trkpt lat="-9.1028046" lon="148.3496143"/>
      <trkpt lat="-9.1028809" lon="148.3494563"/>
      <trkpt lat="-9.1028953" lon="148.3493151"/>
      <trkpt lat="-9.1028223" lon="148.3492198"/>
      <trkpt lat="-9.1027524" lon="148.3491202"/>
      <trkpt lat="-9.1027778" lon="148.3490775"/>
      <trkpt lat="-9.1029103" lon="148.3490745"/>
      <trkpt lat="-9.1030737" lon="148.3491449"/>
      <trkpt lat="-9.1032393" lon="148.3492088"/>
      <trkpt lat="-9.1034127" lon="148.3492461"/>
      <trkpt lat="-9.1035887" lon="148.3492728"/>
      <trkpt lat="-9.1037598" lon="148.3492785"/>
      <trkpt lat="-9.1039206" lon="148.3492636"/>
      <trkpt lat="-9.1040681" lon="148.3492058"/>
      <trkpt lat="-9.1042170" lon="148.3491404"/>
      <trkpt lat="-9.1043788" lon="148.3490910"/>
      <trkpt lat="-9.1045492" lon="148.3490560"/>
      <trkpt lat="-9.1047107" lon="148.3489993"/>
      <trkpt lat="-9.1048127" lon="148.3488922"/>
      <trkpt lat="-9.1048591" lon="148.3488060"/>
      <trkpt lat="-9.1049107" lon="148.3487484"/>
      <trkpt lat="-9.1049749" lon="148.3486820"/>
      <trkpt lat="-9.1050355" lon="148.3485618"/>
      <trkpt lat="-9.1050617" lon="148.3485095"/>
      <trkpt lat="-9.1051052" lon="148.3485658"/>
      <trkpt lat="-9.1051722" lon="148.3487317"/>
      <trkpt lat="-9.1052378" lon="148.3488982"/>
      <trkpt lat="-9.1053208" lon="148.3490385"/>
      <trkpt lat="-9.1054440" lon="148.3491242"/>
      <trkpt lat="-9.1056079" lon="148.3491451"/>
      <trkpt lat="-9.1057631" lon="148.3490982"/>
      <trkpt lat="-9.1058688" lon="148.3489964"/>
      <trkpt lat="-9.1059763" lon="148.3488996"/>
      <trkpt lat="-9.1060870" lon="148.3488865"/>
      <trkpt lat="-9.1062382" lon="148.3489591"/>
      <trkpt lat="-9.1063834" lon="148.3490640"/>
      <trkpt lat="-9.1065446" lon="148.3491273"/>
      <trkpt lat="-9.1067155" lon="148.3491549"/>
      <trkpt lat="-9.1068928" lon="148.3491437"/>
      <trkpt lat="-9.1070699" lon="148.3491454"/>
      <trkpt lat="-9.1072444" lon="148.3491602"/>
      <trkpt lat="-9.1074202" lon="148.3491775"/>
      <trkpt lat="-9.1075385" lon="148.3491818"/>
      <trkpt lat="-9.1076003" lon="148.3491760"/>
    </trkseg>
    <trkseg>
      <trkpt lat="-9.1075782" lon="148.3490747"/>
      <trkpt lat="-9.1077456" lon="148.3490638"/>
      <trkpt lat="-9.1079074" lon="148.3491032"/>
      <trkpt lat="-9.1080531" lon="148.3492055"/>
      <trkpt lat="-9.1081932" lon="148.3493163"/>
      <trkpt lat="-9.1083347" lon="148.3494238"/>
      <trkpt lat="-9.1084846" lon="148.3495166"/>
      <trkpt lat="-9.1085938" lon="148.3496333"/>
      <trkpt lat="-9.1086942" lon="148.3497587"/>
      <trkpt lat="-9.1088009" lon="148.3498412"/>
      <trkpt lat="-9.1089431" lon="148.3498246"/>
      <trkpt lat="-9.1090704" lon="148.3497197"/>
      <trkpt lat="-9.1091170" lon="148.3496037"/>
      <trkpt lat="-9.1091197" lon="148.3494723"/>
      <trkpt lat="-9.1091394" lon="148.3493549"/>
      <trkpt lat="-9.1092337" lon="148.3492341"/>
      <trkpt lat="-9.1093871" lon="148.3491569"/>
      <trkpt lat="-9.1095487" lon="148.3491387"/>
      <trkpt lat="-9.1097107" lon="148.3491807"/>
      <trkpt lat="-9.1098663" lon="148.3492646"/>
      <trkpt lat="-9.1100094" lon="148.3493707"/>
      <trkpt lat="-9.1101461" lon="148.3494812"/>
      <trkpt lat="-9.1102822" lon="148.3495281"/>
      <trkpt lat="-9.1104241" lon="148.3494948"/>
      <trkpt lat="-9.1105775" lon="148.3494058"/>
      <trkpt lat="-9.1106993" lon="148.3494037"/>
      <trkpt lat="-9.1107985" lon="148.3494929"/>
      <trkpt lat="-9.1108662" lon="148.3496543"/>
      <trkpt lat="-9.1109717" lon="148.3497688"/>
      <trkpt lat="-9.1111090" lon="148.3498096"/>
      <trkpt lat="-9.1112608" lon="148.3497621"/>
      <trkpt lat="-9.1114002" lon="148.3497374"/>
      <trkpt lat="-9.1115386" lon="148.3497506"/>
      <trkpt lat="-9.1116970" lon="148.3498146"/>
      <trkpt lat="-9.1118673" lon="148.3498456"/>
      <trkpt lat="-9.1120353" lon="148.3498314"/>
      <trkpt lat="-9.1121982" lon="148.3497796"/>
      <trkpt lat="-9.1123501" lon="148.3496909"/>
      <trkpt lat="-9.1125021" lon="148.3496024"/>
      <trkpt lat="-9.1126036" lon="148.3494781"/>
      <trkpt lat="-9.1126441" lon="148.3493356"/>
      <trkpt lat="-9.1126536" lon="148.3491719"/>
      <trkpt lat="-9.1127122" lon="148.3490401"/>
      <trkpt lat="-9.1128162" lon="148.3489250"/>
      <trkpt lat="-9.1129355" lon="148.3488117"/>
      <trkpt lat="-9.1130269" lon="148.3486701"/>
      <trkpt lat="-9.1130977" lon="148.3485198"/>
      <trkpt lat="-9.1131158" lon="148.3483564"/>
      <trkpt lat="-9.1131277" lon="148.3481967"/>
      <trkpt lat="-9.1131839" lon="148.3480705"/>
      <trkpt lat="-9.1133146" lon="148.3480073"/>
      <trkpt lat="-9.1134236" lon="148.3480520"/>
      <trkpt lat="-9.1134753" lon="148.3481709"/>
      <trkpt lat="-9.1135047" lon="148.3483300"/>
      <trkpt lat="-9.1135681" lon="148.3484821"/>
      <trkpt lat="-9.1136631" lon="148.3486243"/>
      <trkpt lat="-9.1137675" lon="148.3487503"/>
      <trkpt lat="-9.1138969" lon="148.3488035"/>
      <trkpt lat="-9.1140323" lon="148.3487587"/>
      <trkpt lat="-9.1141243" lon="148.3486283"/>
      <trkpt lat="-9.1141349" lon="148.3484689"/>
      <trkpt lat="-9.1140668" lon="148.3483255"/>
      <trkpt lat="-9.1140088" lon="148.3481843"/>
      <trkpt lat="-9.1140365" lon="148.3480968"/>
      <trkpt lat="-9.1141624" lon="148.3480269"/>
      <trkpt lat="-9.1143341" lon="148.3480095"/>
      <trkpt lat="-9.1145010" lon="148.3480120"/>
      <trkpt lat="-9.1146718" lon="148.3480450"/>
      <trkpt lat="-9.1148308" lon="148.3481123"/>
      <trkpt lat="-9.1149540" lon="148.3482152"/>
      <trkpt lat="-9.1150467" lon="148.3483567"/>
      <trkpt lat="-9.1150534" lon="148.3485138"/>
      <trkpt lat="-9.1150005" lon="148.3486573"/>
      <trkpt lat="-9.1149419" lon="148.3488035"/>
      <trkpt lat="-9.1149358" lon="148.3489595"/>
      <trkpt lat="-9.1150156" lon="148.3491097"/>
      <trkpt lat="-9.1151317" lon="148.3492209"/>
      <trkpt lat="-9.1152817" lon="148.3492457"/>
      <trkpt lat="-9.1154386" lon="148.3492006"/>
      <trkpt lat="-9.1155630" lon="148.3490913"/>
      <trkpt lat="-9.1156482" lon="148.3489537"/>
      <trkpt lat="-9.1156716" lon="148.3487879"/>
      <trkpt lat="-9.1156733" lon="148.3486108"/>
      <trkpt lat="-9.1156714" lon="148.3484326"/>
      <trkpt lat="-9.1157250" lon="148.3482863"/>
      <trkpt lat="-9.1158323" lon="148.3481953"/>
      <trkpt lat="-9.1159800" lon="148.3481697"/>
      <trkpt lat="-9.1161288" lon="148.3481780"/>
    </trkseg>
    <trkseg>
      <trkpt lat="-9.1165255" lon="148.3479266"/>
      <trkpt lat="-9.1166772" lon="148.3478354"/>
      <trkpt lat="-9.1168314" lon="148.3477856"/>
      <trkpt lat="-9.1169613" lon="148.3478057"/>
      <trkpt lat="-9.1169985" lon="148.3478982"/>
      <trkpt lat="-9.1169566" lon="148.3480343"/>
      <trkpt lat="-9.1168901" lon="148.3481904"/>
      <trkpt lat="-9.1168852" lon="148.3483570"/>
      <trkpt lat="-9.1169518" lon="148.3485109"/>
      <trkpt lat="-9.1170762" lon="148.3486125"/>
      <trkpt lat="-9.1172257" lon="148.3486297"/>
      <trkpt lat="-9.1173437" lon="148.3485477"/>
      <trkpt lat="-9.1173845" lon="148.3484054"/>
      <trkpt lat="-9.1174114" lon="148.3482503"/>
      <trkpt lat="-9.1174762" lon="148.3481769"/>
      <trkpt lat="-9.1176002" lon="148.3481991"/>
      <trkpt lat="-9.1176956" lon="148.3483241"/>
      <trkpt lat="-9.1177577" lon="148.3484833"/>
      <trkpt lat="-9.1178326" lon="148.3486050"/>
      <trkpt lat="-9.1179451" lon="148.3486277"/>
      <trkpt lat="-9.1180966" lon="148.3485742"/>
      <trkpt lat="-9.1182407" lon="148.3484799"/>
      <trkpt lat="-9.1183686" lon="148.3483790"/>
      <trkpt lat="-9.1184454" lon="148.3482392"/>
      <trkpt lat="-9.1185361" lon="148.3481364"/>
      <trkpt lat="-9.1186547" lon="148.3480585"/>
      <trkpt lat="-9.1187854" lon="148.3480575"/>
      <trkpt lat="-9.1189057" lon="148.3480769"/>
      <trkpt lat="-9.1190282" lon="148.3481386"/>
      <trkpt lat="-9.1191758" lon="148.3482150"/>
      <trkpt lat="-9.1193106" lon="148.3482994"/>
      <trkpt lat="-9.1194228" lon="148.3483741"/>
      <trkpt lat="-9.1194719" lon="148.3483990"/>
      <trkpt lat="-9.1195170" lon="148.3483881"/>
      <trkpt lat="-9.1195009" lon="148.3484065"/>
      <trkpt lat="-9.1194919" lon="148.3484033"/>
      <trkpt lat="-9.1195052" lon="148.3484151"/>
      <trkpt lat="-9.1195245" lon="148.3483657"/>
      <trkpt lat="-9.1195062" lon="148.3483791"/>
      <trkpt lat="-9.1194325" lon="148.3484050"/>
      <trkpt lat="-9.1193810" lon="148.3484806"/>
      <trkpt lat="-9.1193807" lon="148.3485604"/>
    </trkseg>
    <trkseg>
      <trkpt lat="-9.1192568" lon="148.3482792"/>
      <trkpt lat="-9.1193311" lon="148.3481318"/>
      <trkpt lat="-9.1194381" lon="148.3480009"/>
      <trkpt lat="-9.1195725" lon="148.3478803"/>
      <trkpt lat="-9.1197015" lon="148.3477539"/>
      <trkpt lat="-9.1198294" lon="148.3476436"/>
      <trkpt lat="-9.1199632" lon="148.3476120"/>
      <trkpt lat="-9.1200949" lon="148.3476730"/>
      <trkpt lat="-9.1201997" lon="148.3478120"/>
      <trkpt lat="-9.1203139" lon="148.3479351"/>
      <trkpt lat="-9.1203754" lon="148.3480129"/>
      <trkpt lat="-9.1204277" lon="148.3479767"/>
      <trkpt lat="-9.1203777" lon="148.3479450"/>
      <trkpt lat="-9.1203659" lon="148.3478809"/>
      <trkpt lat="-9.1203438" lon="148.3478862"/>
      <trkpt lat="-9.1203726" lon="148.3478845"/>
      <trkpt lat="-9.1203990" lon="148.3479612"/>
      <trkpt lat="-9.1204600" lon="148.3480681"/>
      <trkpt lat="-9.1205738" lon="148.3481726"/>
      <trkpt lat="-9.1207267" lon="148.3482330"/>
      <trkpt lat="-9.1209047" lon="148.3482561"/>
      <trkpt lat="-9.1210745" lon="148.3482953"/>
      <trkpt lat="-9.1212408" lon="148.3483397"/>
      <trkpt lat="-9.1214050" lon="148.3483950"/>
      <trkpt lat="-9.1215783" lon="148.3484247"/>
      <trkpt lat="-9.1217475" lon="148.3484199"/>
      <trkpt lat="-9.1218963" lon="148.3483515"/>
      <trkpt lat="-9.1220362" lon="148.3482497"/>
      <trkpt lat="-9.1221784" lon="148.3481948"/>
      <trkpt lat="-9.1223346" lon="148.3482171"/>
      <trkpt lat="-9.1224992" lon="148.3482567"/>
      <trkpt lat="-9.1226667" lon="148.3482845"/>
      <trkpt lat="-9.1228306" lon="148.3483197"/>
      <trkpt lat="-9.1229931" lon="148.3483837"/>
      <trkpt lat="-9.1231453" lon="148.3484729"/>
      <trkpt lat="-9.1233082" lon="148.3485410"/>
      <trkpt lat="-9.1234701" lon="148.3486096"/>
      <trkpt lat="-9.1236432" lon="148.3486511"/>
      <trkpt lat="-9.1237971" lon="148.3487225"/>
      <trkpt lat="-9.1239386" lon="148.3488167"/>
      <trkpt lat="-9.1240655" lon="148.3489428"/>
      <trkpt lat="-9.1242091" lon="148.3490450"/>
      <trkpt lat="-9.1243631" lon="148.3491303"/>
      <trkpt lat="-9.1245280" lon="148.3492011"/>
      <trkpt lat="-9.1246894" lon="148.3492788"/>
      <trkpt lat="-9.1248468" lon="148.3493652"/>
      <trkpt lat="-9.1250021" lon="148.3494560"/>
      <trkpt lat="-9.1251563" lon="148.3495497"/>
      <trkpt lat="-9.1253085" lon="148.3496460"/>
      <trkpt lat="-9.1254314" lon="148.3497604"/>
      <trkpt lat="-9.1255446" lon="148.3498844"/>
      <trkpt lat="-9.1256456" lon="148.3500214"/>
      <trkpt lat="-9.1257643" lon="148.3501551"/>
      <trkpt lat="-9.1258813" lon="148.3502906"/>
      <trkpt lat="-9.1260143" lon="148.3504077"/>
      <trkpt lat="-9.1261608" lon="148.3505054"/>
      <trkpt lat="-9.1262918" lon="148.3505985"/>
      <trkpt lat="-9.1263779" lon="148.3507204"/>
      <trkpt lat="-9.1264110" lon="148.3508788"/>
      <trkpt lat="-9.1263933" lon="148.3510283"/>
      <trkpt lat="-9.1263415" lon="148.3511495"/>
    </trkseg>
    <trkseg>
      <trkpt lat="-9.1264099" lon="148.3512454"/>
      <trkpt lat="-9.1263890" lon="148.3512162"/>
      <trkpt lat="-9.1263819" lon="148.3512034"/>
      <trkpt lat="-9.1263885" lon="148.3512070"/>
    </trkseg>
    <trkseg>
      <trkpt lat="-9.1262283" lon="148.3511391"/>
      <trkpt lat="-9.1263696" lon="148.3512287"/>
      <trkpt lat="-9.1264689" lon="148.3513524"/>
      <trkpt lat="-9.1265294" lon="148.3515111"/>
      <trkpt lat="-9.1265438" lon="148.3516829"/>
      <trkpt lat="-9.1265031" lon="148.3518355"/>
      <trkpt lat="-9.1264002" lon="148.3519670"/>
      <trkpt lat="-9.1262910" lon="148.3520400"/>
      <trkpt lat="-9.1262428" lon="148.3520685"/>
      <trkpt lat="-9.1262176" lon="148.3520670"/>
      <trkpt lat="-9.1262265" lon="148.3521100"/>
      <trkpt lat="-9.1262427" lon="148.3522144"/>
      <trkpt lat="-9.1263133" lon="148.3523589"/>
      <trkpt lat="-9.1264168" lon="148.3524742"/>
      <trkpt lat="-9.1264486" lon="148.3525741"/>
      <trkpt lat="-9.1264407" lon="148.3526878"/>
      <trkpt lat="-9.1264152" lon="148.3528311"/>
      <trkpt lat="-9.1264849" lon="148.3529121"/>
      <trkpt lat="-9.1266118" lon="148.3529272"/>
      <trkpt lat="-9.1267295" lon="148.3529530"/>
      <trkpt lat="-9.1267459" lon="148.3530351"/>
      <trkpt lat="-9.1266618" lon="148.3531559"/>
      <trkpt lat="-9.1265255" lon="148.3532641"/>
      <trkpt lat="-9.1264872" lon="148.3533609"/>
      <trkpt lat="-9.1264887" lon="148.3534821"/>
      <trkpt lat="-9.1264711" lon="148.3535682"/>
      <trkpt lat="-9.1263534" lon="148.3536162"/>
      <trkpt lat="-9.1261944" lon="148.3536368"/>
      <trkpt lat="-9.1260879" lon="148.3536961"/>
      <trkpt lat="-9.1260697" lon="148.3538207"/>
      <trkpt lat="-9.1261167" lon="148.3539673"/>
      <trkpt lat="-9.1261292" lon="148.3541160"/>
      <trkpt lat="-9.1260659" lon="148.3542610"/>
      <trkpt lat="-9.1260042" lon="148.3544112"/>
      <trkpt lat="-9.1259526" lon="148.3545406"/>
      <trkpt lat="-9.1258826" lon="148.3546352"/>
      <trkpt lat="-9.1257535" lon="148.3547139"/>
      <trkpt lat="-9.1256114" lon="148.3548069"/>
      <trkpt lat="-9.1254888" lon="148.3549330"/>
      <trkpt lat="-9.1253705" lon="148.3550618"/>
      <trkpt lat="-9.1253116" lon="148.3551907"/>
      <trkpt lat="-9.1253169" lon="148.3553307"/>
      <trkpt lat="-9.1253769" lon="148.3554860"/>
      <trkpt lat="-9.1254201" lon="148.3556592"/>
      <trkpt lat="-9.1254091" lon="148.3557868"/>
      <trkpt lat="-9.1253260" lon="148.3558720"/>
      <trkpt lat="-9.1251924" lon="148.3559348"/>
      <trkpt lat="-9.1250466" lon="148.3560320"/>
      <trkpt lat="-9.1249152" lon="148.3561532"/>
      <trkpt lat="-9.1247782" lon="148.3562400"/>
      <trkpt lat="-9.1246967" lon="148.3563129"/>
      <trkpt lat="-9.1246551" lon="148.3563431"/>
      <trkpt lat="-9.1246521" lon="148.3563574"/>
      <trkpt lat="-9.1246525" lon="148.3563807"/>
      <trkpt lat="-9.1246666" lon="148.3564276"/>
      <trkpt lat="-9.1247009" lon="148.3564347"/>
      <trkpt lat="-9.1246927" lon="148.3563932"/>
      <trkpt lat="-9.1246962" lon="148.3562945"/>
      <trkpt lat="-9.1246436" lon="148.3562818"/>
      <trkpt lat="-9.1246086" lon="148.3562420"/>
      <trkpt lat="-9.1245588" lon="148.3562926"/>
      <trkpt lat="-9.1245802" lon="148.3563637"/>
      <trkpt lat="-9.1245926" lon="148.3565292"/>
      <trkpt lat="-9.1245897" lon="148.3566986"/>
      <trkpt lat="-9.1245281" lon="148.3568589"/>
      <trkpt lat="-9.1244269" lon="148.3569851"/>
      <trkpt lat="-9.1242763" lon="148.3570723"/>
      <trkpt lat="-9.1241362" lon="148.3571670"/>
      <trkpt lat="-9.1240328" lon="148.3572965"/>
      <trkpt lat="-9.1239571" lon="148.3574582"/>
      <trkpt lat="-9.1238669" lon="148.3576110"/>
      <trkpt lat="-9.1237445" lon="148.3577365"/>
      <trkpt lat="-9.1235930" lon="148.3578134"/>
      <trkpt lat="-9.1234253" lon="148.3578300"/>
      <trkpt lat="-9.1232576" lon="148.3578310"/>
      <trkpt lat="-9.1230902" lon="148.3578395"/>
      <trkpt lat="-9.1229343" lon="148.3579017"/>
      <trkpt lat="-9.1227834" lon="148.3579875"/>
      <trkpt lat="-9.1226360" lon="148.3580833"/>
      <trkpt lat="-9.1224799" lon="148.3581617"/>
      <trkpt lat="-9.1223122" lon="148.3582154"/>
      <trkpt lat="-9.1221435" lon="148.3582718"/>
      <trkpt lat="-9.1219717" lon="148.3583179"/>
      <trkpt lat="-9.1218050" lon="148.3583779"/>
      <trkpt lat="-9.1216598" lon="148.3584638"/>
      <trkpt lat="-9.1215554" lon="148.3585976"/>
      <trkpt lat="-9.1214789" lon="148.3587582"/>
      <trkpt lat="-9.1213967" lon="148.3589140"/>
      <trkpt lat="-9.1212932" lon="148.3590573"/>
      <trkpt lat="-9.1212157" lon="148.3591971"/>
      <trkpt lat="-9.1212365" lon="148.3592907"/>
      <trkpt lat="-9.1213163" lon="148.3593826"/>
      <trkpt lat="-9.1213557" lon="148.3594690"/>
      <trkpt lat="-9.1212866" lon="148.3595810"/>
      <trkpt lat="-9.1211556" lon="148.3596827"/>
      <trkpt lat="-9.1210442" lon="148.3597970"/>
      <trkpt lat="-9.1209498" lon="148.3599370"/>
      <trkpt lat="-9.1208393" lon="148.3600605"/>
      <trkpt lat="-9.1207246" lon="148.3601382"/>
      <trkpt lat="-9.1206904" lon="148.3601352"/>
      <trkpt lat="-9.1207163" lon="148.3601305"/>
      <trkpt lat="-9.1207288" lon="148.3601151"/>
      <trkpt lat="-9.1206572" lon="148.3601310"/>
    </trkseg>
    <trkseg>
      <trkpt lat="-9.1048715" lon="148.3572210"/>
      <trkpt lat="-9.1050428" lon="148.3572745"/>
      <trkpt lat="-9.1051928" lon="148.3572607"/>
      <trkpt lat="-9.1052370" lon="148.3572029"/>
      <trkpt lat="-9.1051661" lon="148.3571142"/>
      <trkpt lat="-9.1049991" lon="148.3570695"/>
      <trkpt lat="-9.1049347" lon="148.3570455"/>
      <trkpt lat="-9.1049285" lon="148.3569845"/>
      <trkpt lat="-9.1049576" lon="148.3568736"/>
      <trkpt lat="-9.1049193" lon="148.3567125"/>
      <trkpt lat="-9.1048561" lon="148.3565554"/>
      <trkpt lat="-9.1047963" lon="148.3564105"/>
      <trkpt lat="-9.1047356" lon="148.3563258"/>
      <trkpt lat="-9.1047060" lon="148.3562796"/>
      <trkpt lat="-9.1046958" lon="148.3562729"/>
      <trkpt lat="-9.1046881" lon="148.3562739"/>
      <trkpt lat="-9.1047140" lon="148.3562476"/>
      <trkpt lat="-9.1047252" lon="148.3561673"/>
      <trkpt lat="-9.1047491" lon="148.3560151"/>
      <trkpt lat="-9.1047474" lon="148.3558402"/>
      <trkpt lat="-9.1047584" lon="148.3556641"/>
      <trkpt lat="-9.1047424" lon="148.3554938"/>
      <trkpt lat="-9.1047074" lon="148.3553257"/>
      <trkpt lat="-9.1046625" lon="148.3551571"/>
      <trkpt lat="-9.1046366" lon="148.3549816"/>
      <trkpt lat="-9.1046084" lon="148.3548030"/>
      <trkpt lat="-9.1045747" lon="148.3546294"/>
      <trkpt lat="-9.1045612" lon="148.3544585"/>
      <trkpt lat="-9.1045499" lon="148.3542965"/>
      <trkpt lat="-9.1045445" lon="148.3541368"/>
      <trkpt lat="-9.1045052" lon="148.3539870"/>
      <trkpt lat="-9.1044286" lon="148.3538457"/>
      <trkpt lat="-9.1043288" lon="148.3537080"/>
      <trkpt lat="-9.1042000" lon="148.3535837"/>
      <trkpt lat="-9.1040571" lon="148.3534868"/>
      <trkpt lat="-9.1038911" lon="148.3534322"/>
      <trkpt lat="-9.1037176" lon="148.3533925"/>
      <trkpt lat="-9.1035505" lon="148.3533357"/>
      <trkpt lat="-9.1034091" lon="148.3532349"/>
      <trkpt lat="-9.1032907" lon="148.3531031"/>
      <trkpt lat="-9.1031847" lon="148.3529592"/>
      <trkpt lat="-9.1031010" lon="148.3528076"/>
      <trkpt lat="-9.1030278" lon="148.3526502"/>
      <trkpt lat="-9.1029715" lon="148.3524802"/>
      <trkpt lat="-9.1029038" lon="148.3523122"/>
      <trkpt lat="-9.1028600" lon="148.3521459"/>
      <trkpt lat="-9.1028084" lon="148.3519830"/>
      <trkpt lat="-9.1027558" lon="148.3518254"/>
      <trkpt lat="-9.1026554" lon="148.3516844"/>
      <trkpt lat="-9.1025368" lon="148.3515588"/>
      <trkpt lat="-9.1024213" lon="148.3514315"/>
      <trkpt lat="-9.1023180" lon="148.3512927"/>
      <trkpt lat="-9.1022231" lon="148.3511596"/>
      <trkpt lat="-9.1021105" lon="148.3510460"/>
    </trkseg>
    <trkseg>
      <trkpt lat="-9.1019928" lon="148.3509486"/>
      <trkpt lat="-9.1018998" lon="148.3507928"/>
      <trkpt lat="-9.1017994" lon="148.3506446"/>
      <trkpt lat="-9.1016903" lon="148.3505098"/>
      <trkpt lat="-9.1016017" lon="148.3503866"/>
      <trkpt lat="-9.1015211" lon="148.3502558"/>
      <trkpt lat="-9.1014313" lon="148.3501279"/>
      <trkpt lat="-9.1013374" lon="148.3499942"/>
      <trkpt lat="-9.1012994" lon="148.3499189"/>
      <trkpt lat="-9.1013319" lon="148.3498986"/>
      <trkpt lat="-9.1014163" lon="148.3499481"/>
      <trkpt lat="-9.1015323" lon="148.3499829"/>
      <trkpt lat="-9.1016806" lon="148.3499738"/>
      <trkpt lat="-9.1018521" lon="148.3499404"/>
      <trkpt lat="-9.1019915" lon="148.3498781"/>
      <trkpt lat="-9.1021100" lon="148.3498118"/>
      <trkpt lat="-9.1022199" lon="148.3497780"/>
      <trkpt lat="-9.1023412" lon="148.3498296"/>
      <trkpt lat="-9.1024698" lon="148.3498780"/>
      <trkpt lat="-9.1025941" lon="148.3498660"/>
      <trkpt lat="-9.1027046" lon="148.3497504"/>
      <trkpt lat="-9.1028046" lon="148.3496143"/>
      <trkpt lat="-9.1028809" lon="148.3494563"/>
      <trkpt lat="-9.1028953" lon="148.3493151"/>
      <trkpt lat="-9.1028223" lon="148.3492198"/>
      <trkpt lat="-9.1027524" lon="148.3491202"/>
      <trkpt lat="-9.1027778" lon="148.3490775"/>
      <trkpt lat="-9.1029103" lon="148.3490745"/>
      <trkpt lat="-9.1030737" lon="148.3491449"/>
      <trkpt lat="-9.1032393" lon="148.3492088"/>
      <trkpt lat="-9.1034127" lon="148.3492461"/>
      <trkpt lat="-9.1035887" lon="148.3492728"/>
      <trkpt lat="-9.1037598" lon="148.3492785"/>
      <trkpt lat="-9.1039206" lon="148.3492636"/>
      <trkpt lat="-9.1040681" lon="148.3492058"/>
      <trkpt lat="-9.1042170" lon="148.3491404"/>
      <trkpt lat="-9.1043788" lon="148.3490910"/>
      <trkpt lat="-9.1045492" lon="148.3490560"/>
      <trkpt lat="-9.1047107" lon="148.3489993"/>
      <trkpt lat="-9.1048127" lon="148.3488922"/>
      <trkpt lat="-9.1048591" lon="148.3488060"/>
      <trkpt lat="-9.1049107" lon="148.3487484"/>
      <trkpt lat="-9.1049749" lon="148.3486820"/>
      <trkpt lat="-9.1050355" lon="148.3485618"/>
      <trkpt lat="-9.1050617" lon="148.3485095"/>
      <trkpt lat="-9.1051052" lon="148.3485658"/>
      <trkpt lat="-9.1051722" lon="148.3487317"/>
      <trkpt lat="-9.1052378" lon="148.3488982"/>
      <trkpt lat="-9.1053208" lon="148.3490385"/>
      <trkpt lat="-9.1054440" lon="148.3491242"/>
      <trkpt lat="-9.1056079" lon="148.3491451"/>
      <trkpt lat="-9.1057631" lon="148.3490982"/>
      <trkpt lat="-9.1058688" lon="148.3489964"/>
      <trkpt lat="-9.1059763" lon="148.3488996"/>
      <trkpt lat="-9.1060870" lon="148.3488865"/>
      <trkpt lat="-9.1062382" lon="148.3489591"/>
      <trkpt lat="-9.1063834" lon="148.3490640"/>
      <trkpt lat="-9.1065446" lon="148.3491273"/>
      <trkpt lat="-9.1067155" lon="148.3491549"/>
      <trkpt lat="-9.1068928" lon="148.3491437"/>
      <trkpt lat="-9.1070699" lon="148.3491454"/>
      <trkpt lat="-9.1072444" lon="148.3491602"/>
      <trkpt lat="-9.1074202" lon="148.3491775"/>
      <trkpt lat="-9.1075385" lon="148.3491818"/>
      <trkpt lat="-9.1076003" lon="148.3491760"/>
    </trkseg>
    <trkseg>
      <trkpt lat="-9.1075782" lon="148.3490747"/>
      <trkpt lat="-9.1077456" lon="148.3490638"/>
      <trkpt lat="-9.1079074" lon="148.3491032"/>
      <trkpt lat="-9.1080531" lon="148.3492055"/>
      <trkpt lat="-9.1081932" lon="148.3493163"/>
      <trkpt lat="-9.1083347" lon="148.3494238"/>
      <trkpt lat="-9.1084846" lon="148.3495166"/>
      <trkpt lat="-9.1085938" lon="148.3496333"/>
      <trkpt lat="-9.1086942" lon="148.3497587"/>
      <trkpt lat="-9.1088009" lon="148.3498412"/>
      <trkpt lat="-9.1089431" lon="148.3498246"/>
      <trkpt lat="-9.1090704" lon="148.3497197"/>
      <trkpt lat="-9.1091170" lon="148.3496037"/>
      <trkpt lat="-9.1091197" lon="148.3494723"/>
      <trkpt lat="-9.1091394" lon="148.3493549"/>
      <trkpt lat="-9.1092337" lon="148.3492341"/>
      <trkpt lat="-9.1093871" lon="148.3491569"/>
      <trkpt lat="-9.1095487" lon="148.3491387"/>
      <trkpt lat="-9.1097107" lon="148.3491807"/>
      <trkpt lat="-9.1098663" lon="148.3492646"/>
      <trkpt lat="-9.1100094" lon="148.3493707"/>
      <trkpt lat="-9.1101461" lon="148.3494812"/>
      <trkpt lat="-9.1102822" lon="148.3495281"/>
      <trkpt lat="-9.1104241" lon="148.3494948"/>
      <trkpt lat="-9.1105775" lon="148.3494058"/>
      <trkpt lat="-9.1106993" lon="148.3494037"/>
      <trkpt lat="-9.1107985" lon="148.3494929"/>
      <trkpt lat="-9.1108662" lon="148.3496543"/>
      <trkpt lat="-9.1109717" lon="148.3497688"/>
      <trkpt lat="-9.1111090" lon="148.3498096"/>
      <trkpt lat="-9.1112608" lon="148.3497621"/>
      <trkpt lat="-9.1114002" lon="148.3497374"/>
      <trkpt lat="-9.1115386" lon="148.3497506"/>
      <trkpt lat="-9.1116970" lon="148.3498146"/>
      <trkpt lat="-9.1118673" lon="148.3498456"/>
      <trkpt lat="-9.1120353" lon="148.3498314"/>
      <trkpt lat="-9.1121982" lon="148.3497796"/>
      <trkpt lat="-9.1123501" lon="148.3496909"/>
      <trkpt lat="-9.1125021" lon="148.3496024"/>
      <trkpt lat="-9.1126036" lon="148.3494781"/>
      <trkpt lat="-9.1126441" lon="148.3493356"/>
      <trkpt lat="-9.1126536" lon="148.3491719"/>
      <trkpt lat="-9.1127122" lon="148.3490401"/>
      <trkpt lat="-9.1128162" lon="148.3489250"/>
      <trkpt lat="-9.1129355" lon="148.3488117"/>
      <trkpt lat="-9.1130269" lon="148.3486701"/>
      <trkpt lat="-9.1130977" lon="148.3485198"/>
      <trkpt lat="-9.1131158" lon="148.3483564"/>
      <trkpt lat="-9.1131277" lon="148.3481967"/>
      <trkpt lat="-9.1131839" lon="148.3480705"/>
      <trkpt lat="-9.1133146" lon="148.3480073"/>
      <trkpt lat="-9.1134236" lon="148.3480520"/>
      <trkpt lat="-9.1134753" lon="148.3481709"/>
      <trkpt lat="-9.1135047" lon="148.3483300"/>
      <trkpt lat="-9.1135681" lon="148.3484821"/>
      <trkpt lat="-9.1136631" lon="148.3486243"/>
      <trkpt lat="-9.1137675" lon="148.3487503"/>
      <trkpt lat="-9.1138969" lon="148.3488035"/>
      <trkpt lat="-9.1140323" lon="148.3487587"/>
      <trkpt lat="-9.1141243" lon="148.3486283"/>
      <trkpt lat="-9.1141349" lon="148.3484689"/>
      <trkpt lat="-9.1140668" lon="148.3483255"/>
      <trkpt lat="-9.1140088" lon="148.3481843"/>
      <trkpt lat="-9.1140365" lon="148.3480968"/>
      <trkpt lat="-9.1141624" lon="148.3480269"/>
      <trkpt lat="-9.1143341" lon="148.3480095"/>
      <trkpt lat="-9.1145010" lon="148.3480120"/>
      <trkpt lat="-9.1146718" lon="148.3480450"/>
      <trkpt lat="-9.1148308" lon="148.3481123"/>
      <trkpt lat="-9.1149540" lon="148.3482152"/>
      <trkpt lat="-9.1150467" lon="148.3483567"/>
      <trkpt lat="-9.1150534" lon="148.3485138"/>
      <trkpt lat="-9.1150005" lon="148.3486573"/>
      <trkpt lat="-9.1149419" lon="148.3488035"/>
      <trkpt lat="-9.1149358" lon="148.3489595"/>
      <trkpt lat="-9.1150156" lon="148.3491097"/>
      <trkpt lat="-9.1151317" lon="148.3492209"/>
      <trkpt lat="-9.1152817" lon="148.3492457"/>
      <trkpt lat="-9.1154386" lon="148.3492006"/>
      <trkpt lat="-9.1155630" lon="148.3490913"/>
      <trkpt lat="-9.1156482" lon="148.3489537"/>
      <trkpt lat="-9.1156716" lon="148.3487879"/>
      <trkpt lat="-9.1156733" lon="148.3486108"/>
      <trkpt lat="-9.1156714" lon="148.3484326"/>
      <trkpt lat="-9.1157250" lon="148.3482863"/>
      <trkpt lat="-9.1158323" lon="148.3481953"/>
      <trkpt lat="-9.1159800" lon="148.3481697"/>
      <trkpt lat="-9.1161288" lon="148.3481780"/>
    </trkseg>
    <trkseg>
      <trkpt lat="-9.1165255" lon="148.3479266"/>
      <trkpt lat="-9.1166772" lon="148.3478354"/>
      <trkpt lat="-9.1168314" lon="148.3477856"/>
      <trkpt lat="-9.1169613" lon="148.3478057"/>
      <trkpt lat="-9.1169985" lon="148.3478982"/>
      <trkpt lat="-9.1169566" lon="148.3480343"/>
      <trkpt lat="-9.1168901" lon="148.3481904"/>
      <trkpt lat="-9.1168852" lon="148.3483570"/>
      <trkpt lat="-9.1169518" lon="148.3485109"/>
      <trkpt lat="-9.1170762" lon="148.3486125"/>
      <trkpt lat="-9.1172257" lon="148.3486297"/>
      <trkpt lat="-9.1173437" lon="148.3485477"/>
      <trkpt lat="-9.1173845" lon="148.3484054"/>
      <trkpt lat="-9.1174114" lon="148.3482503"/>
      <trkpt lat="-9.1174762" lon="148.3481769"/>
      <trkpt lat="-9.1176002" lon="148.3481991"/>
      <trkpt lat="-9.1176956" lon="148.3483241"/>
      <trkpt lat="-9.1177577" lon="148.3484833"/>
      <trkpt lat="-9.1178326" lon="148.3486050"/>
      <trkpt lat="-9.1179451" lon="148.3486277"/>
      <trkpt lat="-9.1180966" lon="148.3485742"/>
      <trkpt lat="-9.1182407" lon="148.3484799"/>
      <trkpt lat="-9.1183686" lon="148.3483790"/>
      <trkpt lat="-9.1184454" lon="148.3482392"/>
      <trkpt lat="-9.1185361" lon="148.3481364"/>
      <trkpt lat="-9.1186547" lon="148.3480585"/>
      <trkpt lat="-9.1187854" lon="148.3480575"/>
      <trkpt lat="-9.1189057" lon="148.3480769"/>
      <trkpt lat="-9.1190282" lon="148.3481386"/>
      <trkpt lat="-9.1191758" lon="148.3482150"/>
      <trkpt lat="-9.1193106" lon="148.3482994"/>
      <trkpt lat="-9.1194228" lon="148.3483741"/>
      <trkpt lat="-9.1194719" lon="148.3483990"/>
      <trkpt lat="-9.1195170" lon="148.3483881"/>
      <trkpt lat="-9.1195009" lon="148.3484065"/>
      <trkpt lat="-9.1194919" lon="148.3484033"/>
      <trkpt lat="-9.1195052" lon="148.3484151"/>
      <trkpt lat="-9.1195245" lon="148.3483657"/>
      <trkpt lat="-9.1195062" lon="148.3483791"/>
      <trkpt lat="-9.1194325" lon="148.3484050"/>
      <trkpt lat="-9.1193810" lon="148.3484806"/>
      <trkpt lat="-9.1193807" lon="148.3485604"/>
    </trkseg>
    <trkseg>
      <trkpt lat="-9.1192568" lon="148.3482792"/>
      <trkpt lat="-9.1193311" lon="148.3481318"/>
      <trkpt lat="-9.1194381" lon="148.3480009"/>
      <trkpt lat="-9.1195725" lon="148.3478803"/>
      <trkpt lat="-9.1197015" lon="148.3477539"/>
      <trkpt lat="-9.1198294" lon="148.3476436"/>
      <trkpt lat="-9.1199632" lon="148.3476120"/>
      <trkpt lat="-9.1200949" lon="148.3476730"/>
      <trkpt lat="-9.1201997" lon="148.3478120"/>
      <trkpt lat="-9.1203139" lon="148.3479351"/>
      <trkpt lat="-9.1203754" lon="148.3480129"/>
      <trkpt lat="-9.1204277" lon="148.3479767"/>
      <trkpt lat="-9.1203777" lon="148.3479450"/>
      <trkpt lat="-9.1203659" lon="148.3478809"/>
      <trkpt lat="-9.1203438" lon="148.3478862"/>
      <trkpt lat="-9.1203726" lon="148.3478845"/>
      <trkpt lat="-9.1203990" lon="148.3479612"/>
      <trkpt lat="-9.1204600" lon="148.3480681"/>
      <trkpt lat="-9.1205738" lon="148.3481726"/>
      <trkpt lat="-9.1207267" lon="148.3482330"/>
      <trkpt lat="-9.1209047" lon="148.3482561"/>
      <trkpt lat="-9.1210745" lon="148.3482953"/>
      <trkpt lat="-9.1212408" lon="148.3483397"/>
      <trkpt lat="-9.1214050" lon="148.3483950"/>
      <trkpt lat="-9.1215783" lon="148.3484247"/>
      <trkpt lat="-9.1217475" lon="148.3484199"/>
      <trkpt lat="-9.1218963" lon="148.3483515"/>
      <trkpt lat="-9.1220362" lon="148.3482497"/>
      <trkpt lat="-9.1221784" lon="148.3481948"/>
      <trkpt lat="-9.1223346" lon="148.3482171"/>
      <trkpt lat="-9.1224992" lon="148.3482567"/>
      <trkpt lat="-9.1226667" lon="148.3482845"/>
      <trkpt lat="-9.1228306" lon="148.3483197"/>
      <trkpt lat="-9.1229931" lon="148.3483837"/>
      <trkpt lat="-9.1231453" lon="148.3484729"/>
      <trkpt lat="-9.1233082" lon="148.3485410"/>
      <trkpt lat="-9.1234701" lon="148.3486096"/>
      <trkpt lat="-9.1236432" lon="148.3486511"/>
      <trkpt lat="-9.1237971" lon="148.3487225"/>
      <trkpt lat="-9.1239386" lon="148.3488167"/>
      <trkpt lat="-9.1240655" lon="148.3489428"/>
      <trkpt lat="-9.1242091" lon="148.3490450"/>
      <trkpt lat="-9.1243631" lon="148.3491303"/>
      <trkpt lat="-9.1245280" lon="148.3492011"/>
      <trkpt lat="-9.1246894" lon="148.3492788"/>
      <trkpt lat="-9.1248468" lon="148.3493652"/>
      <trkpt lat="-9.1250021" lon="148.3494560"/>
      <trkpt lat="-9.1251563" lon="148.3495497"/>
      <trkpt lat="-9.1253085" lon="148.3496460"/>
      <trkpt lat="-9.1254314" lon="148.3497604"/>
      <trkpt lat="-9.1255446" lon="148.3498844"/>
      <trkpt lat="-9.1256456" lon="148.3500214"/>
      <trkpt lat="-9.1257643" lon="148.3501551"/>
      <trkpt lat="-9.1258813" lon="148.3502906"/>
      <trkpt lat="-9.1260143" lon="148.3504077"/>
      <trkpt lat="-9.1261608" lon="148.3505054"/>
      <trkpt lat="-9.1262918" lon="148.3505985"/>
      <trkpt lat="-9.1263779" lon="148.3507204"/>
      <trkpt lat="-9.1264110" lon="148.3508788"/>
      <trkpt lat="-9.1263933" lon="148.3510283"/>
      <trkpt lat="-9.1263415" lon="148.3511495"/>
    </trkseg>
    <trkseg>
      <trkpt lat="-9.1264099" lon="148.3512454"/>
      <trkpt lat="-9.1263890" lon="148.3512162"/>
      <trkpt lat="-9.1263819" lon="148.3512034"/>
      <trkpt lat="-9.1263885" lon="148.3512070"/>
    </trkseg>
    <trkseg>
      <trkpt lat="-9.1262283" lon="148.3511391"/>
      <trkpt lat="-9.1263696" lon="148.3512287"/>
      <trkpt lat="-9.1264689" lon="148.3513524"/>
      <trkpt lat="-9.1265294" lon="148.3515111"/>
      <trkpt lat="-9.1265438" lon="148.3516829"/>
      <trkpt lat="-9.1265031" lon="148.3518355"/>
      <trkpt lat="-9.1264002" lon="148.3519670"/>
      <trkpt lat="-9.1262910" lon="148.3520400"/>
      <trkpt lat="-9.1262428" lon="148.3520685"/>
      <trkpt lat="-9.1262176" lon="148.3520670"/>
      <trkpt lat="-9.1262265" lon="148.3521100"/>
      <trkpt lat="-9.1262427" lon="148.3522144"/>
      <trkpt lat="-9.1263133" lon="148.3523589"/>
      <trkpt lat="-9.1264168" lon="148.3524742"/>
      <trkpt lat="-9.1264486" lon="148.3525741"/>
      <trkpt lat="-9.1264407" lon="148.3526878"/>
      <trkpt lat="-9.1264152" lon="148.3528311"/>
      <trkpt lat="-9.1264849" lon="148.3529121"/>
      <trkpt lat="-9.1266118" lon="148.3529272"/>
      <trkpt lat="-9.1267295" lon="148.3529530"/>
      <trkpt lat="-9.1267459" lon="148.3530351"/>
      <trkpt lat="-9.1266618" lon="148.3531559"/>
      <trkpt lat="-9.1265255" lon="148.3532641"/>
      <trkpt lat="-9.1264872" lon="148.3533609"/>
      <trkpt lat="-9.1264887" lon="148.3534821"/>
      <trkpt lat="-9.1264711" lon="148.3535682"/>
      <trkpt lat="-9.1263534" lon="148.3536162"/>
      <trkpt lat="-9.1261944" lon="148.3536368"/>
      <trkpt lat="-9.1260879" lon="148.3536961"/>
      <trkpt lat="-9.1260697" lon="148.3538207"/>
      <trkpt lat="-9.1261167" lon="148.3539673"/>
      <trkpt lat="-9.1261292" lon="148.3541160"/>
      <trkpt lat="-9.1260659" lon="148.3542610"/>
      <trkpt lat="-9.1260042" lon="148.3544112"/>
      <trkpt lat="-9.1259526" lon="148.3545406"/>
      <trkpt lat="-9.1258826" lon="148.3546352"/>
      <trkpt lat="-9.1257535" lon="148.3547139"/>
      <trkpt lat="-9.1256114" lon="148.3548069"/>
      <trkpt lat="-9.1254888" lon="148.3549330"/>
      <trkpt lat="-9.1253705" lon="148.3550618"/>
      <trkpt lat="-9.1253116" lon="148.3551907"/>
      <trkpt lat="-9.1253169" lon="148.3553307"/>
      <trkpt lat="-9.1253769" lon="148.3554860"/>
      <trkpt lat="-9.1254201" lon="148.3556592"/>
      <trkpt lat="-9.1254091" lon="148.3557868"/>
      <trkpt lat="-9.1253260" lon="148.3558720"/>
      <trkpt lat="-9.1251924" lon="148.3559348"/>
      <trkpt lat="-9.1250466" lon="148.3560320"/>
      <trkpt lat="-9.1249152" lon="148.3561532"/>
      <trkpt lat="-9.1247782" lon="148.3562400"/>
      <trkpt lat="-9.1246967" lon="148.3563129"/>
      <trkpt lat="-9.1246551" lon="148.3563431"/>
      <trkpt lat="-9.1246521" lon="148.3563574"/>
      <trkpt lat="-9.1246525" lon="148.3563807"/>
      <trkpt lat="-9.1246666" lon="148.3564276"/>
      <trkpt lat="-9.1247009" lon="148.3564347"/>
      <trkpt lat="-9.1246927" lon="148.3563932"/>
      <trkpt lat="-9.1246962" lon="148.3562945"/>
      <trkpt lat="-9.1246436" lon="148.3562818"/>
      <trkpt lat="-9.1246086" lon="148.3562420"/>
      <trkpt lat="-9.1245588" lon="148.3562926"/>
      <trkpt lat="-9.1245802" lon="148.3563637"/>
      <trkpt lat="-9.1245926" lon="148.3565292"/>
      <trkpt lat="-9.1245897" lon="148.3566986"/>
      <trkpt lat="-9.1245281" lon="148.3568589"/>
      <trkpt lat="-9.1244269" lon="148.3569851"/>
      <trkpt lat="-9.1242763" lon="148.3570723"/>
      <trkpt lat="-9.1241362" lon="148.3571670"/>
      <trkpt lat="-9.1240328" lon="148.3572965"/>
      <trkpt lat="-9.1239571" lon="148.3574582"/>
      <trkpt lat="-9.1238669" lon="148.3576110"/>
      <trkpt lat="-9.1237445" lon="148.3577365"/>
      <trkpt lat="-9.1235930" lon="148.3578134"/>
      <trkpt lat="-9.1234253" lon="148.3578300"/>
      <trkpt lat="-9.1232576" lon="148.3578310"/>
      <trkpt lat="-9.1230902" lon="148.3578395"/>
      <trkpt lat="-9.1229343" lon="148.3579017"/>
      <trkpt lat="-9.1227834" lon="148.3579875"/>
      <trkpt lat="-9.1226360" lon="148.3580833"/>
      <trkpt lat="-9.1224799" lon="148.3581617"/>
      <trkpt lat="-9.1223122" lon="148.3582154"/>
      <trkpt lat="-9.1221435" lon="148.3582718"/>
      <trkpt lat="-9.1219717" lon="148.3583179"/>
      <trkpt lat="-9.1218050" lon="148.3583779"/>
      <trkpt lat="-9.1216598" lon="148.3584638"/>
      <trkpt lat="-9.1215554" lon="148.3585976"/>
      <trkpt lat="-9.1214789" lon="148.3587582"/>
      <trkpt lat="-9.1213967" lon="148.3589140"/>
      <trkpt lat="-9.1212932" lon="148.3590573"/>
      <trkpt lat="-9.1212157" lon="148.3591971"/>
      <trkpt lat="-9.1212365" lon="148.3592907"/>
      <trkpt lat="-9.1213163" lon="148.3593826"/>
      <trkpt lat="-9.1213557" lon="148.3594690"/>
      <trkpt lat="-9.1212866" lon="148.3595810"/>
      <trkpt lat="-9.1211556" lon="148.3596827"/>
      <trkpt lat="-9.1210442" lon="148.3597970"/>
      <trkpt lat="-9.1209498" lon="148.3599370"/>
      <trkpt lat="-9.1208393" lon="148.3600605"/>
      <trkpt lat="-9.1207246" lon="148.3601382"/>
      <trkpt lat="-9.1206904" lon="148.3601352"/>
      <trkpt lat="-9.1207163" lon="148.3601305"/>
      <trkpt lat="-9.1207288" lon="148.3601151"/>
      <trkpt lat="-9.1206572" lon="148.3601310"/>
    </trkseg>
    <trkseg>
      <trkpt lat="-9.1148732" lon="148.3686257"/>
      <trkpt lat="-9.1147841" lon="148.3685928"/>
    </trkseg>
    <trkseg>
      <trkpt lat="-9.1147126" lon="148.3686531"/>
      <trkpt lat="-9.1148318" lon="148.3687872"/>
      <trkpt lat="-9.1149601" lon="148.3689120"/>
      <trkpt lat="-9.1150725" lon="148.3690429"/>
      <trkpt lat="-9.1151208" lon="148.3691876"/>
      <trkpt lat="-9.1151274" lon="148.3693519"/>
      <trkpt lat="-9.1151124" lon="148.3695227"/>
      <trkpt lat="-9.1150758" lon="148.3696785"/>
      <trkpt lat="-9.1149837" lon="148.3698053"/>
      <trkpt lat="-9.1148501" lon="148.3699139"/>
      <trkpt lat="-9.1147168" lon="148.3700308"/>
      <trkpt lat="-9.1146040" lon="148.3701667"/>
      <trkpt lat="-9.1145199" lon="148.3703186"/>
      <trkpt lat="-9.1144350" lon="148.3704702"/>
      <trkpt lat="-9.1143541" lon="148.3706264"/>
      <trkpt lat="-9.1142718" lon="148.3707822"/>
      <trkpt lat="-9.1141941" lon="148.3709421"/>
      <trkpt lat="-9.1141067" lon="148.3710966"/>
      <trkpt lat="-9.1140085" lon="148.3712222"/>
      <trkpt lat="-9.1139740" lon="148.3712648"/>
      <trkpt lat="-9.1139693" lon="148.3712593"/>
      <trkpt lat="-9.1139566" lon="148.3712651"/>
      <trkpt lat="-9.1139420" lon="148.3713507"/>
      <trkpt lat="-9.1139504" lon="148.3713797"/>
      <trkpt lat="-9.1139739" lon="148.3713612"/>
      <trkpt lat="-9.1139628" lon="148.3712988"/>
      <trkpt lat="-9.1139224" lon="148.3713380"/>
      <trkpt lat="-9.1138805" lon="148.3714324"/>
      <trkpt lat="-9.1137862" lon="148.3715262"/>
      <trkpt lat="-9.1136497" lon="148.3715914"/>
      <trkpt lat="-9.1135073" lon="148.3716626"/>
      <trkpt lat="-9.1134181" lon="148.3717919"/>
      <trkpt lat="-9.1133875" lon="148.3719661"/>
      <trkpt lat="-9.1133792" lon="148.3721465"/>
      <trkpt lat="-9.1133975" lon="148.3723211"/>
      <trkpt lat="-9.1134366" lon="148.3724905"/>
      <trkpt lat="-9.1134865" lon="148.3726589"/>
      <trkpt lat="-9.1135073" lon="148.3728268"/>
      <trkpt lat="-9.1134512" lon="148.3729676"/>
      <trkpt lat="-9.1133414" lon="148.3730862"/>
      <trkpt lat="-9.1131888" lon="148.3731822"/>
      <trkpt lat="-9.1130650" lon="148.3733018"/>
      <trkpt lat="-9.1129889" lon="148.3734446"/>
      <trkpt lat="-9.1129451" lon="148.3736134"/>
      <trkpt lat="-9.1129129" lon="148.3737864"/>
      <trkpt lat="-9.1128843" lon="148.3739590"/>
      <trkpt lat="-9.1128540" lon="148.3741245"/>
      <trkpt lat="-9.1128337" lon="148.3742910"/>
      <trkpt lat="-9.1128007" lon="148.3744548"/>
      <trkpt lat="-9.1127821" lon="148.3746290"/>
      <trkpt lat="-9.1127788" lon="148.3748001"/>
      <trkpt lat="-9.1127606" lon="148.3749678"/>
      <trkpt lat="-9.1127485" lon="148.3750790"/>
      <trkpt lat="-9.1127235" lon="148.3751395"/>
    </trkseg>
    <trkseg>
      <trkpt lat="-9.1126555" lon="148.3752046"/>
      <trkpt lat="-9.1125951" lon="148.3753742"/>
      <trkpt lat="-9.1125212" lon="148.3755381"/>
      <trkpt lat="-9.1124325" lon="148.3756942"/>
      <trkpt lat="-9.1123601" lon="148.3758512"/>
      <trkpt lat="-9.1123152" lon="148.3760146"/>
      <trkpt lat="-9.1122853" lon="148.3761859"/>
      <trkpt lat="-9.1122586" lon="148.3763638"/>
      <trkpt lat="-9.1122090" lon="148.3765328"/>
      <trkpt lat="-9.1121798" lon="148.3767032"/>
      <trkpt lat="-9.1121750" lon="148.3768707"/>
      <trkpt lat="-9.1121952" lon="148.3770483"/>
      <trkpt lat="-9.1122066" lon="148.3772262"/>
      <trkpt lat="-9.1121875" lon="148.3774042"/>
      <trkpt lat="-9.1121685" lon="148.3775803"/>
      <trkpt lat="-9.1121492" lon="148.3777554"/>
      <trkpt lat="-9.1121232" lon="148.3779292"/>
      <trkpt lat="-9.1120976" lon="148.3781045"/>
      <trkpt lat="-9.1120992" lon="148.3782754"/>
      <trkpt lat="-9.1121454" lon="148.3784471"/>
      <trkpt lat="-9.1122219" lon="148.3786106"/>
      <trkpt lat="-9.1123232" lon="148.3787477"/>
      <trkpt lat="-9.1124393" lon="148.3788768"/>
      <trkpt lat="-9.1125623" lon="148.3790008"/>
      <trkpt lat="-9.1126589" lon="148.3791516"/>
      <trkpt lat="-9.1127450" lon="148.3793055"/>
      <trkpt lat="-9.1128123" lon="148.3794272"/>
      <trkpt lat="-9.1128345" lon="148.3795208"/>
      <trkpt lat="-9.1128606" lon="148.3796133"/>
      <trkpt lat="-9.1128773" lon="148.3797509"/>
      <trkpt lat="-9.1129304" lon="148.3799188"/>
      <trkpt lat="-9.1129733" lon="148.3800930"/>
      <trkpt lat="-9.1130221" lon="148.3802658"/>
      <trkpt lat="-9.1130689" lon="148.3804390"/>
      <trkpt lat="-9.1130819" lon="148.3806142"/>
      <trkpt lat="-9.1130662" lon="148.3807889"/>
      <trkpt lat="-9.1130515" lon="148.3809648"/>
      <trkpt lat="-9.1130567" lon="148.3811415"/>
      <trkpt lat="-9.1130798" lon="148.3813201"/>
      <trkpt lat="-9.1130781" lon="148.3814972"/>
      <trkpt lat="-9.1130543" lon="148.3816730"/>
      <trkpt lat="-9.1130434" lon="148.3818456"/>
      <trkpt lat="-9.1130689" lon="148.3820156"/>
      <trkpt lat="-9.1131257" lon="148.3821849"/>
      <trkpt lat="-9.1131660" lon="148.3823571"/>
      <trkpt lat="-9.1131844" lon="148.3825342"/>
      <trkpt lat="-9.1131910" lon="148.3827129"/>
      <trkpt lat="-9.1132015" lon="148.3828913"/>
      <trkpt lat="-9.1131905" lon="148.3830668"/>
      <trkpt lat="-9.1131513" lon="148.3832382"/>
      <trkpt lat="-9.1130860" lon="148.3834059"/>
      <trkpt lat="-9.1130525" lon="148.3835749"/>
      <trkpt lat="-9.1130619" lon="148.3837471"/>
      <trkpt lat="-9.1130893" lon="148.3839230"/>
      <trkpt lat="-9.1131024" lon="148.3841003"/>
      <trkpt lat="-9.1130830" lon="148.3842773"/>
      <trkpt lat="-9.1130353" lon="148.3844470"/>
      <trkpt lat="-9.1129559" lon="148.3846071"/>
      <trkpt lat="-9.1128697" lon="148.3847654"/>
      <trkpt lat="-9.1127893" lon="148.3849271"/>
      <trkpt lat="-9.1127148" lon="148.3850916"/>
      <trkpt lat="-9.1126278" lon="148.3852496"/>
      <trkpt lat="-9.1125317" lon="148.3854015"/>
      <trkpt lat="-9.1124304" lon="148.3855507"/>
      <trkpt lat="-9.1123317" lon="148.3857017"/>
      <trkpt lat="-9.1122446" lon="148.3858596"/>
      <trkpt lat="-9.1121667" lon="148.3860207"/>
      <trkpt lat="-9.1120896" lon="148.3861821"/>
      <trkpt lat="-9.1120029" lon="148.3863386"/>
      <trkpt lat="-9.1119163" lon="148.3864965"/>
      <trkpt lat="-9.1118550" lon="148.3866628"/>
      <trkpt lat="-9.1118039" lon="148.3868342"/>
      <trkpt lat="-9.1117472" lon="148.3870034"/>
      <trkpt lat="-9.1116739" lon="148.3871688"/>
      <trkpt lat="-9.1116161" lon="148.3872948"/>
      <trkpt lat="-9.1115811" lon="148.3873854"/>
    </trkseg>
    <trkseg>
      <trkpt lat="-9.1115170" lon="148.3874507"/>
      <trkpt lat="-9.1114479" lon="148.3876174"/>
      <trkpt lat="-9.1113647" lon="148.3877758"/>
      <trkpt lat="-9.1112672" lon="148.3879258"/>
      <trkpt lat="-9.1111457" lon="148.3880578"/>
      <trkpt lat="-9.1110243" lon="148.3881880"/>
      <trkpt lat="-9.1109043" lon="148.3883191"/>
      <trkpt lat="-9.1107888" lon="148.3884056"/>
      <trkpt lat="-9.1106540" lon="148.3884245"/>
      <trkpt lat="-9.1104991" lon="148.3883731"/>
      <trkpt lat="-9.1103363" lon="148.3882968"/>
      <trkpt lat="-9.1101940" lon="148.3881958"/>
      <trkpt lat="-9.1100750" lon="148.3880658"/>
      <trkpt lat="-9.1099758" lon="148.3879165"/>
      <trkpt lat="-9.1099010" lon="148.3877887"/>
      <trkpt lat="-9.1098476" lon="148.3876870"/>
    </trkseg>
    <trkseg>
      <trkpt lat="-9.1097780" lon="148.3875787"/>
      <trkpt lat="-9.1096548" lon="148.3874459"/>
      <trkpt lat="-9.1096533" lon="148.3874444"/>
    </trkseg>
    <trkseg>
      <trkpt lat="-9.1096230" lon="148.3873537"/>
      <trkpt lat="-9.1095758" lon="148.3871843"/>
      <trkpt lat="-9.1094869" lon="148.3870446"/>
      <trkpt lat="-9.1093975" lon="148.3869050"/>
      <trkpt lat="-9.1093050" lon="148.3867661"/>
      <trkpt lat="-9.1092239" lon="148.3866122"/>
      <trkpt lat="-9.1091114" lon="148.3864730"/>
      <trkpt lat="-9.1090021" lon="148.3863328"/>
      <trkpt lat="-9.1089196" lon="148.3861787"/>
      <trkpt lat="-9.1088603" lon="148.3860119"/>
      <trkpt lat="-9.1088086" lon="148.3858390"/>
      <trkpt lat="-9.1087470" lon="148.3856687"/>
      <trkpt lat="-9.1086696" lon="148.3855068"/>
      <trkpt lat="-9.1085675" lon="148.3853648"/>
      <trkpt lat="-9.1084454" lon="148.3852362"/>
      <trkpt lat="-9.1083091" lon="148.3851208"/>
      <trkpt lat="-9.1081986" lon="148.3849853"/>
      <trkpt lat="-9.1081219" lon="148.3848331"/>
      <trkpt lat="-9.1080816" lon="148.3846577"/>
      <trkpt lat="-9.1080409" lon="148.3844826"/>
      <trkpt lat="-9.1079700" lon="148.3843205"/>
      <trkpt lat="-9.1078763" lon="148.3841691"/>
      <trkpt lat="-9.1077848" lon="148.3840161"/>
      <trkpt lat="-9.1077168" lon="148.3838512"/>
      <trkpt lat="-9.1076696" lon="148.3836763"/>
      <trkpt lat="-9.1076237" lon="148.3835085"/>
      <trkpt lat="-9.1075838" lon="148.3833947"/>
      <trkpt lat="-9.1075084" lon="148.3833041"/>
      <trkpt lat="-9.1074056" lon="148.3832266"/>
      <trkpt lat="-9.1072793" lon="148.3831025"/>
      <trkpt lat="-9.1071628" lon="148.3829682"/>
      <trkpt lat="-9.1070661" lon="148.3828219"/>
      <trkpt lat="-9.1069801" lon="148.3826767"/>
      <trkpt lat="-9.1068891" lon="148.3825373"/>
      <trkpt lat="-9.1067878" lon="148.3823996"/>
      <trkpt lat="-9.1066647" lon="148.3822696"/>
      <trkpt lat="-9.1065593" lon="148.3821299"/>
      <trkpt lat="-9.1064571" lon="148.3819888"/>
      <trkpt lat="-9.1063599" lon="148.3818515"/>
      <trkpt lat="-9.1062490" lon="148.3817246"/>
      <trkpt lat="-9.1061284" lon="148.3816047"/>
      <trkpt lat="-9.1060443" lon="148.3814642"/>
      <trkpt lat="-9.1059661" lon="148.3813215"/>
      <trkpt lat="-9.1058863" lon="148.3811819"/>
      <trkpt lat="-9.1058084" lon="148.3810468"/>
      <trkpt lat="-9.1057768" lon="148.3808947"/>
      <trkpt lat="-9.1058057" lon="148.3807222"/>
      <trkpt lat="-9.1058582" lon="148.3805500"/>
      <trkpt lat="-9.1059022" lon="148.3803768"/>
      <trkpt lat="-9.1059427" lon="148.3802033"/>
      <trkpt lat="-9.1059707" lon="148.3800251"/>
      <trkpt lat="-9.1059825" lon="148.3798481"/>
      <trkpt lat="-9.1059597" lon="148.3796743"/>
      <trkpt lat="-9.1058969" lon="148.3795064"/>
      <trkpt lat="-9.1058138" lon="148.3793490"/>
      <trkpt lat="-9.1057353" lon="148.3791899"/>
      <trkpt lat="-9.1056879" lon="148.3790314"/>
      <trkpt lat="-9.1056307" lon="148.3788801"/>
      <trkpt lat="-9.1055576" lon="148.3787390"/>
      <trkpt lat="-9.1054394" lon="148.3786099"/>
      <trkpt lat="-9.1053091" lon="148.3785041"/>
      <trkpt lat="-9.1051681" lon="148.3784094"/>
      <trkpt lat="-9.1050168" lon="148.3783369"/>
      <trkpt lat="-9.1048704" lon="148.3782500"/>
      <trkpt lat="-9.1047659" lon="148.3781385"/>
      <trkpt lat="-9.1047166" lon="148.3779915"/>
      <trkpt lat="-9.1047653" lon="148.3778469"/>
      <trkpt lat="-9.1048425" lon="148.3777221"/>
      <trkpt lat="-9.1049611" lon="148.3776106"/>
      <trkpt lat="-9.1050694" lon="148.3774884"/>
      <trkpt lat="-9.1051845" lon="148.3773599"/>
      <trkpt lat="-9.1052598" lon="148.3772148"/>
      <trkpt lat="-9.1052804" lon="148.3770529"/>
      <trkpt lat="-9.1052377" lon="148.3768864"/>
      <trkpt lat="-9.1051629" lon="148.3767234"/>
      <trkpt lat="-9.1050507" lon="148.3766148"/>
      <trkpt lat="-9.1049507" lon="148.3765115"/>
      <trkpt lat="-9.1048285" lon="148.3764287"/>
      <trkpt lat="-9.1047243" lon="148.3763064"/>
      <trkpt lat="-9.1045839" lon="148.3762313"/>
      <trkpt lat="-9.1044357" lon="148.3761995"/>
      <trkpt lat="-9.1042897" lon="148.3761828"/>
      <trkpt lat="-9.1041962" lon="148.3761051"/>
      <trkpt lat="-9.1041536" lon="148.3759575"/>
      <trkpt lat="-9.1041267" lon="148.3757827"/>
      <trkpt lat="-9.1040595" lon="148.3756264"/>
      <trkpt lat="-9.1039614" lon="148.3754867"/>
      <trkpt lat="-9.1038643" lon="148.3753531"/>
      <trkpt lat="-9.1038216" lon="148.3752020"/>
      <trkpt lat="-9.1038151" lon="148.3750335"/>
      <trkpt lat="-9.1038306" lon="148.3748535"/>
      <trkpt lat="-9.1038053" lon="148.3746820"/>
      <trkpt lat="-9.1037746" lon="148.3745308"/>
      <trkpt lat="-9.1037477" lon="148.3744294"/>
      <trkpt lat="-9.1037327" lon="148.3743212"/>
      <trkpt lat="-9.1037519" lon="148.3742065"/>
      <trkpt lat="-9.1037084" lon="148.3740808"/>
      <trkpt lat="-9.1036873" lon="148.3739615"/>
      <trkpt lat="-9.1036314" lon="148.3738315"/>
      <trkpt lat="-9.1036205" lon="148.3736856"/>
      <trkpt lat="-9.1036112" lon="148.3735595"/>
      <trkpt lat="-9.1035746" lon="148.3734527"/>
      <trkpt lat="-9.1035121" lon="148.3733362"/>
      <trkpt lat="-9.1034006" lon="148.3732084"/>
      <trkpt lat="-9.1033040" lon="148.3730693"/>
      <trkpt lat="-9.1032393" lon="148.3729227"/>
      <trkpt lat="-9.1032557" lon="148.3727734"/>
      <trkpt lat="-9.1033098" lon="148.3726232"/>
      <trkpt lat="-9.1033370" lon="148.3724743"/>
      <trkpt lat="-9.1033391" lon="148.3723166"/>
      <trkpt lat="-9.1033207" lon="148.3721492"/>
      <trkpt lat="-9.1033384" lon="148.3719801"/>
      <trkpt lat="-9.1033085" lon="148.3718320"/>
      <trkpt lat="-9.1032797" lon="148.3717088"/>
      <trkpt lat="-9.1032512" lon="148.3716714"/>
      <trkpt lat="-9.1032383" lon="148.3716357"/>
      <trkpt lat="-9.1032233" lon="148.3716372"/>
      <trkpt lat="-9.1031974" lon="148.3716106"/>
      <trkpt lat="-9.1031869" lon="148.3716183"/>
    </trkseg>
    <trkseg>
      <trkpt lat="-9.1031231" lon="148.3719654"/>
      <trkpt lat="-9.1029656" lon="148.3720529"/>
      <trkpt lat="-9.1029512" lon="148.3720591"/>
    </trkseg>
    <trkseg>
      <trkpt lat="-9.1029669" lon="148.3721503"/>
      <trkpt lat="-9.1028323" lon="148.3722681"/>
      <trkpt lat="-9.1026836" lon="148.3723636"/>
      <trkpt lat="-9.1025197" lon="148.3724334"/>
      <trkpt lat="-9.1023582" lon="148.3725033"/>
      <trkpt lat="-9.1022337" lon="148.3726116"/>
      <trkpt lat="-9.1021103" lon="148.3727200"/>
      <trkpt lat="-9.1019915" lon="148.3728354"/>
      <trkpt lat="-9.1018567" lon="148.3729409"/>
      <trkpt lat="-9.1017743" lon="148.3730901"/>
      <trkpt lat="-9.1017191" lon="148.3732499"/>
      <trkpt lat="-9.1017395" lon="148.3733674"/>
      <trkpt lat="-9.1017274" lon="148.3733840"/>
      <trkpt lat="-9.1017280" lon="148.3734038"/>
      <trkpt lat="-9.1016897" lon="148.3734241"/>
      <trkpt lat="-9.1017426" lon="148.3735052"/>
      <trkpt lat="-9.1017727" lon="148.3734950"/>
      <trkpt lat="-9.1017781" lon="148.3735088"/>
      <trkpt lat="-9.1017081" lon="148.3735394"/>
      <trkpt lat="-9.1016491" lon="148.3736227"/>
      <trkpt lat="-9.1016237" lon="148.3736193"/>
      <trkpt lat="-9.1016741" lon="148.3735631"/>
      <trkpt lat="-9.1017812" lon="148.3735069"/>
      <trkpt lat="-9.1018400" lon="148.3734820"/>
      <trkpt lat="-9.1017916" lon="148.3734684"/>
      <trkpt lat="-9.1016435" lon="148.3734504"/>
      <trkpt lat="-9.1014897" lon="148.3734210"/>
      <trkpt lat="-9.1013501" lon="148.3733645"/>
      <trkpt lat="-9.1013264" lon="148.3732987"/>
      <trkpt lat="-9.1013132" lon="148.3732842"/>
      <trkpt lat="-9.1013363" lon="148.3732460"/>
      <trkpt lat="-9.1013164" lon="148.3731456"/>
      <trkpt lat="-9.1013424" lon="148.3729884"/>
      <trkpt lat="-9.1013934" lon="148.3728353"/>
      <trkpt lat="-9.1014608" lon="148.3726898"/>
      <trkpt lat="-9.1015390" lon="148.3725309"/>
      <trkpt lat="-9.1016123" lon="148.3723665"/>
      <trkpt lat="-9.1016748" lon="148.3721963"/>
      <trkpt lat="-9.1017447" lon="148.3720298"/>
      <trkpt lat="-9.1018461" lon="148.3718881"/>
      <trkpt lat="-9.1019255" lon="148.3718067"/>
      <trkpt lat="-9.1020216" lon="148.3717418"/>
      <trkpt lat="-9.1020588" lon="148.3717067"/>
      <trkpt lat="-9.1020951" lon="148.3716683"/>
      <trkpt lat="-9.1020921" lon="148.3716056"/>
      <trkpt lat="-9.1021166" lon="148.3714885"/>
      <trkpt lat="-9.1021655" lon="148.3713155"/>
      <trkpt lat="-9.1022290" lon="148.3711482"/>
      <trkpt lat="-9.1022937" lon="148.3709869"/>
      <trkpt lat="-9.1023158" lon="148.3708249"/>
      <trkpt lat="-9.1022982" lon="148.3706608"/>
      <trkpt lat="-9.1022626" lon="148.3704922"/>
      <trkpt lat="-9.1022383" lon="148.3703213"/>
      <trkpt lat="-9.1022289" lon="148.3701473"/>
      <trkpt lat="-9.1022162" lon="148.3699698"/>
      <trkpt lat="-9.1021908" lon="148.3697944"/>
      <trkpt lat="-9.1021325" lon="148.3696308"/>
      <trkpt lat="-9.1020355" lon="148.3694822"/>
      <trkpt lat="-9.1019276" lon="148.3693386"/>
      <trkpt lat="-9.1018592" lon="148.3691848"/>
      <trkpt lat="-9.1018105" lon="148.3690204"/>
      <trkpt lat="-9.1017864" lon="148.3688484"/>
      <trkpt lat="-9.1017599" lon="148.3686742"/>
      <trkpt lat="-9.1017451" lon="148.3684955"/>
      <trkpt lat="-9.1017141" lon="148.3683196"/>
      <trkpt lat="-9.1016936" lon="148.3682026"/>
      <trkpt lat="-9.1016822" lon="148.3681027"/>
      <trkpt lat="-9.1017101" lon="148.3680741"/>
      <trkpt lat="-9.1016960" lon="148.3680475"/>
      <trkpt lat="-9.1016900" lon="148.3680648"/>
      <trkpt lat="-9.1016796" lon="148.3680709"/>
      <trkpt lat="-9.1016788" lon="148.3680758"/>
      <trkpt lat="-9.1016802" lon="148.3680639"/>
      <trkpt lat="-9.1016687" lon="148.3680418"/>
      <trkpt lat="-9.1016832" lon="148.3680521"/>
      <trkpt lat="-9.1016977" lon="148.3680213"/>
      <trkpt lat="-9.1017194" lon="148.3679399"/>
      <trkpt lat="-9.1017180" lon="148.3677725"/>
      <trkpt lat="-9.1016996" lon="148.3676027"/>
      <trkpt lat="-9.1016727" lon="148.3674286"/>
      <trkpt lat="-9.1016597" lon="148.3672481"/>
      <trkpt lat="-9.1016328" lon="148.3670712"/>
      <trkpt lat="-9.1016228" lon="148.3669010"/>
      <trkpt lat="-9.1016542" lon="148.3667438"/>
      <trkpt lat="-9.1017350" lon="148.3665900"/>
      <trkpt lat="-9.1018127" lon="148.3664324"/>
      <trkpt lat="-9.1018890" lon="148.3662744"/>
      <trkpt lat="-9.1019715" lon="148.3661193"/>
      <trkpt lat="-9.1020927" lon="148.3660071"/>
      <trkpt lat="-9.1022174" lon="148.3659048"/>
      <trkpt lat="-9.1023551" lon="148.3658293"/>
      <trkpt lat="-9.1024819" lon="148.3657498"/>
      <trkpt lat="-9.1025737" lon="148.3657093"/>
      <trkpt lat="-9.1026238" lon="148.3656995"/>
      <trkpt lat="-9.1026267" lon="148.3656891"/>
      <trkpt lat="-9.1026363" lon="148.3656186"/>
      <trkpt lat="-9.1026677" lon="148.3654909"/>
      <trkpt lat="-9.1026686" lon="148.3653408"/>
      <trkpt lat="-9.1026460" lon="148.3651930"/>
      <trkpt lat="-9.1025620" lon="148.3650501"/>
      <trkpt lat="-9.1024689" lon="148.3649147"/>
      <trkpt lat="-9.1023410" lon="148.3648008"/>
      <trkpt lat="-9.1022027" lon="148.3646943"/>
      <trkpt lat="-9.1020601" lon="148.3646047"/>
      <trkpt lat="-9.1019127" lon="148.3645194"/>
      <trkpt lat="-9.1017826" lon="148.3644186"/>
      <trkpt lat="-9.1016549" lon="148.3643053"/>
      <trkpt lat="-9.1015254" lon="148.3641952"/>
      <trkpt lat="-9.1013801" lon="148.3640944"/>
      <trkpt lat="-9.1012555" lon="148.3639712"/>
      <trkpt lat="-9.1011665" lon="148.3638188"/>
      <trkpt lat="-9.1011050" lon="148.3636516"/>
      <trkpt lat="-9.1010314" lon="148.3634933"/>
      <trkpt lat="-9.1009684" lon="148.3633328"/>
      <trkpt lat="-9.1009182" lon="148.3631695"/>
      <trkpt lat="-9.1009001" lon="148.3630118"/>
      <trkpt lat="-9.1008760" lon="148.3628666"/>
      <trkpt lat="-9.1008486" lon="148.3627250"/>
      <trkpt lat="-9.1008353" lon="148.3625616"/>
      <trkpt lat="-9.1008272" lon="148.3623849"/>
      <trkpt lat="-9.1007959" lon="148.3622207"/>
      <trkpt lat="-9.1007375" lon="148.3620650"/>
      <trkpt lat="-9.1006354" lon="148.3619594"/>
      <trkpt lat="-9.1005082" lon="148.3618886"/>
      <trkpt lat="-9.1003687" lon="148.3618211"/>
      <trkpt lat="-9.1002425" lon="148.3617174"/>
      <trkpt lat="-9.1001836" lon="148.3615785"/>
      <trkpt lat="-9.1001502" lon="148.3614888"/>
      <trkpt lat="-9.1001676" lon="148.3614308"/>
      <trkpt lat="-9.1001628" lon="148.3614701"/>
      <trkpt lat="-9.1001362" lon="148.3615408"/>
      <trkpt lat="-9.1001022" lon="148.3616213"/>
      <trkpt lat="-9.1001233" lon="148.3616264"/>
      <trkpt lat="-9.1001977" lon="148.3616029"/>
      <trkpt lat="-9.1002700" lon="148.3615647"/>
      <trkpt lat="-9.1002855" lon="148.3615592"/>
      <trkpt lat="-9.1002759" lon="148.3615557"/>
      <trkpt lat="-9.1002687" lon="148.3615181"/>
      <trkpt lat="-9.1002753" lon="148.3614122"/>
      <trkpt lat="-9.1002940" lon="148.3612408"/>
      <trkpt lat="-9.1002843" lon="148.3610706"/>
      <trkpt lat="-9.1002655" lon="148.3608986"/>
      <trkpt lat="-9.1002366" lon="148.3607269"/>
      <trkpt lat="-9.1002320" lon="148.3605480"/>
      <trkpt lat="-9.1002420" lon="148.3603716"/>
      <trkpt lat="-9.1002392" lon="148.3602035"/>
      <trkpt lat="-9.1002501" lon="148.3600372"/>
      <trkpt lat="-9.1002638" lon="148.3598696"/>
      <trkpt lat="-9.1003031" lon="148.3596937"/>
      <trkpt lat="-9.1003432" lon="148.3595173"/>
      <trkpt lat="-9.1003942" lon="148.3593443"/>
      <trkpt lat="-9.1004672" lon="148.3591842"/>
      <trkpt lat="-9.1005772" lon="148.3590986"/>
      <trkpt lat="-9.1007137" lon="148.3591018"/>
      <trkpt lat="-9.1008609" lon="148.3591907"/>
      <trkpt lat="-9.1010072" lon="148.3592933"/>
      <trkpt lat="-9.1011417" lon="148.3593455"/>
      <trkpt lat="-9.1012552" lon="148.3593543"/>
      <trkpt lat="-9.1013152" lon="148.3593784"/>
      <trkpt lat="-9.1013497" lon="148.3594401"/>
      <trkpt lat="-9.1013171" lon="148.3594925"/>
      <trkpt lat="-9.1013120" lon="148.3594450"/>
      <trkpt lat="-9.1012873" lon="148.3593998"/>
      <trkpt lat="-9.1013257" lon="148.3593284"/>
      <trkpt lat="-9.1013197" lon="148.3592651"/>
      <trkpt lat="-9.1013289" lon="148.3592372"/>
      <trkpt lat="-9.1013705" lon="148.3592268"/>
      <trkpt lat="-9.1014779" lon="148.3592283"/>
      <trkpt lat="-9.1016257" lon="148.3591382"/>
      <trkpt lat="-9.1017725" lon="148.3590393"/>
      <trkpt lat="-9.1019122" lon="148.3589428"/>
      <trkpt lat="-9.1020414" lon="148.3588323"/>
      <trkpt lat="-9.1021707" lon="148.3587242"/>
      <trkpt lat="-9.1022567" lon="148.3586342"/>
      <trkpt lat="-9.1023452" lon="148.3585650"/>
      <trkpt lat="-9.1024220" lon="148.3584803"/>
      <trkpt lat="-9.1025377" lon="148.3583653"/>
      <trkpt lat="-9.1026383" lon="148.3582643"/>
      <trkpt lat="-9.1027137" lon="148.3581777"/>
      <trkpt lat="-9.1027795" lon="148.3580821"/>
      <trkpt lat="-9.1028559" lon="148.3579512"/>
      <trkpt lat="-9.1029613" lon="148.3578171"/>
      <trkpt lat="-9.1030907" lon="148.3577160"/>
      <trkpt lat="-9.1032425" lon="148.3576543"/>
      <trkpt lat="-9.1034084" lon="148.3576443"/>
      <trkpt lat="-9.1035647" lon="148.3576990"/>
      <trkpt lat="-9.1037114" lon="148.3577909"/>
      <trkpt lat="-9.1038452" lon="148.3579035"/>
      <trkpt lat="-9.1039946" lon="148.3579923"/>
      <trkpt lat="-9.1041543" lon="148.3580579"/>
      <trkpt lat="-9.1043279" lon="148.3580682"/>
      <trkpt lat="-9.1044983" lon="148.3580306"/>
      <trkpt lat="-9.1046485" lon="148.3579471"/>
      <trkpt lat="-9.1047856" lon="148.3578392"/>
      <trkpt lat="-9.1049148" lon="148.3577368"/>
      <trkpt lat="-9.1050476" lon="148.3576345"/>
      <trkpt lat="-9.1051391" lon="148.3575389"/>
      <trkpt lat="-9.1052173" lon="148.3574813"/>
      <trkpt lat="-9.1052410" lon="148.3574416"/>
      <trkpt lat="-9.1052482" lon="148.3574105"/>
      <trkpt lat="-9.1052103" lon="148.3573388"/>
    </trkseg>
    <trkseg>
      <trkpt lat="-9.1388634" lon="148.3873959"/>
      <trkpt lat="-9.1389393" lon="148.3874183"/>
      <trkpt lat="-9.1389923" lon="148.3874037"/>
      <trkpt lat="-9.1389754" lon="148.3874053"/>
      <trkpt lat="-9.1389631" lon="148.3874555"/>
      <trkpt lat="-9.1389248" lon="148.3875140"/>
    </trkseg>
    <trkseg>
      <trkpt lat="-9.1334800" lon="148.3721831"/>
      <trkpt lat="-9.1334163" lon="148.3720154"/>
      <trkpt lat="-9.1333463" lon="148.3718492"/>
      <trkpt lat="-9.1332632" lon="148.3716895"/>
      <trkpt lat="-9.1331721" lon="148.3715988"/>
      <trkpt lat="-9.1330568" lon="148.3716009"/>
      <trkpt lat="-9.1329316" lon="148.3716867"/>
      <trkpt lat="-9.1328566" lon="148.3718143"/>
      <trkpt lat="-9.1328268" lon="148.3719639"/>
      <trkpt lat="-9.1328343" lon="148.3721330"/>
      <trkpt lat="-9.1328641" lon="148.3722876"/>
      <trkpt lat="-9.1329467" lon="148.3724163"/>
      <trkpt lat="-9.1330822" lon="148.3725248"/>
      <trkpt lat="-9.1332287" lon="148.3726241"/>
      <trkpt lat="-9.1333611" lon="148.3727138"/>
      <trkpt lat="-9.1335005" lon="148.3727567"/>
      <trkpt lat="-9.1336533" lon="148.3727656"/>
      <trkpt lat="-9.1337638" lon="148.3726970"/>
      <trkpt lat="-9.1337834" lon="148.3725935"/>
      <trkpt lat="-9.1337116" lon="148.3724384"/>
      <trkpt lat="-9.1336209" lon="148.3722836"/>
      <trkpt lat="-9.1335391" lon="148.3721249"/>
    </trkseg>
    <trkseg>
      <trkpt lat="-9.1394904" lon="148.3872575"/>
      <trkpt lat="-9.1394608" lon="148.3870921"/>
      <trkpt lat="-9.1395053" lon="148.3869652"/>
      <trkpt lat="-9.1396266" lon="148.3869175"/>
      <trkpt lat="-9.1397805" lon="148.3869610"/>
      <trkpt lat="-9.1398985" lon="148.3870764"/>
      <trkpt lat="-9.1399265" lon="148.3872172"/>
      <trkpt lat="-9.1398536" lon="148.3873403"/>
      <trkpt lat="-9.1397163" lon="148.3873764"/>
      <trkpt lat="-9.1396009" lon="148.3873418"/>
      <trkpt lat="-9.1395276" lon="148.3872631"/>
    </trkseg>
  </trk>
  <trk>
    <name>Ginangi - Joshua Mokondo</name>
    <desc>Walked by Joshua Mokondo. 14.9 km, 6 track(s), recorded on the ground. Ginangi, Zone 7B.</desc>
    <type>walked-boundary</type>
    <trkseg>
      <trkpt lat="-9.1395516" lon="148.3873361"/>
      <trkpt lat="-9.1395243" lon="148.3874056"/>
      <trkpt lat="-9.1394983" lon="148.3873943"/>
      <trkpt lat="-9.1394736" lon="148.3873021"/>
    </trkseg>
    <trkseg>
      <trkpt lat="-9.1050290" lon="148.3573756"/>
      <trkpt lat="-9.1051328" lon="148.3573562"/>
      <trkpt lat="-9.1051574" lon="148.3572868"/>
      <trkpt lat="-9.1050900" lon="148.3571680"/>
      <trkpt lat="-9.1049971" lon="148.3570240"/>
      <trkpt lat="-9.1048920" lon="148.3568787"/>
      <trkpt lat="-9.1048167" lon="148.3567307"/>
      <trkpt lat="-9.1047368" lon="148.3565913"/>
      <trkpt lat="-9.1047155" lon="148.3564601"/>
      <trkpt lat="-9.1046951" lon="148.3563846"/>
      <trkpt lat="-9.1047607" lon="148.3563302"/>
      <trkpt lat="-9.1047551" lon="148.3563295"/>
      <trkpt lat="-9.1047185" lon="148.3562922"/>
      <trkpt lat="-9.1046973" lon="148.3562825"/>
      <trkpt lat="-9.1047010" lon="148.3562778"/>
      <trkpt lat="-9.1047861" lon="148.3563065"/>
      <trkpt lat="-9.1047938" lon="148.3563157"/>
      <trkpt lat="-9.1048145" lon="148.3562516"/>
      <trkpt lat="-9.1047643" lon="148.3561314"/>
      <trkpt lat="-9.1047415" lon="148.3559607"/>
      <trkpt lat="-9.1047369" lon="148.3557925"/>
      <trkpt lat="-9.1047138" lon="148.3556410"/>
      <trkpt lat="-9.1046893" lon="148.3554865"/>
      <trkpt lat="-9.1046570" lon="148.3553276"/>
      <trkpt lat="-9.1046533" lon="148.3551486"/>
      <trkpt lat="-9.1046418" lon="148.3549705"/>
      <trkpt lat="-9.1046048" lon="148.3548003"/>
      <trkpt lat="-9.1045418" lon="148.3546459"/>
      <trkpt lat="-9.1044823" lon="148.3544907"/>
      <trkpt lat="-9.1044449" lon="148.3543264"/>
      <trkpt lat="-9.1044565" lon="148.3541458"/>
      <trkpt lat="-9.1044553" lon="148.3539689"/>
      <trkpt lat="-9.1044185" lon="148.3538039"/>
      <trkpt lat="-9.1043258" lon="148.3536594"/>
      <trkpt lat="-9.1041914" lon="148.3535429"/>
      <trkpt lat="-9.1040345" lon="148.3534630"/>
      <trkpt lat="-9.1038655" lon="148.3534095"/>
      <trkpt lat="-9.1036931" lon="148.3533652"/>
      <trkpt lat="-9.1035277" lon="148.3533039"/>
      <trkpt lat="-9.1033800" lon="148.3532101"/>
      <trkpt lat="-9.1032412" lon="148.3530983"/>
      <trkpt lat="-9.1031224" lon="148.3529663"/>
      <trkpt lat="-9.1030226" lon="148.3528240"/>
      <trkpt lat="-9.1029526" lon="148.3526619"/>
      <trkpt lat="-9.1028793" lon="148.3525011"/>
      <trkpt lat="-9.1028150" lon="148.3523371"/>
      <trkpt lat="-9.1027581" lon="148.3521744"/>
      <trkpt lat="-9.1026897" lon="148.3520220"/>
      <trkpt lat="-9.1026131" lon="148.3518720"/>
      <trkpt lat="-9.1025243" lon="148.3517214"/>
      <trkpt lat="-9.1024587" lon="148.3515532"/>
      <trkpt lat="-9.1023924" lon="148.3514259"/>
      <trkpt lat="-9.1023772" lon="148.3513315"/>
      <trkpt lat="-9.1023589" lon="148.3513365"/>
      <trkpt lat="-9.1023500" lon="148.3513089"/>
      <trkpt lat="-9.1023642" lon="148.3512758"/>
      <trkpt lat="-9.1023985" lon="148.3512464"/>
      <trkpt lat="-9.1024090" lon="148.3512701"/>
      <trkpt lat="-9.1023377" lon="148.3512701"/>
      <trkpt lat="-9.1022438" lon="148.3511698"/>
      <trkpt lat="-9.1021393" lon="148.3510253"/>
      <trkpt lat="-9.1020204" lon="148.3508923"/>
      <trkpt lat="-9.1018922" lon="148.3507652"/>
      <trkpt lat="-9.1017630" lon="148.3506413"/>
      <trkpt lat="-9.1016252" lon="148.3505372"/>
      <trkpt lat="-9.1015150" lon="148.3504331"/>
      <trkpt lat="-9.1014450" lon="148.3503069"/>
      <trkpt lat="-9.1013829" lon="148.3501732"/>
      <trkpt lat="-9.1013086" lon="148.3500582"/>
      <trkpt lat="-9.1012572" lon="148.3500128"/>
      <trkpt lat="-9.1012865" lon="148.3499853"/>
      <trkpt lat="-9.1013465" lon="148.3499769"/>
      <trkpt lat="-9.1014223" lon="148.3499971"/>
      <trkpt lat="-9.1014997" lon="148.3500090"/>
      <trkpt lat="-9.1016275" lon="148.3500227"/>
      <trkpt lat="-9.1017812" lon="148.3499793"/>
      <trkpt lat="-9.1019484" lon="148.3499244"/>
      <trkpt lat="-9.1020549" lon="148.3498201"/>
      <trkpt lat="-9.1021403" lon="148.3497283"/>
      <trkpt lat="-9.1022068" lon="148.3497112"/>
      <trkpt lat="-9.1023265" lon="148.3497770"/>
      <trkpt lat="-9.1024624" lon="148.3498226"/>
      <trkpt lat="-9.1025944" lon="148.3497703"/>
      <trkpt lat="-9.1026854" lon="148.3496340"/>
      <trkpt lat="-9.1027497" lon="148.3494727"/>
      <trkpt lat="-9.1027430" lon="148.3493335"/>
      <trkpt lat="-9.1027149" lon="148.3492224"/>
      <trkpt lat="-9.1026948" lon="148.3491113"/>
      <trkpt lat="-9.1027692" lon="148.3490594"/>
      <trkpt lat="-9.1029077" lon="148.3490649"/>
      <trkpt lat="-9.1030689" lon="148.3491322"/>
      <trkpt lat="-9.1032337" lon="148.3491908"/>
      <trkpt lat="-9.1034014" lon="148.3492364"/>
      <trkpt lat="-9.1035672" lon="148.3492460"/>
      <trkpt lat="-9.1037371" lon="148.3492482"/>
      <trkpt lat="-9.1038972" lon="148.3492074"/>
      <trkpt lat="-9.1040453" lon="148.3491499"/>
      <trkpt lat="-9.1041870" lon="148.3490508"/>
      <trkpt lat="-9.1043264" lon="148.3489917"/>
      <trkpt lat="-9.1044646" lon="148.3489921"/>
      <trkpt lat="-9.1046036" lon="148.3490057"/>
      <trkpt lat="-9.1047378" lon="148.3489627"/>
      <trkpt lat="-9.1048572" lon="148.3488768"/>
      <trkpt lat="-9.1049586" lon="148.3488227"/>
      <trkpt lat="-9.1049754" lon="148.3488120"/>
      <trkpt lat="-9.1049404" lon="148.3488375"/>
      <trkpt lat="-9.1048609" lon="148.3488193"/>
      <trkpt lat="-9.1048368" lon="148.3487831"/>
      <trkpt lat="-9.1048667" lon="148.3487039"/>
      <trkpt lat="-9.1049398" lon="148.3486308"/>
      <trkpt lat="-9.1050567" lon="148.3486032"/>
      <trkpt lat="-9.1051857" lon="148.3486506"/>
      <trkpt lat="-9.1052840" lon="148.3487774"/>
      <trkpt lat="-9.1053525" lon="148.3489281"/>
      <trkpt lat="-9.1054374" lon="148.3490477"/>
      <trkpt lat="-9.1055784" lon="148.3491026"/>
      <trkpt lat="-9.1057286" lon="148.3490644"/>
      <trkpt lat="-9.1058472" lon="148.3489720"/>
      <trkpt lat="-9.1059666" lon="148.3488918"/>
      <trkpt lat="-9.1061061" lon="148.3488687"/>
      <trkpt lat="-9.1062582" lon="148.3489323"/>
      <trkpt lat="-9.1064014" lon="148.3490213"/>
      <trkpt lat="-9.1065495" lon="148.3491057"/>
      <trkpt lat="-9.1067161" lon="148.3491472"/>
      <trkpt lat="-9.1068889" lon="148.3491398"/>
      <trkpt lat="-9.1070567" lon="148.3491441"/>
      <trkpt lat="-9.1072265" lon="148.3491531"/>
      <trkpt lat="-9.1073783" lon="148.3491603"/>
      <trkpt lat="-9.1075159" lon="148.3491254"/>
    </trkseg>
    <trkseg>
      <trkpt lat="-9.1078012" lon="148.3491670"/>
      <trkpt lat="-9.1078599" lon="148.3490657"/>
      <trkpt lat="-9.1079424" lon="148.3490680"/>
      <trkpt lat="-9.1080595" lon="148.3491566"/>
      <trkpt lat="-9.1081983" lon="148.3492652"/>
      <trkpt lat="-9.1083426" lon="148.3493655"/>
      <trkpt lat="-9.1084777" lon="148.3494818"/>
      <trkpt lat="-9.1085956" lon="148.3496145"/>
      <trkpt lat="-9.1087125" lon="148.3497480"/>
      <trkpt lat="-9.1088339" lon="148.3498090"/>
      <trkpt lat="-9.1089425" lon="148.3497631"/>
      <trkpt lat="-9.1090102" lon="148.3496320"/>
      <trkpt lat="-9.1090396" lon="148.3494733"/>
      <trkpt lat="-9.1090797" lon="148.3493224"/>
      <trkpt lat="-9.1091712" lon="148.3492061"/>
      <trkpt lat="-9.1092977" lon="148.3491242"/>
      <trkpt lat="-9.1094535" lon="148.3491038"/>
      <trkpt lat="-9.1096046" lon="148.3491237"/>
      <trkpt lat="-9.1097646" lon="148.3491912"/>
      <trkpt lat="-9.1099076" lon="148.3492799"/>
      <trkpt lat="-9.1100321" lon="148.3493895"/>
      <trkpt lat="-9.1101623" lon="148.3494714"/>
      <trkpt lat="-9.1102917" lon="148.3494823"/>
      <trkpt lat="-9.1104397" lon="148.3494157"/>
      <trkpt lat="-9.1105817" lon="148.3493416"/>
      <trkpt lat="-9.1107094" lon="148.3493552"/>
      <trkpt lat="-9.1107984" lon="148.3494544"/>
      <trkpt lat="-9.1108665" lon="148.3496130"/>
      <trkpt lat="-9.1109593" lon="148.3497499"/>
      <trkpt lat="-9.1110947" lon="148.3498139"/>
      <trkpt lat="-9.1112314" lon="148.3497772"/>
      <trkpt lat="-9.1113639" lon="148.3497140"/>
      <trkpt lat="-9.1114976" lon="148.3496900"/>
      <trkpt lat="-9.1116541" lon="148.3497415"/>
      <trkpt lat="-9.1118229" lon="148.3497869"/>
      <trkpt lat="-9.1119917" lon="148.3497872"/>
      <trkpt lat="-9.1121544" lon="148.3497277"/>
      <trkpt lat="-9.1123102" lon="148.3496524"/>
      <trkpt lat="-9.1124566" lon="148.3495607"/>
      <trkpt lat="-9.1125649" lon="148.3494485"/>
      <trkpt lat="-9.1126069" lon="148.3492993"/>
      <trkpt lat="-9.1126199" lon="148.3491319"/>
      <trkpt lat="-9.1126819" lon="148.3490151"/>
      <trkpt lat="-9.1127911" lon="148.3489096"/>
      <trkpt lat="-9.1129107" lon="148.3488084"/>
      <trkpt lat="-9.1130103" lon="148.3486665"/>
      <trkpt lat="-9.1130876" lon="148.3485153"/>
      <trkpt lat="-9.1130970" lon="148.3483714"/>
      <trkpt lat="-9.1130806" lon="148.3482226"/>
      <trkpt lat="-9.1131120" lon="148.3481117"/>
      <trkpt lat="-9.1132428" lon="148.3480357"/>
      <trkpt lat="-9.1134051" lon="148.3480287"/>
      <trkpt lat="-9.1134775" lon="148.3480881"/>
      <trkpt lat="-9.1134889" lon="148.3482137"/>
      <trkpt lat="-9.1134946" lon="148.3483665"/>
      <trkpt lat="-9.1135530" lon="148.3485240"/>
      <trkpt lat="-9.1136550" lon="148.3486687"/>
      <trkpt lat="-9.1137717" lon="148.3487930"/>
      <trkpt lat="-9.1139229" lon="148.3488417"/>
      <trkpt lat="-9.1140724" lon="148.3488065"/>
      <trkpt lat="-9.1141792" lon="148.3486886"/>
      <trkpt lat="-9.1142013" lon="148.3485381"/>
      <trkpt lat="-9.1141347" lon="148.3483966"/>
      <trkpt lat="-9.1140178" lon="148.3482746"/>
      <trkpt lat="-9.1139511" lon="148.3481606"/>
      <trkpt lat="-9.1139930" lon="148.3480719"/>
      <trkpt lat="-9.1141286" lon="148.3480014"/>
      <trkpt lat="-9.1143029" lon="148.3479783"/>
      <trkpt lat="-9.1144729" lon="148.3479835"/>
      <trkpt lat="-9.1146470" lon="148.3480192"/>
      <trkpt lat="-9.1148083" lon="148.3480876"/>
      <trkpt lat="-9.1149509" lon="148.3481813"/>
      <trkpt lat="-9.1150518" lon="148.3483219"/>
      <trkpt lat="-9.1150777" lon="148.3484762"/>
      <trkpt lat="-9.1150442" lon="148.3486379"/>
      <trkpt lat="-9.1149710" lon="148.3487902"/>
      <trkpt lat="-9.1149429" lon="148.3489512"/>
      <trkpt lat="-9.1149729" lon="148.3491028"/>
      <trkpt lat="-9.1150833" lon="148.3492214"/>
      <trkpt lat="-9.1152292" lon="148.3492679"/>
      <trkpt lat="-9.1153784" lon="148.3492240"/>
      <trkpt lat="-9.1155225" lon="148.3491392"/>
      <trkpt lat="-9.1156372" lon="148.3490124"/>
      <trkpt lat="-9.1157127" lon="148.3488699"/>
      <trkpt lat="-9.1157307" lon="148.3486933"/>
      <trkpt lat="-9.1157102" lon="148.3485190"/>
      <trkpt lat="-9.1157046" lon="148.3483584"/>
      <trkpt lat="-9.1157489" lon="148.3482348"/>
      <trkpt lat="-9.1158658" lon="148.3481787"/>
      <trkpt lat="-9.1159873" lon="148.3481617"/>
      <trkpt lat="-9.1160825" lon="148.3481596"/>
    </trkseg>
    <trkseg>
      <trkpt lat="-9.1162821" lon="148.3483542"/>
      <trkpt lat="-9.1162978" lon="148.3481813"/>
      <trkpt lat="-9.1163661" lon="148.3480368"/>
      <trkpt lat="-9.1164888" lon="148.3479236"/>
      <trkpt lat="-9.1166352" lon="148.3478226"/>
      <trkpt lat="-9.1167855" lon="148.3477418"/>
      <trkpt lat="-9.1169257" lon="148.3477306"/>
      <trkpt lat="-9.1170170" lon="148.3478187"/>
      <trkpt lat="-9.1170267" lon="148.3479729"/>
      <trkpt lat="-9.1169710" lon="148.3481428"/>
      <trkpt lat="-9.1169253" lon="148.3483128"/>
      <trkpt lat="-9.1169471" lon="148.3484648"/>
      <trkpt lat="-9.1170506" lon="148.3485724"/>
      <trkpt lat="-9.1171973" lon="148.3485984"/>
      <trkpt lat="-9.1173340" lon="148.3485363"/>
      <trkpt lat="-9.1173853" lon="148.3484081"/>
      <trkpt lat="-9.1174149" lon="148.3482511"/>
      <trkpt lat="-9.1174651" lon="148.3481648"/>
      <trkpt lat="-9.1175840" lon="148.3481754"/>
      <trkpt lat="-9.1176853" lon="148.3482929"/>
      <trkpt lat="-9.1177507" lon="148.3484500"/>
      <trkpt lat="-9.1178150" lon="148.3485910"/>
      <trkpt lat="-9.1179182" lon="148.3486372"/>
      <trkpt lat="-9.1180613" lon="148.3486015"/>
      <trkpt lat="-9.1182078" lon="148.3484992"/>
      <trkpt lat="-9.1183440" lon="148.3483991"/>
      <trkpt lat="-9.1184451" lon="148.3482684"/>
      <trkpt lat="-9.1185560" lon="148.3481566"/>
      <trkpt lat="-9.1186797" lon="148.3480466"/>
      <trkpt lat="-9.1188215" lon="148.3480209"/>
      <trkpt lat="-9.1189444" lon="148.3480646"/>
      <trkpt lat="-9.1190604" lon="148.3481821"/>
      <trkpt lat="-9.1191413" lon="148.3482924"/>
      <trkpt lat="-9.1191896" lon="148.3483774"/>
    </trkseg>
    <trkseg>
      <trkpt lat="-9.1192796" lon="148.3482455"/>
      <trkpt lat="-9.1194068" lon="148.3483655"/>
      <trkpt lat="-9.1194129" lon="148.3483686"/>
    </trkseg>
    <trkseg>
      <trkpt lat="-9.1194398" lon="148.3477495"/>
      <trkpt lat="-9.1194946" lon="148.3477967"/>
      <trkpt lat="-9.1195853" lon="148.3477602"/>
      <trkpt lat="-9.1197146" lon="148.3476430"/>
      <trkpt lat="-9.1198463" lon="148.3475354"/>
      <trkpt lat="-9.1199715" lon="148.3475265"/>
      <trkpt lat="-9.1201036" lon="148.3475990"/>
      <trkpt lat="-9.1202042" lon="148.3477438"/>
      <trkpt lat="-9.1203180" lon="148.3478749"/>
      <trkpt lat="-9.1203817" lon="148.3479592"/>
      <trkpt lat="-9.1204349" lon="148.3479898"/>
      <trkpt lat="-9.1203992" lon="148.3479688"/>
      <trkpt lat="-9.1203710" lon="148.3479811"/>
      <trkpt lat="-9.1203407" lon="148.3479935"/>
      <trkpt lat="-9.1203965" lon="148.3480564"/>
      <trkpt lat="-9.1205062" lon="148.3481073"/>
      <trkpt lat="-9.1206659" lon="148.3481538"/>
      <trkpt lat="-9.1208429" lon="148.3481765"/>
      <trkpt lat="-9.1210169" lon="148.3482111"/>
      <trkpt lat="-9.1211835" lon="148.3482691"/>
      <trkpt lat="-9.1213493" lon="148.3483263"/>
      <trkpt lat="-9.1215148" lon="148.3483832"/>
      <trkpt lat="-9.1216797" lon="148.3483937"/>
      <trkpt lat="-9.1218347" lon="148.3483557"/>
      <trkpt lat="-9.1219909" lon="148.3482724"/>
      <trkpt lat="-9.1221526" lon="148.3482207"/>
      <trkpt lat="-9.1223184" lon="148.3482216"/>
      <trkpt lat="-9.1224875" lon="148.3482380"/>
      <trkpt lat="-9.1226566" lon="148.3482506"/>
      <trkpt lat="-9.1228252" lon="148.3482775"/>
      <trkpt lat="-9.1229918" lon="148.3483292"/>
      <trkpt lat="-9.1231481" lon="148.3484136"/>
      <trkpt lat="-9.1233122" lon="148.3484784"/>
      <trkpt lat="-9.1234763" lon="148.3485422"/>
      <trkpt lat="-9.1236498" lon="148.3485886"/>
      <trkpt lat="-9.1238094" lon="148.3486553"/>
      <trkpt lat="-9.1239422" lon="148.3487552"/>
      <trkpt lat="-9.1240534" lon="148.3488812"/>
      <trkpt lat="-9.1241714" lon="148.3489925"/>
      <trkpt lat="-9.1243145" lon="148.3490730"/>
      <trkpt lat="-9.1244717" lon="148.3491436"/>
      <trkpt lat="-9.1246305" lon="148.3492250"/>
      <trkpt lat="-9.1247864" lon="148.3493154"/>
      <trkpt lat="-9.1249485" lon="148.3493945"/>
      <trkpt lat="-9.1251107" lon="148.3494704"/>
      <trkpt lat="-9.1252790" lon="148.3495273"/>
      <trkpt lat="-9.1254231" lon="148.3496077"/>
      <trkpt lat="-9.1255344" lon="148.3497204"/>
      <trkpt lat="-9.1256089" lon="148.3498795"/>
      <trkpt lat="-9.1256834" lon="148.3500436"/>
      <trkpt lat="-9.1257792" lon="148.3501940"/>
      <trkpt lat="-9.1259080" lon="148.3503102"/>
      <trkpt lat="-9.1260545" lon="148.3504102"/>
      <trkpt lat="-9.1262132" lon="148.3504864"/>
      <trkpt lat="-9.1263488" lon="148.3505794"/>
      <trkpt lat="-9.1264335" lon="148.3506969"/>
      <trkpt lat="-9.1264584" lon="148.3508546"/>
      <trkpt lat="-9.1264407" lon="148.3510243"/>
      <trkpt lat="-9.1264035" lon="148.3511492"/>
      <trkpt lat="-9.1263785" lon="148.3512078"/>
      <trkpt lat="-9.1263500" lon="148.3512160"/>
      <trkpt lat="-9.1263706" lon="148.3511827"/>
      <trkpt lat="-9.1263562" lon="148.3511598"/>
      <trkpt lat="-9.1263523" lon="148.3511413"/>
      <trkpt lat="-9.1263263" lon="148.3511394"/>
      <trkpt lat="-9.1263393" lon="148.3511411"/>
      <trkpt lat="-9.1263552" lon="148.3511546"/>
      <trkpt lat="-9.1263532" lon="148.3511723"/>
      <trkpt lat="-9.1263457" lon="148.3511912"/>
      <trkpt lat="-9.1263438" lon="148.3512022"/>
    </trkseg>
    <trkseg>
      <trkpt lat="-9.1264701" lon="148.3512171"/>
      <trkpt lat="-9.1265014" lon="148.3513933"/>
      <trkpt lat="-9.1265249" lon="148.3515618"/>
      <trkpt lat="-9.1265195" lon="148.3517227"/>
      <trkpt lat="-9.1264720" lon="148.3518733"/>
      <trkpt lat="-9.1263740" lon="148.3520020"/>
      <trkpt lat="-9.1262604" lon="148.3520945"/>
      <trkpt lat="-9.1262045" lon="148.3521904"/>
      <trkpt lat="-9.1262474" lon="148.3522902"/>
      <trkpt lat="-9.1263698" lon="148.3524163"/>
      <trkpt lat="-9.1264639" lon="148.3525396"/>
      <trkpt lat="-9.1264901" lon="148.3526798"/>
      <trkpt lat="-9.1265102" lon="148.3528108"/>
      <trkpt lat="-9.1265874" lon="148.3528817"/>
      <trkpt lat="-9.1266961" lon="148.3529547"/>
      <trkpt lat="-9.1267265" lon="148.3530369"/>
      <trkpt lat="-9.1266509" lon="148.3531669"/>
      <trkpt lat="-9.1265669" lon="148.3532947"/>
      <trkpt lat="-9.1265380" lon="148.3534317"/>
      <trkpt lat="-9.1265036" lon="148.3535532"/>
      <trkpt lat="-9.1264063" lon="148.3536112"/>
      <trkpt lat="-9.1262373" lon="148.3536359"/>
      <trkpt lat="-9.1261038" lon="148.3536809"/>
      <trkpt lat="-9.1260534" lon="148.3537943"/>
      <trkpt lat="-9.1260556" lon="148.3539480"/>
      <trkpt lat="-9.1260536" lon="148.3541167"/>
      <trkpt lat="-9.1260016" lon="148.3542851"/>
      <trkpt lat="-9.1259816" lon="148.3544392"/>
      <trkpt lat="-9.1259591" lon="148.3545585"/>
      <trkpt lat="-9.1259085" lon="148.3546274"/>
      <trkpt lat="-9.1257859" lon="148.3546927"/>
      <trkpt lat="-9.1256326" lon="148.3547565"/>
      <trkpt lat="-9.1255056" lon="148.3548688"/>
      <trkpt lat="-9.1253842" lon="148.3549869"/>
      <trkpt lat="-9.1252920" lon="148.3551354"/>
      <trkpt lat="-9.1252556" lon="148.3552840"/>
      <trkpt lat="-9.1252725" lon="148.3554437"/>
      <trkpt lat="-9.1253278" lon="148.3556129"/>
      <trkpt lat="-9.1253132" lon="148.3557721"/>
      <trkpt lat="-9.1252341" lon="148.3559086"/>
      <trkpt lat="-9.1250990" lon="148.3560258"/>
      <trkpt lat="-9.1249603" lon="148.3561340"/>
      <trkpt lat="-9.1248121" lon="148.3562082"/>
      <trkpt lat="-9.1246984" lon="148.3562886"/>
      <trkpt lat="-9.1246104" lon="148.3563474"/>
      <trkpt lat="-9.1245392" lon="148.3563627"/>
      <trkpt lat="-9.1245087" lon="148.3563566"/>
      <trkpt lat="-9.1245439" lon="148.3563765"/>
      <trkpt lat="-9.1246310" lon="148.3564856"/>
      <trkpt lat="-9.1246462" lon="148.3565276"/>
      <trkpt lat="-9.1246458" lon="148.3564911"/>
      <trkpt lat="-9.1246317" lon="148.3564429"/>
      <trkpt lat="-9.1246337" lon="148.3564030"/>
      <trkpt lat="-9.1245755" lon="148.3563722"/>
      <trkpt lat="-9.1245730" lon="148.3563237"/>
      <trkpt lat="-9.1246274" lon="148.3563165"/>
      <trkpt lat="-9.1246666" lon="148.3563726"/>
      <trkpt lat="-9.1246498" lon="148.3563786"/>
      <trkpt lat="-9.1245769" lon="148.3563243"/>
      <trkpt lat="-9.1246022" lon="148.3562429"/>
      <trkpt lat="-9.1246563" lon="148.3561929"/>
      <trkpt lat="-9.1247316" lon="148.3562236"/>
      <trkpt lat="-9.1247693" lon="148.3562638"/>
      <trkpt lat="-9.1247496" lon="148.3563522"/>
      <trkpt lat="-9.1247217" lon="148.3564728"/>
      <trkpt lat="-9.1246513" lon="148.3566304"/>
      <trkpt lat="-9.1245908" lon="148.3567924"/>
      <trkpt lat="-9.1245117" lon="148.3569410"/>
      <trkpt lat="-9.1244018" lon="148.3570494"/>
      <trkpt lat="-9.1242702" lon="148.3571474"/>
      <trkpt lat="-9.1241167" lon="148.3572293"/>
      <trkpt lat="-9.1239803" lon="148.3573382"/>
      <trkpt lat="-9.1238746" lon="148.3574624"/>
      <trkpt lat="-9.1237739" lon="148.3575944"/>
      <trkpt lat="-9.1236654" lon="148.3577220"/>
      <trkpt lat="-9.1235278" lon="148.3578233"/>
      <trkpt lat="-9.1233776" lon="148.3578756"/>
      <trkpt lat="-9.1232178" lon="148.3579117"/>
      <trkpt lat="-9.1230418" lon="148.3579230"/>
      <trkpt lat="-9.1228761" lon="148.3579804"/>
      <trkpt lat="-9.1227133" lon="148.3580429"/>
      <trkpt lat="-9.1225547" lon="148.3581237"/>
      <trkpt lat="-9.1223922" lon="148.3581985"/>
      <trkpt lat="-9.1222289" lon="148.3582723"/>
      <trkpt lat="-9.1220632" lon="148.3583216"/>
      <trkpt lat="-9.1218967" lon="148.3583696"/>
      <trkpt lat="-9.1217340" lon="148.3584253"/>
      <trkpt lat="-9.1216045" lon="148.3585374"/>
      <trkpt lat="-9.1214972" lon="148.3586731"/>
      <trkpt lat="-9.1214021" lon="148.3588248"/>
      <trkpt lat="-9.1212879" lon="148.3589638"/>
      <trkpt lat="-9.1211692" lon="148.3590891"/>
      <trkpt lat="-9.1211471" lon="148.3591876"/>
      <trkpt lat="-9.1212247" lon="148.3592627"/>
      <trkpt lat="-9.1213233" lon="148.3593508"/>
      <trkpt lat="-9.1213323" lon="148.3594620"/>
      <trkpt lat="-9.1212419" lon="148.3595868"/>
      <trkpt lat="-9.1211193" lon="148.3596945"/>
      <trkpt lat="-9.1210130" lon="148.3598185"/>
      <trkpt lat="-9.1209097" lon="148.3599498"/>
      <trkpt lat="-9.1207993" lon="148.3600479"/>
      <trkpt lat="-9.1206962" lon="148.3601194"/>
      <trkpt lat="-9.1206416" lon="148.3601299"/>
      <trkpt lat="-9.1206501" lon="148.3601189"/>
    </trkseg>
    <trkseg>
      <trkpt lat="-9.1172911" lon="148.3657317"/>
      <trkpt lat="-9.1172372" lon="148.3658878"/>
      <trkpt lat="-9.1171529" lon="148.3660236"/>
      <trkpt lat="-9.1170359" lon="148.3661308"/>
      <trkpt lat="-9.1168755" lon="148.3661981"/>
      <trkpt lat="-9.1167203" lon="148.3662724"/>
      <trkpt lat="-9.1165750" lon="148.3663655"/>
      <trkpt lat="-9.1164357" lon="148.3664776"/>
      <trkpt lat="-9.1163107" lon="148.3665903"/>
      <trkpt lat="-9.1162335" lon="148.3667195"/>
      <trkpt lat="-9.1161777" lon="148.3668462"/>
      <trkpt lat="-9.1160944" lon="148.3669280"/>
      <trkpt lat="-9.1159831" lon="148.3669994"/>
      <trkpt lat="-9.1158883" lon="148.3670972"/>
      <trkpt lat="-9.1157953" lon="148.3672212"/>
      <trkpt lat="-9.1156857" lon="148.3672958"/>
      <trkpt lat="-9.1155363" lon="148.3673173"/>
      <trkpt lat="-9.1154096" lon="148.3673635"/>
      <trkpt lat="-9.1152717" lon="148.3674380"/>
      <trkpt lat="-9.1151709" lon="148.3675701"/>
      <trkpt lat="-9.1150721" lon="148.3677059"/>
      <trkpt lat="-9.1149854" lon="148.3678583"/>
      <trkpt lat="-9.1149086" lon="148.3680121"/>
      <trkpt lat="-9.1148630" lon="148.3681729"/>
      <trkpt lat="-9.1148673" lon="148.3683465"/>
      <trkpt lat="-9.1148275" lon="148.3684937"/>
      <trkpt lat="-9.1148093" lon="148.3686379"/>
      <trkpt lat="-9.1148282" lon="148.3687596"/>
      <trkpt lat="-9.1149300" lon="148.3688990"/>
      <trkpt lat="-9.1150314" lon="148.3690398"/>
      <trkpt lat="-9.1150732" lon="148.3691981"/>
      <trkpt lat="-9.1150852" lon="148.3693651"/>
      <trkpt lat="-9.1150739" lon="148.3695371"/>
      <trkpt lat="-9.1150294" lon="148.3696977"/>
      <trkpt lat="-9.1149356" lon="148.3698346"/>
      <trkpt lat="-9.1147962" lon="148.3699464"/>
      <trkpt lat="-9.1146690" lon="148.3700663"/>
      <trkpt lat="-9.1145736" lon="148.3702093"/>
      <trkpt lat="-9.1145090" lon="148.3703721"/>
      <trkpt lat="-9.1144298" lon="148.3705242"/>
      <trkpt lat="-9.1143424" lon="148.3706726"/>
      <trkpt lat="-9.1142569" lon="148.3708226"/>
      <trkpt lat="-9.1141804" lon="148.3709814"/>
      <trkpt lat="-9.1140889" lon="148.3711308"/>
      <trkpt lat="-9.1140061" lon="148.3712396"/>
      <trkpt lat="-9.1139542" lon="148.3713174"/>
    </trkseg>
    <trkseg>
      <trkpt lat="-9.1139487" lon="148.3712194"/>
      <trkpt lat="-9.1139338" lon="148.3713373"/>
      <trkpt lat="-9.1139361" lon="148.3713957"/>
      <trkpt lat="-9.1139264" lon="148.3713602"/>
      <trkpt lat="-9.1139099" lon="148.3713630"/>
      <trkpt lat="-9.1138638" lon="148.3714194"/>
      <trkpt lat="-9.1137759" lon="148.3715153"/>
      <trkpt lat="-9.1136470" lon="148.3715921"/>
      <trkpt lat="-9.1135087" lon="148.3716712"/>
      <trkpt lat="-9.1134168" lon="148.3718059"/>
      <trkpt lat="-9.1133834" lon="148.3719796"/>
      <trkpt lat="-9.1133758" lon="148.3721598"/>
      <trkpt lat="-9.1133994" lon="148.3723353"/>
      <trkpt lat="-9.1134414" lon="148.3725060"/>
      <trkpt lat="-9.1134898" lon="148.3726762"/>
      <trkpt lat="-9.1135043" lon="148.3728500"/>
      <trkpt lat="-9.1134415" lon="148.3729902"/>
      <trkpt lat="-9.1133240" lon="148.3731070"/>
      <trkpt lat="-9.1131848" lon="148.3732100"/>
      <trkpt lat="-9.1130613" lon="148.3733344"/>
      <trkpt lat="-9.1129940" lon="148.3734819"/>
      <trkpt lat="-9.1129419" lon="148.3736409"/>
      <trkpt lat="-9.1128910" lon="148.3738003"/>
      <trkpt lat="-9.1128453" lon="148.3739515"/>
      <trkpt lat="-9.1128211" lon="148.3741018"/>
      <trkpt lat="-9.1128316" lon="148.3742668"/>
      <trkpt lat="-9.1128155" lon="148.3744354"/>
      <trkpt lat="-9.1127993" lon="148.3746098"/>
      <trkpt lat="-9.1127818" lon="148.3747856"/>
      <trkpt lat="-9.1127777" lon="148.3749164"/>
      <trkpt lat="-9.1127727" lon="148.3749968"/>
    </trkseg>
    <trkseg>
      <trkpt lat="-9.1123356" lon="148.3762757"/>
      <trkpt lat="-9.1122468" lon="148.3764127"/>
      <trkpt lat="-9.1121953" lon="148.3765707"/>
      <trkpt lat="-9.1121876" lon="148.3767488"/>
      <trkpt lat="-9.1121855" lon="148.3769253"/>
      <trkpt lat="-9.1122037" lon="148.3771008"/>
      <trkpt lat="-9.1122146" lon="148.3772760"/>
      <trkpt lat="-9.1122014" lon="148.3774516"/>
      <trkpt lat="-9.1121676" lon="148.3776273"/>
      <trkpt lat="-9.1121384" lon="148.3778035"/>
      <trkpt lat="-9.1121050" lon="148.3779785"/>
      <trkpt lat="-9.1120717" lon="148.3781476"/>
      <trkpt lat="-9.1120776" lon="148.3783048"/>
      <trkpt lat="-9.1121304" lon="148.3784593"/>
      <trkpt lat="-9.1122111" lon="148.3786175"/>
      <trkpt lat="-9.1123063" lon="148.3787582"/>
      <trkpt lat="-9.1124216" lon="148.3788861"/>
      <trkpt lat="-9.1125510" lon="148.3790067"/>
      <trkpt lat="-9.1126568" lon="148.3791510"/>
      <trkpt lat="-9.1127349" lon="148.3793125"/>
      <trkpt lat="-9.1128091" lon="148.3794763"/>
      <trkpt lat="-9.1128561" lon="148.3795824"/>
      <trkpt lat="-9.1128983" lon="148.3796900"/>
      <trkpt lat="-9.1129296" lon="148.3798031"/>
      <trkpt lat="-9.1129780" lon="148.3799780"/>
      <trkpt lat="-9.1130304" lon="148.3801518"/>
      <trkpt lat="-9.1130661" lon="148.3803277"/>
      <trkpt lat="-9.1130899" lon="148.3805037"/>
      <trkpt lat="-9.1130881" lon="148.3806812"/>
      <trkpt lat="-9.1130842" lon="148.3808583"/>
      <trkpt lat="-9.1130803" lon="148.3810372"/>
      <trkpt lat="-9.1130863" lon="148.3812161"/>
      <trkpt lat="-9.1130921" lon="148.3813951"/>
      <trkpt lat="-9.1130834" lon="148.3815737"/>
      <trkpt lat="-9.1130773" lon="148.3817527"/>
      <trkpt lat="-9.1130800" lon="148.3819320"/>
      <trkpt lat="-9.1131154" lon="148.3821077"/>
      <trkpt lat="-9.1131531" lon="148.3822833"/>
      <trkpt lat="-9.1131834" lon="148.3824582"/>
      <trkpt lat="-9.1131981" lon="148.3826359"/>
      <trkpt lat="-9.1132087" lon="148.3828137"/>
      <trkpt lat="-9.1132088" lon="148.3829924"/>
      <trkpt lat="-9.1131748" lon="148.3831627"/>
      <trkpt lat="-9.1131108" lon="148.3833255"/>
      <trkpt lat="-9.1130579" lon="148.3834870"/>
      <trkpt lat="-9.1130473" lon="148.3836567"/>
      <trkpt lat="-9.1130802" lon="148.3838325"/>
      <trkpt lat="-9.1131037" lon="148.3840099"/>
      <trkpt lat="-9.1131058" lon="148.3841888"/>
      <trkpt lat="-9.1130726" lon="148.3843623"/>
      <trkpt lat="-9.1130130" lon="148.3845264"/>
      <trkpt lat="-9.1129336" lon="148.3846837"/>
      <trkpt lat="-9.1128492" lon="148.3848421"/>
      <trkpt lat="-9.1127757" lon="148.3850055"/>
      <trkpt lat="-9.1126978" lon="148.3851668"/>
      <trkpt lat="-9.1126095" lon="148.3853208"/>
      <trkpt lat="-9.1125134" lon="148.3854714"/>
      <trkpt lat="-9.1124145" lon="148.3856213"/>
      <trkpt lat="-9.1123185" lon="148.3857748"/>
      <trkpt lat="-9.1122312" lon="148.3859327"/>
      <trkpt lat="-9.1121493" lon="148.3860937"/>
      <trkpt lat="-9.1120721" lon="148.3862572"/>
      <trkpt lat="-9.1119841" lon="148.3864152"/>
      <trkpt lat="-9.1119097" lon="148.3865748"/>
      <trkpt lat="-9.1118500" lon="148.3867395"/>
      <trkpt lat="-9.1117981" lon="148.3869087"/>
      <trkpt lat="-9.1117319" lon="148.3870755"/>
      <trkpt lat="-9.1116722" lon="148.3872121"/>
      <trkpt lat="-9.1116293" lon="148.3873211"/>
    </trkseg>
    <trkseg>
      <trkpt lat="-9.1115699" lon="148.3873970"/>
      <trkpt lat="-9.1114943" lon="148.3875620"/>
      <trkpt lat="-9.1114089" lon="148.3877207"/>
      <trkpt lat="-9.1113131" lon="148.3878733"/>
      <trkpt lat="-9.1112006" lon="148.3880141"/>
      <trkpt lat="-9.1110752" lon="148.3881418"/>
      <trkpt lat="-9.1109386" lon="148.3882584"/>
      <trkpt lat="-9.1107877" lon="148.3883531"/>
      <trkpt lat="-9.1106309" lon="148.3883897"/>
      <trkpt lat="-9.1104642" lon="148.3883711"/>
      <trkpt lat="-9.1103048" lon="148.3882948"/>
      <trkpt lat="-9.1101633" lon="148.3881928"/>
      <trkpt lat="-9.1100471" lon="148.3880570"/>
      <trkpt lat="-9.1099478" lon="148.3879053"/>
      <trkpt lat="-9.1098512" lon="148.3877519"/>
      <trkpt lat="-9.1097753" lon="148.3876376"/>
      <trkpt lat="-9.1097194" lon="148.3875629"/>
    </trkseg>
    <trkseg>
      <trkpt lat="-9.1096551" lon="148.3874918"/>
      <trkpt lat="-9.1096247" lon="148.3873157"/>
      <trkpt lat="-9.1095722" lon="148.3871501"/>
      <trkpt lat="-9.1094858" lon="148.3870029"/>
      <trkpt lat="-9.1093860" lon="148.3868607"/>
      <trkpt lat="-9.1092818" lon="148.3867196"/>
      <trkpt lat="-9.1091886" lon="148.3865688"/>
      <trkpt lat="-9.1090737" lon="148.3864293"/>
      <trkpt lat="-9.1089715" lon="148.3862824"/>
      <trkpt lat="-9.1088975" lon="148.3861258"/>
      <trkpt lat="-9.1088411" lon="148.3859574"/>
      <trkpt lat="-9.1087892" lon="148.3857861"/>
      <trkpt lat="-9.1087261" lon="148.3856161"/>
      <trkpt lat="-9.1086469" lon="148.3854648"/>
      <trkpt lat="-9.1085427" lon="148.3853369"/>
      <trkpt lat="-9.1084136" lon="148.3852241"/>
      <trkpt lat="-9.1082836" lon="148.3851059"/>
      <trkpt lat="-9.1081846" lon="148.3849623"/>
      <trkpt lat="-9.1081191" lon="148.3848017"/>
      <trkpt lat="-9.1080867" lon="148.3846231"/>
      <trkpt lat="-9.1080469" lon="148.3844473"/>
      <trkpt lat="-9.1079740" lon="148.3842881"/>
      <trkpt lat="-9.1078765" lon="148.3841388"/>
      <trkpt lat="-9.1077866" lon="148.3839871"/>
      <trkpt lat="-9.1077239" lon="148.3838200"/>
      <trkpt lat="-9.1076769" lon="148.3836449"/>
      <trkpt lat="-9.1076101" lon="148.3834804"/>
      <trkpt lat="-9.1075118" lon="148.3833359"/>
      <trkpt lat="-9.1073881" lon="148.3832068"/>
      <trkpt lat="-9.1072635" lon="148.3830769"/>
      <trkpt lat="-9.1071524" lon="148.3829357"/>
      <trkpt lat="-9.1070579" lon="148.3827916"/>
      <trkpt lat="-9.1069710" lon="148.3826523"/>
      <trkpt lat="-9.1068724" lon="148.3825257"/>
      <trkpt lat="-9.1067685" lon="148.3823946"/>
      <trkpt lat="-9.1066552" lon="148.3822687"/>
      <trkpt lat="-9.1065648" lon="148.3821255"/>
      <trkpt lat="-9.1064634" lon="148.3819965"/>
      <trkpt lat="-9.1063527" lon="148.3818690"/>
      <trkpt lat="-9.1062378" lon="148.3817433"/>
      <trkpt lat="-9.1061306" lon="148.3816042"/>
      <trkpt lat="-9.1060606" lon="148.3814432"/>
      <trkpt lat="-9.1059776" lon="148.3812962"/>
      <trkpt lat="-9.1058974" lon="148.3811481"/>
      <trkpt lat="-9.1058175" lon="148.3809996"/>
      <trkpt lat="-9.1057964" lon="148.3808333"/>
      <trkpt lat="-9.1058143" lon="148.3806612"/>
      <trkpt lat="-9.1058668" lon="148.3804991"/>
      <trkpt lat="-9.1058990" lon="148.3803332"/>
      <trkpt lat="-9.1059346" lon="148.3801643"/>
      <trkpt lat="-9.1059532" lon="148.3799852"/>
      <trkpt lat="-9.1059714" lon="148.3798065"/>
      <trkpt lat="-9.1059458" lon="148.3796387"/>
      <trkpt lat="-9.1058756" lon="148.3794831"/>
      <trkpt lat="-9.1057874" lon="148.3793301"/>
      <trkpt lat="-9.1057278" lon="148.3791665"/>
      <trkpt lat="-9.1056859" lon="148.3789938"/>
      <trkpt lat="-9.1056191" lon="148.3788383"/>
      <trkpt lat="-9.1055227" lon="148.3786928"/>
      <trkpt lat="-9.1053938" lon="148.3785727"/>
      <trkpt lat="-9.1052827" lon="148.3784652"/>
      <trkpt lat="-9.1051571" lon="148.3783763"/>
      <trkpt lat="-9.1050309" lon="148.3782890"/>
      <trkpt lat="-9.1049056" lon="148.3781755"/>
      <trkpt lat="-9.1048072" lon="148.3780384"/>
      <trkpt lat="-9.1047831" lon="148.3778945"/>
      <trkpt lat="-9.1048342" lon="148.3777732"/>
      <trkpt lat="-9.1049478" lon="148.3776620"/>
      <trkpt lat="-9.1050710" lon="148.3775353"/>
      <trkpt lat="-9.1051834" lon="148.3773950"/>
      <trkpt lat="-9.1052511" lon="148.3772420"/>
      <trkpt lat="-9.1052948" lon="148.3770804"/>
      <trkpt lat="-9.1052701" lon="148.3769110"/>
      <trkpt lat="-9.1052192" lon="148.3767456"/>
      <trkpt lat="-9.1051110" lon="148.3766221"/>
      <trkpt lat="-9.1049841" lon="148.3765163"/>
      <trkpt lat="-9.1048448" lon="148.3764314"/>
      <trkpt lat="-9.1047244" lon="148.3763153"/>
      <trkpt lat="-9.1045929" lon="148.3762306"/>
      <trkpt lat="-9.1044484" lon="148.3761935"/>
      <trkpt lat="-9.1043098" lon="148.3761832"/>
      <trkpt lat="-9.1042181" lon="148.3761180"/>
      <trkpt lat="-9.1041935" lon="148.3759790"/>
      <trkpt lat="-9.1041885" lon="148.3758069"/>
      <trkpt lat="-9.1041542" lon="148.3756493"/>
      <trkpt lat="-9.1040741" lon="148.3755002"/>
      <trkpt lat="-9.1039633" lon="148.3753621"/>
      <trkpt lat="-9.1039054" lon="148.3752097"/>
      <trkpt lat="-9.1038637" lon="148.3750490"/>
      <trkpt lat="-9.1038456" lon="148.3748734"/>
      <trkpt lat="-9.1037969" lon="148.3746992"/>
      <trkpt lat="-9.1037875" lon="148.3745407"/>
      <trkpt lat="-9.1037917" lon="148.3744054"/>
      <trkpt lat="-9.1037945" lon="148.3742754"/>
      <trkpt lat="-9.1037539" lon="148.3741352"/>
      <trkpt lat="-9.1037091" lon="148.3739829"/>
      <trkpt lat="-9.1036756" lon="148.3738256"/>
      <trkpt lat="-9.1036551" lon="148.3736637"/>
    </trkseg>
    <trkseg>
      <trkpt lat="-9.1036738" lon="148.3735648"/>
      <trkpt lat="-9.1035739" lon="148.3734247"/>
      <trkpt lat="-9.1034702" lon="148.3732841"/>
      <trkpt lat="-9.1033583" lon="148.3731450"/>
      <trkpt lat="-9.1032649" lon="148.3729914"/>
      <trkpt lat="-9.1032220" lon="148.3728358"/>
      <trkpt lat="-9.1032601" lon="148.3726952"/>
      <trkpt lat="-9.1033309" lon="148.3725531"/>
      <trkpt lat="-9.1033544" lon="148.3724115"/>
      <trkpt lat="-9.1033475" lon="148.3722507"/>
      <trkpt lat="-9.1033305" lon="148.3720859"/>
      <trkpt lat="-9.1033407" lon="148.3719225"/>
      <trkpt lat="-9.1033158" lon="148.3717717"/>
      <trkpt lat="-9.1033026" lon="148.3716433"/>
      <trkpt lat="-9.1032984" lon="148.3715281"/>
    </trkseg>
    <trkseg>
      <trkpt lat="-9.1034533" lon="148.3714615"/>
      <trkpt lat="-9.1033182" lon="148.3715825"/>
      <trkpt lat="-9.1031831" lon="148.3717035"/>
      <trkpt lat="-9.1030480" lon="148.3718244"/>
      <trkpt lat="-9.1029922" lon="148.3719062"/>
      <trkpt lat="-9.1029898" lon="148.3719687"/>
      <trkpt lat="-9.1029929" lon="148.3720340"/>
      <trkpt lat="-9.1029532" lon="148.3721520"/>
      <trkpt lat="-9.1028487" lon="148.3722652"/>
      <trkpt lat="-9.1027260" lon="148.3723505"/>
      <trkpt lat="-9.1025579" lon="148.3724005"/>
      <trkpt lat="-9.1024031" lon="148.3724738"/>
      <trkpt lat="-9.1022485" lon="148.3725481"/>
      <trkpt lat="-9.1021071" lon="148.3726463"/>
      <trkpt lat="-9.1019787" lon="148.3727574"/>
      <trkpt lat="-9.1018767" lon="148.3729041"/>
      <trkpt lat="-9.1017852" lon="148.3730598"/>
      <trkpt lat="-9.1016729" lon="148.3731736"/>
      <trkpt lat="-9.1015316" lon="148.3732318"/>
      <trkpt lat="-9.1013604" lon="148.3732350"/>
      <trkpt lat="-9.1012088" lon="148.3731792"/>
      <trkpt lat="-9.1011128" lon="148.3731007"/>
      <trkpt lat="-9.1011255" lon="148.3730618"/>
      <trkpt lat="-9.1011581" lon="148.3730845"/>
      <trkpt lat="-9.1012095" lon="148.3731422"/>
      <trkpt lat="-9.1012391" lon="148.3731095"/>
      <trkpt lat="-9.1013067" lon="148.3730094"/>
      <trkpt lat="-9.1013870" lon="148.3728463"/>
      <trkpt lat="-9.1014672" lon="148.3726833"/>
      <trkpt lat="-9.1015428" lon="148.3725192"/>
      <trkpt lat="-9.1015913" lon="148.3723488"/>
      <trkpt lat="-9.1016252" lon="148.3721752"/>
      <trkpt lat="-9.1016581" lon="148.3720005"/>
      <trkpt lat="-9.1017029" lon="148.3718291"/>
      <trkpt lat="-9.1017837" lon="148.3716832"/>
      <trkpt lat="-9.1018874" lon="148.3716139"/>
      <trkpt lat="-9.1019550" lon="148.3716173"/>
      <trkpt lat="-9.1019898" lon="148.3715957"/>
      <trkpt lat="-9.1020002" lon="148.3714974"/>
      <trkpt lat="-9.1020686" lon="148.3713333"/>
      <trkpt lat="-9.1021584" lon="148.3711786"/>
      <trkpt lat="-9.1022470" lon="148.3710283"/>
      <trkpt lat="-9.1022921" lon="148.3708687"/>
      <trkpt lat="-9.1022810" lon="148.3706996"/>
      <trkpt lat="-9.1022436" lon="148.3705238"/>
      <trkpt lat="-9.1022112" lon="148.3703477"/>
      <trkpt lat="-9.1021950" lon="148.3701685"/>
      <trkpt lat="-9.1021907" lon="148.3699878"/>
      <trkpt lat="-9.1021969" lon="148.3698080"/>
      <trkpt lat="-9.1021733" lon="148.3696391"/>
      <trkpt lat="-9.1020949" lon="148.3695001"/>
      <trkpt lat="-9.1019794" lon="148.3693703"/>
      <trkpt lat="-9.1019006" lon="148.3692298"/>
      <trkpt lat="-9.1018503" lon="148.3690662"/>
      <trkpt lat="-9.1018254" lon="148.3688947"/>
      <trkpt lat="-9.1017925" lon="148.3687237"/>
      <trkpt lat="-9.1017628" lon="148.3685496"/>
      <trkpt lat="-9.1017461" lon="148.3683745"/>
      <trkpt lat="-9.1017349" lon="148.3682094"/>
      <trkpt lat="-9.1017336" lon="148.3680414"/>
      <trkpt lat="-9.1017289" lon="148.3678731"/>
      <trkpt lat="-9.1017426" lon="148.3676981"/>
      <trkpt lat="-9.1017657" lon="148.3675224"/>
      <trkpt lat="-9.1017719" lon="148.3673482"/>
      <trkpt lat="-9.1017238" lon="148.3671815"/>
      <trkpt lat="-9.1016356" lon="148.3670300"/>
      <trkpt lat="-9.1015756" lon="148.3668863"/>
      <trkpt lat="-9.1015890" lon="148.3667452"/>
      <trkpt lat="-9.1016815" lon="148.3666056"/>
      <trkpt lat="-9.1017852" lon="148.3664622"/>
      <trkpt lat="-9.1018897" lon="148.3663192"/>
      <trkpt lat="-9.1019748" lon="148.3661645"/>
      <trkpt lat="-9.1020600" lon="148.3660093"/>
      <trkpt lat="-9.1021414" lon="148.3658570"/>
      <trkpt lat="-9.1022631" lon="148.3657611"/>
      <trkpt lat="-9.1024132" lon="148.3656955"/>
      <trkpt lat="-9.1025372" lon="148.3656964"/>
      <trkpt lat="-9.1026554" lon="148.3657234"/>
      <trkpt lat="-9.1027735" lon="148.3658005"/>
      <trkpt lat="-9.1029359" lon="148.3658807"/>
      <trkpt lat="-9.1030666" lon="148.3659449"/>
      <trkpt lat="-9.1030922" lon="148.3659502"/>
      <trkpt lat="-9.1030159" lon="148.3658919"/>
      <trkpt lat="-9.1028695" lon="148.3657864"/>
      <trkpt lat="-9.1027237" lon="148.3656802"/>
      <trkpt lat="-9.1025736" lon="148.3655811"/>
      <trkpt lat="-9.1024160" lon="148.3654939"/>
      <trkpt lat="-9.1023005" lon="148.3654431"/>
      <trkpt lat="-9.1022197" lon="148.3654028"/>
      <trkpt lat="-9.1022301" lon="148.3654312"/>
      <trkpt lat="-9.1023036" lon="148.3654698"/>
      <trkpt lat="-9.1024405" lon="148.3655642"/>
      <trkpt lat="-9.1025705" lon="148.3656226"/>
      <trkpt lat="-9.1026768" lon="148.3656223"/>
      <trkpt lat="-9.1027179" lon="148.3655288"/>
      <trkpt lat="-9.1027119" lon="148.3653696"/>
      <trkpt lat="-9.1026273" lon="148.3652283"/>
      <trkpt lat="-9.1025079" lon="148.3651167"/>
      <trkpt lat="-9.1023639" lon="148.3650246"/>
      <trkpt lat="-9.1022665" lon="148.3649005"/>
      <trkpt lat="-9.1021995" lon="148.3647480"/>
      <trkpt lat="-9.1021328" lon="148.3645913"/>
      <trkpt lat="-9.1020233" lon="148.3644546"/>
      <trkpt lat="-9.1018799" lon="148.3643552"/>
      <trkpt lat="-9.1017197" lon="148.3642906"/>
      <trkpt lat="-9.1015431" lon="148.3642675"/>
      <trkpt lat="-9.1013744" lon="148.3642366"/>
      <trkpt lat="-9.1012143" lon="148.3641828"/>
      <trkpt lat="-9.1010869" lon="148.3640726"/>
      <trkpt lat="-9.1009890" lon="148.3639314"/>
      <trkpt lat="-9.1009144" lon="148.3637749"/>
      <trkpt lat="-9.1008186" lon="148.3636408"/>
      <trkpt lat="-9.1007159" lon="148.3635152"/>
      <trkpt lat="-9.1006603" lon="148.3633783"/>
      <trkpt lat="-9.1006779" lon="148.3632176"/>
      <trkpt lat="-9.1007523" lon="148.3630527"/>
      <trkpt lat="-9.1008234" lon="148.3628898"/>
      <trkpt lat="-9.1008351" lon="148.3627352"/>
      <trkpt lat="-9.1008214" lon="148.3626343"/>
      <trkpt lat="-9.1008340" lon="148.3625977"/>
      <trkpt lat="-9.1008213" lon="148.3626086"/>
      <trkpt lat="-9.1007676" lon="148.3625971"/>
      <trkpt lat="-9.1006379" lon="148.3625270"/>
      <trkpt lat="-9.1005878" lon="148.3624028"/>
      <trkpt lat="-9.1005620" lon="148.3622616"/>
      <trkpt lat="-9.1005164" lon="148.3621403"/>
      <trkpt lat="-9.1004401" lon="148.3620211"/>
      <trkpt lat="-9.1004033" lon="148.3618895"/>
      <trkpt lat="-9.1003809" lon="148.3617513"/>
      <trkpt lat="-9.1003344" lon="148.3616191"/>
      <trkpt lat="-9.1002587" lon="148.3614829"/>
      <trkpt lat="-9.1002686" lon="148.3613467"/>
      <trkpt lat="-9.1003612" lon="148.3612226"/>
      <trkpt lat="-9.1004681" lon="148.3610943"/>
      <trkpt lat="-9.1005385" lon="148.3609427"/>
      <trkpt lat="-9.1005695" lon="148.3607644"/>
      <trkpt lat="-9.1005842" lon="148.3605846"/>
      <trkpt lat="-9.1005878" lon="148.3604034"/>
      <trkpt lat="-9.1005882" lon="148.3602225"/>
      <trkpt lat="-9.1006060" lon="148.3600443"/>
      <trkpt lat="-9.1006214" lon="148.3598662"/>
      <trkpt lat="-9.1006289" lon="148.3596890"/>
      <trkpt lat="-9.1006545" lon="148.3595187"/>
      <trkpt lat="-9.1007219" lon="148.3593634"/>
      <trkpt lat="-9.1008361" lon="148.3592721"/>
      <trkpt lat="-9.1009588" lon="148.3592725"/>
      <trkpt lat="-9.1010991" lon="148.3593320"/>
      <trkpt lat="-9.1012444" lon="148.3593743"/>
      <trkpt lat="-9.1013267" lon="148.3593563"/>
      <trkpt lat="-9.1013455" lon="148.3592864"/>
      <trkpt lat="-9.1013050" lon="148.3591863"/>
      <trkpt lat="-9.1012833" lon="148.3591145"/>
      <trkpt lat="-9.1012786" lon="148.3590896"/>
      <trkpt lat="-9.1012976" lon="148.3591657"/>
      <trkpt lat="-9.1013297" lon="148.3592319"/>
      <trkpt lat="-9.1014080" lon="148.3592853"/>
      <trkpt lat="-9.1015224" lon="148.3592483"/>
      <trkpt lat="-9.1016743" lon="148.3591754"/>
      <trkpt lat="-9.1018139" lon="148.3590662"/>
      <trkpt lat="-9.1019483" lon="148.3589488"/>
      <trkpt lat="-9.1020720" lon="148.3588199"/>
      <trkpt lat="-9.1021917" lon="148.3587029"/>
      <trkpt lat="-9.1022580" lon="148.3586349"/>
      <trkpt lat="-9.1023195" lon="148.3585679"/>
      <trkpt lat="-9.1023944" lon="148.3585036"/>
      <trkpt lat="-9.1025066" lon="148.3583767"/>
      <trkpt lat="-9.1026276" lon="148.3582699"/>
      <trkpt lat="-9.1026953" lon="148.3581732"/>
      <trkpt lat="-9.1027680" lon="148.3580797"/>
      <trkpt lat="-9.1028387" lon="148.3579659"/>
      <trkpt lat="-9.1029455" lon="148.3578201"/>
      <trkpt lat="-9.1030644" lon="148.3576897"/>
      <trkpt lat="-9.1032056" lon="148.3575987"/>
      <trkpt lat="-9.1033620" lon="148.3575826"/>
      <trkpt lat="-9.1035221" lon="148.3576365"/>
      <trkpt lat="-9.1036699" lon="148.3577356"/>
      <trkpt lat="-9.1038100" lon="148.3578455"/>
      <trkpt lat="-9.1039556" lon="148.3579432"/>
      <trkpt lat="-9.1041089" lon="148.3580222"/>
      <trkpt lat="-9.1042768" lon="148.3580579"/>
      <trkpt lat="-9.1044397" lon="148.3580388"/>
      <trkpt lat="-9.1045951" lon="148.3579679"/>
      <trkpt lat="-9.1047257" lon="148.3578557"/>
      <trkpt lat="-9.1048523" lon="148.3577359"/>
      <trkpt lat="-9.1049774" lon="148.3576163"/>
      <trkpt lat="-9.1050875" lon="148.3575167"/>
      <trkpt lat="-9.1051648" lon="148.3574443"/>
      <trkpt lat="-9.1051956" lon="148.3574004"/>
      <trkpt lat="-9.1052397" lon="148.3574059"/>
      <trkpt lat="-9.1052653" lon="148.3573733"/>
      <trkpt lat="-9.1052444" lon="148.3573221"/>
      <trkpt lat="-9.1051450" lon="148.3572246"/>
    </trkseg>
    <trkseg>
      <trkpt lat="-9.1052341" lon="148.3571973"/>
      <trkpt lat="-9.1052322" lon="148.3572279"/>
      <trkpt lat="-9.1052158" lon="148.3572063"/>
    </trkseg>
    <trkseg>
      <trkpt lat="-9.1400141" lon="148.3875787"/>
      <trkpt lat="-9.1399778" lon="148.3877280"/>
      <trkpt lat="-9.1399000" lon="148.3878702"/>
      <trkpt lat="-9.1397698" lon="148.3879928"/>
      <trkpt lat="-9.1396274" lon="148.3880812"/>
      <trkpt lat="-9.1394876" lon="148.3880783"/>
      <trkpt lat="-9.1393935" lon="148.3879835"/>
      <trkpt lat="-9.1393786" lon="148.3878286"/>
      <trkpt lat="-9.1394535" lon="148.3876920"/>
      <trkpt lat="-9.1395934" lon="148.3876151"/>
      <trkpt lat="-9.1397518" lon="148.3875918"/>
      <trkpt lat="-9.1399049" lon="148.3876027"/>
    </trkseg>
    <trkseg>
      <trkpt lat="-9.1395088" lon="148.3872103"/>
      <trkpt lat="-9.1394792" lon="148.3873412"/>
      <trkpt lat="-9.1395017" lon="148.3873890"/>
      <trkpt lat="-9.1395412" lon="148.3873518"/>
      <trkpt lat="-9.1395156" lon="148.3872406"/>
    </trkseg>
    <trkseg>
      <trkpt lat="-9.1216862" lon="148.3074499"/>
      <trkpt lat="-9.1216923" lon="148.3074164"/>
      <trkpt lat="-9.1217083" lon="148.3073679"/>
      <trkpt lat="-9.1217165" lon="148.3074107"/>
      <trkpt lat="-9.1217107" lon="148.3074679"/>
      <trkpt lat="-9.1217379" lon="148.3076307"/>
      <trkpt lat="-9.1218390" lon="148.3077519"/>
      <trkpt lat="-9.1219497" lon="148.3077683"/>
      <trkpt lat="-9.1220266" lon="148.3076722"/>
      <trkpt lat="-9.1220098" lon="148.3075379"/>
      <trkpt lat="-9.1219635" lon="148.3074514"/>
      <trkpt lat="-9.1219208" lon="148.3074249"/>
    </trkseg>
  </trk>
</gpx>
