<?xml version="1.0" encoding="UTF-8"?>
<gpx version="1.1" creator="MCA Maps — Managalas clan boundary survey"
     xmlns="http://www.topografix.com/GPX/1/1"
     xmlns:xsi="http://www.w3.org/2001/XMLSchema-instance"
     xsi:schemaLocation="http://www.topografix.com/GPX/1/1 http://www.topografix.com/GPX/1/1/gpx.xsd">
  <metadata>
    <name>Gubai — clan land boundary</name>
    <desc>Gubai, Zone 8. 134.5 km walked; 5.0 km still to walk in 6 gaps. 1 join(s) under the marking threshold are not shown.</desc>
    <time>2026-08-16T11:44:03Z</time>
  </metadata>
  <wpt lat="-9.1243267" lon="148.5023867">
    <name>GAP 1 OF 6 START</name>
    <desc>0.23 km not walked. This straight line is not a boundary — it joins the two ends so the shape can be closed on paper. Gubai, Zone 8.</desc>
    <sym>Flag</sym>
  </wpt>
  <wpt lat="-9.1232650" lon="148.5006117">
    <name>GAP 1 OF 6 END</name>
    <desc>0.23 km not walked. This straight line is not a boundary — it joins the two ends so the shape can be closed on paper. Gubai, Zone 8.</desc>
    <sym>Flag</sym>
  </wpt>
  <wpt lat="-9.1284767" lon="148.4999400">
    <name>GAP 2 OF 6 START</name>
    <desc>1.11 km not walked. This straight line is not a boundary — it joins the two ends so the shape can be closed on paper. Gubai, Zone 8.</desc>
    <sym>Flag</sym>
  </wpt>
  <wpt lat="-9.1300917" lon="148.4900133">
    <name>GAP 2 OF 6 END</name>
    <desc>1.11 km not walked. This straight line is not a boundary — it joins the two ends so the shape can be closed on paper. Gubai, Zone 8.</desc>
    <sym>Flag</sym>
  </wpt>
  <wpt lat="-9.1402250" lon="148.4811417">
    <name>GAP 3 OF 6 START</name>
    <desc>2.42 km not walked. This straight line is not a boundary — it joins the two ends so the shape can be closed on paper. Gubai, Zone 8.</desc>
    <sym>Flag</sym>
  </wpt>
  <wpt lat="-9.1441417" lon="148.5027683">
    <name>GAP 3 OF 6 END</name>
    <desc>2.42 km not walked. This straight line is not a boundary — it joins the two ends so the shape can be closed on paper. Gubai, Zone 8.</desc>
    <sym>Flag</sym>
  </wpt>
  <wpt lat="-9.1456633" lon="148.5247483">
    <name>GAP 4 OF 6 START</name>
    <desc>0.15 km not walked. This straight line is not a boundary — it joins the two ends so the shape can be closed on paper. Gubai, Zone 8.</desc>
    <sym>Flag</sym>
  </wpt>
  <wpt lat="-9.1469633" lon="148.5242917">
    <name>GAP 4 OF 6 END</name>
    <desc>0.15 km not walked. This straight line is not a boundary — it joins the two ends so the shape can be closed on paper. Gubai, Zone 8.</desc>
    <sym>Flag</sym>
  </wpt>
  <wpt lat="-9.1472300" lon="148.5242717">
    <name>GAP 5 OF 6 START</name>
    <desc>0.55 km not walked. This straight line is not a boundary — it joins the two ends so the shape can be closed on paper. Gubai, Zone 8.</desc>
    <sym>Flag</sym>
  </wpt>
  <wpt lat="-9.1483733" lon="148.5291350">
    <name>GAP 5 OF 6 END</name>
    <desc>0.55 km not walked. This straight line is not a boundary — it joins the two ends so the shape can be closed on paper. Gubai, Zone 8.</desc>
    <sym>Flag</sym>
  </wpt>
  <wpt lat="-9.1342300" lon="148.5323267">
    <name>GAP 6 OF 6 START</name>
    <desc>0.54 km not walked. This straight line is not a boundary — it joins the two ends so the shape can be closed on paper. Gubai, Zone 8.</desc>
    <sym>Flag</sym>
  </wpt>
  <wpt lat="-9.1310650" lon="148.5360817">
    <name>GAP 6 OF 6 END</name>
    <desc>0.54 km not walked. This straight line is not a boundary — it joins the two ends so the shape can be closed on paper. Gubai, Zone 8.</desc>
    <sym>Flag</sym>
  </wpt>
  <trk>
    <name>GAP 1 OF 6 - NOT WALKED - 0.23 km</name>
    <desc>0.23 km not walked. This straight line is not a boundary — it joins the two ends so the shape can be closed on paper. Gubai, Zone 8.</desc>
    <type>not-walked</type>
    <trkseg>
      <trkpt lat="-9.1243267" lon="148.5023867"/>
      <trkpt lat="-9.1232650" lon="148.5006117"/>
    </trkseg>
  </trk>
  <trk>
    <name>GAP 2 OF 6 - NOT WALKED - 1.11 km</name>
    <desc>1.11 km not walked. This straight line is not a boundary — it joins the two ends so the shape can be closed on paper. Gubai, Zone 8.</desc>
    <type>not-walked</type>
    <trkseg>
      <trkpt lat="-9.1284767" lon="148.4999400"/>
      <trkpt lat="-9.1300917" lon="148.4900133"/>
    </trkseg>
  </trk>
  <trk>
    <name>GAP 3 OF 6 - NOT WALKED - 2.42 km</name>
    <desc>2.42 km not walked. This straight line is not a boundary — it joins the two ends so the shape can be closed on paper. Gubai, Zone 8.</desc>
    <type>not-walked</type>
    <trkseg>
      <trkpt lat="-9.1402250" lon="148.4811417"/>
      <trkpt lat="-9.1441417" lon="148.5027683"/>
    </trkseg>
  </trk>
  <trk>
    <name>GAP 4 OF 6 - NOT WALKED - 0.15 km</name>
    <desc>0.15 km not walked. This straight line is not a boundary — it joins the two ends so the shape can be closed on paper. Gubai, Zone 8.</desc>
    <type>not-walked</type>
    <trkseg>
      <trkpt lat="-9.1456633" lon="148.5247483"/>
      <trkpt lat="-9.1469633" lon="148.5242917"/>
    </trkseg>
  </trk>
  <trk>
    <name>GAP 5 OF 6 - NOT WALKED - 0.55 km</name>
    <desc>0.55 km not walked. This straight line is not a boundary — it joins the two ends so the shape can be closed on paper. Gubai, Zone 8.</desc>
    <type>not-walked</type>
    <trkseg>
      <trkpt lat="-9.1472300" lon="148.5242717"/>
      <trkpt lat="-9.1483733" lon="148.5291350"/>
    </trkseg>
  </trk>
  <trk>
    <name>GAP 6 OF 6 - NOT WALKED - 0.54 km</name>
    <desc>0.54 km not walked. This straight line is not a boundary — it joins the two ends so the shape can be closed on paper. Gubai, Zone 8.</desc>
    <type>not-walked</type>
    <trkseg>
      <trkpt lat="-9.1342300" lon="148.5323267"/>
      <trkpt lat="-9.1310650" lon="148.5360817"/>
    </trkseg>
  </trk>
  <trk>
    <name>Gubai - Fordy Igai</name>
    <desc>Walked by Fordy Igai. 42.7 km, 20 track(s), recorded on the ground. Gubai, Zone 8.</desc>
    <type>walked-boundary</type>
    <trkseg>
      <trkpt lat="-9.1219850" lon="148.5307550"/>
      <trkpt lat="-9.1221555" lon="148.5307049"/>
      <trkpt lat="-9.1223289" lon="148.5306904"/>
      <trkpt lat="-9.1225046" lon="148.5307082"/>
      <trkpt lat="-9.1226731" lon="148.5307517"/>
      <trkpt lat="-9.1228351" lon="148.5308103"/>
      <trkpt lat="-9.1229658" lon="148.5309054"/>
      <trkpt lat="-9.1230998" lon="148.5309969"/>
      <trkpt lat="-9.1232299" lon="148.5310969"/>
      <trkpt lat="-9.1233916" lon="148.5311637"/>
      <trkpt lat="-9.1235574" lon="148.5312148"/>
      <trkpt lat="-9.1237341" lon="148.5312426"/>
      <trkpt lat="-9.1239005" lon="148.5312858"/>
      <trkpt lat="-9.1240414" lon="148.5313697"/>
      <trkpt lat="-9.1241644" lon="148.5314712"/>
      <trkpt lat="-9.1242989" lon="148.5315501"/>
      <trkpt lat="-9.1244470" lon="148.5316197"/>
      <trkpt lat="-9.1245969" lon="148.5316738"/>
      <trkpt lat="-9.1247427" lon="148.5317425"/>
      <trkpt lat="-9.1248857" lon="148.5318167"/>
      <trkpt lat="-9.1250372" lon="148.5318937"/>
      <trkpt lat="-9.1251498" lon="148.5320009"/>
      <trkpt lat="-9.1252311" lon="148.5321229"/>
      <trkpt lat="-9.1253082" lon="148.5322611"/>
      <trkpt lat="-9.1254269" lon="148.5323620"/>
      <trkpt lat="-9.1255800" lon="148.5324245"/>
      <trkpt lat="-9.1256629" lon="148.5325032"/>
      <trkpt lat="-9.1257093" lon="148.5326070"/>
      <trkpt lat="-9.1257623" lon="148.5327110"/>
      <trkpt lat="-9.1258612" lon="148.5327764"/>
      <trkpt lat="-9.1259814" lon="148.5328371"/>
      <trkpt lat="-9.1260882" lon="148.5328885"/>
      <trkpt lat="-9.1262133" lon="148.5329367"/>
    </trkseg>
    <trkseg>
      <trkpt lat="-9.1263383" lon="148.5329133"/>
      <trkpt lat="-9.1264301" lon="148.5330382"/>
      <trkpt lat="-9.1265346" lon="148.5331587"/>
      <trkpt lat="-9.1266419" lon="148.5332829"/>
      <trkpt lat="-9.1267550" lon="148.5333893"/>
      <trkpt lat="-9.1268922" lon="148.5334524"/>
      <trkpt lat="-9.1270559" lon="148.5334802"/>
      <trkpt lat="-9.1272112" lon="148.5335246"/>
      <trkpt lat="-9.1273151" lon="148.5335682"/>
      <trkpt lat="-9.1273750" lon="148.5335950"/>
    </trkseg>
    <trkseg>
      <trkpt lat="-9.1274450" lon="148.5335250"/>
      <trkpt lat="-9.1275717" lon="148.5334568"/>
      <trkpt lat="-9.1277174" lon="148.5334297"/>
      <trkpt lat="-9.1278857" lon="148.5334284"/>
      <trkpt lat="-9.1280549" lon="148.5334065"/>
      <trkpt lat="-9.1282277" lon="148.5333741"/>
      <trkpt lat="-9.1283996" lon="148.5333721"/>
      <trkpt lat="-9.1285675" lon="148.5333936"/>
      <trkpt lat="-9.1287169" lon="148.5334682"/>
      <trkpt lat="-9.1288658" lon="148.5335452"/>
      <trkpt lat="-9.1289879" lon="148.5336555"/>
      <trkpt lat="-9.1291136" lon="148.5337646"/>
      <trkpt lat="-9.1292043" lon="148.5339125"/>
      <trkpt lat="-9.1293070" lon="148.5340551"/>
      <trkpt lat="-9.1293806" lon="148.5342084"/>
      <trkpt lat="-9.1294439" lon="148.5343595"/>
      <trkpt lat="-9.1294832" lon="148.5345243"/>
      <trkpt lat="-9.1295091" lon="148.5346952"/>
      <trkpt lat="-9.1295294" lon="148.5348700"/>
      <trkpt lat="-9.1295551" lon="148.5350418"/>
      <trkpt lat="-9.1296224" lon="148.5351810"/>
      <trkpt lat="-9.1297027" lon="148.5353146"/>
      <trkpt lat="-9.1297808" lon="148.5354491"/>
      <trkpt lat="-9.1298687" lon="148.5355802"/>
      <trkpt lat="-9.1299978" lon="148.5356555"/>
      <trkpt lat="-9.1301659" lon="148.5356923"/>
      <trkpt lat="-9.1303406" lon="148.5357146"/>
      <trkpt lat="-9.1304882" lon="148.5357805"/>
      <trkpt lat="-9.1306309" lon="148.5358563"/>
      <trkpt lat="-9.1307441" lon="148.5359730"/>
      <trkpt lat="-9.1308824" lon="148.5360479"/>
      <trkpt lat="-9.1309822" lon="148.5360910"/>
      <trkpt lat="-9.1310650" lon="148.5360817"/>
    </trkseg>
    <trkseg>
      <trkpt lat="-9.1342300" lon="148.5323267"/>
      <trkpt lat="-9.1343617" lon="148.5322566"/>
      <trkpt lat="-9.1344997" lon="148.5322435"/>
      <trkpt lat="-9.1346339" lon="148.5322265"/>
      <trkpt lat="-9.1347438" lon="148.5322055"/>
      <trkpt lat="-9.1348217" lon="148.5321367"/>
    </trkseg>
    <trkseg>
      <trkpt lat="-9.1219850" lon="148.5307550"/>
      <trkpt lat="-9.1221555" lon="148.5307049"/>
      <trkpt lat="-9.1223289" lon="148.5306904"/>
      <trkpt lat="-9.1225046" lon="148.5307082"/>
      <trkpt lat="-9.1226731" lon="148.5307517"/>
      <trkpt lat="-9.1228351" lon="148.5308103"/>
      <trkpt lat="-9.1229658" lon="148.5309054"/>
      <trkpt lat="-9.1230998" lon="148.5309969"/>
      <trkpt lat="-9.1232299" lon="148.5310969"/>
      <trkpt lat="-9.1233916" lon="148.5311637"/>
      <trkpt lat="-9.1235574" lon="148.5312148"/>
      <trkpt lat="-9.1237341" lon="148.5312426"/>
      <trkpt lat="-9.1239005" lon="148.5312858"/>
      <trkpt lat="-9.1240414" lon="148.5313697"/>
      <trkpt lat="-9.1241644" lon="148.5314712"/>
      <trkpt lat="-9.1242989" lon="148.5315501"/>
      <trkpt lat="-9.1244470" lon="148.5316197"/>
      <trkpt lat="-9.1245969" lon="148.5316738"/>
      <trkpt lat="-9.1247427" lon="148.5317425"/>
      <trkpt lat="-9.1248857" lon="148.5318167"/>
      <trkpt lat="-9.1250372" lon="148.5318937"/>
      <trkpt lat="-9.1251498" lon="148.5320009"/>
      <trkpt lat="-9.1252311" lon="148.5321229"/>
      <trkpt lat="-9.1253082" lon="148.5322611"/>
      <trkpt lat="-9.1254269" lon="148.5323620"/>
      <trkpt lat="-9.1255800" lon="148.5324245"/>
      <trkpt lat="-9.1256629" lon="148.5325032"/>
      <trkpt lat="-9.1257093" lon="148.5326070"/>
      <trkpt lat="-9.1257623" lon="148.5327110"/>
      <trkpt lat="-9.1258612" lon="148.5327764"/>
      <trkpt lat="-9.1259814" lon="148.5328371"/>
      <trkpt lat="-9.1260882" lon="148.5328885"/>
      <trkpt lat="-9.1262133" lon="148.5329367"/>
    </trkseg>
    <trkseg>
      <trkpt lat="-9.1263383" lon="148.5329133"/>
      <trkpt lat="-9.1264301" lon="148.5330382"/>
      <trkpt lat="-9.1265346" lon="148.5331587"/>
      <trkpt lat="-9.1266419" lon="148.5332829"/>
      <trkpt lat="-9.1267550" lon="148.5333893"/>
      <trkpt lat="-9.1268922" lon="148.5334524"/>
      <trkpt lat="-9.1270559" lon="148.5334802"/>
      <trkpt lat="-9.1272112" lon="148.5335246"/>
      <trkpt lat="-9.1273151" lon="148.5335682"/>
      <trkpt lat="-9.1273750" lon="148.5335950"/>
    </trkseg>
    <trkseg>
      <trkpt lat="-9.1274450" lon="148.5335250"/>
      <trkpt lat="-9.1275717" lon="148.5334568"/>
      <trkpt lat="-9.1277174" lon="148.5334297"/>
      <trkpt lat="-9.1278857" lon="148.5334284"/>
      <trkpt lat="-9.1280549" lon="148.5334065"/>
      <trkpt lat="-9.1282277" lon="148.5333741"/>
      <trkpt lat="-9.1283996" lon="148.5333721"/>
      <trkpt lat="-9.1285675" lon="148.5333936"/>
      <trkpt lat="-9.1287169" lon="148.5334682"/>
      <trkpt lat="-9.1288658" lon="148.5335452"/>
      <trkpt lat="-9.1289879" lon="148.5336555"/>
      <trkpt lat="-9.1291136" lon="148.5337646"/>
      <trkpt lat="-9.1292043" lon="148.5339125"/>
      <trkpt lat="-9.1293070" lon="148.5340551"/>
      <trkpt lat="-9.1293806" lon="148.5342084"/>
      <trkpt lat="-9.1294439" lon="148.5343595"/>
      <trkpt lat="-9.1294832" lon="148.5345243"/>
      <trkpt lat="-9.1295091" lon="148.5346952"/>
      <trkpt lat="-9.1295294" lon="148.5348700"/>
      <trkpt lat="-9.1295551" lon="148.5350418"/>
      <trkpt lat="-9.1296224" lon="148.5351810"/>
      <trkpt lat="-9.1297027" lon="148.5353146"/>
      <trkpt lat="-9.1297808" lon="148.5354491"/>
      <trkpt lat="-9.1298687" lon="148.5355802"/>
      <trkpt lat="-9.1299978" lon="148.5356555"/>
      <trkpt lat="-9.1301659" lon="148.5356923"/>
      <trkpt lat="-9.1303406" lon="148.5357146"/>
      <trkpt lat="-9.1304882" lon="148.5357805"/>
      <trkpt lat="-9.1306309" lon="148.5358563"/>
      <trkpt lat="-9.1307441" lon="148.5359730"/>
      <trkpt lat="-9.1308824" lon="148.5360479"/>
      <trkpt lat="-9.1309822" lon="148.5360910"/>
      <trkpt lat="-9.1310650" lon="148.5360817"/>
    </trkseg>
    <trkseg>
      <trkpt lat="-9.1342300" lon="148.5323267"/>
      <trkpt lat="-9.1343617" lon="148.5322566"/>
      <trkpt lat="-9.1344997" lon="148.5322435"/>
      <trkpt lat="-9.1346339" lon="148.5322265"/>
      <trkpt lat="-9.1347438" lon="148.5322055"/>
      <trkpt lat="-9.1348217" lon="148.5321367"/>
    </trkseg>
    <trkseg>
      <trkpt lat="-9.1349083" lon="148.5321783"/>
      <trkpt lat="-9.1350105" lon="148.5322066"/>
      <trkpt lat="-9.1351116" lon="148.5322496"/>
      <trkpt lat="-9.1351598" lon="148.5323212"/>
      <trkpt lat="-9.1352315" lon="148.5324051"/>
      <trkpt lat="-9.1353216" lon="148.5324454"/>
      <trkpt lat="-9.1354466" lon="148.5324412"/>
      <trkpt lat="-9.1355756" lon="148.5324352"/>
      <trkpt lat="-9.1356693" lon="148.5324423"/>
      <trkpt lat="-9.1357943" lon="148.5324044"/>
      <trkpt lat="-9.1359045" lon="148.5324094"/>
      <trkpt lat="-9.1360485" lon="148.5323895"/>
      <trkpt lat="-9.1361964" lon="148.5324174"/>
      <trkpt lat="-9.1363462" lon="148.5323802"/>
      <trkpt lat="-9.1364790" lon="148.5323531"/>
      <trkpt lat="-9.1365933" lon="148.5323083"/>
    </trkseg>
    <trkseg>
      <trkpt lat="-9.1219850" lon="148.5307550"/>
      <trkpt lat="-9.1221555" lon="148.5307049"/>
      <trkpt lat="-9.1223289" lon="148.5306904"/>
      <trkpt lat="-9.1225046" lon="148.5307082"/>
      <trkpt lat="-9.1226731" lon="148.5307517"/>
      <trkpt lat="-9.1228351" lon="148.5308103"/>
      <trkpt lat="-9.1229658" lon="148.5309054"/>
      <trkpt lat="-9.1230998" lon="148.5309969"/>
      <trkpt lat="-9.1232299" lon="148.5310969"/>
      <trkpt lat="-9.1233916" lon="148.5311637"/>
      <trkpt lat="-9.1235574" lon="148.5312148"/>
      <trkpt lat="-9.1237341" lon="148.5312426"/>
      <trkpt lat="-9.1239005" lon="148.5312858"/>
      <trkpt lat="-9.1240414" lon="148.5313697"/>
      <trkpt lat="-9.1241644" lon="148.5314712"/>
      <trkpt lat="-9.1242989" lon="148.5315501"/>
      <trkpt lat="-9.1244470" lon="148.5316197"/>
      <trkpt lat="-9.1245969" lon="148.5316738"/>
      <trkpt lat="-9.1247427" lon="148.5317425"/>
      <trkpt lat="-9.1248857" lon="148.5318167"/>
      <trkpt lat="-9.1250372" lon="148.5318937"/>
      <trkpt lat="-9.1251498" lon="148.5320009"/>
      <trkpt lat="-9.1252311" lon="148.5321229"/>
      <trkpt lat="-9.1253082" lon="148.5322611"/>
      <trkpt lat="-9.1254269" lon="148.5323620"/>
      <trkpt lat="-9.1255800" lon="148.5324245"/>
      <trkpt lat="-9.1256629" lon="148.5325032"/>
      <trkpt lat="-9.1257093" lon="148.5326070"/>
      <trkpt lat="-9.1257623" lon="148.5327110"/>
      <trkpt lat="-9.1258612" lon="148.5327764"/>
      <trkpt lat="-9.1259814" lon="148.5328371"/>
      <trkpt lat="-9.1260882" lon="148.5328885"/>
      <trkpt lat="-9.1262133" lon="148.5329367"/>
    </trkseg>
    <trkseg>
      <trkpt lat="-9.1263383" lon="148.5329133"/>
      <trkpt lat="-9.1264301" lon="148.5330382"/>
      <trkpt lat="-9.1265346" lon="148.5331587"/>
      <trkpt lat="-9.1266419" lon="148.5332829"/>
      <trkpt lat="-9.1267550" lon="148.5333893"/>
      <trkpt lat="-9.1268922" lon="148.5334524"/>
      <trkpt lat="-9.1270559" lon="148.5334802"/>
      <trkpt lat="-9.1272112" lon="148.5335246"/>
      <trkpt lat="-9.1273151" lon="148.5335682"/>
      <trkpt lat="-9.1273750" lon="148.5335950"/>
    </trkseg>
    <trkseg>
      <trkpt lat="-9.1274450" lon="148.5335250"/>
      <trkpt lat="-9.1275717" lon="148.5334568"/>
      <trkpt lat="-9.1277174" lon="148.5334297"/>
      <trkpt lat="-9.1278857" lon="148.5334284"/>
      <trkpt lat="-9.1280549" lon="148.5334065"/>
      <trkpt lat="-9.1282277" lon="148.5333741"/>
      <trkpt lat="-9.1283996" lon="148.5333721"/>
      <trkpt lat="-9.1285675" lon="148.5333936"/>
      <trkpt lat="-9.1287169" lon="148.5334682"/>
      <trkpt lat="-9.1288658" lon="148.5335452"/>
      <trkpt lat="-9.1289879" lon="148.5336555"/>
      <trkpt lat="-9.1291136" lon="148.5337646"/>
      <trkpt lat="-9.1292043" lon="148.5339125"/>
      <trkpt lat="-9.1293070" lon="148.5340551"/>
      <trkpt lat="-9.1293806" lon="148.5342084"/>
      <trkpt lat="-9.1294439" lon="148.5343595"/>
      <trkpt lat="-9.1294832" lon="148.5345243"/>
      <trkpt lat="-9.1295091" lon="148.5346952"/>
      <trkpt lat="-9.1295294" lon="148.5348700"/>
      <trkpt lat="-9.1295551" lon="148.5350418"/>
      <trkpt lat="-9.1296224" lon="148.5351810"/>
      <trkpt lat="-9.1297027" lon="148.5353146"/>
      <trkpt lat="-9.1297808" lon="148.5354491"/>
      <trkpt lat="-9.1298687" lon="148.5355802"/>
      <trkpt lat="-9.1299978" lon="148.5356555"/>
      <trkpt lat="-9.1301659" lon="148.5356923"/>
      <trkpt lat="-9.1303406" lon="148.5357146"/>
      <trkpt lat="-9.1304882" lon="148.5357805"/>
      <trkpt lat="-9.1306309" lon="148.5358563"/>
      <trkpt lat="-9.1307441" lon="148.5359730"/>
      <trkpt lat="-9.1308824" lon="148.5360479"/>
      <trkpt lat="-9.1309822" lon="148.5360910"/>
      <trkpt lat="-9.1310650" lon="148.5360817"/>
    </trkseg>
    <trkseg>
      <trkpt lat="-9.1342300" lon="148.5323267"/>
      <trkpt lat="-9.1343617" lon="148.5322566"/>
      <trkpt lat="-9.1344997" lon="148.5322435"/>
      <trkpt lat="-9.1346339" lon="148.5322265"/>
      <trkpt lat="-9.1347438" lon="148.5322055"/>
      <trkpt lat="-9.1348217" lon="148.5321367"/>
    </trkseg>
    <trkseg>
      <trkpt lat="-9.1349083" lon="148.5321783"/>
      <trkpt lat="-9.1350105" lon="148.5322066"/>
      <trkpt lat="-9.1351116" lon="148.5322496"/>
      <trkpt lat="-9.1351598" lon="148.5323212"/>
      <trkpt lat="-9.1352315" lon="148.5324051"/>
      <trkpt lat="-9.1353216" lon="148.5324454"/>
      <trkpt lat="-9.1354466" lon="148.5324412"/>
      <trkpt lat="-9.1355756" lon="148.5324352"/>
      <trkpt lat="-9.1356693" lon="148.5324423"/>
      <trkpt lat="-9.1357943" lon="148.5324044"/>
      <trkpt lat="-9.1359045" lon="148.5324094"/>
      <trkpt lat="-9.1360485" lon="148.5323895"/>
      <trkpt lat="-9.1361964" lon="148.5324174"/>
      <trkpt lat="-9.1363462" lon="148.5323802"/>
      <trkpt lat="-9.1364790" lon="148.5323531"/>
      <trkpt lat="-9.1365933" lon="148.5323083"/>
    </trkseg>
    <trkseg>
      <trkpt lat="-9.1366033" lon="148.5324000"/>
      <trkpt lat="-9.1367275" lon="148.5324010"/>
      <trkpt lat="-9.1368306" lon="148.5324079"/>
      <trkpt lat="-9.1369204" lon="148.5324601"/>
      <trkpt lat="-9.1370149" lon="148.5324860"/>
      <trkpt lat="-9.1371032" lon="148.5324810"/>
      <trkpt lat="-9.1371732" lon="148.5324463"/>
      <trkpt lat="-9.1372648" lon="148.5324409"/>
      <trkpt lat="-9.1373738" lon="148.5324904"/>
      <trkpt lat="-9.1374774" lon="148.5325691"/>
      <trkpt lat="-9.1376019" lon="148.5326040"/>
      <trkpt lat="-9.1377365" lon="148.5326153"/>
      <trkpt lat="-9.1378863" lon="148.5326156"/>
      <trkpt lat="-9.1380406" lon="148.5326248"/>
      <trkpt lat="-9.1381865" lon="148.5326043"/>
      <trkpt lat="-9.1383214" lon="148.5325871"/>
      <trkpt lat="-9.1384494" lon="148.5326096"/>
      <trkpt lat="-9.1385835" lon="148.5326713"/>
      <trkpt lat="-9.1387427" lon="148.5327189"/>
      <trkpt lat="-9.1388599" lon="148.5327315"/>
      <trkpt lat="-9.1389045" lon="148.5327786"/>
      <trkpt lat="-9.1389473" lon="148.5328263"/>
      <trkpt lat="-9.1390122" lon="148.5329311"/>
      <trkpt lat="-9.1390953" lon="148.5330545"/>
      <trkpt lat="-9.1391459" lon="148.5331782"/>
      <trkpt lat="-9.1392141" lon="148.5332254"/>
      <trkpt lat="-9.1393035" lon="148.5331569"/>
      <trkpt lat="-9.1393815" lon="148.5330605"/>
      <trkpt lat="-9.1394150" lon="148.5329800"/>
    </trkseg>
    <trkseg>
      <trkpt lat="-9.1219850" lon="148.5307550"/>
      <trkpt lat="-9.1221555" lon="148.5307049"/>
      <trkpt lat="-9.1223289" lon="148.5306904"/>
      <trkpt lat="-9.1225046" lon="148.5307082"/>
      <trkpt lat="-9.1226731" lon="148.5307517"/>
      <trkpt lat="-9.1228351" lon="148.5308103"/>
      <trkpt lat="-9.1229658" lon="148.5309054"/>
      <trkpt lat="-9.1230998" lon="148.5309969"/>
      <trkpt lat="-9.1232299" lon="148.5310969"/>
      <trkpt lat="-9.1233916" lon="148.5311637"/>
      <trkpt lat="-9.1235574" lon="148.5312148"/>
      <trkpt lat="-9.1237341" lon="148.5312426"/>
      <trkpt lat="-9.1239005" lon="148.5312858"/>
      <trkpt lat="-9.1240414" lon="148.5313697"/>
      <trkpt lat="-9.1241644" lon="148.5314712"/>
      <trkpt lat="-9.1242989" lon="148.5315501"/>
      <trkpt lat="-9.1244470" lon="148.5316197"/>
      <trkpt lat="-9.1245969" lon="148.5316738"/>
      <trkpt lat="-9.1247427" lon="148.5317425"/>
      <trkpt lat="-9.1248857" lon="148.5318167"/>
      <trkpt lat="-9.1250372" lon="148.5318937"/>
      <trkpt lat="-9.1251498" lon="148.5320009"/>
      <trkpt lat="-9.1252311" lon="148.5321229"/>
      <trkpt lat="-9.1253082" lon="148.5322611"/>
      <trkpt lat="-9.1254269" lon="148.5323620"/>
      <trkpt lat="-9.1255800" lon="148.5324245"/>
      <trkpt lat="-9.1256629" lon="148.5325032"/>
      <trkpt lat="-9.1257093" lon="148.5326070"/>
      <trkpt lat="-9.1257623" lon="148.5327110"/>
      <trkpt lat="-9.1258612" lon="148.5327764"/>
      <trkpt lat="-9.1259814" lon="148.5328371"/>
      <trkpt lat="-9.1260882" lon="148.5328885"/>
      <trkpt lat="-9.1262133" lon="148.5329367"/>
    </trkseg>
    <trkseg>
      <trkpt lat="-9.1263383" lon="148.5329133"/>
      <trkpt lat="-9.1264301" lon="148.5330382"/>
      <trkpt lat="-9.1265346" lon="148.5331587"/>
      <trkpt lat="-9.1266419" lon="148.5332829"/>
      <trkpt lat="-9.1267550" lon="148.5333893"/>
      <trkpt lat="-9.1268922" lon="148.5334524"/>
      <trkpt lat="-9.1270559" lon="148.5334802"/>
      <trkpt lat="-9.1272112" lon="148.5335246"/>
      <trkpt lat="-9.1273151" lon="148.5335682"/>
      <trkpt lat="-9.1273750" lon="148.5335950"/>
    </trkseg>
    <trkseg>
      <trkpt lat="-9.1274450" lon="148.5335250"/>
      <trkpt lat="-9.1275717" lon="148.5334568"/>
      <trkpt lat="-9.1277174" lon="148.5334297"/>
      <trkpt lat="-9.1278857" lon="148.5334284"/>
      <trkpt lat="-9.1280549" lon="148.5334065"/>
      <trkpt lat="-9.1282277" lon="148.5333741"/>
      <trkpt lat="-9.1283996" lon="148.5333721"/>
      <trkpt lat="-9.1285675" lon="148.5333936"/>
      <trkpt lat="-9.1287169" lon="148.5334682"/>
      <trkpt lat="-9.1288658" lon="148.5335452"/>
      <trkpt lat="-9.1289879" lon="148.5336555"/>
      <trkpt lat="-9.1291136" lon="148.5337646"/>
      <trkpt lat="-9.1292043" lon="148.5339125"/>
      <trkpt lat="-9.1293070" lon="148.5340551"/>
      <trkpt lat="-9.1293806" lon="148.5342084"/>
      <trkpt lat="-9.1294439" lon="148.5343595"/>
      <trkpt lat="-9.1294832" lon="148.5345243"/>
      <trkpt lat="-9.1295091" lon="148.5346952"/>
      <trkpt lat="-9.1295294" lon="148.5348700"/>
      <trkpt lat="-9.1295551" lon="148.5350418"/>
      <trkpt lat="-9.1296224" lon="148.5351810"/>
      <trkpt lat="-9.1297027" lon="148.5353146"/>
      <trkpt lat="-9.1297808" lon="148.5354491"/>
      <trkpt lat="-9.1298687" lon="148.5355802"/>
      <trkpt lat="-9.1299978" lon="148.5356555"/>
      <trkpt lat="-9.1301659" lon="148.5356923"/>
      <trkpt lat="-9.1303406" lon="148.5357146"/>
      <trkpt lat="-9.1304882" lon="148.5357805"/>
      <trkpt lat="-9.1306309" lon="148.5358563"/>
      <trkpt lat="-9.1307441" lon="148.5359730"/>
      <trkpt lat="-9.1308824" lon="148.5360479"/>
      <trkpt lat="-9.1309822" lon="148.5360910"/>
      <trkpt lat="-9.1310650" lon="148.5360817"/>
    </trkseg>
    <trkseg>
      <trkpt lat="-9.1342300" lon="148.5323267"/>
      <trkpt lat="-9.1343617" lon="148.5322566"/>
      <trkpt lat="-9.1344997" lon="148.5322435"/>
      <trkpt lat="-9.1346339" lon="148.5322265"/>
      <trkpt lat="-9.1347438" lon="148.5322055"/>
      <trkpt lat="-9.1348217" lon="148.5321367"/>
    </trkseg>
    <trkseg>
      <trkpt lat="-9.1349083" lon="148.5321783"/>
      <trkpt lat="-9.1350105" lon="148.5322066"/>
      <trkpt lat="-9.1351116" lon="148.5322496"/>
      <trkpt lat="-9.1351598" lon="148.5323212"/>
      <trkpt lat="-9.1352315" lon="148.5324051"/>
      <trkpt lat="-9.1353216" lon="148.5324454"/>
      <trkpt lat="-9.1354466" lon="148.5324412"/>
      <trkpt lat="-9.1355756" lon="148.5324352"/>
      <trkpt lat="-9.1356693" lon="148.5324423"/>
      <trkpt lat="-9.1357943" lon="148.5324044"/>
      <trkpt lat="-9.1359045" lon="148.5324094"/>
      <trkpt lat="-9.1360485" lon="148.5323895"/>
      <trkpt lat="-9.1361964" lon="148.5324174"/>
      <trkpt lat="-9.1363462" lon="148.5323802"/>
      <trkpt lat="-9.1364790" lon="148.5323531"/>
      <trkpt lat="-9.1365933" lon="148.5323083"/>
    </trkseg>
    <trkseg>
      <trkpt lat="-9.1366033" lon="148.5324000"/>
      <trkpt lat="-9.1367275" lon="148.5324010"/>
      <trkpt lat="-9.1368306" lon="148.5324079"/>
      <trkpt lat="-9.1369204" lon="148.5324601"/>
      <trkpt lat="-9.1370149" lon="148.5324860"/>
      <trkpt lat="-9.1371032" lon="148.5324810"/>
      <trkpt lat="-9.1371732" lon="148.5324463"/>
      <trkpt lat="-9.1372648" lon="148.5324409"/>
      <trkpt lat="-9.1373738" lon="148.5324904"/>
      <trkpt lat="-9.1374774" lon="148.5325691"/>
      <trkpt lat="-9.1376019" lon="148.5326040"/>
      <trkpt lat="-9.1377365" lon="148.5326153"/>
      <trkpt lat="-9.1378863" lon="148.5326156"/>
      <trkpt lat="-9.1380406" lon="148.5326248"/>
      <trkpt lat="-9.1381865" lon="148.5326043"/>
      <trkpt lat="-9.1383214" lon="148.5325871"/>
      <trkpt lat="-9.1384494" lon="148.5326096"/>
      <trkpt lat="-9.1385835" lon="148.5326713"/>
      <trkpt lat="-9.1387427" lon="148.5327189"/>
      <trkpt lat="-9.1388599" lon="148.5327315"/>
      <trkpt lat="-9.1389045" lon="148.5327786"/>
      <trkpt lat="-9.1389473" lon="148.5328263"/>
      <trkpt lat="-9.1390122" lon="148.5329311"/>
      <trkpt lat="-9.1390953" lon="148.5330545"/>
      <trkpt lat="-9.1391459" lon="148.5331782"/>
      <trkpt lat="-9.1392141" lon="148.5332254"/>
      <trkpt lat="-9.1393035" lon="148.5331569"/>
      <trkpt lat="-9.1393815" lon="148.5330605"/>
      <trkpt lat="-9.1394150" lon="148.5329800"/>
    </trkseg>
    <trkseg>
      <trkpt lat="-9.1395567" lon="148.5329067"/>
      <trkpt lat="-9.1396888" lon="148.5327972"/>
      <trkpt lat="-9.1398130" lon="148.5327021"/>
      <trkpt lat="-9.1398888" lon="148.5326064"/>
      <trkpt lat="-9.1398868" lon="148.5325869"/>
      <trkpt lat="-9.1398702" lon="148.5325437"/>
      <trkpt lat="-9.1398813" lon="148.5324829"/>
      <trkpt lat="-9.1399808" lon="148.5323463"/>
      <trkpt lat="-9.1400817" lon="148.5322543"/>
      <trkpt lat="-9.1401836" lon="148.5322660"/>
      <trkpt lat="-9.1402445" lon="148.5323270"/>
      <trkpt lat="-9.1402800" lon="148.5323967"/>
    </trkseg>
    <trkseg>
      <trkpt lat="-9.1219850" lon="148.5307550"/>
      <trkpt lat="-9.1221555" lon="148.5307049"/>
      <trkpt lat="-9.1223289" lon="148.5306904"/>
      <trkpt lat="-9.1225046" lon="148.5307082"/>
      <trkpt lat="-9.1226731" lon="148.5307517"/>
      <trkpt lat="-9.1228351" lon="148.5308103"/>
      <trkpt lat="-9.1229658" lon="148.5309054"/>
      <trkpt lat="-9.1230998" lon="148.5309969"/>
      <trkpt lat="-9.1232299" lon="148.5310969"/>
      <trkpt lat="-9.1233916" lon="148.5311637"/>
      <trkpt lat="-9.1235574" lon="148.5312148"/>
      <trkpt lat="-9.1237341" lon="148.5312426"/>
      <trkpt lat="-9.1239005" lon="148.5312858"/>
      <trkpt lat="-9.1240414" lon="148.5313697"/>
      <trkpt lat="-9.1241644" lon="148.5314712"/>
      <trkpt lat="-9.1242989" lon="148.5315501"/>
      <trkpt lat="-9.1244470" lon="148.5316197"/>
      <trkpt lat="-9.1245969" lon="148.5316738"/>
      <trkpt lat="-9.1247427" lon="148.5317425"/>
      <trkpt lat="-9.1248857" lon="148.5318167"/>
      <trkpt lat="-9.1250372" lon="148.5318937"/>
      <trkpt lat="-9.1251498" lon="148.5320009"/>
      <trkpt lat="-9.1252311" lon="148.5321229"/>
      <trkpt lat="-9.1253082" lon="148.5322611"/>
      <trkpt lat="-9.1254269" lon="148.5323620"/>
      <trkpt lat="-9.1255800" lon="148.5324245"/>
      <trkpt lat="-9.1256629" lon="148.5325032"/>
      <trkpt lat="-9.1257093" lon="148.5326070"/>
      <trkpt lat="-9.1257623" lon="148.5327110"/>
      <trkpt lat="-9.1258612" lon="148.5327764"/>
      <trkpt lat="-9.1259814" lon="148.5328371"/>
      <trkpt lat="-9.1260882" lon="148.5328885"/>
      <trkpt lat="-9.1262133" lon="148.5329367"/>
    </trkseg>
    <trkseg>
      <trkpt lat="-9.1263383" lon="148.5329133"/>
      <trkpt lat="-9.1264301" lon="148.5330382"/>
      <trkpt lat="-9.1265346" lon="148.5331587"/>
      <trkpt lat="-9.1266419" lon="148.5332829"/>
      <trkpt lat="-9.1267550" lon="148.5333893"/>
      <trkpt lat="-9.1268922" lon="148.5334524"/>
      <trkpt lat="-9.1270559" lon="148.5334802"/>
      <trkpt lat="-9.1272112" lon="148.5335246"/>
      <trkpt lat="-9.1273151" lon="148.5335682"/>
      <trkpt lat="-9.1273750" lon="148.5335950"/>
    </trkseg>
    <trkseg>
      <trkpt lat="-9.1274450" lon="148.5335250"/>
      <trkpt lat="-9.1275717" lon="148.5334568"/>
      <trkpt lat="-9.1277174" lon="148.5334297"/>
      <trkpt lat="-9.1278857" lon="148.5334284"/>
      <trkpt lat="-9.1280549" lon="148.5334065"/>
      <trkpt lat="-9.1282277" lon="148.5333741"/>
      <trkpt lat="-9.1283996" lon="148.5333721"/>
      <trkpt lat="-9.1285675" lon="148.5333936"/>
      <trkpt lat="-9.1287169" lon="148.5334682"/>
      <trkpt lat="-9.1288658" lon="148.5335452"/>
      <trkpt lat="-9.1289879" lon="148.5336555"/>
      <trkpt lat="-9.1291136" lon="148.5337646"/>
      <trkpt lat="-9.1292043" lon="148.5339125"/>
      <trkpt lat="-9.1293070" lon="148.5340551"/>
      <trkpt lat="-9.1293806" lon="148.5342084"/>
      <trkpt lat="-9.1294439" lon="148.5343595"/>
      <trkpt lat="-9.1294832" lon="148.5345243"/>
      <trkpt lat="-9.1295091" lon="148.5346952"/>
      <trkpt lat="-9.1295294" lon="148.5348700"/>
      <trkpt lat="-9.1295551" lon="148.5350418"/>
      <trkpt lat="-9.1296224" lon="148.5351810"/>
      <trkpt lat="-9.1297027" lon="148.5353146"/>
      <trkpt lat="-9.1297808" lon="148.5354491"/>
      <trkpt lat="-9.1298687" lon="148.5355802"/>
      <trkpt lat="-9.1299978" lon="148.5356555"/>
      <trkpt lat="-9.1301659" lon="148.5356923"/>
      <trkpt lat="-9.1303406" lon="148.5357146"/>
      <trkpt lat="-9.1304882" lon="148.5357805"/>
      <trkpt lat="-9.1306309" lon="148.5358563"/>
      <trkpt lat="-9.1307441" lon="148.5359730"/>
      <trkpt lat="-9.1308824" lon="148.5360479"/>
      <trkpt lat="-9.1309822" lon="148.5360910"/>
      <trkpt lat="-9.1310650" lon="148.5360817"/>
    </trkseg>
    <trkseg>
      <trkpt lat="-9.1342300" lon="148.5323267"/>
      <trkpt lat="-9.1343617" lon="148.5322566"/>
      <trkpt lat="-9.1344997" lon="148.5322435"/>
      <trkpt lat="-9.1346339" lon="148.5322265"/>
      <trkpt lat="-9.1347438" lon="148.5322055"/>
      <trkpt lat="-9.1348217" lon="148.5321367"/>
    </trkseg>
    <trkseg>
      <trkpt lat="-9.1349083" lon="148.5321783"/>
      <trkpt lat="-9.1350105" lon="148.5322066"/>
      <trkpt lat="-9.1351116" lon="148.5322496"/>
      <trkpt lat="-9.1351598" lon="148.5323212"/>
      <trkpt lat="-9.1352315" lon="148.5324051"/>
      <trkpt lat="-9.1353216" lon="148.5324454"/>
      <trkpt lat="-9.1354466" lon="148.5324412"/>
      <trkpt lat="-9.1355756" lon="148.5324352"/>
      <trkpt lat="-9.1356693" lon="148.5324423"/>
      <trkpt lat="-9.1357943" lon="148.5324044"/>
      <trkpt lat="-9.1359045" lon="148.5324094"/>
      <trkpt lat="-9.1360485" lon="148.5323895"/>
      <trkpt lat="-9.1361964" lon="148.5324174"/>
      <trkpt lat="-9.1363462" lon="148.5323802"/>
      <trkpt lat="-9.1364790" lon="148.5323531"/>
      <trkpt lat="-9.1365933" lon="148.5323083"/>
    </trkseg>
    <trkseg>
      <trkpt lat="-9.1366033" lon="148.5324000"/>
      <trkpt lat="-9.1367275" lon="148.5324010"/>
      <trkpt lat="-9.1368306" lon="148.5324079"/>
      <trkpt lat="-9.1369204" lon="148.5324601"/>
      <trkpt lat="-9.1370149" lon="148.5324860"/>
      <trkpt lat="-9.1371032" lon="148.5324810"/>
      <trkpt lat="-9.1371732" lon="148.5324463"/>
      <trkpt lat="-9.1372648" lon="148.5324409"/>
      <trkpt lat="-9.1373738" lon="148.5324904"/>
      <trkpt lat="-9.1374774" lon="148.5325691"/>
      <trkpt lat="-9.1376019" lon="148.5326040"/>
      <trkpt lat="-9.1377365" lon="148.5326153"/>
      <trkpt lat="-9.1378863" lon="148.5326156"/>
      <trkpt lat="-9.1380406" lon="148.5326248"/>
      <trkpt lat="-9.1381865" lon="148.5326043"/>
      <trkpt lat="-9.1383214" lon="148.5325871"/>
      <trkpt lat="-9.1384494" lon="148.5326096"/>
      <trkpt lat="-9.1385835" lon="148.5326713"/>
      <trkpt lat="-9.1387427" lon="148.5327189"/>
      <trkpt lat="-9.1388599" lon="148.5327315"/>
      <trkpt lat="-9.1389045" lon="148.5327786"/>
      <trkpt lat="-9.1389473" lon="148.5328263"/>
      <trkpt lat="-9.1390122" lon="148.5329311"/>
      <trkpt lat="-9.1390953" lon="148.5330545"/>
      <trkpt lat="-9.1391459" lon="148.5331782"/>
      <trkpt lat="-9.1392141" lon="148.5332254"/>
      <trkpt lat="-9.1393035" lon="148.5331569"/>
      <trkpt lat="-9.1393815" lon="148.5330605"/>
      <trkpt lat="-9.1394150" lon="148.5329800"/>
    </trkseg>
    <trkseg>
      <trkpt lat="-9.1395567" lon="148.5329067"/>
      <trkpt lat="-9.1396888" lon="148.5327972"/>
      <trkpt lat="-9.1398130" lon="148.5327021"/>
      <trkpt lat="-9.1398888" lon="148.5326064"/>
      <trkpt lat="-9.1398868" lon="148.5325869"/>
      <trkpt lat="-9.1398702" lon="148.5325437"/>
      <trkpt lat="-9.1398813" lon="148.5324829"/>
      <trkpt lat="-9.1399808" lon="148.5323463"/>
      <trkpt lat="-9.1400817" lon="148.5322543"/>
      <trkpt lat="-9.1401836" lon="148.5322660"/>
      <trkpt lat="-9.1402445" lon="148.5323270"/>
      <trkpt lat="-9.1402800" lon="148.5323967"/>
    </trkseg>
    <trkseg>
      <trkpt lat="-9.1402350" lon="148.5325350"/>
      <trkpt lat="-9.1403926" lon="148.5324648"/>
      <trkpt lat="-9.1405507" lon="148.5324043"/>
      <trkpt lat="-9.1406760" lon="148.5323146"/>
      <trkpt lat="-9.1407595" lon="148.5321897"/>
      <trkpt lat="-9.1408193" lon="148.5320313"/>
      <trkpt lat="-9.1409150" lon="148.5319130"/>
      <trkpt lat="-9.1410528" lon="148.5318194"/>
      <trkpt lat="-9.1412013" lon="148.5317307"/>
      <trkpt lat="-9.1413198" lon="148.5316033"/>
      <trkpt lat="-9.1414183" lon="148.5314589"/>
      <trkpt lat="-9.1414973" lon="148.5313047"/>
      <trkpt lat="-9.1416007" lon="148.5311775"/>
      <trkpt lat="-9.1417072" lon="148.5310556"/>
      <trkpt lat="-9.1417919" lon="148.5309396"/>
      <trkpt lat="-9.1418448" lon="148.5308521"/>
      <trkpt lat="-9.1419206" lon="148.5308045"/>
      <trkpt lat="-9.1420164" lon="148.5307467"/>
      <trkpt lat="-9.1421257" lon="148.5306340"/>
      <trkpt lat="-9.1421844" lon="148.5305247"/>
      <trkpt lat="-9.1422250" lon="148.5304667"/>
    </trkseg>
    <trkseg>
      <trkpt lat="-9.1219850" lon="148.5307550"/>
      <trkpt lat="-9.1221555" lon="148.5307049"/>
      <trkpt lat="-9.1223289" lon="148.5306904"/>
      <trkpt lat="-9.1225046" lon="148.5307082"/>
      <trkpt lat="-9.1226731" lon="148.5307517"/>
      <trkpt lat="-9.1228351" lon="148.5308103"/>
      <trkpt lat="-9.1229658" lon="148.5309054"/>
      <trkpt lat="-9.1230998" lon="148.5309969"/>
      <trkpt lat="-9.1232299" lon="148.5310969"/>
      <trkpt lat="-9.1233916" lon="148.5311637"/>
      <trkpt lat="-9.1235574" lon="148.5312148"/>
      <trkpt lat="-9.1237341" lon="148.5312426"/>
      <trkpt lat="-9.1239005" lon="148.5312858"/>
      <trkpt lat="-9.1240414" lon="148.5313697"/>
      <trkpt lat="-9.1241644" lon="148.5314712"/>
      <trkpt lat="-9.1242989" lon="148.5315501"/>
      <trkpt lat="-9.1244470" lon="148.5316197"/>
      <trkpt lat="-9.1245969" lon="148.5316738"/>
      <trkpt lat="-9.1247427" lon="148.5317425"/>
      <trkpt lat="-9.1248857" lon="148.5318167"/>
      <trkpt lat="-9.1250372" lon="148.5318937"/>
      <trkpt lat="-9.1251498" lon="148.5320009"/>
      <trkpt lat="-9.1252311" lon="148.5321229"/>
      <trkpt lat="-9.1253082" lon="148.5322611"/>
      <trkpt lat="-9.1254269" lon="148.5323620"/>
      <trkpt lat="-9.1255800" lon="148.5324245"/>
      <trkpt lat="-9.1256629" lon="148.5325032"/>
      <trkpt lat="-9.1257093" lon="148.5326070"/>
      <trkpt lat="-9.1257623" lon="148.5327110"/>
      <trkpt lat="-9.1258612" lon="148.5327764"/>
      <trkpt lat="-9.1259814" lon="148.5328371"/>
      <trkpt lat="-9.1260882" lon="148.5328885"/>
      <trkpt lat="-9.1262133" lon="148.5329367"/>
    </trkseg>
    <trkseg>
      <trkpt lat="-9.1263383" lon="148.5329133"/>
      <trkpt lat="-9.1264301" lon="148.5330382"/>
      <trkpt lat="-9.1265346" lon="148.5331587"/>
      <trkpt lat="-9.1266419" lon="148.5332829"/>
      <trkpt lat="-9.1267550" lon="148.5333893"/>
      <trkpt lat="-9.1268922" lon="148.5334524"/>
      <trkpt lat="-9.1270559" lon="148.5334802"/>
      <trkpt lat="-9.1272112" lon="148.5335246"/>
      <trkpt lat="-9.1273151" lon="148.5335682"/>
      <trkpt lat="-9.1273750" lon="148.5335950"/>
    </trkseg>
    <trkseg>
      <trkpt lat="-9.1274450" lon="148.5335250"/>
      <trkpt lat="-9.1275717" lon="148.5334568"/>
      <trkpt lat="-9.1277174" lon="148.5334297"/>
      <trkpt lat="-9.1278857" lon="148.5334284"/>
      <trkpt lat="-9.1280549" lon="148.5334065"/>
      <trkpt lat="-9.1282277" lon="148.5333741"/>
      <trkpt lat="-9.1283996" lon="148.5333721"/>
      <trkpt lat="-9.1285675" lon="148.5333936"/>
      <trkpt lat="-9.1287169" lon="148.5334682"/>
      <trkpt lat="-9.1288658" lon="148.5335452"/>
      <trkpt lat="-9.1289879" lon="148.5336555"/>
      <trkpt lat="-9.1291136" lon="148.5337646"/>
      <trkpt lat="-9.1292043" lon="148.5339125"/>
      <trkpt lat="-9.1293070" lon="148.5340551"/>
      <trkpt lat="-9.1293806" lon="148.5342084"/>
      <trkpt lat="-9.1294439" lon="148.5343595"/>
      <trkpt lat="-9.1294832" lon="148.5345243"/>
      <trkpt lat="-9.1295091" lon="148.5346952"/>
      <trkpt lat="-9.1295294" lon="148.5348700"/>
      <trkpt lat="-9.1295551" lon="148.5350418"/>
      <trkpt lat="-9.1296224" lon="148.5351810"/>
      <trkpt lat="-9.1297027" lon="148.5353146"/>
      <trkpt lat="-9.1297808" lon="148.5354491"/>
      <trkpt lat="-9.1298687" lon="148.5355802"/>
      <trkpt lat="-9.1299978" lon="148.5356555"/>
      <trkpt lat="-9.1301659" lon="148.5356923"/>
      <trkpt lat="-9.1303406" lon="148.5357146"/>
      <trkpt lat="-9.1304882" lon="148.5357805"/>
      <trkpt lat="-9.1306309" lon="148.5358563"/>
      <trkpt lat="-9.1307441" lon="148.5359730"/>
      <trkpt lat="-9.1308824" lon="148.5360479"/>
      <trkpt lat="-9.1309822" lon="148.5360910"/>
      <trkpt lat="-9.1310650" lon="148.5360817"/>
    </trkseg>
    <trkseg>
      <trkpt lat="-9.1342300" lon="148.5323267"/>
      <trkpt lat="-9.1343617" lon="148.5322566"/>
      <trkpt lat="-9.1344997" lon="148.5322435"/>
      <trkpt lat="-9.1346339" lon="148.5322265"/>
      <trkpt lat="-9.1347438" lon="148.5322055"/>
      <trkpt lat="-9.1348217" lon="148.5321367"/>
    </trkseg>
    <trkseg>
      <trkpt lat="-9.1349083" lon="148.5321783"/>
      <trkpt lat="-9.1350105" lon="148.5322066"/>
      <trkpt lat="-9.1351116" lon="148.5322496"/>
      <trkpt lat="-9.1351598" lon="148.5323212"/>
      <trkpt lat="-9.1352315" lon="148.5324051"/>
      <trkpt lat="-9.1353216" lon="148.5324454"/>
      <trkpt lat="-9.1354466" lon="148.5324412"/>
      <trkpt lat="-9.1355756" lon="148.5324352"/>
      <trkpt lat="-9.1356693" lon="148.5324423"/>
      <trkpt lat="-9.1357943" lon="148.5324044"/>
      <trkpt lat="-9.1359045" lon="148.5324094"/>
      <trkpt lat="-9.1360485" lon="148.5323895"/>
      <trkpt lat="-9.1361964" lon="148.5324174"/>
      <trkpt lat="-9.1363462" lon="148.5323802"/>
      <trkpt lat="-9.1364790" lon="148.5323531"/>
      <trkpt lat="-9.1365933" lon="148.5323083"/>
    </trkseg>
    <trkseg>
      <trkpt lat="-9.1366033" lon="148.5324000"/>
      <trkpt lat="-9.1367275" lon="148.5324010"/>
      <trkpt lat="-9.1368306" lon="148.5324079"/>
      <trkpt lat="-9.1369204" lon="148.5324601"/>
      <trkpt lat="-9.1370149" lon="148.5324860"/>
      <trkpt lat="-9.1371032" lon="148.5324810"/>
      <trkpt lat="-9.1371732" lon="148.5324463"/>
      <trkpt lat="-9.1372648" lon="148.5324409"/>
      <trkpt lat="-9.1373738" lon="148.5324904"/>
      <trkpt lat="-9.1374774" lon="148.5325691"/>
      <trkpt lat="-9.1376019" lon="148.5326040"/>
      <trkpt lat="-9.1377365" lon="148.5326153"/>
      <trkpt lat="-9.1378863" lon="148.5326156"/>
      <trkpt lat="-9.1380406" lon="148.5326248"/>
      <trkpt lat="-9.1381865" lon="148.5326043"/>
      <trkpt lat="-9.1383214" lon="148.5325871"/>
      <trkpt lat="-9.1384494" lon="148.5326096"/>
      <trkpt lat="-9.1385835" lon="148.5326713"/>
      <trkpt lat="-9.1387427" lon="148.5327189"/>
      <trkpt lat="-9.1388599" lon="148.5327315"/>
      <trkpt lat="-9.1389045" lon="148.5327786"/>
      <trkpt lat="-9.1389473" lon="148.5328263"/>
      <trkpt lat="-9.1390122" lon="148.5329311"/>
      <trkpt lat="-9.1390953" lon="148.5330545"/>
      <trkpt lat="-9.1391459" lon="148.5331782"/>
      <trkpt lat="-9.1392141" lon="148.5332254"/>
      <trkpt lat="-9.1393035" lon="148.5331569"/>
      <trkpt lat="-9.1393815" lon="148.5330605"/>
      <trkpt lat="-9.1394150" lon="148.5329800"/>
    </trkseg>
    <trkseg>
      <trkpt lat="-9.1395567" lon="148.5329067"/>
      <trkpt lat="-9.1396888" lon="148.5327972"/>
      <trkpt lat="-9.1398130" lon="148.5327021"/>
      <trkpt lat="-9.1398888" lon="148.5326064"/>
      <trkpt lat="-9.1398868" lon="148.5325869"/>
      <trkpt lat="-9.1398702" lon="148.5325437"/>
      <trkpt lat="-9.1398813" lon="148.5324829"/>
      <trkpt lat="-9.1399808" lon="148.5323463"/>
      <trkpt lat="-9.1400817" lon="148.5322543"/>
      <trkpt lat="-9.1401836" lon="148.5322660"/>
      <trkpt lat="-9.1402445" lon="148.5323270"/>
      <trkpt lat="-9.1402800" lon="148.5323967"/>
    </trkseg>
    <trkseg>
      <trkpt lat="-9.1402350" lon="148.5325350"/>
      <trkpt lat="-9.1403926" lon="148.5324648"/>
      <trkpt lat="-9.1405507" lon="148.5324043"/>
      <trkpt lat="-9.1406760" lon="148.5323146"/>
      <trkpt lat="-9.1407595" lon="148.5321897"/>
      <trkpt lat="-9.1408193" lon="148.5320313"/>
      <trkpt lat="-9.1409150" lon="148.5319130"/>
      <trkpt lat="-9.1410528" lon="148.5318194"/>
      <trkpt lat="-9.1412013" lon="148.5317307"/>
      <trkpt lat="-9.1413198" lon="148.5316033"/>
      <trkpt lat="-9.1414183" lon="148.5314589"/>
      <trkpt lat="-9.1414973" lon="148.5313047"/>
      <trkpt lat="-9.1416007" lon="148.5311775"/>
      <trkpt lat="-9.1417072" lon="148.5310556"/>
      <trkpt lat="-9.1417919" lon="148.5309396"/>
      <trkpt lat="-9.1418448" lon="148.5308521"/>
      <trkpt lat="-9.1419206" lon="148.5308045"/>
      <trkpt lat="-9.1420164" lon="148.5307467"/>
      <trkpt lat="-9.1421257" lon="148.5306340"/>
      <trkpt lat="-9.1421844" lon="148.5305247"/>
      <trkpt lat="-9.1422250" lon="148.5304667"/>
    </trkseg>
    <trkseg>
      <trkpt lat="-9.1219850" lon="148.5307550"/>
      <trkpt lat="-9.1221555" lon="148.5307049"/>
      <trkpt lat="-9.1223289" lon="148.5306904"/>
      <trkpt lat="-9.1225046" lon="148.5307082"/>
      <trkpt lat="-9.1226731" lon="148.5307517"/>
      <trkpt lat="-9.1228351" lon="148.5308103"/>
      <trkpt lat="-9.1229658" lon="148.5309054"/>
      <trkpt lat="-9.1230998" lon="148.5309969"/>
      <trkpt lat="-9.1232299" lon="148.5310969"/>
      <trkpt lat="-9.1233916" lon="148.5311637"/>
      <trkpt lat="-9.1235574" lon="148.5312148"/>
      <trkpt lat="-9.1237341" lon="148.5312426"/>
      <trkpt lat="-9.1239005" lon="148.5312858"/>
      <trkpt lat="-9.1240414" lon="148.5313697"/>
      <trkpt lat="-9.1241644" lon="148.5314712"/>
      <trkpt lat="-9.1242989" lon="148.5315501"/>
      <trkpt lat="-9.1244470" lon="148.5316197"/>
      <trkpt lat="-9.1245969" lon="148.5316738"/>
      <trkpt lat="-9.1247427" lon="148.5317425"/>
      <trkpt lat="-9.1248857" lon="148.5318167"/>
      <trkpt lat="-9.1250372" lon="148.5318937"/>
      <trkpt lat="-9.1251498" lon="148.5320009"/>
      <trkpt lat="-9.1252311" lon="148.5321229"/>
      <trkpt lat="-9.1253082" lon="148.5322611"/>
      <trkpt lat="-9.1254269" lon="148.5323620"/>
      <trkpt lat="-9.1255800" lon="148.5324245"/>
      <trkpt lat="-9.1256629" lon="148.5325032"/>
      <trkpt lat="-9.1257093" lon="148.5326070"/>
      <trkpt lat="-9.1257623" lon="148.5327110"/>
      <trkpt lat="-9.1258612" lon="148.5327764"/>
      <trkpt lat="-9.1259814" lon="148.5328371"/>
      <trkpt lat="-9.1260882" lon="148.5328885"/>
      <trkpt lat="-9.1262133" lon="148.5329367"/>
    </trkseg>
    <trkseg>
      <trkpt lat="-9.1263383" lon="148.5329133"/>
      <trkpt lat="-9.1264301" lon="148.5330382"/>
      <trkpt lat="-9.1265346" lon="148.5331587"/>
      <trkpt lat="-9.1266419" lon="148.5332829"/>
      <trkpt lat="-9.1267550" lon="148.5333893"/>
      <trkpt lat="-9.1268922" lon="148.5334524"/>
      <trkpt lat="-9.1270559" lon="148.5334802"/>
      <trkpt lat="-9.1272112" lon="148.5335246"/>
      <trkpt lat="-9.1273151" lon="148.5335682"/>
      <trkpt lat="-9.1273750" lon="148.5335950"/>
    </trkseg>
    <trkseg>
      <trkpt lat="-9.1274450" lon="148.5335250"/>
      <trkpt lat="-9.1275717" lon="148.5334568"/>
      <trkpt lat="-9.1277174" lon="148.5334297"/>
      <trkpt lat="-9.1278857" lon="148.5334284"/>
      <trkpt lat="-9.1280549" lon="148.5334065"/>
      <trkpt lat="-9.1282277" lon="148.5333741"/>
      <trkpt lat="-9.1283996" lon="148.5333721"/>
      <trkpt lat="-9.1285675" lon="148.5333936"/>
      <trkpt lat="-9.1287169" lon="148.5334682"/>
      <trkpt lat="-9.1288658" lon="148.5335452"/>
      <trkpt lat="-9.1289879" lon="148.5336555"/>
      <trkpt lat="-9.1291136" lon="148.5337646"/>
      <trkpt lat="-9.1292043" lon="148.5339125"/>
      <trkpt lat="-9.1293070" lon="148.5340551"/>
      <trkpt lat="-9.1293806" lon="148.5342084"/>
      <trkpt lat="-9.1294439" lon="148.5343595"/>
      <trkpt lat="-9.1294832" lon="148.5345243"/>
      <trkpt lat="-9.1295091" lon="148.5346952"/>
      <trkpt lat="-9.1295294" lon="148.5348700"/>
      <trkpt lat="-9.1295551" lon="148.5350418"/>
      <trkpt lat="-9.1296224" lon="148.5351810"/>
      <trkpt lat="-9.1297027" lon="148.5353146"/>
      <trkpt lat="-9.1297808" lon="148.5354491"/>
      <trkpt lat="-9.1298687" lon="148.5355802"/>
      <trkpt lat="-9.1299978" lon="148.5356555"/>
      <trkpt lat="-9.1301659" lon="148.5356923"/>
      <trkpt lat="-9.1303406" lon="148.5357146"/>
      <trkpt lat="-9.1304882" lon="148.5357805"/>
      <trkpt lat="-9.1306309" lon="148.5358563"/>
      <trkpt lat="-9.1307441" lon="148.5359730"/>
      <trkpt lat="-9.1308824" lon="148.5360479"/>
      <trkpt lat="-9.1309822" lon="148.5360910"/>
      <trkpt lat="-9.1310650" lon="148.5360817"/>
    </trkseg>
    <trkseg>
      <trkpt lat="-9.1342300" lon="148.5323267"/>
      <trkpt lat="-9.1343617" lon="148.5322566"/>
      <trkpt lat="-9.1344997" lon="148.5322435"/>
      <trkpt lat="-9.1346339" lon="148.5322265"/>
      <trkpt lat="-9.1347438" lon="148.5322055"/>
      <trkpt lat="-9.1348217" lon="148.5321367"/>
    </trkseg>
    <trkseg>
      <trkpt lat="-9.1349083" lon="148.5321783"/>
      <trkpt lat="-9.1350105" lon="148.5322066"/>
      <trkpt lat="-9.1351116" lon="148.5322496"/>
      <trkpt lat="-9.1351598" lon="148.5323212"/>
      <trkpt lat="-9.1352315" lon="148.5324051"/>
      <trkpt lat="-9.1353216" lon="148.5324454"/>
      <trkpt lat="-9.1354466" lon="148.5324412"/>
      <trkpt lat="-9.1355756" lon="148.5324352"/>
      <trkpt lat="-9.1356693" lon="148.5324423"/>
      <trkpt lat="-9.1357943" lon="148.5324044"/>
      <trkpt lat="-9.1359045" lon="148.5324094"/>
      <trkpt lat="-9.1360485" lon="148.5323895"/>
      <trkpt lat="-9.1361964" lon="148.5324174"/>
      <trkpt lat="-9.1363462" lon="148.5323802"/>
      <trkpt lat="-9.1364790" lon="148.5323531"/>
      <trkpt lat="-9.1365933" lon="148.5323083"/>
    </trkseg>
    <trkseg>
      <trkpt lat="-9.1366033" lon="148.5324000"/>
      <trkpt lat="-9.1367275" lon="148.5324010"/>
      <trkpt lat="-9.1368306" lon="148.5324079"/>
      <trkpt lat="-9.1369204" lon="148.5324601"/>
      <trkpt lat="-9.1370149" lon="148.5324860"/>
      <trkpt lat="-9.1371032" lon="148.5324810"/>
      <trkpt lat="-9.1371732" lon="148.5324463"/>
      <trkpt lat="-9.1372648" lon="148.5324409"/>
      <trkpt lat="-9.1373738" lon="148.5324904"/>
      <trkpt lat="-9.1374774" lon="148.5325691"/>
      <trkpt lat="-9.1376019" lon="148.5326040"/>
      <trkpt lat="-9.1377365" lon="148.5326153"/>
      <trkpt lat="-9.1378863" lon="148.5326156"/>
      <trkpt lat="-9.1380406" lon="148.5326248"/>
      <trkpt lat="-9.1381865" lon="148.5326043"/>
      <trkpt lat="-9.1383214" lon="148.5325871"/>
      <trkpt lat="-9.1384494" lon="148.5326096"/>
      <trkpt lat="-9.1385835" lon="148.5326713"/>
      <trkpt lat="-9.1387427" lon="148.5327189"/>
      <trkpt lat="-9.1388599" lon="148.5327315"/>
      <trkpt lat="-9.1389045" lon="148.5327786"/>
      <trkpt lat="-9.1389473" lon="148.5328263"/>
      <trkpt lat="-9.1390122" lon="148.5329311"/>
      <trkpt lat="-9.1390953" lon="148.5330545"/>
      <trkpt lat="-9.1391459" lon="148.5331782"/>
      <trkpt lat="-9.1392141" lon="148.5332254"/>
      <trkpt lat="-9.1393035" lon="148.5331569"/>
      <trkpt lat="-9.1393815" lon="148.5330605"/>
      <trkpt lat="-9.1394150" lon="148.5329800"/>
    </trkseg>
    <trkseg>
      <trkpt lat="-9.1395567" lon="148.5329067"/>
      <trkpt lat="-9.1396888" lon="148.5327972"/>
      <trkpt lat="-9.1398130" lon="148.5327021"/>
      <trkpt lat="-9.1398888" lon="148.5326064"/>
      <trkpt lat="-9.1398868" lon="148.5325869"/>
      <trkpt lat="-9.1398702" lon="148.5325437"/>
      <trkpt lat="-9.1398813" lon="148.5324829"/>
      <trkpt lat="-9.1399808" lon="148.5323463"/>
      <trkpt lat="-9.1400817" lon="148.5322543"/>
      <trkpt lat="-9.1401836" lon="148.5322660"/>
      <trkpt lat="-9.1402445" lon="148.5323270"/>
      <trkpt lat="-9.1402800" lon="148.5323967"/>
    </trkseg>
    <trkseg>
      <trkpt lat="-9.1402350" lon="148.5325350"/>
      <trkpt lat="-9.1403926" lon="148.5324648"/>
      <trkpt lat="-9.1405507" lon="148.5324043"/>
      <trkpt lat="-9.1406760" lon="148.5323146"/>
      <trkpt lat="-9.1407595" lon="148.5321897"/>
      <trkpt lat="-9.1408193" lon="148.5320313"/>
      <trkpt lat="-9.1409150" lon="148.5319130"/>
      <trkpt lat="-9.1410528" lon="148.5318194"/>
      <trkpt lat="-9.1412013" lon="148.5317307"/>
      <trkpt lat="-9.1413198" lon="148.5316033"/>
      <trkpt lat="-9.1414183" lon="148.5314589"/>
      <trkpt lat="-9.1414973" lon="148.5313047"/>
      <trkpt lat="-9.1416007" lon="148.5311775"/>
      <trkpt lat="-9.1417072" lon="148.5310556"/>
      <trkpt lat="-9.1417919" lon="148.5309396"/>
      <trkpt lat="-9.1418448" lon="148.5308521"/>
      <trkpt lat="-9.1419206" lon="148.5308045"/>
      <trkpt lat="-9.1420164" lon="148.5307467"/>
      <trkpt lat="-9.1421257" lon="148.5306340"/>
      <trkpt lat="-9.1421844" lon="148.5305247"/>
      <trkpt lat="-9.1422250" lon="148.5304667"/>
    </trkseg>
    <trkseg>
      <trkpt lat="-9.1421000" lon="148.5306167"/>
      <trkpt lat="-9.1422495" lon="148.5306060"/>
      <trkpt lat="-9.1423778" lon="148.5305563"/>
      <trkpt lat="-9.1424958" lon="148.5304700"/>
      <trkpt lat="-9.1426038" lon="148.5304218"/>
      <trkpt lat="-9.1426936" lon="148.5303772"/>
      <trkpt lat="-9.1427861" lon="148.5303566"/>
      <trkpt lat="-9.1428989" lon="148.5303062"/>
      <trkpt lat="-9.1430486" lon="148.5302717"/>
      <trkpt lat="-9.1432001" lon="148.5302671"/>
      <trkpt lat="-9.1433406" lon="148.5303441"/>
      <trkpt lat="-9.1434594" lon="148.5304758"/>
      <trkpt lat="-9.1435788" lon="148.5306006"/>
      <trkpt lat="-9.1437116" lon="148.5307070"/>
      <trkpt lat="-9.1438505" lon="148.5307690"/>
      <trkpt lat="-9.1439767" lon="148.5308117"/>
    </trkseg>
    <trkseg>
      <trkpt lat="-9.1219850" lon="148.5307550"/>
      <trkpt lat="-9.1221555" lon="148.5307049"/>
      <trkpt lat="-9.1223289" lon="148.5306904"/>
      <trkpt lat="-9.1225046" lon="148.5307082"/>
      <trkpt lat="-9.1226731" lon="148.5307517"/>
      <trkpt lat="-9.1228351" lon="148.5308103"/>
      <trkpt lat="-9.1229658" lon="148.5309054"/>
      <trkpt lat="-9.1230998" lon="148.5309969"/>
      <trkpt lat="-9.1232299" lon="148.5310969"/>
      <trkpt lat="-9.1233916" lon="148.5311637"/>
      <trkpt lat="-9.1235574" lon="148.5312148"/>
      <trkpt lat="-9.1237341" lon="148.5312426"/>
      <trkpt lat="-9.1239005" lon="148.5312858"/>
      <trkpt lat="-9.1240414" lon="148.5313697"/>
      <trkpt lat="-9.1241644" lon="148.5314712"/>
      <trkpt lat="-9.1242989" lon="148.5315501"/>
      <trkpt lat="-9.1244470" lon="148.5316197"/>
      <trkpt lat="-9.1245969" lon="148.5316738"/>
      <trkpt lat="-9.1247427" lon="148.5317425"/>
      <trkpt lat="-9.1248857" lon="148.5318167"/>
      <trkpt lat="-9.1250372" lon="148.5318937"/>
      <trkpt lat="-9.1251498" lon="148.5320009"/>
      <trkpt lat="-9.1252311" lon="148.5321229"/>
      <trkpt lat="-9.1253082" lon="148.5322611"/>
      <trkpt lat="-9.1254269" lon="148.5323620"/>
      <trkpt lat="-9.1255800" lon="148.5324245"/>
      <trkpt lat="-9.1256629" lon="148.5325032"/>
      <trkpt lat="-9.1257093" lon="148.5326070"/>
      <trkpt lat="-9.1257623" lon="148.5327110"/>
      <trkpt lat="-9.1258612" lon="148.5327764"/>
      <trkpt lat="-9.1259814" lon="148.5328371"/>
      <trkpt lat="-9.1260882" lon="148.5328885"/>
      <trkpt lat="-9.1262133" lon="148.5329367"/>
    </trkseg>
    <trkseg>
      <trkpt lat="-9.1263383" lon="148.5329133"/>
      <trkpt lat="-9.1264301" lon="148.5330382"/>
      <trkpt lat="-9.1265346" lon="148.5331587"/>
      <trkpt lat="-9.1266419" lon="148.5332829"/>
      <trkpt lat="-9.1267550" lon="148.5333893"/>
      <trkpt lat="-9.1268922" lon="148.5334524"/>
      <trkpt lat="-9.1270559" lon="148.5334802"/>
      <trkpt lat="-9.1272112" lon="148.5335246"/>
      <trkpt lat="-9.1273151" lon="148.5335682"/>
      <trkpt lat="-9.1273750" lon="148.5335950"/>
    </trkseg>
    <trkseg>
      <trkpt lat="-9.1274450" lon="148.5335250"/>
      <trkpt lat="-9.1275717" lon="148.5334568"/>
      <trkpt lat="-9.1277174" lon="148.5334297"/>
      <trkpt lat="-9.1278857" lon="148.5334284"/>
      <trkpt lat="-9.1280549" lon="148.5334065"/>
      <trkpt lat="-9.1282277" lon="148.5333741"/>
      <trkpt lat="-9.1283996" lon="148.5333721"/>
      <trkpt lat="-9.1285675" lon="148.5333936"/>
      <trkpt lat="-9.1287169" lon="148.5334682"/>
      <trkpt lat="-9.1288658" lon="148.5335452"/>
      <trkpt lat="-9.1289879" lon="148.5336555"/>
      <trkpt lat="-9.1291136" lon="148.5337646"/>
      <trkpt lat="-9.1292043" lon="148.5339125"/>
      <trkpt lat="-9.1293070" lon="148.5340551"/>
      <trkpt lat="-9.1293806" lon="148.5342084"/>
      <trkpt lat="-9.1294439" lon="148.5343595"/>
      <trkpt lat="-9.1294832" lon="148.5345243"/>
      <trkpt lat="-9.1295091" lon="148.5346952"/>
      <trkpt lat="-9.1295294" lon="148.5348700"/>
      <trkpt lat="-9.1295551" lon="148.5350418"/>
      <trkpt lat="-9.1296224" lon="148.5351810"/>
      <trkpt lat="-9.1297027" lon="148.5353146"/>
      <trkpt lat="-9.1297808" lon="148.5354491"/>
      <trkpt lat="-9.1298687" lon="148.5355802"/>
      <trkpt lat="-9.1299978" lon="148.5356555"/>
      <trkpt lat="-9.1301659" lon="148.5356923"/>
      <trkpt lat="-9.1303406" lon="148.5357146"/>
      <trkpt lat="-9.1304882" lon="148.5357805"/>
      <trkpt lat="-9.1306309" lon="148.5358563"/>
      <trkpt lat="-9.1307441" lon="148.5359730"/>
      <trkpt lat="-9.1308824" lon="148.5360479"/>
      <trkpt lat="-9.1309822" lon="148.5360910"/>
      <trkpt lat="-9.1310650" lon="148.5360817"/>
    </trkseg>
    <trkseg>
      <trkpt lat="-9.1342300" lon="148.5323267"/>
      <trkpt lat="-9.1343617" lon="148.5322566"/>
      <trkpt lat="-9.1344997" lon="148.5322435"/>
      <trkpt lat="-9.1346339" lon="148.5322265"/>
      <trkpt lat="-9.1347438" lon="148.5322055"/>
      <trkpt lat="-9.1348217" lon="148.5321367"/>
    </trkseg>
    <trkseg>
      <trkpt lat="-9.1349083" lon="148.5321783"/>
      <trkpt lat="-9.1350105" lon="148.5322066"/>
      <trkpt lat="-9.1351116" lon="148.5322496"/>
      <trkpt lat="-9.1351598" lon="148.5323212"/>
      <trkpt lat="-9.1352315" lon="148.5324051"/>
      <trkpt lat="-9.1353216" lon="148.5324454"/>
      <trkpt lat="-9.1354466" lon="148.5324412"/>
      <trkpt lat="-9.1355756" lon="148.5324352"/>
      <trkpt lat="-9.1356693" lon="148.5324423"/>
      <trkpt lat="-9.1357943" lon="148.5324044"/>
      <trkpt lat="-9.1359045" lon="148.5324094"/>
      <trkpt lat="-9.1360485" lon="148.5323895"/>
      <trkpt lat="-9.1361964" lon="148.5324174"/>
      <trkpt lat="-9.1363462" lon="148.5323802"/>
      <trkpt lat="-9.1364790" lon="148.5323531"/>
      <trkpt lat="-9.1365933" lon="148.5323083"/>
    </trkseg>
    <trkseg>
      <trkpt lat="-9.1366033" lon="148.5324000"/>
      <trkpt lat="-9.1367275" lon="148.5324010"/>
      <trkpt lat="-9.1368306" lon="148.5324079"/>
      <trkpt lat="-9.1369204" lon="148.5324601"/>
      <trkpt lat="-9.1370149" lon="148.5324860"/>
      <trkpt lat="-9.1371032" lon="148.5324810"/>
      <trkpt lat="-9.1371732" lon="148.5324463"/>
      <trkpt lat="-9.1372648" lon="148.5324409"/>
      <trkpt lat="-9.1373738" lon="148.5324904"/>
      <trkpt lat="-9.1374774" lon="148.5325691"/>
      <trkpt lat="-9.1376019" lon="148.5326040"/>
      <trkpt lat="-9.1377365" lon="148.5326153"/>
      <trkpt lat="-9.1378863" lon="148.5326156"/>
      <trkpt lat="-9.1380406" lon="148.5326248"/>
      <trkpt lat="-9.1381865" lon="148.5326043"/>
      <trkpt lat="-9.1383214" lon="148.5325871"/>
      <trkpt lat="-9.1384494" lon="148.5326096"/>
      <trkpt lat="-9.1385835" lon="148.5326713"/>
      <trkpt lat="-9.1387427" lon="148.5327189"/>
      <trkpt lat="-9.1388599" lon="148.5327315"/>
      <trkpt lat="-9.1389045" lon="148.5327786"/>
      <trkpt lat="-9.1389473" lon="148.5328263"/>
      <trkpt lat="-9.1390122" lon="148.5329311"/>
      <trkpt lat="-9.1390953" lon="148.5330545"/>
      <trkpt lat="-9.1391459" lon="148.5331782"/>
      <trkpt lat="-9.1392141" lon="148.5332254"/>
      <trkpt lat="-9.1393035" lon="148.5331569"/>
      <trkpt lat="-9.1393815" lon="148.5330605"/>
      <trkpt lat="-9.1394150" lon="148.5329800"/>
    </trkseg>
    <trkseg>
      <trkpt lat="-9.1395567" lon="148.5329067"/>
      <trkpt lat="-9.1396888" lon="148.5327972"/>
      <trkpt lat="-9.1398130" lon="148.5327021"/>
      <trkpt lat="-9.1398888" lon="148.5326064"/>
      <trkpt lat="-9.1398868" lon="148.5325869"/>
      <trkpt lat="-9.1398702" lon="148.5325437"/>
      <trkpt lat="-9.1398813" lon="148.5324829"/>
      <trkpt lat="-9.1399808" lon="148.5323463"/>
      <trkpt lat="-9.1400817" lon="148.5322543"/>
      <trkpt lat="-9.1401836" lon="148.5322660"/>
      <trkpt lat="-9.1402445" lon="148.5323270"/>
      <trkpt lat="-9.1402800" lon="148.5323967"/>
    </trkseg>
    <trkseg>
      <trkpt lat="-9.1402350" lon="148.5325350"/>
      <trkpt lat="-9.1403926" lon="148.5324648"/>
      <trkpt lat="-9.1405507" lon="148.5324043"/>
      <trkpt lat="-9.1406760" lon="148.5323146"/>
      <trkpt lat="-9.1407595" lon="148.5321897"/>
      <trkpt lat="-9.1408193" lon="148.5320313"/>
      <trkpt lat="-9.1409150" lon="148.5319130"/>
      <trkpt lat="-9.1410528" lon="148.5318194"/>
      <trkpt lat="-9.1412013" lon="148.5317307"/>
      <trkpt lat="-9.1413198" lon="148.5316033"/>
      <trkpt lat="-9.1414183" lon="148.5314589"/>
      <trkpt lat="-9.1414973" lon="148.5313047"/>
      <trkpt lat="-9.1416007" lon="148.5311775"/>
      <trkpt lat="-9.1417072" lon="148.5310556"/>
      <trkpt lat="-9.1417919" lon="148.5309396"/>
      <trkpt lat="-9.1418448" lon="148.5308521"/>
      <trkpt lat="-9.1419206" lon="148.5308045"/>
      <trkpt lat="-9.1420164" lon="148.5307467"/>
      <trkpt lat="-9.1421257" lon="148.5306340"/>
      <trkpt lat="-9.1421844" lon="148.5305247"/>
      <trkpt lat="-9.1422250" lon="148.5304667"/>
    </trkseg>
    <trkseg>
      <trkpt lat="-9.1421000" lon="148.5306167"/>
      <trkpt lat="-9.1422495" lon="148.5306060"/>
      <trkpt lat="-9.1423778" lon="148.5305563"/>
      <trkpt lat="-9.1424958" lon="148.5304700"/>
      <trkpt lat="-9.1426038" lon="148.5304218"/>
      <trkpt lat="-9.1426936" lon="148.5303772"/>
      <trkpt lat="-9.1427861" lon="148.5303566"/>
      <trkpt lat="-9.1428989" lon="148.5303062"/>
      <trkpt lat="-9.1430486" lon="148.5302717"/>
      <trkpt lat="-9.1432001" lon="148.5302671"/>
      <trkpt lat="-9.1433406" lon="148.5303441"/>
      <trkpt lat="-9.1434594" lon="148.5304758"/>
      <trkpt lat="-9.1435788" lon="148.5306006"/>
      <trkpt lat="-9.1437116" lon="148.5307070"/>
      <trkpt lat="-9.1438505" lon="148.5307690"/>
      <trkpt lat="-9.1439767" lon="148.5308117"/>
    </trkseg>
    <trkseg>
      <trkpt lat="-9.1440850" lon="148.5308367"/>
      <trkpt lat="-9.1442202" lon="148.5307308"/>
      <trkpt lat="-9.1443269" lon="148.5306026"/>
      <trkpt lat="-9.1444219" lon="148.5304795"/>
      <trkpt lat="-9.1445267" lon="148.5303767"/>
    </trkseg>
    <trkseg>
      <trkpt lat="-9.1219850" lon="148.5307550"/>
      <trkpt lat="-9.1221555" lon="148.5307049"/>
      <trkpt lat="-9.1223289" lon="148.5306904"/>
      <trkpt lat="-9.1225046" lon="148.5307082"/>
      <trkpt lat="-9.1226731" lon="148.5307517"/>
      <trkpt lat="-9.1228351" lon="148.5308103"/>
      <trkpt lat="-9.1229658" lon="148.5309054"/>
      <trkpt lat="-9.1230998" lon="148.5309969"/>
      <trkpt lat="-9.1232299" lon="148.5310969"/>
      <trkpt lat="-9.1233916" lon="148.5311637"/>
      <trkpt lat="-9.1235574" lon="148.5312148"/>
      <trkpt lat="-9.1237341" lon="148.5312426"/>
      <trkpt lat="-9.1239005" lon="148.5312858"/>
      <trkpt lat="-9.1240414" lon="148.5313697"/>
      <trkpt lat="-9.1241644" lon="148.5314712"/>
      <trkpt lat="-9.1242989" lon="148.5315501"/>
      <trkpt lat="-9.1244470" lon="148.5316197"/>
      <trkpt lat="-9.1245969" lon="148.5316738"/>
      <trkpt lat="-9.1247427" lon="148.5317425"/>
      <trkpt lat="-9.1248857" lon="148.5318167"/>
      <trkpt lat="-9.1250372" lon="148.5318937"/>
      <trkpt lat="-9.1251498" lon="148.5320009"/>
      <trkpt lat="-9.1252311" lon="148.5321229"/>
      <trkpt lat="-9.1253082" lon="148.5322611"/>
      <trkpt lat="-9.1254269" lon="148.5323620"/>
      <trkpt lat="-9.1255800" lon="148.5324245"/>
      <trkpt lat="-9.1256629" lon="148.5325032"/>
      <trkpt lat="-9.1257093" lon="148.5326070"/>
      <trkpt lat="-9.1257623" lon="148.5327110"/>
      <trkpt lat="-9.1258612" lon="148.5327764"/>
      <trkpt lat="-9.1259814" lon="148.5328371"/>
      <trkpt lat="-9.1260882" lon="148.5328885"/>
      <trkpt lat="-9.1262133" lon="148.5329367"/>
    </trkseg>
    <trkseg>
      <trkpt lat="-9.1263383" lon="148.5329133"/>
      <trkpt lat="-9.1264301" lon="148.5330382"/>
      <trkpt lat="-9.1265346" lon="148.5331587"/>
      <trkpt lat="-9.1266419" lon="148.5332829"/>
      <trkpt lat="-9.1267550" lon="148.5333893"/>
      <trkpt lat="-9.1268922" lon="148.5334524"/>
      <trkpt lat="-9.1270559" lon="148.5334802"/>
      <trkpt lat="-9.1272112" lon="148.5335246"/>
      <trkpt lat="-9.1273151" lon="148.5335682"/>
      <trkpt lat="-9.1273750" lon="148.5335950"/>
    </trkseg>
    <trkseg>
      <trkpt lat="-9.1274450" lon="148.5335250"/>
      <trkpt lat="-9.1275717" lon="148.5334568"/>
      <trkpt lat="-9.1277174" lon="148.5334297"/>
      <trkpt lat="-9.1278857" lon="148.5334284"/>
      <trkpt lat="-9.1280549" lon="148.5334065"/>
      <trkpt lat="-9.1282277" lon="148.5333741"/>
      <trkpt lat="-9.1283996" lon="148.5333721"/>
      <trkpt lat="-9.1285675" lon="148.5333936"/>
      <trkpt lat="-9.1287169" lon="148.5334682"/>
      <trkpt lat="-9.1288658" lon="148.5335452"/>
      <trkpt lat="-9.1289879" lon="148.5336555"/>
      <trkpt lat="-9.1291136" lon="148.5337646"/>
      <trkpt lat="-9.1292043" lon="148.5339125"/>
      <trkpt lat="-9.1293070" lon="148.5340551"/>
      <trkpt lat="-9.1293806" lon="148.5342084"/>
      <trkpt lat="-9.1294439" lon="148.5343595"/>
      <trkpt lat="-9.1294832" lon="148.5345243"/>
      <trkpt lat="-9.1295091" lon="148.5346952"/>
      <trkpt lat="-9.1295294" lon="148.5348700"/>
      <trkpt lat="-9.1295551" lon="148.5350418"/>
      <trkpt lat="-9.1296224" lon="148.5351810"/>
      <trkpt lat="-9.1297027" lon="148.5353146"/>
      <trkpt lat="-9.1297808" lon="148.5354491"/>
      <trkpt lat="-9.1298687" lon="148.5355802"/>
      <trkpt lat="-9.1299978" lon="148.5356555"/>
      <trkpt lat="-9.1301659" lon="148.5356923"/>
      <trkpt lat="-9.1303406" lon="148.5357146"/>
      <trkpt lat="-9.1304882" lon="148.5357805"/>
      <trkpt lat="-9.1306309" lon="148.5358563"/>
      <trkpt lat="-9.1307441" lon="148.5359730"/>
      <trkpt lat="-9.1308824" lon="148.5360479"/>
      <trkpt lat="-9.1309822" lon="148.5360910"/>
      <trkpt lat="-9.1310650" lon="148.5360817"/>
    </trkseg>
    <trkseg>
      <trkpt lat="-9.1342300" lon="148.5323267"/>
      <trkpt lat="-9.1343617" lon="148.5322566"/>
      <trkpt lat="-9.1344997" lon="148.5322435"/>
      <trkpt lat="-9.1346339" lon="148.5322265"/>
      <trkpt lat="-9.1347438" lon="148.5322055"/>
      <trkpt lat="-9.1348217" lon="148.5321367"/>
    </trkseg>
    <trkseg>
      <trkpt lat="-9.1349083" lon="148.5321783"/>
      <trkpt lat="-9.1350105" lon="148.5322066"/>
      <trkpt lat="-9.1351116" lon="148.5322496"/>
      <trkpt lat="-9.1351598" lon="148.5323212"/>
      <trkpt lat="-9.1352315" lon="148.5324051"/>
      <trkpt lat="-9.1353216" lon="148.5324454"/>
      <trkpt lat="-9.1354466" lon="148.5324412"/>
      <trkpt lat="-9.1355756" lon="148.5324352"/>
      <trkpt lat="-9.1356693" lon="148.5324423"/>
      <trkpt lat="-9.1357943" lon="148.5324044"/>
      <trkpt lat="-9.1359045" lon="148.5324094"/>
      <trkpt lat="-9.1360485" lon="148.5323895"/>
      <trkpt lat="-9.1361964" lon="148.5324174"/>
      <trkpt lat="-9.1363462" lon="148.5323802"/>
      <trkpt lat="-9.1364790" lon="148.5323531"/>
      <trkpt lat="-9.1365933" lon="148.5323083"/>
    </trkseg>
    <trkseg>
      <trkpt lat="-9.1366033" lon="148.5324000"/>
      <trkpt lat="-9.1367275" lon="148.5324010"/>
      <trkpt lat="-9.1368306" lon="148.5324079"/>
      <trkpt lat="-9.1369204" lon="148.5324601"/>
      <trkpt lat="-9.1370149" lon="148.5324860"/>
      <trkpt lat="-9.1371032" lon="148.5324810"/>
      <trkpt lat="-9.1371732" lon="148.5324463"/>
      <trkpt lat="-9.1372648" lon="148.5324409"/>
      <trkpt lat="-9.1373738" lon="148.5324904"/>
      <trkpt lat="-9.1374774" lon="148.5325691"/>
      <trkpt lat="-9.1376019" lon="148.5326040"/>
      <trkpt lat="-9.1377365" lon="148.5326153"/>
      <trkpt lat="-9.1378863" lon="148.5326156"/>
      <trkpt lat="-9.1380406" lon="148.5326248"/>
      <trkpt lat="-9.1381865" lon="148.5326043"/>
      <trkpt lat="-9.1383214" lon="148.5325871"/>
      <trkpt lat="-9.1384494" lon="148.5326096"/>
      <trkpt lat="-9.1385835" lon="148.5326713"/>
      <trkpt lat="-9.1387427" lon="148.5327189"/>
      <trkpt lat="-9.1388599" lon="148.5327315"/>
      <trkpt lat="-9.1389045" lon="148.5327786"/>
      <trkpt lat="-9.1389473" lon="148.5328263"/>
      <trkpt lat="-9.1390122" lon="148.5329311"/>
      <trkpt lat="-9.1390953" lon="148.5330545"/>
      <trkpt lat="-9.1391459" lon="148.5331782"/>
      <trkpt lat="-9.1392141" lon="148.5332254"/>
      <trkpt lat="-9.1393035" lon="148.5331569"/>
      <trkpt lat="-9.1393815" lon="148.5330605"/>
      <trkpt lat="-9.1394150" lon="148.5329800"/>
    </trkseg>
    <trkseg>
      <trkpt lat="-9.1395567" lon="148.5329067"/>
      <trkpt lat="-9.1396888" lon="148.5327972"/>
      <trkpt lat="-9.1398130" lon="148.5327021"/>
      <trkpt lat="-9.1398888" lon="148.5326064"/>
      <trkpt lat="-9.1398868" lon="148.5325869"/>
      <trkpt lat="-9.1398702" lon="148.5325437"/>
      <trkpt lat="-9.1398813" lon="148.5324829"/>
      <trkpt lat="-9.1399808" lon="148.5323463"/>
      <trkpt lat="-9.1400817" lon="148.5322543"/>
      <trkpt lat="-9.1401836" lon="148.5322660"/>
      <trkpt lat="-9.1402445" lon="148.5323270"/>
      <trkpt lat="-9.1402800" lon="148.5323967"/>
    </trkseg>
    <trkseg>
      <trkpt lat="-9.1402350" lon="148.5325350"/>
      <trkpt lat="-9.1403926" lon="148.5324648"/>
      <trkpt lat="-9.1405507" lon="148.5324043"/>
      <trkpt lat="-9.1406760" lon="148.5323146"/>
      <trkpt lat="-9.1407595" lon="148.5321897"/>
      <trkpt lat="-9.1408193" lon="148.5320313"/>
      <trkpt lat="-9.1409150" lon="148.5319130"/>
      <trkpt lat="-9.1410528" lon="148.5318194"/>
      <trkpt lat="-9.1412013" lon="148.5317307"/>
      <trkpt lat="-9.1413198" lon="148.5316033"/>
      <trkpt lat="-9.1414183" lon="148.5314589"/>
      <trkpt lat="-9.1414973" lon="148.5313047"/>
      <trkpt lat="-9.1416007" lon="148.5311775"/>
      <trkpt lat="-9.1417072" lon="148.5310556"/>
      <trkpt lat="-9.1417919" lon="148.5309396"/>
      <trkpt lat="-9.1418448" lon="148.5308521"/>
      <trkpt lat="-9.1419206" lon="148.5308045"/>
      <trkpt lat="-9.1420164" lon="148.5307467"/>
      <trkpt lat="-9.1421257" lon="148.5306340"/>
      <trkpt lat="-9.1421844" lon="148.5305247"/>
      <trkpt lat="-9.1422250" lon="148.5304667"/>
    </trkseg>
    <trkseg>
      <trkpt lat="-9.1421000" lon="148.5306167"/>
      <trkpt lat="-9.1422495" lon="148.5306060"/>
      <trkpt lat="-9.1423778" lon="148.5305563"/>
      <trkpt lat="-9.1424958" lon="148.5304700"/>
      <trkpt lat="-9.1426038" lon="148.5304218"/>
      <trkpt lat="-9.1426936" lon="148.5303772"/>
      <trkpt lat="-9.1427861" lon="148.5303566"/>
      <trkpt lat="-9.1428989" lon="148.5303062"/>
      <trkpt lat="-9.1430486" lon="148.5302717"/>
      <trkpt lat="-9.1432001" lon="148.5302671"/>
      <trkpt lat="-9.1433406" lon="148.5303441"/>
      <trkpt lat="-9.1434594" lon="148.5304758"/>
      <trkpt lat="-9.1435788" lon="148.5306006"/>
      <trkpt lat="-9.1437116" lon="148.5307070"/>
      <trkpt lat="-9.1438505" lon="148.5307690"/>
      <trkpt lat="-9.1439767" lon="148.5308117"/>
    </trkseg>
    <trkseg>
      <trkpt lat="-9.1440850" lon="148.5308367"/>
      <trkpt lat="-9.1442202" lon="148.5307308"/>
      <trkpt lat="-9.1443269" lon="148.5306026"/>
      <trkpt lat="-9.1444219" lon="148.5304795"/>
      <trkpt lat="-9.1445267" lon="148.5303767"/>
    </trkseg>
    <trkseg>
      <trkpt lat="-9.1445500" lon="148.5302250"/>
      <trkpt lat="-9.1446908" lon="148.5301492"/>
      <trkpt lat="-9.1448171" lon="148.5300524"/>
      <trkpt lat="-9.1449247" lon="148.5299259"/>
      <trkpt lat="-9.1450343" lon="148.5297935"/>
      <trkpt lat="-9.1451036" lon="148.5296870"/>
      <trkpt lat="-9.1451367" lon="148.5296150"/>
    </trkseg>
    <trkseg>
      <trkpt lat="-9.1219850" lon="148.5307550"/>
      <trkpt lat="-9.1221555" lon="148.5307049"/>
      <trkpt lat="-9.1223289" lon="148.5306904"/>
      <trkpt lat="-9.1225046" lon="148.5307082"/>
      <trkpt lat="-9.1226731" lon="148.5307517"/>
      <trkpt lat="-9.1228351" lon="148.5308103"/>
      <trkpt lat="-9.1229658" lon="148.5309054"/>
      <trkpt lat="-9.1230998" lon="148.5309969"/>
      <trkpt lat="-9.1232299" lon="148.5310969"/>
      <trkpt lat="-9.1233916" lon="148.5311637"/>
      <trkpt lat="-9.1235574" lon="148.5312148"/>
      <trkpt lat="-9.1237341" lon="148.5312426"/>
      <trkpt lat="-9.1239005" lon="148.5312858"/>
      <trkpt lat="-9.1240414" lon="148.5313697"/>
      <trkpt lat="-9.1241644" lon="148.5314712"/>
      <trkpt lat="-9.1242989" lon="148.5315501"/>
      <trkpt lat="-9.1244470" lon="148.5316197"/>
      <trkpt lat="-9.1245969" lon="148.5316738"/>
      <trkpt lat="-9.1247427" lon="148.5317425"/>
      <trkpt lat="-9.1248857" lon="148.5318167"/>
      <trkpt lat="-9.1250372" lon="148.5318937"/>
      <trkpt lat="-9.1251498" lon="148.5320009"/>
      <trkpt lat="-9.1252311" lon="148.5321229"/>
      <trkpt lat="-9.1253082" lon="148.5322611"/>
      <trkpt lat="-9.1254269" lon="148.5323620"/>
      <trkpt lat="-9.1255800" lon="148.5324245"/>
      <trkpt lat="-9.1256629" lon="148.5325032"/>
      <trkpt lat="-9.1257093" lon="148.5326070"/>
      <trkpt lat="-9.1257623" lon="148.5327110"/>
      <trkpt lat="-9.1258612" lon="148.5327764"/>
      <trkpt lat="-9.1259814" lon="148.5328371"/>
      <trkpt lat="-9.1260882" lon="148.5328885"/>
      <trkpt lat="-9.1262133" lon="148.5329367"/>
    </trkseg>
    <trkseg>
      <trkpt lat="-9.1263383" lon="148.5329133"/>
      <trkpt lat="-9.1264301" lon="148.5330382"/>
      <trkpt lat="-9.1265346" lon="148.5331587"/>
      <trkpt lat="-9.1266419" lon="148.5332829"/>
      <trkpt lat="-9.1267550" lon="148.5333893"/>
      <trkpt lat="-9.1268922" lon="148.5334524"/>
      <trkpt lat="-9.1270559" lon="148.5334802"/>
      <trkpt lat="-9.1272112" lon="148.5335246"/>
      <trkpt lat="-9.1273151" lon="148.5335682"/>
      <trkpt lat="-9.1273750" lon="148.5335950"/>
    </trkseg>
    <trkseg>
      <trkpt lat="-9.1274450" lon="148.5335250"/>
      <trkpt lat="-9.1275717" lon="148.5334568"/>
      <trkpt lat="-9.1277174" lon="148.5334297"/>
      <trkpt lat="-9.1278857" lon="148.5334284"/>
      <trkpt lat="-9.1280549" lon="148.5334065"/>
      <trkpt lat="-9.1282277" lon="148.5333741"/>
      <trkpt lat="-9.1283996" lon="148.5333721"/>
      <trkpt lat="-9.1285675" lon="148.5333936"/>
      <trkpt lat="-9.1287169" lon="148.5334682"/>
      <trkpt lat="-9.1288658" lon="148.5335452"/>
      <trkpt lat="-9.1289879" lon="148.5336555"/>
      <trkpt lat="-9.1291136" lon="148.5337646"/>
      <trkpt lat="-9.1292043" lon="148.5339125"/>
      <trkpt lat="-9.1293070" lon="148.5340551"/>
      <trkpt lat="-9.1293806" lon="148.5342084"/>
      <trkpt lat="-9.1294439" lon="148.5343595"/>
      <trkpt lat="-9.1294832" lon="148.5345243"/>
      <trkpt lat="-9.1295091" lon="148.5346952"/>
      <trkpt lat="-9.1295294" lon="148.5348700"/>
      <trkpt lat="-9.1295551" lon="148.5350418"/>
      <trkpt lat="-9.1296224" lon="148.5351810"/>
      <trkpt lat="-9.1297027" lon="148.5353146"/>
      <trkpt lat="-9.1297808" lon="148.5354491"/>
      <trkpt lat="-9.1298687" lon="148.5355802"/>
      <trkpt lat="-9.1299978" lon="148.5356555"/>
      <trkpt lat="-9.1301659" lon="148.5356923"/>
      <trkpt lat="-9.1303406" lon="148.5357146"/>
      <trkpt lat="-9.1304882" lon="148.5357805"/>
      <trkpt lat="-9.1306309" lon="148.5358563"/>
      <trkpt lat="-9.1307441" lon="148.5359730"/>
      <trkpt lat="-9.1308824" lon="148.5360479"/>
      <trkpt lat="-9.1309822" lon="148.5360910"/>
      <trkpt lat="-9.1310650" lon="148.5360817"/>
    </trkseg>
    <trkseg>
      <trkpt lat="-9.1342300" lon="148.5323267"/>
      <trkpt lat="-9.1343617" lon="148.5322566"/>
      <trkpt lat="-9.1344997" lon="148.5322435"/>
      <trkpt lat="-9.1346339" lon="148.5322265"/>
      <trkpt lat="-9.1347438" lon="148.5322055"/>
      <trkpt lat="-9.1348217" lon="148.5321367"/>
    </trkseg>
    <trkseg>
      <trkpt lat="-9.1349083" lon="148.5321783"/>
      <trkpt lat="-9.1350105" lon="148.5322066"/>
      <trkpt lat="-9.1351116" lon="148.5322496"/>
      <trkpt lat="-9.1351598" lon="148.5323212"/>
      <trkpt lat="-9.1352315" lon="148.5324051"/>
      <trkpt lat="-9.1353216" lon="148.5324454"/>
      <trkpt lat="-9.1354466" lon="148.5324412"/>
      <trkpt lat="-9.1355756" lon="148.5324352"/>
      <trkpt lat="-9.1356693" lon="148.5324423"/>
      <trkpt lat="-9.1357943" lon="148.5324044"/>
      <trkpt lat="-9.1359045" lon="148.5324094"/>
      <trkpt lat="-9.1360485" lon="148.5323895"/>
      <trkpt lat="-9.1361964" lon="148.5324174"/>
      <trkpt lat="-9.1363462" lon="148.5323802"/>
      <trkpt lat="-9.1364790" lon="148.5323531"/>
      <trkpt lat="-9.1365933" lon="148.5323083"/>
    </trkseg>
    <trkseg>
      <trkpt lat="-9.1366033" lon="148.5324000"/>
      <trkpt lat="-9.1367275" lon="148.5324010"/>
      <trkpt lat="-9.1368306" lon="148.5324079"/>
      <trkpt lat="-9.1369204" lon="148.5324601"/>
      <trkpt lat="-9.1370149" lon="148.5324860"/>
      <trkpt lat="-9.1371032" lon="148.5324810"/>
      <trkpt lat="-9.1371732" lon="148.5324463"/>
      <trkpt lat="-9.1372648" lon="148.5324409"/>
      <trkpt lat="-9.1373738" lon="148.5324904"/>
      <trkpt lat="-9.1374774" lon="148.5325691"/>
      <trkpt lat="-9.1376019" lon="148.5326040"/>
      <trkpt lat="-9.1377365" lon="148.5326153"/>
      <trkpt lat="-9.1378863" lon="148.5326156"/>
      <trkpt lat="-9.1380406" lon="148.5326248"/>
      <trkpt lat="-9.1381865" lon="148.5326043"/>
      <trkpt lat="-9.1383214" lon="148.5325871"/>
      <trkpt lat="-9.1384494" lon="148.5326096"/>
      <trkpt lat="-9.1385835" lon="148.5326713"/>
      <trkpt lat="-9.1387427" lon="148.5327189"/>
      <trkpt lat="-9.1388599" lon="148.5327315"/>
      <trkpt lat="-9.1389045" lon="148.5327786"/>
      <trkpt lat="-9.1389473" lon="148.5328263"/>
      <trkpt lat="-9.1390122" lon="148.5329311"/>
      <trkpt lat="-9.1390953" lon="148.5330545"/>
      <trkpt lat="-9.1391459" lon="148.5331782"/>
      <trkpt lat="-9.1392141" lon="148.5332254"/>
      <trkpt lat="-9.1393035" lon="148.5331569"/>
      <trkpt lat="-9.1393815" lon="148.5330605"/>
      <trkpt lat="-9.1394150" lon="148.5329800"/>
    </trkseg>
    <trkseg>
      <trkpt lat="-9.1395567" lon="148.5329067"/>
      <trkpt lat="-9.1396888" lon="148.5327972"/>
      <trkpt lat="-9.1398130" lon="148.5327021"/>
      <trkpt lat="-9.1398888" lon="148.5326064"/>
      <trkpt lat="-9.1398868" lon="148.5325869"/>
      <trkpt lat="-9.1398702" lon="148.5325437"/>
      <trkpt lat="-9.1398813" lon="148.5324829"/>
      <trkpt lat="-9.1399808" lon="148.5323463"/>
      <trkpt lat="-9.1400817" lon="148.5322543"/>
      <trkpt lat="-9.1401836" lon="148.5322660"/>
      <trkpt lat="-9.1402445" lon="148.5323270"/>
      <trkpt lat="-9.1402800" lon="148.5323967"/>
    </trkseg>
    <trkseg>
      <trkpt lat="-9.1402350" lon="148.5325350"/>
      <trkpt lat="-9.1403926" lon="148.5324648"/>
      <trkpt lat="-9.1405507" lon="148.5324043"/>
      <trkpt lat="-9.1406760" lon="148.5323146"/>
      <trkpt lat="-9.1407595" lon="148.5321897"/>
      <trkpt lat="-9.1408193" lon="148.5320313"/>
      <trkpt lat="-9.1409150" lon="148.5319130"/>
      <trkpt lat="-9.1410528" lon="148.5318194"/>
      <trkpt lat="-9.1412013" lon="148.5317307"/>
      <trkpt lat="-9.1413198" lon="148.5316033"/>
      <trkpt lat="-9.1414183" lon="148.5314589"/>
      <trkpt lat="-9.1414973" lon="148.5313047"/>
      <trkpt lat="-9.1416007" lon="148.5311775"/>
      <trkpt lat="-9.1417072" lon="148.5310556"/>
      <trkpt lat="-9.1417919" lon="148.5309396"/>
      <trkpt lat="-9.1418448" lon="148.5308521"/>
      <trkpt lat="-9.1419206" lon="148.5308045"/>
      <trkpt lat="-9.1420164" lon="148.5307467"/>
      <trkpt lat="-9.1421257" lon="148.5306340"/>
      <trkpt lat="-9.1421844" lon="148.5305247"/>
      <trkpt lat="-9.1422250" lon="148.5304667"/>
    </trkseg>
    <trkseg>
      <trkpt lat="-9.1421000" lon="148.5306167"/>
      <trkpt lat="-9.1422495" lon="148.5306060"/>
      <trkpt lat="-9.1423778" lon="148.5305563"/>
      <trkpt lat="-9.1424958" lon="148.5304700"/>
      <trkpt lat="-9.1426038" lon="148.5304218"/>
      <trkpt lat="-9.1426936" lon="148.5303772"/>
      <trkpt lat="-9.1427861" lon="148.5303566"/>
      <trkpt lat="-9.1428989" lon="148.5303062"/>
      <trkpt lat="-9.1430486" lon="148.5302717"/>
      <trkpt lat="-9.1432001" lon="148.5302671"/>
      <trkpt lat="-9.1433406" lon="148.5303441"/>
      <trkpt lat="-9.1434594" lon="148.5304758"/>
      <trkpt lat="-9.1435788" lon="148.5306006"/>
      <trkpt lat="-9.1437116" lon="148.5307070"/>
      <trkpt lat="-9.1438505" lon="148.5307690"/>
      <trkpt lat="-9.1439767" lon="148.5308117"/>
    </trkseg>
    <trkseg>
      <trkpt lat="-9.1440850" lon="148.5308367"/>
      <trkpt lat="-9.1442202" lon="148.5307308"/>
      <trkpt lat="-9.1443269" lon="148.5306026"/>
      <trkpt lat="-9.1444219" lon="148.5304795"/>
      <trkpt lat="-9.1445267" lon="148.5303767"/>
    </trkseg>
    <trkseg>
      <trkpt lat="-9.1445500" lon="148.5302250"/>
      <trkpt lat="-9.1446908" lon="148.5301492"/>
      <trkpt lat="-9.1448171" lon="148.5300524"/>
      <trkpt lat="-9.1449247" lon="148.5299259"/>
      <trkpt lat="-9.1450343" lon="148.5297935"/>
      <trkpt lat="-9.1451036" lon="148.5296870"/>
      <trkpt lat="-9.1451367" lon="148.5296150"/>
    </trkseg>
    <trkseg>
      <trkpt lat="-9.1451500" lon="148.5295167"/>
      <trkpt lat="-9.1452642" lon="148.5293866"/>
      <trkpt lat="-9.1453870" lon="148.5292665"/>
      <trkpt lat="-9.1455248" lon="148.5291815"/>
      <trkpt lat="-9.1456894" lon="148.5291464"/>
      <trkpt lat="-9.1458161" lon="148.5291486"/>
      <trkpt lat="-9.1458983" lon="148.5291633"/>
    </trkseg>
    <trkseg>
      <trkpt lat="-9.1219850" lon="148.5307550"/>
      <trkpt lat="-9.1221555" lon="148.5307049"/>
      <trkpt lat="-9.1223289" lon="148.5306904"/>
      <trkpt lat="-9.1225046" lon="148.5307082"/>
      <trkpt lat="-9.1226731" lon="148.5307517"/>
      <trkpt lat="-9.1228351" lon="148.5308103"/>
      <trkpt lat="-9.1229658" lon="148.5309054"/>
      <trkpt lat="-9.1230998" lon="148.5309969"/>
      <trkpt lat="-9.1232299" lon="148.5310969"/>
      <trkpt lat="-9.1233916" lon="148.5311637"/>
      <trkpt lat="-9.1235574" lon="148.5312148"/>
      <trkpt lat="-9.1237341" lon="148.5312426"/>
      <trkpt lat="-9.1239005" lon="148.5312858"/>
      <trkpt lat="-9.1240414" lon="148.5313697"/>
      <trkpt lat="-9.1241644" lon="148.5314712"/>
      <trkpt lat="-9.1242989" lon="148.5315501"/>
      <trkpt lat="-9.1244470" lon="148.5316197"/>
      <trkpt lat="-9.1245969" lon="148.5316738"/>
      <trkpt lat="-9.1247427" lon="148.5317425"/>
      <trkpt lat="-9.1248857" lon="148.5318167"/>
      <trkpt lat="-9.1250372" lon="148.5318937"/>
      <trkpt lat="-9.1251498" lon="148.5320009"/>
      <trkpt lat="-9.1252311" lon="148.5321229"/>
      <trkpt lat="-9.1253082" lon="148.5322611"/>
      <trkpt lat="-9.1254269" lon="148.5323620"/>
      <trkpt lat="-9.1255800" lon="148.5324245"/>
      <trkpt lat="-9.1256629" lon="148.5325032"/>
      <trkpt lat="-9.1257093" lon="148.5326070"/>
      <trkpt lat="-9.1257623" lon="148.5327110"/>
      <trkpt lat="-9.1258612" lon="148.5327764"/>
      <trkpt lat="-9.1259814" lon="148.5328371"/>
      <trkpt lat="-9.1260882" lon="148.5328885"/>
      <trkpt lat="-9.1262133" lon="148.5329367"/>
    </trkseg>
    <trkseg>
      <trkpt lat="-9.1263383" lon="148.5329133"/>
      <trkpt lat="-9.1264301" lon="148.5330382"/>
      <trkpt lat="-9.1265346" lon="148.5331587"/>
      <trkpt lat="-9.1266419" lon="148.5332829"/>
      <trkpt lat="-9.1267550" lon="148.5333893"/>
      <trkpt lat="-9.1268922" lon="148.5334524"/>
      <trkpt lat="-9.1270559" lon="148.5334802"/>
      <trkpt lat="-9.1272112" lon="148.5335246"/>
      <trkpt lat="-9.1273151" lon="148.5335682"/>
      <trkpt lat="-9.1273750" lon="148.5335950"/>
    </trkseg>
    <trkseg>
      <trkpt lat="-9.1274450" lon="148.5335250"/>
      <trkpt lat="-9.1275717" lon="148.5334568"/>
      <trkpt lat="-9.1277174" lon="148.5334297"/>
      <trkpt lat="-9.1278857" lon="148.5334284"/>
      <trkpt lat="-9.1280549" lon="148.5334065"/>
      <trkpt lat="-9.1282277" lon="148.5333741"/>
      <trkpt lat="-9.1283996" lon="148.5333721"/>
      <trkpt lat="-9.1285675" lon="148.5333936"/>
      <trkpt lat="-9.1287169" lon="148.5334682"/>
      <trkpt lat="-9.1288658" lon="148.5335452"/>
      <trkpt lat="-9.1289879" lon="148.5336555"/>
      <trkpt lat="-9.1291136" lon="148.5337646"/>
      <trkpt lat="-9.1292043" lon="148.5339125"/>
      <trkpt lat="-9.1293070" lon="148.5340551"/>
      <trkpt lat="-9.1293806" lon="148.5342084"/>
      <trkpt lat="-9.1294439" lon="148.5343595"/>
      <trkpt lat="-9.1294832" lon="148.5345243"/>
      <trkpt lat="-9.1295091" lon="148.5346952"/>
      <trkpt lat="-9.1295294" lon="148.5348700"/>
      <trkpt lat="-9.1295551" lon="148.5350418"/>
      <trkpt lat="-9.1296224" lon="148.5351810"/>
      <trkpt lat="-9.1297027" lon="148.5353146"/>
      <trkpt lat="-9.1297808" lon="148.5354491"/>
      <trkpt lat="-9.1298687" lon="148.5355802"/>
      <trkpt lat="-9.1299978" lon="148.5356555"/>
      <trkpt lat="-9.1301659" lon="148.5356923"/>
      <trkpt lat="-9.1303406" lon="148.5357146"/>
      <trkpt lat="-9.1304882" lon="148.5357805"/>
      <trkpt lat="-9.1306309" lon="148.5358563"/>
      <trkpt lat="-9.1307441" lon="148.5359730"/>
      <trkpt lat="-9.1308824" lon="148.5360479"/>
      <trkpt lat="-9.1309822" lon="148.5360910"/>
      <trkpt lat="-9.1310650" lon="148.5360817"/>
    </trkseg>
    <trkseg>
      <trkpt lat="-9.1342300" lon="148.5323267"/>
      <trkpt lat="-9.1343617" lon="148.5322566"/>
      <trkpt lat="-9.1344997" lon="148.5322435"/>
      <trkpt lat="-9.1346339" lon="148.5322265"/>
      <trkpt lat="-9.1347438" lon="148.5322055"/>
      <trkpt lat="-9.1348217" lon="148.5321367"/>
    </trkseg>
    <trkseg>
      <trkpt lat="-9.1349083" lon="148.5321783"/>
      <trkpt lat="-9.1350105" lon="148.5322066"/>
      <trkpt lat="-9.1351116" lon="148.5322496"/>
      <trkpt lat="-9.1351598" lon="148.5323212"/>
      <trkpt lat="-9.1352315" lon="148.5324051"/>
      <trkpt lat="-9.1353216" lon="148.5324454"/>
      <trkpt lat="-9.1354466" lon="148.5324412"/>
      <trkpt lat="-9.1355756" lon="148.5324352"/>
      <trkpt lat="-9.1356693" lon="148.5324423"/>
      <trkpt lat="-9.1357943" lon="148.5324044"/>
      <trkpt lat="-9.1359045" lon="148.5324094"/>
      <trkpt lat="-9.1360485" lon="148.5323895"/>
      <trkpt lat="-9.1361964" lon="148.5324174"/>
      <trkpt lat="-9.1363462" lon="148.5323802"/>
      <trkpt lat="-9.1364790" lon="148.5323531"/>
      <trkpt lat="-9.1365933" lon="148.5323083"/>
    </trkseg>
    <trkseg>
      <trkpt lat="-9.1366033" lon="148.5324000"/>
      <trkpt lat="-9.1367275" lon="148.5324010"/>
      <trkpt lat="-9.1368306" lon="148.5324079"/>
      <trkpt lat="-9.1369204" lon="148.5324601"/>
      <trkpt lat="-9.1370149" lon="148.5324860"/>
      <trkpt lat="-9.1371032" lon="148.5324810"/>
      <trkpt lat="-9.1371732" lon="148.5324463"/>
      <trkpt lat="-9.1372648" lon="148.5324409"/>
      <trkpt lat="-9.1373738" lon="148.5324904"/>
      <trkpt lat="-9.1374774" lon="148.5325691"/>
      <trkpt lat="-9.1376019" lon="148.5326040"/>
      <trkpt lat="-9.1377365" lon="148.5326153"/>
      <trkpt lat="-9.1378863" lon="148.5326156"/>
      <trkpt lat="-9.1380406" lon="148.5326248"/>
      <trkpt lat="-9.1381865" lon="148.5326043"/>
      <trkpt lat="-9.1383214" lon="148.5325871"/>
      <trkpt lat="-9.1384494" lon="148.5326096"/>
      <trkpt lat="-9.1385835" lon="148.5326713"/>
      <trkpt lat="-9.1387427" lon="148.5327189"/>
      <trkpt lat="-9.1388599" lon="148.5327315"/>
      <trkpt lat="-9.1389045" lon="148.5327786"/>
      <trkpt lat="-9.1389473" lon="148.5328263"/>
      <trkpt lat="-9.1390122" lon="148.5329311"/>
      <trkpt lat="-9.1390953" lon="148.5330545"/>
      <trkpt lat="-9.1391459" lon="148.5331782"/>
      <trkpt lat="-9.1392141" lon="148.5332254"/>
      <trkpt lat="-9.1393035" lon="148.5331569"/>
      <trkpt lat="-9.1393815" lon="148.5330605"/>
      <trkpt lat="-9.1394150" lon="148.5329800"/>
    </trkseg>
    <trkseg>
      <trkpt lat="-9.1395567" lon="148.5329067"/>
      <trkpt lat="-9.1396888" lon="148.5327972"/>
      <trkpt lat="-9.1398130" lon="148.5327021"/>
      <trkpt lat="-9.1398888" lon="148.5326064"/>
      <trkpt lat="-9.1398868" lon="148.5325869"/>
      <trkpt lat="-9.1398702" lon="148.5325437"/>
      <trkpt lat="-9.1398813" lon="148.5324829"/>
      <trkpt lat="-9.1399808" lon="148.5323463"/>
      <trkpt lat="-9.1400817" lon="148.5322543"/>
      <trkpt lat="-9.1401836" lon="148.5322660"/>
      <trkpt lat="-9.1402445" lon="148.5323270"/>
      <trkpt lat="-9.1402800" lon="148.5323967"/>
    </trkseg>
    <trkseg>
      <trkpt lat="-9.1402350" lon="148.5325350"/>
      <trkpt lat="-9.1403926" lon="148.5324648"/>
      <trkpt lat="-9.1405507" lon="148.5324043"/>
      <trkpt lat="-9.1406760" lon="148.5323146"/>
      <trkpt lat="-9.1407595" lon="148.5321897"/>
      <trkpt lat="-9.1408193" lon="148.5320313"/>
      <trkpt lat="-9.1409150" lon="148.5319130"/>
      <trkpt lat="-9.1410528" lon="148.5318194"/>
      <trkpt lat="-9.1412013" lon="148.5317307"/>
      <trkpt lat="-9.1413198" lon="148.5316033"/>
      <trkpt lat="-9.1414183" lon="148.5314589"/>
      <trkpt lat="-9.1414973" lon="148.5313047"/>
      <trkpt lat="-9.1416007" lon="148.5311775"/>
      <trkpt lat="-9.1417072" lon="148.5310556"/>
      <trkpt lat="-9.1417919" lon="148.5309396"/>
      <trkpt lat="-9.1418448" lon="148.5308521"/>
      <trkpt lat="-9.1419206" lon="148.5308045"/>
      <trkpt lat="-9.1420164" lon="148.5307467"/>
      <trkpt lat="-9.1421257" lon="148.5306340"/>
      <trkpt lat="-9.1421844" lon="148.5305247"/>
      <trkpt lat="-9.1422250" lon="148.5304667"/>
    </trkseg>
    <trkseg>
      <trkpt lat="-9.1421000" lon="148.5306167"/>
      <trkpt lat="-9.1422495" lon="148.5306060"/>
      <trkpt lat="-9.1423778" lon="148.5305563"/>
      <trkpt lat="-9.1424958" lon="148.5304700"/>
      <trkpt lat="-9.1426038" lon="148.5304218"/>
      <trkpt lat="-9.1426936" lon="148.5303772"/>
      <trkpt lat="-9.1427861" lon="148.5303566"/>
      <trkpt lat="-9.1428989" lon="148.5303062"/>
      <trkpt lat="-9.1430486" lon="148.5302717"/>
      <trkpt lat="-9.1432001" lon="148.5302671"/>
      <trkpt lat="-9.1433406" lon="148.5303441"/>
      <trkpt lat="-9.1434594" lon="148.5304758"/>
      <trkpt lat="-9.1435788" lon="148.5306006"/>
      <trkpt lat="-9.1437116" lon="148.5307070"/>
      <trkpt lat="-9.1438505" lon="148.5307690"/>
      <trkpt lat="-9.1439767" lon="148.5308117"/>
    </trkseg>
    <trkseg>
      <trkpt lat="-9.1440850" lon="148.5308367"/>
      <trkpt lat="-9.1442202" lon="148.5307308"/>
      <trkpt lat="-9.1443269" lon="148.5306026"/>
      <trkpt lat="-9.1444219" lon="148.5304795"/>
      <trkpt lat="-9.1445267" lon="148.5303767"/>
    </trkseg>
    <trkseg>
      <trkpt lat="-9.1445500" lon="148.5302250"/>
      <trkpt lat="-9.1446908" lon="148.5301492"/>
      <trkpt lat="-9.1448171" lon="148.5300524"/>
      <trkpt lat="-9.1449247" lon="148.5299259"/>
      <trkpt lat="-9.1450343" lon="148.5297935"/>
      <trkpt lat="-9.1451036" lon="148.5296870"/>
      <trkpt lat="-9.1451367" lon="148.5296150"/>
    </trkseg>
    <trkseg>
      <trkpt lat="-9.1451500" lon="148.5295167"/>
      <trkpt lat="-9.1452642" lon="148.5293866"/>
      <trkpt lat="-9.1453870" lon="148.5292665"/>
      <trkpt lat="-9.1455248" lon="148.5291815"/>
      <trkpt lat="-9.1456894" lon="148.5291464"/>
      <trkpt lat="-9.1458161" lon="148.5291486"/>
      <trkpt lat="-9.1458983" lon="148.5291633"/>
    </trkseg>
    <trkseg>
      <trkpt lat="-9.1458200" lon="148.5292400"/>
      <trkpt lat="-9.1458327" lon="148.5290792"/>
      <trkpt lat="-9.1459121" lon="148.5289566"/>
      <trkpt lat="-9.1460613" lon="148.5288828"/>
      <trkpt lat="-9.1462321" lon="148.5288687"/>
      <trkpt lat="-9.1463955" lon="148.5288454"/>
      <trkpt lat="-9.1465589" lon="148.5288250"/>
      <trkpt lat="-9.1467262" lon="148.5287802"/>
      <trkpt lat="-9.1469042" lon="148.5287633"/>
      <trkpt lat="-9.1470770" lon="148.5287300"/>
      <trkpt lat="-9.1472461" lon="148.5286843"/>
      <trkpt lat="-9.1473811" lon="148.5286931"/>
      <trkpt lat="-9.1475167" lon="148.5287462"/>
      <trkpt lat="-9.1476267" lon="148.5288681"/>
      <trkpt lat="-9.1477475" lon="148.5289813"/>
      <trkpt lat="-9.1478497" lon="148.5291189"/>
      <trkpt lat="-9.1479751" lon="148.5292421"/>
      <trkpt lat="-9.1481184" lon="148.5293443"/>
      <trkpt lat="-9.1482621" lon="148.5293645"/>
      <trkpt lat="-9.1483508" lon="148.5292986"/>
      <trkpt lat="-9.1483821" lon="148.5292023"/>
      <trkpt lat="-9.1483733" lon="148.5291350"/>
    </trkseg>
    <trkseg>
      <trkpt lat="-9.1219850" lon="148.5307550"/>
      <trkpt lat="-9.1221555" lon="148.5307049"/>
      <trkpt lat="-9.1223289" lon="148.5306904"/>
      <trkpt lat="-9.1225046" lon="148.5307082"/>
      <trkpt lat="-9.1226731" lon="148.5307517"/>
      <trkpt lat="-9.1228351" lon="148.5308103"/>
      <trkpt lat="-9.1229658" lon="148.5309054"/>
      <trkpt lat="-9.1230998" lon="148.5309969"/>
      <trkpt lat="-9.1232299" lon="148.5310969"/>
      <trkpt lat="-9.1233916" lon="148.5311637"/>
      <trkpt lat="-9.1235574" lon="148.5312148"/>
      <trkpt lat="-9.1237341" lon="148.5312426"/>
      <trkpt lat="-9.1239005" lon="148.5312858"/>
      <trkpt lat="-9.1240414" lon="148.5313697"/>
      <trkpt lat="-9.1241644" lon="148.5314712"/>
      <trkpt lat="-9.1242989" lon="148.5315501"/>
      <trkpt lat="-9.1244470" lon="148.5316197"/>
      <trkpt lat="-9.1245969" lon="148.5316738"/>
      <trkpt lat="-9.1247427" lon="148.5317425"/>
      <trkpt lat="-9.1248857" lon="148.5318167"/>
      <trkpt lat="-9.1250372" lon="148.5318937"/>
      <trkpt lat="-9.1251498" lon="148.5320009"/>
      <trkpt lat="-9.1252311" lon="148.5321229"/>
      <trkpt lat="-9.1253082" lon="148.5322611"/>
      <trkpt lat="-9.1254269" lon="148.5323620"/>
      <trkpt lat="-9.1255800" lon="148.5324245"/>
      <trkpt lat="-9.1256629" lon="148.5325032"/>
      <trkpt lat="-9.1257093" lon="148.5326070"/>
      <trkpt lat="-9.1257623" lon="148.5327110"/>
      <trkpt lat="-9.1258612" lon="148.5327764"/>
      <trkpt lat="-9.1259814" lon="148.5328371"/>
      <trkpt lat="-9.1260882" lon="148.5328885"/>
      <trkpt lat="-9.1262133" lon="148.5329367"/>
    </trkseg>
    <trkseg>
      <trkpt lat="-9.1263383" lon="148.5329133"/>
      <trkpt lat="-9.1264301" lon="148.5330382"/>
      <trkpt lat="-9.1265346" lon="148.5331587"/>
      <trkpt lat="-9.1266419" lon="148.5332829"/>
      <trkpt lat="-9.1267550" lon="148.5333893"/>
      <trkpt lat="-9.1268922" lon="148.5334524"/>
      <trkpt lat="-9.1270559" lon="148.5334802"/>
      <trkpt lat="-9.1272112" lon="148.5335246"/>
      <trkpt lat="-9.1273151" lon="148.5335682"/>
      <trkpt lat="-9.1273750" lon="148.5335950"/>
    </trkseg>
    <trkseg>
      <trkpt lat="-9.1274450" lon="148.5335250"/>
      <trkpt lat="-9.1275717" lon="148.5334568"/>
      <trkpt lat="-9.1277174" lon="148.5334297"/>
      <trkpt lat="-9.1278857" lon="148.5334284"/>
      <trkpt lat="-9.1280549" lon="148.5334065"/>
      <trkpt lat="-9.1282277" lon="148.5333741"/>
      <trkpt lat="-9.1283996" lon="148.5333721"/>
      <trkpt lat="-9.1285675" lon="148.5333936"/>
      <trkpt lat="-9.1287169" lon="148.5334682"/>
      <trkpt lat="-9.1288658" lon="148.5335452"/>
      <trkpt lat="-9.1289879" lon="148.5336555"/>
      <trkpt lat="-9.1291136" lon="148.5337646"/>
      <trkpt lat="-9.1292043" lon="148.5339125"/>
      <trkpt lat="-9.1293070" lon="148.5340551"/>
      <trkpt lat="-9.1293806" lon="148.5342084"/>
      <trkpt lat="-9.1294439" lon="148.5343595"/>
      <trkpt lat="-9.1294832" lon="148.5345243"/>
      <trkpt lat="-9.1295091" lon="148.5346952"/>
      <trkpt lat="-9.1295294" lon="148.5348700"/>
      <trkpt lat="-9.1295551" lon="148.5350418"/>
      <trkpt lat="-9.1296224" lon="148.5351810"/>
      <trkpt lat="-9.1297027" lon="148.5353146"/>
      <trkpt lat="-9.1297808" lon="148.5354491"/>
      <trkpt lat="-9.1298687" lon="148.5355802"/>
      <trkpt lat="-9.1299978" lon="148.5356555"/>
      <trkpt lat="-9.1301659" lon="148.5356923"/>
      <trkpt lat="-9.1303406" lon="148.5357146"/>
      <trkpt lat="-9.1304882" lon="148.5357805"/>
      <trkpt lat="-9.1306309" lon="148.5358563"/>
      <trkpt lat="-9.1307441" lon="148.5359730"/>
      <trkpt lat="-9.1308824" lon="148.5360479"/>
      <trkpt lat="-9.1309822" lon="148.5360910"/>
      <trkpt lat="-9.1310650" lon="148.5360817"/>
    </trkseg>
    <trkseg>
      <trkpt lat="-9.1342300" lon="148.5323267"/>
      <trkpt lat="-9.1343617" lon="148.5322566"/>
      <trkpt lat="-9.1344997" lon="148.5322435"/>
      <trkpt lat="-9.1346339" lon="148.5322265"/>
      <trkpt lat="-9.1347438" lon="148.5322055"/>
      <trkpt lat="-9.1348217" lon="148.5321367"/>
    </trkseg>
    <trkseg>
      <trkpt lat="-9.1349083" lon="148.5321783"/>
      <trkpt lat="-9.1350105" lon="148.5322066"/>
      <trkpt lat="-9.1351116" lon="148.5322496"/>
      <trkpt lat="-9.1351598" lon="148.5323212"/>
      <trkpt lat="-9.1352315" lon="148.5324051"/>
      <trkpt lat="-9.1353216" lon="148.5324454"/>
      <trkpt lat="-9.1354466" lon="148.5324412"/>
      <trkpt lat="-9.1355756" lon="148.5324352"/>
      <trkpt lat="-9.1356693" lon="148.5324423"/>
      <trkpt lat="-9.1357943" lon="148.5324044"/>
      <trkpt lat="-9.1359045" lon="148.5324094"/>
      <trkpt lat="-9.1360485" lon="148.5323895"/>
      <trkpt lat="-9.1361964" lon="148.5324174"/>
      <trkpt lat="-9.1363462" lon="148.5323802"/>
      <trkpt lat="-9.1364790" lon="148.5323531"/>
      <trkpt lat="-9.1365933" lon="148.5323083"/>
    </trkseg>
    <trkseg>
      <trkpt lat="-9.1366033" lon="148.5324000"/>
      <trkpt lat="-9.1367275" lon="148.5324010"/>
      <trkpt lat="-9.1368306" lon="148.5324079"/>
      <trkpt lat="-9.1369204" lon="148.5324601"/>
      <trkpt lat="-9.1370149" lon="148.5324860"/>
      <trkpt lat="-9.1371032" lon="148.5324810"/>
      <trkpt lat="-9.1371732" lon="148.5324463"/>
      <trkpt lat="-9.1372648" lon="148.5324409"/>
      <trkpt lat="-9.1373738" lon="148.5324904"/>
      <trkpt lat="-9.1374774" lon="148.5325691"/>
      <trkpt lat="-9.1376019" lon="148.5326040"/>
      <trkpt lat="-9.1377365" lon="148.5326153"/>
      <trkpt lat="-9.1378863" lon="148.5326156"/>
      <trkpt lat="-9.1380406" lon="148.5326248"/>
      <trkpt lat="-9.1381865" lon="148.5326043"/>
      <trkpt lat="-9.1383214" lon="148.5325871"/>
      <trkpt lat="-9.1384494" lon="148.5326096"/>
      <trkpt lat="-9.1385835" lon="148.5326713"/>
      <trkpt lat="-9.1387427" lon="148.5327189"/>
      <trkpt lat="-9.1388599" lon="148.5327315"/>
      <trkpt lat="-9.1389045" lon="148.5327786"/>
      <trkpt lat="-9.1389473" lon="148.5328263"/>
      <trkpt lat="-9.1390122" lon="148.5329311"/>
      <trkpt lat="-9.1390953" lon="148.5330545"/>
      <trkpt lat="-9.1391459" lon="148.5331782"/>
      <trkpt lat="-9.1392141" lon="148.5332254"/>
      <trkpt lat="-9.1393035" lon="148.5331569"/>
      <trkpt lat="-9.1393815" lon="148.5330605"/>
      <trkpt lat="-9.1394150" lon="148.5329800"/>
    </trkseg>
    <trkseg>
      <trkpt lat="-9.1395567" lon="148.5329067"/>
      <trkpt lat="-9.1396888" lon="148.5327972"/>
      <trkpt lat="-9.1398130" lon="148.5327021"/>
      <trkpt lat="-9.1398888" lon="148.5326064"/>
      <trkpt lat="-9.1398868" lon="148.5325869"/>
      <trkpt lat="-9.1398702" lon="148.5325437"/>
      <trkpt lat="-9.1398813" lon="148.5324829"/>
      <trkpt lat="-9.1399808" lon="148.5323463"/>
      <trkpt lat="-9.1400817" lon="148.5322543"/>
      <trkpt lat="-9.1401836" lon="148.5322660"/>
      <trkpt lat="-9.1402445" lon="148.5323270"/>
      <trkpt lat="-9.1402800" lon="148.5323967"/>
    </trkseg>
    <trkseg>
      <trkpt lat="-9.1402350" lon="148.5325350"/>
      <trkpt lat="-9.1403926" lon="148.5324648"/>
      <trkpt lat="-9.1405507" lon="148.5324043"/>
      <trkpt lat="-9.1406760" lon="148.5323146"/>
      <trkpt lat="-9.1407595" lon="148.5321897"/>
      <trkpt lat="-9.1408193" lon="148.5320313"/>
      <trkpt lat="-9.1409150" lon="148.5319130"/>
      <trkpt lat="-9.1410528" lon="148.5318194"/>
      <trkpt lat="-9.1412013" lon="148.5317307"/>
      <trkpt lat="-9.1413198" lon="148.5316033"/>
      <trkpt lat="-9.1414183" lon="148.5314589"/>
      <trkpt lat="-9.1414973" lon="148.5313047"/>
      <trkpt lat="-9.1416007" lon="148.5311775"/>
      <trkpt lat="-9.1417072" lon="148.5310556"/>
      <trkpt lat="-9.1417919" lon="148.5309396"/>
      <trkpt lat="-9.1418448" lon="148.5308521"/>
      <trkpt lat="-9.1419206" lon="148.5308045"/>
      <trkpt lat="-9.1420164" lon="148.5307467"/>
      <trkpt lat="-9.1421257" lon="148.5306340"/>
      <trkpt lat="-9.1421844" lon="148.5305247"/>
      <trkpt lat="-9.1422250" lon="148.5304667"/>
    </trkseg>
    <trkseg>
      <trkpt lat="-9.1421000" lon="148.5306167"/>
      <trkpt lat="-9.1422495" lon="148.5306060"/>
      <trkpt lat="-9.1423778" lon="148.5305563"/>
      <trkpt lat="-9.1424958" lon="148.5304700"/>
      <trkpt lat="-9.1426038" lon="148.5304218"/>
      <trkpt lat="-9.1426936" lon="148.5303772"/>
      <trkpt lat="-9.1427861" lon="148.5303566"/>
      <trkpt lat="-9.1428989" lon="148.5303062"/>
      <trkpt lat="-9.1430486" lon="148.5302717"/>
      <trkpt lat="-9.1432001" lon="148.5302671"/>
      <trkpt lat="-9.1433406" lon="148.5303441"/>
      <trkpt lat="-9.1434594" lon="148.5304758"/>
      <trkpt lat="-9.1435788" lon="148.5306006"/>
      <trkpt lat="-9.1437116" lon="148.5307070"/>
      <trkpt lat="-9.1438505" lon="148.5307690"/>
      <trkpt lat="-9.1439767" lon="148.5308117"/>
    </trkseg>
    <trkseg>
      <trkpt lat="-9.1440850" lon="148.5308367"/>
      <trkpt lat="-9.1442202" lon="148.5307308"/>
      <trkpt lat="-9.1443269" lon="148.5306026"/>
      <trkpt lat="-9.1444219" lon="148.5304795"/>
      <trkpt lat="-9.1445267" lon="148.5303767"/>
    </trkseg>
    <trkseg>
      <trkpt lat="-9.1445500" lon="148.5302250"/>
      <trkpt lat="-9.1446908" lon="148.5301492"/>
      <trkpt lat="-9.1448171" lon="148.5300524"/>
      <trkpt lat="-9.1449247" lon="148.5299259"/>
      <trkpt lat="-9.1450343" lon="148.5297935"/>
      <trkpt lat="-9.1451036" lon="148.5296870"/>
      <trkpt lat="-9.1451367" lon="148.5296150"/>
    </trkseg>
    <trkseg>
      <trkpt lat="-9.1451500" lon="148.5295167"/>
      <trkpt lat="-9.1452642" lon="148.5293866"/>
      <trkpt lat="-9.1453870" lon="148.5292665"/>
      <trkpt lat="-9.1455248" lon="148.5291815"/>
      <trkpt lat="-9.1456894" lon="148.5291464"/>
      <trkpt lat="-9.1458161" lon="148.5291486"/>
      <trkpt lat="-9.1458983" lon="148.5291633"/>
    </trkseg>
    <trkseg>
      <trkpt lat="-9.1458200" lon="148.5292400"/>
      <trkpt lat="-9.1458327" lon="148.5290792"/>
      <trkpt lat="-9.1459121" lon="148.5289566"/>
      <trkpt lat="-9.1460613" lon="148.5288828"/>
      <trkpt lat="-9.1462321" lon="148.5288687"/>
      <trkpt lat="-9.1463955" lon="148.5288454"/>
      <trkpt lat="-9.1465589" lon="148.5288250"/>
      <trkpt lat="-9.1467262" lon="148.5287802"/>
      <trkpt lat="-9.1469042" lon="148.5287633"/>
      <trkpt lat="-9.1470770" lon="148.5287300"/>
      <trkpt lat="-9.1472461" lon="148.5286843"/>
      <trkpt lat="-9.1473811" lon="148.5286931"/>
      <trkpt lat="-9.1475167" lon="148.5287462"/>
      <trkpt lat="-9.1476267" lon="148.5288681"/>
      <trkpt lat="-9.1477475" lon="148.5289813"/>
      <trkpt lat="-9.1478497" lon="148.5291189"/>
      <trkpt lat="-9.1479751" lon="148.5292421"/>
      <trkpt lat="-9.1481184" lon="148.5293443"/>
      <trkpt lat="-9.1482621" lon="148.5293645"/>
      <trkpt lat="-9.1483508" lon="148.5292986"/>
      <trkpt lat="-9.1483821" lon="148.5292023"/>
      <trkpt lat="-9.1483733" lon="148.5291350"/>
    </trkseg>
    <trkseg>
      <trkpt lat="-9.1219850" lon="148.5307550"/>
      <trkpt lat="-9.1221555" lon="148.5307049"/>
      <trkpt lat="-9.1223289" lon="148.5306904"/>
      <trkpt lat="-9.1225046" lon="148.5307082"/>
      <trkpt lat="-9.1226731" lon="148.5307517"/>
      <trkpt lat="-9.1228351" lon="148.5308103"/>
      <trkpt lat="-9.1229658" lon="148.5309054"/>
      <trkpt lat="-9.1230998" lon="148.5309969"/>
      <trkpt lat="-9.1232299" lon="148.5310969"/>
      <trkpt lat="-9.1233916" lon="148.5311637"/>
      <trkpt lat="-9.1235574" lon="148.5312148"/>
      <trkpt lat="-9.1237341" lon="148.5312426"/>
      <trkpt lat="-9.1239005" lon="148.5312858"/>
      <trkpt lat="-9.1240414" lon="148.5313697"/>
      <trkpt lat="-9.1241644" lon="148.5314712"/>
      <trkpt lat="-9.1242989" lon="148.5315501"/>
      <trkpt lat="-9.1244470" lon="148.5316197"/>
      <trkpt lat="-9.1245969" lon="148.5316738"/>
      <trkpt lat="-9.1247427" lon="148.5317425"/>
      <trkpt lat="-9.1248857" lon="148.5318167"/>
      <trkpt lat="-9.1250372" lon="148.5318937"/>
      <trkpt lat="-9.1251498" lon="148.5320009"/>
      <trkpt lat="-9.1252311" lon="148.5321229"/>
      <trkpt lat="-9.1253082" lon="148.5322611"/>
      <trkpt lat="-9.1254269" lon="148.5323620"/>
      <trkpt lat="-9.1255800" lon="148.5324245"/>
      <trkpt lat="-9.1256629" lon="148.5325032"/>
      <trkpt lat="-9.1257093" lon="148.5326070"/>
      <trkpt lat="-9.1257623" lon="148.5327110"/>
      <trkpt lat="-9.1258612" lon="148.5327764"/>
      <trkpt lat="-9.1259814" lon="148.5328371"/>
      <trkpt lat="-9.1260882" lon="148.5328885"/>
      <trkpt lat="-9.1262133" lon="148.5329367"/>
    </trkseg>
    <trkseg>
      <trkpt lat="-9.1263383" lon="148.5329133"/>
      <trkpt lat="-9.1264301" lon="148.5330382"/>
      <trkpt lat="-9.1265346" lon="148.5331587"/>
      <trkpt lat="-9.1266419" lon="148.5332829"/>
      <trkpt lat="-9.1267550" lon="148.5333893"/>
      <trkpt lat="-9.1268922" lon="148.5334524"/>
      <trkpt lat="-9.1270559" lon="148.5334802"/>
      <trkpt lat="-9.1272112" lon="148.5335246"/>
      <trkpt lat="-9.1273151" lon="148.5335682"/>
      <trkpt lat="-9.1273750" lon="148.5335950"/>
    </trkseg>
    <trkseg>
      <trkpt lat="-9.1219850" lon="148.5307550"/>
      <trkpt lat="-9.1221555" lon="148.5307049"/>
      <trkpt lat="-9.1223289" lon="148.5306904"/>
      <trkpt lat="-9.1225046" lon="148.5307082"/>
      <trkpt lat="-9.1226731" lon="148.5307517"/>
      <trkpt lat="-9.1228351" lon="148.5308103"/>
      <trkpt lat="-9.1229658" lon="148.5309054"/>
      <trkpt lat="-9.1230998" lon="148.5309969"/>
      <trkpt lat="-9.1232299" lon="148.5310969"/>
      <trkpt lat="-9.1233916" lon="148.5311637"/>
      <trkpt lat="-9.1235574" lon="148.5312148"/>
      <trkpt lat="-9.1237341" lon="148.5312426"/>
      <trkpt lat="-9.1239005" lon="148.5312858"/>
      <trkpt lat="-9.1240414" lon="148.5313697"/>
      <trkpt lat="-9.1241644" lon="148.5314712"/>
      <trkpt lat="-9.1242989" lon="148.5315501"/>
      <trkpt lat="-9.1244470" lon="148.5316197"/>
      <trkpt lat="-9.1245969" lon="148.5316738"/>
      <trkpt lat="-9.1247427" lon="148.5317425"/>
      <trkpt lat="-9.1248857" lon="148.5318167"/>
      <trkpt lat="-9.1250372" lon="148.5318937"/>
      <trkpt lat="-9.1251498" lon="148.5320009"/>
      <trkpt lat="-9.1252311" lon="148.5321229"/>
      <trkpt lat="-9.1253082" lon="148.5322611"/>
      <trkpt lat="-9.1254269" lon="148.5323620"/>
      <trkpt lat="-9.1255800" lon="148.5324245"/>
      <trkpt lat="-9.1256629" lon="148.5325032"/>
      <trkpt lat="-9.1257093" lon="148.5326070"/>
      <trkpt lat="-9.1257623" lon="148.5327110"/>
      <trkpt lat="-9.1258612" lon="148.5327764"/>
      <trkpt lat="-9.1259814" lon="148.5328371"/>
      <trkpt lat="-9.1260882" lon="148.5328885"/>
      <trkpt lat="-9.1262133" lon="148.5329367"/>
    </trkseg>
    <trkseg>
      <trkpt lat="-9.1219850" lon="148.5307550"/>
      <trkpt lat="-9.1221555" lon="148.5307049"/>
      <trkpt lat="-9.1223289" lon="148.5306904"/>
      <trkpt lat="-9.1225046" lon="148.5307082"/>
      <trkpt lat="-9.1226731" lon="148.5307517"/>
      <trkpt lat="-9.1228351" lon="148.5308103"/>
      <trkpt lat="-9.1229658" lon="148.5309054"/>
      <trkpt lat="-9.1230998" lon="148.5309969"/>
      <trkpt lat="-9.1232299" lon="148.5310969"/>
      <trkpt lat="-9.1233916" lon="148.5311637"/>
      <trkpt lat="-9.1235574" lon="148.5312148"/>
      <trkpt lat="-9.1237341" lon="148.5312426"/>
      <trkpt lat="-9.1239005" lon="148.5312858"/>
      <trkpt lat="-9.1240414" lon="148.5313697"/>
      <trkpt lat="-9.1241644" lon="148.5314712"/>
      <trkpt lat="-9.1242989" lon="148.5315501"/>
      <trkpt lat="-9.1244470" lon="148.5316197"/>
      <trkpt lat="-9.1245969" lon="148.5316738"/>
      <trkpt lat="-9.1247427" lon="148.5317425"/>
      <trkpt lat="-9.1248857" lon="148.5318167"/>
      <trkpt lat="-9.1250372" lon="148.5318937"/>
      <trkpt lat="-9.1251498" lon="148.5320009"/>
      <trkpt lat="-9.1252311" lon="148.5321229"/>
      <trkpt lat="-9.1253082" lon="148.5322611"/>
      <trkpt lat="-9.1254269" lon="148.5323620"/>
      <trkpt lat="-9.1255800" lon="148.5324245"/>
      <trkpt lat="-9.1256629" lon="148.5325032"/>
      <trkpt lat="-9.1257093" lon="148.5326070"/>
      <trkpt lat="-9.1257623" lon="148.5327110"/>
      <trkpt lat="-9.1258612" lon="148.5327764"/>
      <trkpt lat="-9.1259814" lon="148.5328371"/>
      <trkpt lat="-9.1260882" lon="148.5328885"/>
      <trkpt lat="-9.1262133" lon="148.5329367"/>
    </trkseg>
    <trkseg>
      <trkpt lat="-9.1263383" lon="148.5329133"/>
      <trkpt lat="-9.1264301" lon="148.5330382"/>
      <trkpt lat="-9.1265346" lon="148.5331587"/>
      <trkpt lat="-9.1266419" lon="148.5332829"/>
      <trkpt lat="-9.1267550" lon="148.5333893"/>
      <trkpt lat="-9.1268922" lon="148.5334524"/>
      <trkpt lat="-9.1270559" lon="148.5334802"/>
      <trkpt lat="-9.1272112" lon="148.5335246"/>
      <trkpt lat="-9.1273151" lon="148.5335682"/>
      <trkpt lat="-9.1273750" lon="148.5335950"/>
    </trkseg>
    <trkseg>
      <trkpt lat="-9.1274450" lon="148.5335250"/>
      <trkpt lat="-9.1275717" lon="148.5334568"/>
      <trkpt lat="-9.1277174" lon="148.5334297"/>
      <trkpt lat="-9.1278857" lon="148.5334284"/>
      <trkpt lat="-9.1280549" lon="148.5334065"/>
      <trkpt lat="-9.1282277" lon="148.5333741"/>
      <trkpt lat="-9.1283996" lon="148.5333721"/>
      <trkpt lat="-9.1285675" lon="148.5333936"/>
      <trkpt lat="-9.1287169" lon="148.5334682"/>
      <trkpt lat="-9.1288658" lon="148.5335452"/>
      <trkpt lat="-9.1289879" lon="148.5336555"/>
      <trkpt lat="-9.1291136" lon="148.5337646"/>
      <trkpt lat="-9.1292043" lon="148.5339125"/>
      <trkpt lat="-9.1293070" lon="148.5340551"/>
      <trkpt lat="-9.1293806" lon="148.5342084"/>
      <trkpt lat="-9.1294439" lon="148.5343595"/>
      <trkpt lat="-9.1294832" lon="148.5345243"/>
      <trkpt lat="-9.1295091" lon="148.5346952"/>
      <trkpt lat="-9.1295294" lon="148.5348700"/>
      <trkpt lat="-9.1295551" lon="148.5350418"/>
      <trkpt lat="-9.1296224" lon="148.5351810"/>
      <trkpt lat="-9.1297027" lon="148.5353146"/>
      <trkpt lat="-9.1297808" lon="148.5354491"/>
      <trkpt lat="-9.1298687" lon="148.5355802"/>
      <trkpt lat="-9.1299978" lon="148.5356555"/>
      <trkpt lat="-9.1301659" lon="148.5356923"/>
      <trkpt lat="-9.1303406" lon="148.5357146"/>
      <trkpt lat="-9.1304882" lon="148.5357805"/>
      <trkpt lat="-9.1306309" lon="148.5358563"/>
      <trkpt lat="-9.1307441" lon="148.5359730"/>
      <trkpt lat="-9.1308824" lon="148.5360479"/>
      <trkpt lat="-9.1309822" lon="148.5360910"/>
      <trkpt lat="-9.1310650" lon="148.5360817"/>
    </trkseg>
    <trkseg>
      <trkpt lat="-9.1472300" lon="148.5242717"/>
      <trkpt lat="-9.1470497" lon="148.5242852"/>
      <trkpt lat="-9.1469633" lon="148.5242917"/>
    </trkseg>
    <trkseg>
      <trkpt lat="-9.1463400" lon="148.5235700"/>
      <trkpt lat="-9.1463228" lon="148.5234845"/>
      <trkpt lat="-9.1463291" lon="148.5233607"/>
      <trkpt lat="-9.1463604" lon="148.5232000"/>
      <trkpt lat="-9.1463599" lon="148.5230229"/>
      <trkpt lat="-9.1463498" lon="148.5228452"/>
      <trkpt lat="-9.1463198" lon="148.5226681"/>
      <trkpt lat="-9.1463147" lon="148.5224929"/>
      <trkpt lat="-9.1463296" lon="148.5223207"/>
      <trkpt lat="-9.1463532" lon="148.5221480"/>
      <trkpt lat="-9.1463459" lon="148.5219759"/>
      <trkpt lat="-9.1463229" lon="148.5218008"/>
      <trkpt lat="-9.1463048" lon="148.5216240"/>
      <trkpt lat="-9.1463152" lon="148.5214457"/>
      <trkpt lat="-9.1463031" lon="148.5212781"/>
      <trkpt lat="-9.1462968" lon="148.5211112"/>
      <trkpt lat="-9.1462596" lon="148.5209462"/>
      <trkpt lat="-9.1462361" lon="148.5207710"/>
      <trkpt lat="-9.1462005" lon="148.5205953"/>
      <trkpt lat="-9.1461945" lon="148.5204159"/>
      <trkpt lat="-9.1461529" lon="148.5202600"/>
      <trkpt lat="-9.1460930" lon="148.5201085"/>
      <trkpt lat="-9.1460360" lon="148.5199561"/>
      <trkpt lat="-9.1460289" lon="148.5197804"/>
      <trkpt lat="-9.1460653" lon="148.5196051"/>
      <trkpt lat="-9.1461027" lon="148.5194301"/>
      <trkpt lat="-9.1461513" lon="148.5192576"/>
      <trkpt lat="-9.1461947" lon="148.5190826"/>
      <trkpt lat="-9.1462526" lon="148.5189115"/>
      <trkpt lat="-9.1462913" lon="148.5187384"/>
      <trkpt lat="-9.1463093" lon="148.5185636"/>
      <trkpt lat="-9.1462973" lon="148.5184255"/>
      <trkpt lat="-9.1462800" lon="148.5183283"/>
    </trkseg>
    <trkseg>
      <trkpt lat="-9.1463167" lon="148.5182417"/>
      <trkpt lat="-9.1462952" lon="148.5180620"/>
      <trkpt lat="-9.1462760" lon="148.5178833"/>
      <trkpt lat="-9.1462624" lon="148.5177043"/>
      <trkpt lat="-9.1462582" lon="148.5175262"/>
      <trkpt lat="-9.1462336" lon="148.5173518"/>
      <trkpt lat="-9.1461937" lon="148.5171790"/>
      <trkpt lat="-9.1461498" lon="148.5170043"/>
      <trkpt lat="-9.1461289" lon="148.5168252"/>
      <trkpt lat="-9.1461385" lon="148.5166515"/>
      <trkpt lat="-9.1461847" lon="148.5164885"/>
      <trkpt lat="-9.1462532" lon="148.5163608"/>
      <trkpt lat="-9.1463283" lon="148.5162617"/>
    </trkseg>
    <trkseg>
      <trkpt lat="-9.1472300" lon="148.5242717"/>
      <trkpt lat="-9.1470497" lon="148.5242852"/>
      <trkpt lat="-9.1469633" lon="148.5242917"/>
    </trkseg>
    <trkseg>
      <trkpt lat="-9.1463400" lon="148.5235700"/>
      <trkpt lat="-9.1463228" lon="148.5234845"/>
      <trkpt lat="-9.1463291" lon="148.5233607"/>
      <trkpt lat="-9.1463604" lon="148.5232000"/>
      <trkpt lat="-9.1463599" lon="148.5230229"/>
      <trkpt lat="-9.1463498" lon="148.5228452"/>
      <trkpt lat="-9.1463198" lon="148.5226681"/>
      <trkpt lat="-9.1463147" lon="148.5224929"/>
      <trkpt lat="-9.1463296" lon="148.5223207"/>
      <trkpt lat="-9.1463532" lon="148.5221480"/>
      <trkpt lat="-9.1463459" lon="148.5219759"/>
      <trkpt lat="-9.1463229" lon="148.5218008"/>
      <trkpt lat="-9.1463048" lon="148.5216240"/>
      <trkpt lat="-9.1463152" lon="148.5214457"/>
      <trkpt lat="-9.1463031" lon="148.5212781"/>
      <trkpt lat="-9.1462968" lon="148.5211112"/>
      <trkpt lat="-9.1462596" lon="148.5209462"/>
      <trkpt lat="-9.1462361" lon="148.5207710"/>
      <trkpt lat="-9.1462005" lon="148.5205953"/>
      <trkpt lat="-9.1461945" lon="148.5204159"/>
      <trkpt lat="-9.1461529" lon="148.5202600"/>
      <trkpt lat="-9.1460930" lon="148.5201085"/>
      <trkpt lat="-9.1460360" lon="148.5199561"/>
      <trkpt lat="-9.1460289" lon="148.5197804"/>
      <trkpt lat="-9.1460653" lon="148.5196051"/>
      <trkpt lat="-9.1461027" lon="148.5194301"/>
      <trkpt lat="-9.1461513" lon="148.5192576"/>
      <trkpt lat="-9.1461947" lon="148.5190826"/>
      <trkpt lat="-9.1462526" lon="148.5189115"/>
      <trkpt lat="-9.1462913" lon="148.5187384"/>
      <trkpt lat="-9.1463093" lon="148.5185636"/>
      <trkpt lat="-9.1462973" lon="148.5184255"/>
      <trkpt lat="-9.1462800" lon="148.5183283"/>
    </trkseg>
    <trkseg>
      <trkpt lat="-9.1463167" lon="148.5182417"/>
      <trkpt lat="-9.1462952" lon="148.5180620"/>
      <trkpt lat="-9.1462760" lon="148.5178833"/>
      <trkpt lat="-9.1462624" lon="148.5177043"/>
      <trkpt lat="-9.1462582" lon="148.5175262"/>
      <trkpt lat="-9.1462336" lon="148.5173518"/>
      <trkpt lat="-9.1461937" lon="148.5171790"/>
      <trkpt lat="-9.1461498" lon="148.5170043"/>
      <trkpt lat="-9.1461289" lon="148.5168252"/>
      <trkpt lat="-9.1461385" lon="148.5166515"/>
      <trkpt lat="-9.1461847" lon="148.5164885"/>
      <trkpt lat="-9.1462532" lon="148.5163608"/>
      <trkpt lat="-9.1463283" lon="148.5162617"/>
    </trkseg>
    <trkseg>
      <trkpt lat="-9.1463483" lon="148.5161567"/>
      <trkpt lat="-9.1464213" lon="148.5160153"/>
      <trkpt lat="-9.1465359" lon="148.5159170"/>
      <trkpt lat="-9.1466736" lon="148.5158354"/>
      <trkpt lat="-9.1468059" lon="148.5157339"/>
      <trkpt lat="-9.1468530" lon="148.5156297"/>
      <trkpt lat="-9.1468251" lon="148.5155172"/>
      <trkpt lat="-9.1468159" lon="148.5154663"/>
      <trkpt lat="-9.1468343" lon="148.5154202"/>
      <trkpt lat="-9.1469392" lon="148.5154204"/>
      <trkpt lat="-9.1469503" lon="148.5154519"/>
      <trkpt lat="-9.1469766" lon="148.5155325"/>
      <trkpt lat="-9.1470113" lon="148.5156177"/>
      <trkpt lat="-9.1471453" lon="148.5156578"/>
      <trkpt lat="-9.1472958" lon="148.5156475"/>
      <trkpt lat="-9.1474248" lon="148.5155989"/>
      <trkpt lat="-9.1475378" lon="148.5155372"/>
      <trkpt lat="-9.1476579" lon="148.5154485"/>
      <trkpt lat="-9.1477684" lon="148.5153488"/>
      <trkpt lat="-9.1478439" lon="148.5152103"/>
      <trkpt lat="-9.1478651" lon="148.5150561"/>
      <trkpt lat="-9.1478370" lon="148.5148984"/>
      <trkpt lat="-9.1478106" lon="148.5147427"/>
      <trkpt lat="-9.1478388" lon="148.5145973"/>
      <trkpt lat="-9.1479407" lon="148.5144756"/>
      <trkpt lat="-9.1480447" lon="148.5143573"/>
      <trkpt lat="-9.1480928" lon="148.5142549"/>
      <trkpt lat="-9.1481428" lon="148.5141607"/>
      <trkpt lat="-9.1482207" lon="148.5140677"/>
      <trkpt lat="-9.1483582" lon="148.5139635"/>
      <trkpt lat="-9.1484603" lon="148.5138344"/>
      <trkpt lat="-9.1485496" lon="148.5136965"/>
      <trkpt lat="-9.1485834" lon="148.5135467"/>
      <trkpt lat="-9.1485438" lon="148.5134261"/>
      <trkpt lat="-9.1485028" lon="148.5133633"/>
      <trkpt lat="-9.1485342" lon="148.5133540"/>
      <trkpt lat="-9.1486379" lon="148.5133255"/>
      <trkpt lat="-9.1487423" lon="148.5132475"/>
      <trkpt lat="-9.1487841" lon="148.5131122"/>
      <trkpt lat="-9.1488089" lon="148.5129522"/>
      <trkpt lat="-9.1488324" lon="148.5127876"/>
      <trkpt lat="-9.1488596" lon="148.5126211"/>
      <trkpt lat="-9.1488900" lon="148.5124662"/>
      <trkpt lat="-9.1488442" lon="148.5123280"/>
      <trkpt lat="-9.1487845" lon="148.5122012"/>
      <trkpt lat="-9.1487152" lon="148.5120745"/>
      <trkpt lat="-9.1486725" lon="148.5119698"/>
      <trkpt lat="-9.1486983" lon="148.5119061"/>
      <trkpt lat="-9.1487384" lon="148.5118328"/>
      <trkpt lat="-9.1487553" lon="148.5117470"/>
      <trkpt lat="-9.1487034" lon="148.5116278"/>
      <trkpt lat="-9.1486257" lon="148.5115340"/>
      <trkpt lat="-9.1485548" lon="148.5114197"/>
      <trkpt lat="-9.1484501" lon="148.5113091"/>
      <trkpt lat="-9.1483095" lon="148.5112413"/>
      <trkpt lat="-9.1481689" lon="148.5112154"/>
      <trkpt lat="-9.1480736" lon="148.5111673"/>
      <trkpt lat="-9.1480452" lon="148.5110722"/>
      <trkpt lat="-9.1480240" lon="148.5109569"/>
      <trkpt lat="-9.1479754" lon="148.5109071"/>
      <trkpt lat="-9.1479277" lon="148.5108544"/>
      <trkpt lat="-9.1479037" lon="148.5107827"/>
      <trkpt lat="-9.1479234" lon="148.5106928"/>
      <trkpt lat="-9.1478761" lon="148.5106338"/>
      <trkpt lat="-9.1477840" lon="148.5105935"/>
      <trkpt lat="-9.1476887" lon="148.5105495"/>
      <trkpt lat="-9.1476857" lon="148.5104700"/>
      <trkpt lat="-9.1477495" lon="148.5103627"/>
      <trkpt lat="-9.1477641" lon="148.5102555"/>
      <trkpt lat="-9.1477017" lon="148.5101767"/>
    </trkseg>
    <trkseg>
      <trkpt lat="-9.1472300" lon="148.5242717"/>
      <trkpt lat="-9.1470497" lon="148.5242852"/>
      <trkpt lat="-9.1469633" lon="148.5242917"/>
    </trkseg>
    <trkseg>
      <trkpt lat="-9.1463400" lon="148.5235700"/>
      <trkpt lat="-9.1463228" lon="148.5234845"/>
      <trkpt lat="-9.1463291" lon="148.5233607"/>
      <trkpt lat="-9.1463604" lon="148.5232000"/>
      <trkpt lat="-9.1463599" lon="148.5230229"/>
      <trkpt lat="-9.1463498" lon="148.5228452"/>
      <trkpt lat="-9.1463198" lon="148.5226681"/>
      <trkpt lat="-9.1463147" lon="148.5224929"/>
      <trkpt lat="-9.1463296" lon="148.5223207"/>
      <trkpt lat="-9.1463532" lon="148.5221480"/>
      <trkpt lat="-9.1463459" lon="148.5219759"/>
      <trkpt lat="-9.1463229" lon="148.5218008"/>
      <trkpt lat="-9.1463048" lon="148.5216240"/>
      <trkpt lat="-9.1463152" lon="148.5214457"/>
      <trkpt lat="-9.1463031" lon="148.5212781"/>
      <trkpt lat="-9.1462968" lon="148.5211112"/>
      <trkpt lat="-9.1462596" lon="148.5209462"/>
      <trkpt lat="-9.1462361" lon="148.5207710"/>
      <trkpt lat="-9.1462005" lon="148.5205953"/>
      <trkpt lat="-9.1461945" lon="148.5204159"/>
      <trkpt lat="-9.1461529" lon="148.5202600"/>
      <trkpt lat="-9.1460930" lon="148.5201085"/>
      <trkpt lat="-9.1460360" lon="148.5199561"/>
      <trkpt lat="-9.1460289" lon="148.5197804"/>
      <trkpt lat="-9.1460653" lon="148.5196051"/>
      <trkpt lat="-9.1461027" lon="148.5194301"/>
      <trkpt lat="-9.1461513" lon="148.5192576"/>
      <trkpt lat="-9.1461947" lon="148.5190826"/>
      <trkpt lat="-9.1462526" lon="148.5189115"/>
      <trkpt lat="-9.1462913" lon="148.5187384"/>
      <trkpt lat="-9.1463093" lon="148.5185636"/>
      <trkpt lat="-9.1462973" lon="148.5184255"/>
      <trkpt lat="-9.1462800" lon="148.5183283"/>
    </trkseg>
    <trkseg>
      <trkpt lat="-9.1463167" lon="148.5182417"/>
      <trkpt lat="-9.1462952" lon="148.5180620"/>
      <trkpt lat="-9.1462760" lon="148.5178833"/>
      <trkpt lat="-9.1462624" lon="148.5177043"/>
      <trkpt lat="-9.1462582" lon="148.5175262"/>
      <trkpt lat="-9.1462336" lon="148.5173518"/>
      <trkpt lat="-9.1461937" lon="148.5171790"/>
      <trkpt lat="-9.1461498" lon="148.5170043"/>
      <trkpt lat="-9.1461289" lon="148.5168252"/>
      <trkpt lat="-9.1461385" lon="148.5166515"/>
      <trkpt lat="-9.1461847" lon="148.5164885"/>
      <trkpt lat="-9.1462532" lon="148.5163608"/>
      <trkpt lat="-9.1463283" lon="148.5162617"/>
    </trkseg>
    <trkseg>
      <trkpt lat="-9.1463483" lon="148.5161567"/>
      <trkpt lat="-9.1464213" lon="148.5160153"/>
      <trkpt lat="-9.1465359" lon="148.5159170"/>
      <trkpt lat="-9.1466736" lon="148.5158354"/>
      <trkpt lat="-9.1468059" lon="148.5157339"/>
      <trkpt lat="-9.1468530" lon="148.5156297"/>
      <trkpt lat="-9.1468251" lon="148.5155172"/>
      <trkpt lat="-9.1468159" lon="148.5154663"/>
      <trkpt lat="-9.1468343" lon="148.5154202"/>
      <trkpt lat="-9.1469392" lon="148.5154204"/>
      <trkpt lat="-9.1469503" lon="148.5154519"/>
      <trkpt lat="-9.1469766" lon="148.5155325"/>
      <trkpt lat="-9.1470113" lon="148.5156177"/>
      <trkpt lat="-9.1471453" lon="148.5156578"/>
      <trkpt lat="-9.1472958" lon="148.5156475"/>
      <trkpt lat="-9.1474248" lon="148.5155989"/>
      <trkpt lat="-9.1475378" lon="148.5155372"/>
      <trkpt lat="-9.1476579" lon="148.5154485"/>
      <trkpt lat="-9.1477684" lon="148.5153488"/>
      <trkpt lat="-9.1478439" lon="148.5152103"/>
      <trkpt lat="-9.1478651" lon="148.5150561"/>
      <trkpt lat="-9.1478370" lon="148.5148984"/>
      <trkpt lat="-9.1478106" lon="148.5147427"/>
      <trkpt lat="-9.1478388" lon="148.5145973"/>
      <trkpt lat="-9.1479407" lon="148.5144756"/>
      <trkpt lat="-9.1480447" lon="148.5143573"/>
      <trkpt lat="-9.1480928" lon="148.5142549"/>
      <trkpt lat="-9.1481428" lon="148.5141607"/>
      <trkpt lat="-9.1482207" lon="148.5140677"/>
      <trkpt lat="-9.1483582" lon="148.5139635"/>
      <trkpt lat="-9.1484603" lon="148.5138344"/>
      <trkpt lat="-9.1485496" lon="148.5136965"/>
      <trkpt lat="-9.1485834" lon="148.5135467"/>
      <trkpt lat="-9.1485438" lon="148.5134261"/>
      <trkpt lat="-9.1485028" lon="148.5133633"/>
      <trkpt lat="-9.1485342" lon="148.5133540"/>
      <trkpt lat="-9.1486379" lon="148.5133255"/>
      <trkpt lat="-9.1487423" lon="148.5132475"/>
      <trkpt lat="-9.1487841" lon="148.5131122"/>
      <trkpt lat="-9.1488089" lon="148.5129522"/>
      <trkpt lat="-9.1488324" lon="148.5127876"/>
      <trkpt lat="-9.1488596" lon="148.5126211"/>
      <trkpt lat="-9.1488900" lon="148.5124662"/>
      <trkpt lat="-9.1488442" lon="148.5123280"/>
      <trkpt lat="-9.1487845" lon="148.5122012"/>
      <trkpt lat="-9.1487152" lon="148.5120745"/>
      <trkpt lat="-9.1486725" lon="148.5119698"/>
      <trkpt lat="-9.1486983" lon="148.5119061"/>
      <trkpt lat="-9.1487384" lon="148.5118328"/>
      <trkpt lat="-9.1487553" lon="148.5117470"/>
      <trkpt lat="-9.1487034" lon="148.5116278"/>
      <trkpt lat="-9.1486257" lon="148.5115340"/>
      <trkpt lat="-9.1485548" lon="148.5114197"/>
      <trkpt lat="-9.1484501" lon="148.5113091"/>
      <trkpt lat="-9.1483095" lon="148.5112413"/>
      <trkpt lat="-9.1481689" lon="148.5112154"/>
      <trkpt lat="-9.1480736" lon="148.5111673"/>
      <trkpt lat="-9.1480452" lon="148.5110722"/>
      <trkpt lat="-9.1480240" lon="148.5109569"/>
      <trkpt lat="-9.1479754" lon="148.5109071"/>
      <trkpt lat="-9.1479277" lon="148.5108544"/>
      <trkpt lat="-9.1479037" lon="148.5107827"/>
      <trkpt lat="-9.1479234" lon="148.5106928"/>
      <trkpt lat="-9.1478761" lon="148.5106338"/>
      <trkpt lat="-9.1477840" lon="148.5105935"/>
      <trkpt lat="-9.1476887" lon="148.5105495"/>
      <trkpt lat="-9.1476857" lon="148.5104700"/>
      <trkpt lat="-9.1477495" lon="148.5103627"/>
      <trkpt lat="-9.1477641" lon="148.5102555"/>
      <trkpt lat="-9.1477017" lon="148.5101767"/>
    </trkseg>
    <trkseg>
      <trkpt lat="-9.1477433" lon="148.5100500"/>
      <trkpt lat="-9.1478180" lon="148.5098955"/>
      <trkpt lat="-9.1478495" lon="148.5097886"/>
      <trkpt lat="-9.1478513" lon="148.5097128"/>
      <trkpt lat="-9.1478494" lon="148.5097190"/>
      <trkpt lat="-9.1478583" lon="148.5097500"/>
    </trkseg>
    <trkseg>
      <trkpt lat="-9.1478317" lon="148.5096583"/>
      <trkpt lat="-9.1478383" lon="148.5094823"/>
      <trkpt lat="-9.1478209" lon="148.5093082"/>
      <trkpt lat="-9.1477701" lon="148.5091436"/>
      <trkpt lat="-9.1477244" lon="148.5089773"/>
      <trkpt lat="-9.1476977" lon="148.5088103"/>
      <trkpt lat="-9.1476716" lon="148.5086383"/>
      <trkpt lat="-9.1476449" lon="148.5084666"/>
      <trkpt lat="-9.1475702" lon="148.5083290"/>
      <trkpt lat="-9.1474817" lon="148.5082084"/>
      <trkpt lat="-9.1473727" lon="148.5081214"/>
      <trkpt lat="-9.1473571" lon="148.5080412"/>
      <trkpt lat="-9.1474186" lon="148.5079539"/>
      <trkpt lat="-9.1475512" lon="148.5078576"/>
      <trkpt lat="-9.1476253" lon="148.5077203"/>
      <trkpt lat="-9.1476116" lon="148.5076004"/>
      <trkpt lat="-9.1475786" lon="148.5074988"/>
      <trkpt lat="-9.1475288" lon="148.5074064"/>
      <trkpt lat="-9.1475358" lon="148.5072863"/>
      <trkpt lat="-9.1475329" lon="148.5071682"/>
      <trkpt lat="-9.1475906" lon="148.5070934"/>
      <trkpt lat="-9.1476856" lon="148.5070458"/>
      <trkpt lat="-9.1477823" lon="148.5069564"/>
      <trkpt lat="-9.1478268" lon="148.5068185"/>
      <trkpt lat="-9.1478801" lon="148.5067173"/>
      <trkpt lat="-9.1479382" lon="148.5066183"/>
      <trkpt lat="-9.1480275" lon="148.5065275"/>
      <trkpt lat="-9.1481000" lon="148.5063839"/>
      <trkpt lat="-9.1481612" lon="148.5062407"/>
      <trkpt lat="-9.1482652" lon="148.5061274"/>
      <trkpt lat="-9.1483586" lon="148.5060054"/>
      <trkpt lat="-9.1484973" lon="148.5059253"/>
      <trkpt lat="-9.1485955" lon="148.5058057"/>
      <trkpt lat="-9.1486849" lon="148.5056911"/>
      <trkpt lat="-9.1486902" lon="148.5055415"/>
      <trkpt lat="-9.1486725" lon="148.5054161"/>
      <trkpt lat="-9.1485965" lon="148.5053124"/>
      <trkpt lat="-9.1485221" lon="148.5052000"/>
      <trkpt lat="-9.1484004" lon="148.5051034"/>
      <trkpt lat="-9.1482706" lon="148.5049997"/>
      <trkpt lat="-9.1481146" lon="148.5049248"/>
      <trkpt lat="-9.1479634" lon="148.5048462"/>
      <trkpt lat="-9.1478288" lon="148.5047520"/>
      <trkpt lat="-9.1476904" lon="148.5046716"/>
      <trkpt lat="-9.1475700" lon="148.5045816"/>
      <trkpt lat="-9.1474663" lon="148.5044836"/>
      <trkpt lat="-9.1474330" lon="148.5043404"/>
      <trkpt lat="-9.1474259" lon="148.5041663"/>
      <trkpt lat="-9.1473788" lon="148.5040457"/>
      <trkpt lat="-9.1472846" lon="148.5039486"/>
      <trkpt lat="-9.1471725" lon="148.5038593"/>
      <trkpt lat="-9.1471049" lon="148.5037365"/>
      <trkpt lat="-9.1470567" lon="148.5036100"/>
    </trkseg>
    <trkseg>
      <trkpt lat="-9.1472300" lon="148.5242717"/>
      <trkpt lat="-9.1470497" lon="148.5242852"/>
      <trkpt lat="-9.1469633" lon="148.5242917"/>
    </trkseg>
    <trkseg>
      <trkpt lat="-9.1463400" lon="148.5235700"/>
      <trkpt lat="-9.1463228" lon="148.5234845"/>
      <trkpt lat="-9.1463291" lon="148.5233607"/>
      <trkpt lat="-9.1463604" lon="148.5232000"/>
      <trkpt lat="-9.1463599" lon="148.5230229"/>
      <trkpt lat="-9.1463498" lon="148.5228452"/>
      <trkpt lat="-9.1463198" lon="148.5226681"/>
      <trkpt lat="-9.1463147" lon="148.5224929"/>
      <trkpt lat="-9.1463296" lon="148.5223207"/>
      <trkpt lat="-9.1463532" lon="148.5221480"/>
      <trkpt lat="-9.1463459" lon="148.5219759"/>
      <trkpt lat="-9.1463229" lon="148.5218008"/>
      <trkpt lat="-9.1463048" lon="148.5216240"/>
      <trkpt lat="-9.1463152" lon="148.5214457"/>
      <trkpt lat="-9.1463031" lon="148.5212781"/>
      <trkpt lat="-9.1462968" lon="148.5211112"/>
      <trkpt lat="-9.1462596" lon="148.5209462"/>
      <trkpt lat="-9.1462361" lon="148.5207710"/>
      <trkpt lat="-9.1462005" lon="148.5205953"/>
      <trkpt lat="-9.1461945" lon="148.5204159"/>
      <trkpt lat="-9.1461529" lon="148.5202600"/>
      <trkpt lat="-9.1460930" lon="148.5201085"/>
      <trkpt lat="-9.1460360" lon="148.5199561"/>
      <trkpt lat="-9.1460289" lon="148.5197804"/>
      <trkpt lat="-9.1460653" lon="148.5196051"/>
      <trkpt lat="-9.1461027" lon="148.5194301"/>
      <trkpt lat="-9.1461513" lon="148.5192576"/>
      <trkpt lat="-9.1461947" lon="148.5190826"/>
      <trkpt lat="-9.1462526" lon="148.5189115"/>
      <trkpt lat="-9.1462913" lon="148.5187384"/>
      <trkpt lat="-9.1463093" lon="148.5185636"/>
      <trkpt lat="-9.1462973" lon="148.5184255"/>
      <trkpt lat="-9.1462800" lon="148.5183283"/>
    </trkseg>
    <trkseg>
      <trkpt lat="-9.1463167" lon="148.5182417"/>
      <trkpt lat="-9.1462952" lon="148.5180620"/>
      <trkpt lat="-9.1462760" lon="148.5178833"/>
      <trkpt lat="-9.1462624" lon="148.5177043"/>
      <trkpt lat="-9.1462582" lon="148.5175262"/>
      <trkpt lat="-9.1462336" lon="148.5173518"/>
      <trkpt lat="-9.1461937" lon="148.5171790"/>
      <trkpt lat="-9.1461498" lon="148.5170043"/>
      <trkpt lat="-9.1461289" lon="148.5168252"/>
      <trkpt lat="-9.1461385" lon="148.5166515"/>
      <trkpt lat="-9.1461847" lon="148.5164885"/>
      <trkpt lat="-9.1462532" lon="148.5163608"/>
      <trkpt lat="-9.1463283" lon="148.5162617"/>
    </trkseg>
    <trkseg>
      <trkpt lat="-9.1463483" lon="148.5161567"/>
      <trkpt lat="-9.1464213" lon="148.5160153"/>
      <trkpt lat="-9.1465359" lon="148.5159170"/>
      <trkpt lat="-9.1466736" lon="148.5158354"/>
      <trkpt lat="-9.1468059" lon="148.5157339"/>
      <trkpt lat="-9.1468530" lon="148.5156297"/>
      <trkpt lat="-9.1468251" lon="148.5155172"/>
      <trkpt lat="-9.1468159" lon="148.5154663"/>
      <trkpt lat="-9.1468343" lon="148.5154202"/>
      <trkpt lat="-9.1469392" lon="148.5154204"/>
      <trkpt lat="-9.1469503" lon="148.5154519"/>
      <trkpt lat="-9.1469766" lon="148.5155325"/>
      <trkpt lat="-9.1470113" lon="148.5156177"/>
      <trkpt lat="-9.1471453" lon="148.5156578"/>
      <trkpt lat="-9.1472958" lon="148.5156475"/>
      <trkpt lat="-9.1474248" lon="148.5155989"/>
      <trkpt lat="-9.1475378" lon="148.5155372"/>
      <trkpt lat="-9.1476579" lon="148.5154485"/>
      <trkpt lat="-9.1477684" lon="148.5153488"/>
      <trkpt lat="-9.1478439" lon="148.5152103"/>
      <trkpt lat="-9.1478651" lon="148.5150561"/>
      <trkpt lat="-9.1478370" lon="148.5148984"/>
      <trkpt lat="-9.1478106" lon="148.5147427"/>
      <trkpt lat="-9.1478388" lon="148.5145973"/>
      <trkpt lat="-9.1479407" lon="148.5144756"/>
      <trkpt lat="-9.1480447" lon="148.5143573"/>
      <trkpt lat="-9.1480928" lon="148.5142549"/>
      <trkpt lat="-9.1481428" lon="148.5141607"/>
      <trkpt lat="-9.1482207" lon="148.5140677"/>
      <trkpt lat="-9.1483582" lon="148.5139635"/>
      <trkpt lat="-9.1484603" lon="148.5138344"/>
      <trkpt lat="-9.1485496" lon="148.5136965"/>
      <trkpt lat="-9.1485834" lon="148.5135467"/>
      <trkpt lat="-9.1485438" lon="148.5134261"/>
      <trkpt lat="-9.1485028" lon="148.5133633"/>
      <trkpt lat="-9.1485342" lon="148.5133540"/>
      <trkpt lat="-9.1486379" lon="148.5133255"/>
      <trkpt lat="-9.1487423" lon="148.5132475"/>
      <trkpt lat="-9.1487841" lon="148.5131122"/>
      <trkpt lat="-9.1488089" lon="148.5129522"/>
      <trkpt lat="-9.1488324" lon="148.5127876"/>
      <trkpt lat="-9.1488596" lon="148.5126211"/>
      <trkpt lat="-9.1488900" lon="148.5124662"/>
      <trkpt lat="-9.1488442" lon="148.5123280"/>
      <trkpt lat="-9.1487845" lon="148.5122012"/>
      <trkpt lat="-9.1487152" lon="148.5120745"/>
      <trkpt lat="-9.1486725" lon="148.5119698"/>
      <trkpt lat="-9.1486983" lon="148.5119061"/>
      <trkpt lat="-9.1487384" lon="148.5118328"/>
      <trkpt lat="-9.1487553" lon="148.5117470"/>
      <trkpt lat="-9.1487034" lon="148.5116278"/>
      <trkpt lat="-9.1486257" lon="148.5115340"/>
      <trkpt lat="-9.1485548" lon="148.5114197"/>
      <trkpt lat="-9.1484501" lon="148.5113091"/>
      <trkpt lat="-9.1483095" lon="148.5112413"/>
      <trkpt lat="-9.1481689" lon="148.5112154"/>
      <trkpt lat="-9.1480736" lon="148.5111673"/>
      <trkpt lat="-9.1480452" lon="148.5110722"/>
      <trkpt lat="-9.1480240" lon="148.5109569"/>
      <trkpt lat="-9.1479754" lon="148.5109071"/>
      <trkpt lat="-9.1479277" lon="148.5108544"/>
      <trkpt lat="-9.1479037" lon="148.5107827"/>
      <trkpt lat="-9.1479234" lon="148.5106928"/>
      <trkpt lat="-9.1478761" lon="148.5106338"/>
      <trkpt lat="-9.1477840" lon="148.5105935"/>
      <trkpt lat="-9.1476887" lon="148.5105495"/>
      <trkpt lat="-9.1476857" lon="148.5104700"/>
      <trkpt lat="-9.1477495" lon="148.5103627"/>
      <trkpt lat="-9.1477641" lon="148.5102555"/>
      <trkpt lat="-9.1477017" lon="148.5101767"/>
    </trkseg>
    <trkseg>
      <trkpt lat="-9.1477433" lon="148.5100500"/>
      <trkpt lat="-9.1478180" lon="148.5098955"/>
      <trkpt lat="-9.1478495" lon="148.5097886"/>
      <trkpt lat="-9.1478513" lon="148.5097128"/>
      <trkpt lat="-9.1478494" lon="148.5097190"/>
      <trkpt lat="-9.1478583" lon="148.5097500"/>
    </trkseg>
    <trkseg>
      <trkpt lat="-9.1478317" lon="148.5096583"/>
      <trkpt lat="-9.1478383" lon="148.5094823"/>
      <trkpt lat="-9.1478209" lon="148.5093082"/>
      <trkpt lat="-9.1477701" lon="148.5091436"/>
      <trkpt lat="-9.1477244" lon="148.5089773"/>
      <trkpt lat="-9.1476977" lon="148.5088103"/>
      <trkpt lat="-9.1476716" lon="148.5086383"/>
      <trkpt lat="-9.1476449" lon="148.5084666"/>
      <trkpt lat="-9.1475702" lon="148.5083290"/>
      <trkpt lat="-9.1474817" lon="148.5082084"/>
      <trkpt lat="-9.1473727" lon="148.5081214"/>
      <trkpt lat="-9.1473571" lon="148.5080412"/>
      <trkpt lat="-9.1474186" lon="148.5079539"/>
      <trkpt lat="-9.1475512" lon="148.5078576"/>
      <trkpt lat="-9.1476253" lon="148.5077203"/>
      <trkpt lat="-9.1476116" lon="148.5076004"/>
      <trkpt lat="-9.1475786" lon="148.5074988"/>
      <trkpt lat="-9.1475288" lon="148.5074064"/>
      <trkpt lat="-9.1475358" lon="148.5072863"/>
      <trkpt lat="-9.1475329" lon="148.5071682"/>
      <trkpt lat="-9.1475906" lon="148.5070934"/>
      <trkpt lat="-9.1476856" lon="148.5070458"/>
      <trkpt lat="-9.1477823" lon="148.5069564"/>
      <trkpt lat="-9.1478268" lon="148.5068185"/>
      <trkpt lat="-9.1478801" lon="148.5067173"/>
      <trkpt lat="-9.1479382" lon="148.5066183"/>
      <trkpt lat="-9.1480275" lon="148.5065275"/>
      <trkpt lat="-9.1481000" lon="148.5063839"/>
      <trkpt lat="-9.1481612" lon="148.5062407"/>
      <trkpt lat="-9.1482652" lon="148.5061274"/>
      <trkpt lat="-9.1483586" lon="148.5060054"/>
      <trkpt lat="-9.1484973" lon="148.5059253"/>
      <trkpt lat="-9.1485955" lon="148.5058057"/>
      <trkpt lat="-9.1486849" lon="148.5056911"/>
      <trkpt lat="-9.1486902" lon="148.5055415"/>
      <trkpt lat="-9.1486725" lon="148.5054161"/>
      <trkpt lat="-9.1485965" lon="148.5053124"/>
      <trkpt lat="-9.1485221" lon="148.5052000"/>
      <trkpt lat="-9.1484004" lon="148.5051034"/>
      <trkpt lat="-9.1482706" lon="148.5049997"/>
      <trkpt lat="-9.1481146" lon="148.5049248"/>
      <trkpt lat="-9.1479634" lon="148.5048462"/>
      <trkpt lat="-9.1478288" lon="148.5047520"/>
      <trkpt lat="-9.1476904" lon="148.5046716"/>
      <trkpt lat="-9.1475700" lon="148.5045816"/>
      <trkpt lat="-9.1474663" lon="148.5044836"/>
      <trkpt lat="-9.1474330" lon="148.5043404"/>
      <trkpt lat="-9.1474259" lon="148.5041663"/>
      <trkpt lat="-9.1473788" lon="148.5040457"/>
      <trkpt lat="-9.1472846" lon="148.5039486"/>
      <trkpt lat="-9.1471725" lon="148.5038593"/>
      <trkpt lat="-9.1471049" lon="148.5037365"/>
      <trkpt lat="-9.1470567" lon="148.5036100"/>
    </trkseg>
    <trkseg>
      <trkpt lat="-9.1470383" lon="148.5035167"/>
      <trkpt lat="-9.1470996" lon="148.5033930"/>
      <trkpt lat="-9.1470849" lon="148.5033079"/>
      <trkpt lat="-9.1469793" lon="148.5032214"/>
      <trkpt lat="-9.1468527" lon="148.5031666"/>
      <trkpt lat="-9.1467308" lon="148.5030606"/>
      <trkpt lat="-9.1466261" lon="148.5030211"/>
      <trkpt lat="-9.1465221" lon="148.5030034"/>
      <trkpt lat="-9.1464330" lon="148.5029764"/>
      <trkpt lat="-9.1463321" lon="148.5028766"/>
      <trkpt lat="-9.1462339" lon="148.5027692"/>
      <trkpt lat="-9.1461272" lon="148.5027519"/>
      <trkpt lat="-9.1460166" lon="148.5027695"/>
      <trkpt lat="-9.1459309" lon="148.5027960"/>
      <trkpt lat="-9.1458877" lon="148.5028438"/>
      <trkpt lat="-9.1458559" lon="148.5029032"/>
      <trkpt lat="-9.1458740" lon="148.5030123"/>
      <trkpt lat="-9.1458560" lon="148.5030913"/>
      <trkpt lat="-9.1459093" lon="148.5032148"/>
      <trkpt lat="-9.1459390" lon="148.5033243"/>
      <trkpt lat="-9.1459348" lon="148.5033931"/>
      <trkpt lat="-9.1459183" lon="148.5034648"/>
      <trkpt lat="-9.1458582" lon="148.5034758"/>
      <trkpt lat="-9.1458293" lon="148.5034933"/>
      <trkpt lat="-9.1457583" lon="148.5034500"/>
    </trkseg>
    <trkseg>
      <trkpt lat="-9.1472300" lon="148.5242717"/>
      <trkpt lat="-9.1470497" lon="148.5242852"/>
      <trkpt lat="-9.1469633" lon="148.5242917"/>
    </trkseg>
    <trkseg>
      <trkpt lat="-9.1463400" lon="148.5235700"/>
      <trkpt lat="-9.1463228" lon="148.5234845"/>
      <trkpt lat="-9.1463291" lon="148.5233607"/>
      <trkpt lat="-9.1463604" lon="148.5232000"/>
      <trkpt lat="-9.1463599" lon="148.5230229"/>
      <trkpt lat="-9.1463498" lon="148.5228452"/>
      <trkpt lat="-9.1463198" lon="148.5226681"/>
      <trkpt lat="-9.1463147" lon="148.5224929"/>
      <trkpt lat="-9.1463296" lon="148.5223207"/>
      <trkpt lat="-9.1463532" lon="148.5221480"/>
      <trkpt lat="-9.1463459" lon="148.5219759"/>
      <trkpt lat="-9.1463229" lon="148.5218008"/>
      <trkpt lat="-9.1463048" lon="148.5216240"/>
      <trkpt lat="-9.1463152" lon="148.5214457"/>
      <trkpt lat="-9.1463031" lon="148.5212781"/>
      <trkpt lat="-9.1462968" lon="148.5211112"/>
      <trkpt lat="-9.1462596" lon="148.5209462"/>
      <trkpt lat="-9.1462361" lon="148.5207710"/>
      <trkpt lat="-9.1462005" lon="148.5205953"/>
      <trkpt lat="-9.1461945" lon="148.5204159"/>
      <trkpt lat="-9.1461529" lon="148.5202600"/>
      <trkpt lat="-9.1460930" lon="148.5201085"/>
      <trkpt lat="-9.1460360" lon="148.5199561"/>
      <trkpt lat="-9.1460289" lon="148.5197804"/>
      <trkpt lat="-9.1460653" lon="148.5196051"/>
      <trkpt lat="-9.1461027" lon="148.5194301"/>
      <trkpt lat="-9.1461513" lon="148.5192576"/>
      <trkpt lat="-9.1461947" lon="148.5190826"/>
      <trkpt lat="-9.1462526" lon="148.5189115"/>
      <trkpt lat="-9.1462913" lon="148.5187384"/>
      <trkpt lat="-9.1463093" lon="148.5185636"/>
      <trkpt lat="-9.1462973" lon="148.5184255"/>
      <trkpt lat="-9.1462800" lon="148.5183283"/>
    </trkseg>
    <trkseg>
      <trkpt lat="-9.1463167" lon="148.5182417"/>
      <trkpt lat="-9.1462952" lon="148.5180620"/>
      <trkpt lat="-9.1462760" lon="148.5178833"/>
      <trkpt lat="-9.1462624" lon="148.5177043"/>
      <trkpt lat="-9.1462582" lon="148.5175262"/>
      <trkpt lat="-9.1462336" lon="148.5173518"/>
      <trkpt lat="-9.1461937" lon="148.5171790"/>
      <trkpt lat="-9.1461498" lon="148.5170043"/>
      <trkpt lat="-9.1461289" lon="148.5168252"/>
      <trkpt lat="-9.1461385" lon="148.5166515"/>
      <trkpt lat="-9.1461847" lon="148.5164885"/>
      <trkpt lat="-9.1462532" lon="148.5163608"/>
      <trkpt lat="-9.1463283" lon="148.5162617"/>
    </trkseg>
    <trkseg>
      <trkpt lat="-9.1463483" lon="148.5161567"/>
      <trkpt lat="-9.1464213" lon="148.5160153"/>
      <trkpt lat="-9.1465359" lon="148.5159170"/>
      <trkpt lat="-9.1466736" lon="148.5158354"/>
      <trkpt lat="-9.1468059" lon="148.5157339"/>
      <trkpt lat="-9.1468530" lon="148.5156297"/>
      <trkpt lat="-9.1468251" lon="148.5155172"/>
      <trkpt lat="-9.1468159" lon="148.5154663"/>
      <trkpt lat="-9.1468343" lon="148.5154202"/>
      <trkpt lat="-9.1469392" lon="148.5154204"/>
      <trkpt lat="-9.1469503" lon="148.5154519"/>
      <trkpt lat="-9.1469766" lon="148.5155325"/>
      <trkpt lat="-9.1470113" lon="148.5156177"/>
      <trkpt lat="-9.1471453" lon="148.5156578"/>
      <trkpt lat="-9.1472958" lon="148.5156475"/>
      <trkpt lat="-9.1474248" lon="148.5155989"/>
      <trkpt lat="-9.1475378" lon="148.5155372"/>
      <trkpt lat="-9.1476579" lon="148.5154485"/>
      <trkpt lat="-9.1477684" lon="148.5153488"/>
      <trkpt lat="-9.1478439" lon="148.5152103"/>
      <trkpt lat="-9.1478651" lon="148.5150561"/>
      <trkpt lat="-9.1478370" lon="148.5148984"/>
      <trkpt lat="-9.1478106" lon="148.5147427"/>
      <trkpt lat="-9.1478388" lon="148.5145973"/>
      <trkpt lat="-9.1479407" lon="148.5144756"/>
      <trkpt lat="-9.1480447" lon="148.5143573"/>
      <trkpt lat="-9.1480928" lon="148.5142549"/>
      <trkpt lat="-9.1481428" lon="148.5141607"/>
      <trkpt lat="-9.1482207" lon="148.5140677"/>
      <trkpt lat="-9.1483582" lon="148.5139635"/>
      <trkpt lat="-9.1484603" lon="148.5138344"/>
      <trkpt lat="-9.1485496" lon="148.5136965"/>
      <trkpt lat="-9.1485834" lon="148.5135467"/>
      <trkpt lat="-9.1485438" lon="148.5134261"/>
      <trkpt lat="-9.1485028" lon="148.5133633"/>
      <trkpt lat="-9.1485342" lon="148.5133540"/>
      <trkpt lat="-9.1486379" lon="148.5133255"/>
      <trkpt lat="-9.1487423" lon="148.5132475"/>
      <trkpt lat="-9.1487841" lon="148.5131122"/>
      <trkpt lat="-9.1488089" lon="148.5129522"/>
      <trkpt lat="-9.1488324" lon="148.5127876"/>
      <trkpt lat="-9.1488596" lon="148.5126211"/>
      <trkpt lat="-9.1488900" lon="148.5124662"/>
      <trkpt lat="-9.1488442" lon="148.5123280"/>
      <trkpt lat="-9.1487845" lon="148.5122012"/>
      <trkpt lat="-9.1487152" lon="148.5120745"/>
      <trkpt lat="-9.1486725" lon="148.5119698"/>
      <trkpt lat="-9.1486983" lon="148.5119061"/>
      <trkpt lat="-9.1487384" lon="148.5118328"/>
      <trkpt lat="-9.1487553" lon="148.5117470"/>
      <trkpt lat="-9.1487034" lon="148.5116278"/>
      <trkpt lat="-9.1486257" lon="148.5115340"/>
      <trkpt lat="-9.1485548" lon="148.5114197"/>
      <trkpt lat="-9.1484501" lon="148.5113091"/>
      <trkpt lat="-9.1483095" lon="148.5112413"/>
      <trkpt lat="-9.1481689" lon="148.5112154"/>
      <trkpt lat="-9.1480736" lon="148.5111673"/>
      <trkpt lat="-9.1480452" lon="148.5110722"/>
      <trkpt lat="-9.1480240" lon="148.5109569"/>
      <trkpt lat="-9.1479754" lon="148.5109071"/>
      <trkpt lat="-9.1479277" lon="148.5108544"/>
      <trkpt lat="-9.1479037" lon="148.5107827"/>
      <trkpt lat="-9.1479234" lon="148.5106928"/>
      <trkpt lat="-9.1478761" lon="148.5106338"/>
      <trkpt lat="-9.1477840" lon="148.5105935"/>
      <trkpt lat="-9.1476887" lon="148.5105495"/>
      <trkpt lat="-9.1476857" lon="148.5104700"/>
      <trkpt lat="-9.1477495" lon="148.5103627"/>
      <trkpt lat="-9.1477641" lon="148.5102555"/>
      <trkpt lat="-9.1477017" lon="148.5101767"/>
    </trkseg>
    <trkseg>
      <trkpt lat="-9.1477433" lon="148.5100500"/>
      <trkpt lat="-9.1478180" lon="148.5098955"/>
      <trkpt lat="-9.1478495" lon="148.5097886"/>
      <trkpt lat="-9.1478513" lon="148.5097128"/>
      <trkpt lat="-9.1478494" lon="148.5097190"/>
      <trkpt lat="-9.1478583" lon="148.5097500"/>
    </trkseg>
    <trkseg>
      <trkpt lat="-9.1478317" lon="148.5096583"/>
      <trkpt lat="-9.1478383" lon="148.5094823"/>
      <trkpt lat="-9.1478209" lon="148.5093082"/>
      <trkpt lat="-9.1477701" lon="148.5091436"/>
      <trkpt lat="-9.1477244" lon="148.5089773"/>
      <trkpt lat="-9.1476977" lon="148.5088103"/>
      <trkpt lat="-9.1476716" lon="148.5086383"/>
      <trkpt lat="-9.1476449" lon="148.5084666"/>
      <trkpt lat="-9.1475702" lon="148.5083290"/>
      <trkpt lat="-9.1474817" lon="148.5082084"/>
      <trkpt lat="-9.1473727" lon="148.5081214"/>
      <trkpt lat="-9.1473571" lon="148.5080412"/>
      <trkpt lat="-9.1474186" lon="148.5079539"/>
      <trkpt lat="-9.1475512" lon="148.5078576"/>
      <trkpt lat="-9.1476253" lon="148.5077203"/>
      <trkpt lat="-9.1476116" lon="148.5076004"/>
      <trkpt lat="-9.1475786" lon="148.5074988"/>
      <trkpt lat="-9.1475288" lon="148.5074064"/>
      <trkpt lat="-9.1475358" lon="148.5072863"/>
      <trkpt lat="-9.1475329" lon="148.5071682"/>
      <trkpt lat="-9.1475906" lon="148.5070934"/>
      <trkpt lat="-9.1476856" lon="148.5070458"/>
      <trkpt lat="-9.1477823" lon="148.5069564"/>
      <trkpt lat="-9.1478268" lon="148.5068185"/>
      <trkpt lat="-9.1478801" lon="148.5067173"/>
      <trkpt lat="-9.1479382" lon="148.5066183"/>
      <trkpt lat="-9.1480275" lon="148.5065275"/>
      <trkpt lat="-9.1481000" lon="148.5063839"/>
      <trkpt lat="-9.1481612" lon="148.5062407"/>
      <trkpt lat="-9.1482652" lon="148.5061274"/>
      <trkpt lat="-9.1483586" lon="148.5060054"/>
      <trkpt lat="-9.1484973" lon="148.5059253"/>
      <trkpt lat="-9.1485955" lon="148.5058057"/>
      <trkpt lat="-9.1486849" lon="148.5056911"/>
      <trkpt lat="-9.1486902" lon="148.5055415"/>
      <trkpt lat="-9.1486725" lon="148.5054161"/>
      <trkpt lat="-9.1485965" lon="148.5053124"/>
      <trkpt lat="-9.1485221" lon="148.5052000"/>
      <trkpt lat="-9.1484004" lon="148.5051034"/>
      <trkpt lat="-9.1482706" lon="148.5049997"/>
      <trkpt lat="-9.1481146" lon="148.5049248"/>
      <trkpt lat="-9.1479634" lon="148.5048462"/>
      <trkpt lat="-9.1478288" lon="148.5047520"/>
      <trkpt lat="-9.1476904" lon="148.5046716"/>
      <trkpt lat="-9.1475700" lon="148.5045816"/>
      <trkpt lat="-9.1474663" lon="148.5044836"/>
      <trkpt lat="-9.1474330" lon="148.5043404"/>
      <trkpt lat="-9.1474259" lon="148.5041663"/>
      <trkpt lat="-9.1473788" lon="148.5040457"/>
      <trkpt lat="-9.1472846" lon="148.5039486"/>
      <trkpt lat="-9.1471725" lon="148.5038593"/>
      <trkpt lat="-9.1471049" lon="148.5037365"/>
      <trkpt lat="-9.1470567" lon="148.5036100"/>
    </trkseg>
    <trkseg>
      <trkpt lat="-9.1470383" lon="148.5035167"/>
      <trkpt lat="-9.1470996" lon="148.5033930"/>
      <trkpt lat="-9.1470849" lon="148.5033079"/>
      <trkpt lat="-9.1469793" lon="148.5032214"/>
      <trkpt lat="-9.1468527" lon="148.5031666"/>
      <trkpt lat="-9.1467308" lon="148.5030606"/>
      <trkpt lat="-9.1466261" lon="148.5030211"/>
      <trkpt lat="-9.1465221" lon="148.5030034"/>
      <trkpt lat="-9.1464330" lon="148.5029764"/>
      <trkpt lat="-9.1463321" lon="148.5028766"/>
      <trkpt lat="-9.1462339" lon="148.5027692"/>
      <trkpt lat="-9.1461272" lon="148.5027519"/>
      <trkpt lat="-9.1460166" lon="148.5027695"/>
      <trkpt lat="-9.1459309" lon="148.5027960"/>
      <trkpt lat="-9.1458877" lon="148.5028438"/>
      <trkpt lat="-9.1458559" lon="148.5029032"/>
      <trkpt lat="-9.1458740" lon="148.5030123"/>
      <trkpt lat="-9.1458560" lon="148.5030913"/>
      <trkpt lat="-9.1459093" lon="148.5032148"/>
      <trkpt lat="-9.1459390" lon="148.5033243"/>
      <trkpt lat="-9.1459348" lon="148.5033931"/>
      <trkpt lat="-9.1459183" lon="148.5034648"/>
      <trkpt lat="-9.1458582" lon="148.5034758"/>
      <trkpt lat="-9.1458293" lon="148.5034933"/>
      <trkpt lat="-9.1457583" lon="148.5034500"/>
    </trkseg>
    <trkseg>
      <trkpt lat="-9.1458467" lon="148.5034883"/>
      <trkpt lat="-9.1457223" lon="148.5033637"/>
      <trkpt lat="-9.1456196" lon="148.5032433"/>
      <trkpt lat="-9.1455136" lon="148.5031350"/>
      <trkpt lat="-9.1453959" lon="148.5030441"/>
      <trkpt lat="-9.1452543" lon="148.5029561"/>
      <trkpt lat="-9.1451362" lon="148.5029438"/>
      <trkpt lat="-9.1450566" lon="148.5029824"/>
      <trkpt lat="-9.1449717" lon="148.5030531"/>
      <trkpt lat="-9.1448630" lon="148.5030797"/>
      <trkpt lat="-9.1447623" lon="148.5031174"/>
      <trkpt lat="-9.1447163" lon="148.5031602"/>
      <trkpt lat="-9.1447187" lon="148.5032231"/>
      <trkpt lat="-9.1447106" lon="148.5032638"/>
      <trkpt lat="-9.1447078" lon="148.5032694"/>
      <trkpt lat="-9.1447406" lon="148.5032866"/>
      <trkpt lat="-9.1447906" lon="148.5033584"/>
      <trkpt lat="-9.1448156" lon="148.5034579"/>
      <trkpt lat="-9.1448094" lon="148.5035558"/>
      <trkpt lat="-9.1447996" lon="148.5036227"/>
      <trkpt lat="-9.1447822" lon="148.5037037"/>
      <trkpt lat="-9.1447720" lon="148.5037196"/>
      <trkpt lat="-9.1447052" lon="148.5036800"/>
      <trkpt lat="-9.1446173" lon="148.5036081"/>
      <trkpt lat="-9.1444912" lon="148.5035155"/>
      <trkpt lat="-9.1443981" lon="148.5034618"/>
      <trkpt lat="-9.1443258" lon="148.5034570"/>
      <trkpt lat="-9.1442483" lon="148.5035096"/>
      <trkpt lat="-9.1441621" lon="148.5034970"/>
      <trkpt lat="-9.1440808" lon="148.5033977"/>
      <trkpt lat="-9.1440376" lon="148.5032867"/>
      <trkpt lat="-9.1440078" lon="148.5032179"/>
      <trkpt lat="-9.1440026" lon="148.5031636"/>
      <trkpt lat="-9.1439970" lon="148.5031215"/>
      <trkpt lat="-9.1440312" lon="148.5030403"/>
      <trkpt lat="-9.1440934" lon="148.5029516"/>
      <trkpt lat="-9.1441448" lon="148.5028347"/>
      <trkpt lat="-9.1441602" lon="148.5027747"/>
      <trkpt lat="-9.1441417" lon="148.5027683"/>
    </trkseg>
  </trk>
  <trk>
    <name>Gubai - Kenny Noi</name>
    <desc>Walked by Kenny Noi. 91.9 km, 55 track(s), recorded on the ground. Gubai, Zone 8.</desc>
    <type>walked-boundary</type>
    <trkseg>
      <trkpt lat="-9.1219100" lon="148.5304633"/>
      <trkpt lat="-9.1219350" lon="148.5305517"/>
    </trkseg>
    <trkseg>
      <trkpt lat="-9.1220833" lon="148.5305800"/>
      <trkpt lat="-9.1222573" lon="148.5305315"/>
      <trkpt lat="-9.1223917" lon="148.5305400"/>
    </trkseg>
    <trkseg>
      <trkpt lat="-9.1225200" lon="148.5305583"/>
      <trkpt lat="-9.1226899" lon="148.5306000"/>
      <trkpt lat="-9.1228567" lon="148.5306414"/>
      <trkpt lat="-9.1230111" lon="148.5307004"/>
      <trkpt lat="-9.1231172" lon="148.5307887"/>
      <trkpt lat="-9.1232214" lon="148.5308864"/>
      <trkpt lat="-9.1233109" lon="148.5310032"/>
      <trkpt lat="-9.1234560" lon="148.5310824"/>
      <trkpt lat="-9.1235719" lon="148.5311730"/>
      <trkpt lat="-9.1237150" lon="148.5312242"/>
      <trkpt lat="-9.1238524" lon="148.5312893"/>
      <trkpt lat="-9.1240190" lon="148.5313485"/>
      <trkpt lat="-9.1241768" lon="148.5314288"/>
      <trkpt lat="-9.1243385" lon="148.5314650"/>
      <trkpt lat="-9.1245033" lon="148.5314937"/>
      <trkpt lat="-9.1246690" lon="148.5315078"/>
      <trkpt lat="-9.1248115" lon="148.5315779"/>
      <trkpt lat="-9.1249374" lon="148.5316737"/>
      <trkpt lat="-9.1250351" lon="148.5318027"/>
      <trkpt lat="-9.1251458" lon="148.5319138"/>
      <trkpt lat="-9.1252398" lon="148.5320336"/>
      <trkpt lat="-9.1253592" lon="148.5321407"/>
      <trkpt lat="-9.1254795" lon="148.5322541"/>
      <trkpt lat="-9.1256140" lon="148.5323590"/>
      <trkpt lat="-9.1257379" lon="148.5324694"/>
      <trkpt lat="-9.1258712" lon="148.5325673"/>
      <trkpt lat="-9.1259901" lon="148.5326697"/>
      <trkpt lat="-9.1261133" lon="148.5327734"/>
      <trkpt lat="-9.1261871" lon="148.5328749"/>
      <trkpt lat="-9.1262450" lon="148.5329383"/>
    </trkseg>
    <trkseg>
      <trkpt lat="-9.1219100" lon="148.5304633"/>
      <trkpt lat="-9.1219350" lon="148.5305517"/>
    </trkseg>
    <trkseg>
      <trkpt lat="-9.1220833" lon="148.5305800"/>
      <trkpt lat="-9.1222573" lon="148.5305315"/>
      <trkpt lat="-9.1223917" lon="148.5305400"/>
    </trkseg>
    <trkseg>
      <trkpt lat="-9.1225200" lon="148.5305583"/>
      <trkpt lat="-9.1226899" lon="148.5306000"/>
      <trkpt lat="-9.1228567" lon="148.5306414"/>
      <trkpt lat="-9.1230111" lon="148.5307004"/>
      <trkpt lat="-9.1231172" lon="148.5307887"/>
      <trkpt lat="-9.1232214" lon="148.5308864"/>
      <trkpt lat="-9.1233109" lon="148.5310032"/>
      <trkpt lat="-9.1234560" lon="148.5310824"/>
      <trkpt lat="-9.1235719" lon="148.5311730"/>
      <trkpt lat="-9.1237150" lon="148.5312242"/>
      <trkpt lat="-9.1238524" lon="148.5312893"/>
      <trkpt lat="-9.1240190" lon="148.5313485"/>
      <trkpt lat="-9.1241768" lon="148.5314288"/>
      <trkpt lat="-9.1243385" lon="148.5314650"/>
      <trkpt lat="-9.1245033" lon="148.5314937"/>
      <trkpt lat="-9.1246690" lon="148.5315078"/>
      <trkpt lat="-9.1248115" lon="148.5315779"/>
      <trkpt lat="-9.1249374" lon="148.5316737"/>
      <trkpt lat="-9.1250351" lon="148.5318027"/>
      <trkpt lat="-9.1251458" lon="148.5319138"/>
      <trkpt lat="-9.1252398" lon="148.5320336"/>
      <trkpt lat="-9.1253592" lon="148.5321407"/>
      <trkpt lat="-9.1254795" lon="148.5322541"/>
      <trkpt lat="-9.1256140" lon="148.5323590"/>
      <trkpt lat="-9.1257379" lon="148.5324694"/>
      <trkpt lat="-9.1258712" lon="148.5325673"/>
      <trkpt lat="-9.1259901" lon="148.5326697"/>
      <trkpt lat="-9.1261133" lon="148.5327734"/>
      <trkpt lat="-9.1261871" lon="148.5328749"/>
      <trkpt lat="-9.1262450" lon="148.5329383"/>
    </trkseg>
    <trkseg>
      <trkpt lat="-9.1263300" lon="148.5329850"/>
      <trkpt lat="-9.1264794" lon="148.5330856"/>
      <trkpt lat="-9.1266044" lon="148.5332090"/>
      <trkpt lat="-9.1267257" lon="148.5333307"/>
      <trkpt lat="-9.1268558" lon="148.5334254"/>
      <trkpt lat="-9.1270127" lon="148.5334669"/>
      <trkpt lat="-9.1271582" lon="148.5335085"/>
      <trkpt lat="-9.1272867" lon="148.5335667"/>
    </trkseg>
    <trkseg>
      <trkpt lat="-9.1219100" lon="148.5304633"/>
      <trkpt lat="-9.1219350" lon="148.5305517"/>
    </trkseg>
    <trkseg>
      <trkpt lat="-9.1220833" lon="148.5305800"/>
      <trkpt lat="-9.1222573" lon="148.5305315"/>
      <trkpt lat="-9.1223917" lon="148.5305400"/>
    </trkseg>
    <trkseg>
      <trkpt lat="-9.1225200" lon="148.5305583"/>
      <trkpt lat="-9.1226899" lon="148.5306000"/>
      <trkpt lat="-9.1228567" lon="148.5306414"/>
      <trkpt lat="-9.1230111" lon="148.5307004"/>
      <trkpt lat="-9.1231172" lon="148.5307887"/>
      <trkpt lat="-9.1232214" lon="148.5308864"/>
      <trkpt lat="-9.1233109" lon="148.5310032"/>
      <trkpt lat="-9.1234560" lon="148.5310824"/>
      <trkpt lat="-9.1235719" lon="148.5311730"/>
      <trkpt lat="-9.1237150" lon="148.5312242"/>
      <trkpt lat="-9.1238524" lon="148.5312893"/>
      <trkpt lat="-9.1240190" lon="148.5313485"/>
      <trkpt lat="-9.1241768" lon="148.5314288"/>
      <trkpt lat="-9.1243385" lon="148.5314650"/>
      <trkpt lat="-9.1245033" lon="148.5314937"/>
      <trkpt lat="-9.1246690" lon="148.5315078"/>
      <trkpt lat="-9.1248115" lon="148.5315779"/>
      <trkpt lat="-9.1249374" lon="148.5316737"/>
      <trkpt lat="-9.1250351" lon="148.5318027"/>
      <trkpt lat="-9.1251458" lon="148.5319138"/>
      <trkpt lat="-9.1252398" lon="148.5320336"/>
      <trkpt lat="-9.1253592" lon="148.5321407"/>
      <trkpt lat="-9.1254795" lon="148.5322541"/>
      <trkpt lat="-9.1256140" lon="148.5323590"/>
      <trkpt lat="-9.1257379" lon="148.5324694"/>
      <trkpt lat="-9.1258712" lon="148.5325673"/>
      <trkpt lat="-9.1259901" lon="148.5326697"/>
      <trkpt lat="-9.1261133" lon="148.5327734"/>
      <trkpt lat="-9.1261871" lon="148.5328749"/>
      <trkpt lat="-9.1262450" lon="148.5329383"/>
    </trkseg>
    <trkseg>
      <trkpt lat="-9.1263300" lon="148.5329850"/>
      <trkpt lat="-9.1264794" lon="148.5330856"/>
      <trkpt lat="-9.1266044" lon="148.5332090"/>
      <trkpt lat="-9.1267257" lon="148.5333307"/>
      <trkpt lat="-9.1268558" lon="148.5334254"/>
      <trkpt lat="-9.1270127" lon="148.5334669"/>
      <trkpt lat="-9.1271582" lon="148.5335085"/>
      <trkpt lat="-9.1272867" lon="148.5335667"/>
    </trkseg>
    <trkseg>
      <trkpt lat="-9.1273800" lon="148.5336183"/>
      <trkpt lat="-9.1274901" lon="148.5335115"/>
      <trkpt lat="-9.1276329" lon="148.5334532"/>
      <trkpt lat="-9.1278086" lon="148.5334417"/>
      <trkpt lat="-9.1279801" lon="148.5334133"/>
      <trkpt lat="-9.1281492" lon="148.5333785"/>
      <trkpt lat="-9.1283098" lon="148.5333714"/>
      <trkpt lat="-9.1284726" lon="148.5333913"/>
      <trkpt lat="-9.1286243" lon="148.5334613"/>
      <trkpt lat="-9.1287729" lon="148.5335311"/>
      <trkpt lat="-9.1288924" lon="148.5336349"/>
      <trkpt lat="-9.1290160" lon="148.5337351"/>
      <trkpt lat="-9.1291388" lon="148.5338546"/>
      <trkpt lat="-9.1292473" lon="148.5339789"/>
      <trkpt lat="-9.1293374" lon="148.5341180"/>
      <trkpt lat="-9.1293828" lon="148.5342788"/>
      <trkpt lat="-9.1294391" lon="148.5344414"/>
      <trkpt lat="-9.1294761" lon="148.5346146"/>
      <trkpt lat="-9.1295324" lon="148.5347753"/>
      <trkpt lat="-9.1295735" lon="148.5349414"/>
      <trkpt lat="-9.1296409" lon="148.5350950"/>
      <trkpt lat="-9.1297053" lon="148.5352577"/>
      <trkpt lat="-9.1297782" lon="148.5354175"/>
      <trkpt lat="-9.1298549" lon="148.5355753"/>
      <trkpt lat="-9.1299741" lon="148.5356755"/>
      <trkpt lat="-9.1301351" lon="148.5357243"/>
      <trkpt lat="-9.1303078" lon="148.5357517"/>
      <trkpt lat="-9.1304615" lon="148.5358134"/>
      <trkpt lat="-9.1305838" lon="148.5359062"/>
      <trkpt lat="-9.1306918" lon="148.5360205"/>
      <trkpt lat="-9.1308158" lon="148.5360899"/>
      <trkpt lat="-9.1309329" lon="148.5361169"/>
      <trkpt lat="-9.1310333" lon="148.5360933"/>
    </trkseg>
    <trkseg>
      <trkpt lat="-9.1219100" lon="148.5304633"/>
      <trkpt lat="-9.1219350" lon="148.5305517"/>
    </trkseg>
    <trkseg>
      <trkpt lat="-9.1220833" lon="148.5305800"/>
      <trkpt lat="-9.1222573" lon="148.5305315"/>
      <trkpt lat="-9.1223917" lon="148.5305400"/>
    </trkseg>
    <trkseg>
      <trkpt lat="-9.1225200" lon="148.5305583"/>
      <trkpt lat="-9.1226899" lon="148.5306000"/>
      <trkpt lat="-9.1228567" lon="148.5306414"/>
      <trkpt lat="-9.1230111" lon="148.5307004"/>
      <trkpt lat="-9.1231172" lon="148.5307887"/>
      <trkpt lat="-9.1232214" lon="148.5308864"/>
      <trkpt lat="-9.1233109" lon="148.5310032"/>
      <trkpt lat="-9.1234560" lon="148.5310824"/>
      <trkpt lat="-9.1235719" lon="148.5311730"/>
      <trkpt lat="-9.1237150" lon="148.5312242"/>
      <trkpt lat="-9.1238524" lon="148.5312893"/>
      <trkpt lat="-9.1240190" lon="148.5313485"/>
      <trkpt lat="-9.1241768" lon="148.5314288"/>
      <trkpt lat="-9.1243385" lon="148.5314650"/>
      <trkpt lat="-9.1245033" lon="148.5314937"/>
      <trkpt lat="-9.1246690" lon="148.5315078"/>
      <trkpt lat="-9.1248115" lon="148.5315779"/>
      <trkpt lat="-9.1249374" lon="148.5316737"/>
      <trkpt lat="-9.1250351" lon="148.5318027"/>
      <trkpt lat="-9.1251458" lon="148.5319138"/>
      <trkpt lat="-9.1252398" lon="148.5320336"/>
      <trkpt lat="-9.1253592" lon="148.5321407"/>
      <trkpt lat="-9.1254795" lon="148.5322541"/>
      <trkpt lat="-9.1256140" lon="148.5323590"/>
      <trkpt lat="-9.1257379" lon="148.5324694"/>
      <trkpt lat="-9.1258712" lon="148.5325673"/>
      <trkpt lat="-9.1259901" lon="148.5326697"/>
      <trkpt lat="-9.1261133" lon="148.5327734"/>
      <trkpt lat="-9.1261871" lon="148.5328749"/>
      <trkpt lat="-9.1262450" lon="148.5329383"/>
    </trkseg>
    <trkseg>
      <trkpt lat="-9.1263300" lon="148.5329850"/>
      <trkpt lat="-9.1264794" lon="148.5330856"/>
      <trkpt lat="-9.1266044" lon="148.5332090"/>
      <trkpt lat="-9.1267257" lon="148.5333307"/>
      <trkpt lat="-9.1268558" lon="148.5334254"/>
      <trkpt lat="-9.1270127" lon="148.5334669"/>
      <trkpt lat="-9.1271582" lon="148.5335085"/>
      <trkpt lat="-9.1272867" lon="148.5335667"/>
    </trkseg>
    <trkseg>
      <trkpt lat="-9.1273800" lon="148.5336183"/>
      <trkpt lat="-9.1274901" lon="148.5335115"/>
      <trkpt lat="-9.1276329" lon="148.5334532"/>
      <trkpt lat="-9.1278086" lon="148.5334417"/>
      <trkpt lat="-9.1279801" lon="148.5334133"/>
      <trkpt lat="-9.1281492" lon="148.5333785"/>
      <trkpt lat="-9.1283098" lon="148.5333714"/>
      <trkpt lat="-9.1284726" lon="148.5333913"/>
      <trkpt lat="-9.1286243" lon="148.5334613"/>
      <trkpt lat="-9.1287729" lon="148.5335311"/>
      <trkpt lat="-9.1288924" lon="148.5336349"/>
      <trkpt lat="-9.1290160" lon="148.5337351"/>
      <trkpt lat="-9.1291388" lon="148.5338546"/>
      <trkpt lat="-9.1292473" lon="148.5339789"/>
      <trkpt lat="-9.1293374" lon="148.5341180"/>
      <trkpt lat="-9.1293828" lon="148.5342788"/>
      <trkpt lat="-9.1294391" lon="148.5344414"/>
      <trkpt lat="-9.1294761" lon="148.5346146"/>
      <trkpt lat="-9.1295324" lon="148.5347753"/>
      <trkpt lat="-9.1295735" lon="148.5349414"/>
      <trkpt lat="-9.1296409" lon="148.5350950"/>
      <trkpt lat="-9.1297053" lon="148.5352577"/>
      <trkpt lat="-9.1297782" lon="148.5354175"/>
      <trkpt lat="-9.1298549" lon="148.5355753"/>
      <trkpt lat="-9.1299741" lon="148.5356755"/>
      <trkpt lat="-9.1301351" lon="148.5357243"/>
      <trkpt lat="-9.1303078" lon="148.5357517"/>
      <trkpt lat="-9.1304615" lon="148.5358134"/>
      <trkpt lat="-9.1305838" lon="148.5359062"/>
      <trkpt lat="-9.1306918" lon="148.5360205"/>
      <trkpt lat="-9.1308158" lon="148.5360899"/>
      <trkpt lat="-9.1309329" lon="148.5361169"/>
      <trkpt lat="-9.1310333" lon="148.5360933"/>
    </trkseg>
    <trkseg>
      <trkpt lat="-9.1342533" lon="148.5322500"/>
      <trkpt lat="-9.1342961" lon="148.5322671"/>
      <trkpt lat="-9.1343890" lon="148.5323040"/>
      <trkpt lat="-9.1345336" lon="148.5323526"/>
      <trkpt lat="-9.1346800" lon="148.5323420"/>
      <trkpt lat="-9.1348167" lon="148.5322883"/>
    </trkseg>
    <trkseg>
      <trkpt lat="-9.1219100" lon="148.5304633"/>
      <trkpt lat="-9.1219350" lon="148.5305517"/>
    </trkseg>
    <trkseg>
      <trkpt lat="-9.1220833" lon="148.5305800"/>
      <trkpt lat="-9.1222573" lon="148.5305315"/>
      <trkpt lat="-9.1223917" lon="148.5305400"/>
    </trkseg>
    <trkseg>
      <trkpt lat="-9.1225200" lon="148.5305583"/>
      <trkpt lat="-9.1226899" lon="148.5306000"/>
      <trkpt lat="-9.1228567" lon="148.5306414"/>
      <trkpt lat="-9.1230111" lon="148.5307004"/>
      <trkpt lat="-9.1231172" lon="148.5307887"/>
      <trkpt lat="-9.1232214" lon="148.5308864"/>
      <trkpt lat="-9.1233109" lon="148.5310032"/>
      <trkpt lat="-9.1234560" lon="148.5310824"/>
      <trkpt lat="-9.1235719" lon="148.5311730"/>
      <trkpt lat="-9.1237150" lon="148.5312242"/>
      <trkpt lat="-9.1238524" lon="148.5312893"/>
      <trkpt lat="-9.1240190" lon="148.5313485"/>
      <trkpt lat="-9.1241768" lon="148.5314288"/>
      <trkpt lat="-9.1243385" lon="148.5314650"/>
      <trkpt lat="-9.1245033" lon="148.5314937"/>
      <trkpt lat="-9.1246690" lon="148.5315078"/>
      <trkpt lat="-9.1248115" lon="148.5315779"/>
      <trkpt lat="-9.1249374" lon="148.5316737"/>
      <trkpt lat="-9.1250351" lon="148.5318027"/>
      <trkpt lat="-9.1251458" lon="148.5319138"/>
      <trkpt lat="-9.1252398" lon="148.5320336"/>
      <trkpt lat="-9.1253592" lon="148.5321407"/>
      <trkpt lat="-9.1254795" lon="148.5322541"/>
      <trkpt lat="-9.1256140" lon="148.5323590"/>
      <trkpt lat="-9.1257379" lon="148.5324694"/>
      <trkpt lat="-9.1258712" lon="148.5325673"/>
      <trkpt lat="-9.1259901" lon="148.5326697"/>
      <trkpt lat="-9.1261133" lon="148.5327734"/>
      <trkpt lat="-9.1261871" lon="148.5328749"/>
      <trkpt lat="-9.1262450" lon="148.5329383"/>
    </trkseg>
    <trkseg>
      <trkpt lat="-9.1263300" lon="148.5329850"/>
      <trkpt lat="-9.1264794" lon="148.5330856"/>
      <trkpt lat="-9.1266044" lon="148.5332090"/>
      <trkpt lat="-9.1267257" lon="148.5333307"/>
      <trkpt lat="-9.1268558" lon="148.5334254"/>
      <trkpt lat="-9.1270127" lon="148.5334669"/>
      <trkpt lat="-9.1271582" lon="148.5335085"/>
      <trkpt lat="-9.1272867" lon="148.5335667"/>
    </trkseg>
    <trkseg>
      <trkpt lat="-9.1273800" lon="148.5336183"/>
      <trkpt lat="-9.1274901" lon="148.5335115"/>
      <trkpt lat="-9.1276329" lon="148.5334532"/>
      <trkpt lat="-9.1278086" lon="148.5334417"/>
      <trkpt lat="-9.1279801" lon="148.5334133"/>
      <trkpt lat="-9.1281492" lon="148.5333785"/>
      <trkpt lat="-9.1283098" lon="148.5333714"/>
      <trkpt lat="-9.1284726" lon="148.5333913"/>
      <trkpt lat="-9.1286243" lon="148.5334613"/>
      <trkpt lat="-9.1287729" lon="148.5335311"/>
      <trkpt lat="-9.1288924" lon="148.5336349"/>
      <trkpt lat="-9.1290160" lon="148.5337351"/>
      <trkpt lat="-9.1291388" lon="148.5338546"/>
      <trkpt lat="-9.1292473" lon="148.5339789"/>
      <trkpt lat="-9.1293374" lon="148.5341180"/>
      <trkpt lat="-9.1293828" lon="148.5342788"/>
      <trkpt lat="-9.1294391" lon="148.5344414"/>
      <trkpt lat="-9.1294761" lon="148.5346146"/>
      <trkpt lat="-9.1295324" lon="148.5347753"/>
      <trkpt lat="-9.1295735" lon="148.5349414"/>
      <trkpt lat="-9.1296409" lon="148.5350950"/>
      <trkpt lat="-9.1297053" lon="148.5352577"/>
      <trkpt lat="-9.1297782" lon="148.5354175"/>
      <trkpt lat="-9.1298549" lon="148.5355753"/>
      <trkpt lat="-9.1299741" lon="148.5356755"/>
      <trkpt lat="-9.1301351" lon="148.5357243"/>
      <trkpt lat="-9.1303078" lon="148.5357517"/>
      <trkpt lat="-9.1304615" lon="148.5358134"/>
      <trkpt lat="-9.1305838" lon="148.5359062"/>
      <trkpt lat="-9.1306918" lon="148.5360205"/>
      <trkpt lat="-9.1308158" lon="148.5360899"/>
      <trkpt lat="-9.1309329" lon="148.5361169"/>
      <trkpt lat="-9.1310333" lon="148.5360933"/>
    </trkseg>
    <trkseg>
      <trkpt lat="-9.1342533" lon="148.5322500"/>
      <trkpt lat="-9.1342961" lon="148.5322671"/>
      <trkpt lat="-9.1343890" lon="148.5323040"/>
      <trkpt lat="-9.1345336" lon="148.5323526"/>
      <trkpt lat="-9.1346800" lon="148.5323420"/>
      <trkpt lat="-9.1348167" lon="148.5322883"/>
    </trkseg>
    <trkseg>
      <trkpt lat="-9.1348900" lon="148.5323417"/>
      <trkpt lat="-9.1350061" lon="148.5323277"/>
      <trkpt lat="-9.1351135" lon="148.5323855"/>
      <trkpt lat="-9.1352076" lon="148.5324547"/>
      <trkpt lat="-9.1353316" lon="148.5324501"/>
      <trkpt lat="-9.1354630" lon="148.5324088"/>
      <trkpt lat="-9.1356132" lon="148.5323783"/>
      <trkpt lat="-9.1357758" lon="148.5323555"/>
      <trkpt lat="-9.1359212" lon="148.5323529"/>
      <trkpt lat="-9.1360576" lon="148.5323406"/>
      <trkpt lat="-9.1361806" lon="148.5323780"/>
      <trkpt lat="-9.1363177" lon="148.5323545"/>
      <trkpt lat="-9.1364393" lon="148.5323408"/>
      <trkpt lat="-9.1365483" lon="148.5322800"/>
    </trkseg>
    <trkseg>
      <trkpt lat="-9.1219100" lon="148.5304633"/>
      <trkpt lat="-9.1219350" lon="148.5305517"/>
    </trkseg>
    <trkseg>
      <trkpt lat="-9.1220833" lon="148.5305800"/>
      <trkpt lat="-9.1222573" lon="148.5305315"/>
      <trkpt lat="-9.1223917" lon="148.5305400"/>
    </trkseg>
    <trkseg>
      <trkpt lat="-9.1225200" lon="148.5305583"/>
      <trkpt lat="-9.1226899" lon="148.5306000"/>
      <trkpt lat="-9.1228567" lon="148.5306414"/>
      <trkpt lat="-9.1230111" lon="148.5307004"/>
      <trkpt lat="-9.1231172" lon="148.5307887"/>
      <trkpt lat="-9.1232214" lon="148.5308864"/>
      <trkpt lat="-9.1233109" lon="148.5310032"/>
      <trkpt lat="-9.1234560" lon="148.5310824"/>
      <trkpt lat="-9.1235719" lon="148.5311730"/>
      <trkpt lat="-9.1237150" lon="148.5312242"/>
      <trkpt lat="-9.1238524" lon="148.5312893"/>
      <trkpt lat="-9.1240190" lon="148.5313485"/>
      <trkpt lat="-9.1241768" lon="148.5314288"/>
      <trkpt lat="-9.1243385" lon="148.5314650"/>
      <trkpt lat="-9.1245033" lon="148.5314937"/>
      <trkpt lat="-9.1246690" lon="148.5315078"/>
      <trkpt lat="-9.1248115" lon="148.5315779"/>
      <trkpt lat="-9.1249374" lon="148.5316737"/>
      <trkpt lat="-9.1250351" lon="148.5318027"/>
      <trkpt lat="-9.1251458" lon="148.5319138"/>
      <trkpt lat="-9.1252398" lon="148.5320336"/>
      <trkpt lat="-9.1253592" lon="148.5321407"/>
      <trkpt lat="-9.1254795" lon="148.5322541"/>
      <trkpt lat="-9.1256140" lon="148.5323590"/>
      <trkpt lat="-9.1257379" lon="148.5324694"/>
      <trkpt lat="-9.1258712" lon="148.5325673"/>
      <trkpt lat="-9.1259901" lon="148.5326697"/>
      <trkpt lat="-9.1261133" lon="148.5327734"/>
      <trkpt lat="-9.1261871" lon="148.5328749"/>
      <trkpt lat="-9.1262450" lon="148.5329383"/>
    </trkseg>
    <trkseg>
      <trkpt lat="-9.1263300" lon="148.5329850"/>
      <trkpt lat="-9.1264794" lon="148.5330856"/>
      <trkpt lat="-9.1266044" lon="148.5332090"/>
      <trkpt lat="-9.1267257" lon="148.5333307"/>
      <trkpt lat="-9.1268558" lon="148.5334254"/>
      <trkpt lat="-9.1270127" lon="148.5334669"/>
      <trkpt lat="-9.1271582" lon="148.5335085"/>
      <trkpt lat="-9.1272867" lon="148.5335667"/>
    </trkseg>
    <trkseg>
      <trkpt lat="-9.1273800" lon="148.5336183"/>
      <trkpt lat="-9.1274901" lon="148.5335115"/>
      <trkpt lat="-9.1276329" lon="148.5334532"/>
      <trkpt lat="-9.1278086" lon="148.5334417"/>
      <trkpt lat="-9.1279801" lon="148.5334133"/>
      <trkpt lat="-9.1281492" lon="148.5333785"/>
      <trkpt lat="-9.1283098" lon="148.5333714"/>
      <trkpt lat="-9.1284726" lon="148.5333913"/>
      <trkpt lat="-9.1286243" lon="148.5334613"/>
      <trkpt lat="-9.1287729" lon="148.5335311"/>
      <trkpt lat="-9.1288924" lon="148.5336349"/>
      <trkpt lat="-9.1290160" lon="148.5337351"/>
      <trkpt lat="-9.1291388" lon="148.5338546"/>
      <trkpt lat="-9.1292473" lon="148.5339789"/>
      <trkpt lat="-9.1293374" lon="148.5341180"/>
      <trkpt lat="-9.1293828" lon="148.5342788"/>
      <trkpt lat="-9.1294391" lon="148.5344414"/>
      <trkpt lat="-9.1294761" lon="148.5346146"/>
      <trkpt lat="-9.1295324" lon="148.5347753"/>
      <trkpt lat="-9.1295735" lon="148.5349414"/>
      <trkpt lat="-9.1296409" lon="148.5350950"/>
      <trkpt lat="-9.1297053" lon="148.5352577"/>
      <trkpt lat="-9.1297782" lon="148.5354175"/>
      <trkpt lat="-9.1298549" lon="148.5355753"/>
      <trkpt lat="-9.1299741" lon="148.5356755"/>
      <trkpt lat="-9.1301351" lon="148.5357243"/>
      <trkpt lat="-9.1303078" lon="148.5357517"/>
      <trkpt lat="-9.1304615" lon="148.5358134"/>
      <trkpt lat="-9.1305838" lon="148.5359062"/>
      <trkpt lat="-9.1306918" lon="148.5360205"/>
      <trkpt lat="-9.1308158" lon="148.5360899"/>
      <trkpt lat="-9.1309329" lon="148.5361169"/>
      <trkpt lat="-9.1310333" lon="148.5360933"/>
    </trkseg>
    <trkseg>
      <trkpt lat="-9.1342533" lon="148.5322500"/>
      <trkpt lat="-9.1342961" lon="148.5322671"/>
      <trkpt lat="-9.1343890" lon="148.5323040"/>
      <trkpt lat="-9.1345336" lon="148.5323526"/>
      <trkpt lat="-9.1346800" lon="148.5323420"/>
      <trkpt lat="-9.1348167" lon="148.5322883"/>
    </trkseg>
    <trkseg>
      <trkpt lat="-9.1348900" lon="148.5323417"/>
      <trkpt lat="-9.1350061" lon="148.5323277"/>
      <trkpt lat="-9.1351135" lon="148.5323855"/>
      <trkpt lat="-9.1352076" lon="148.5324547"/>
      <trkpt lat="-9.1353316" lon="148.5324501"/>
      <trkpt lat="-9.1354630" lon="148.5324088"/>
      <trkpt lat="-9.1356132" lon="148.5323783"/>
      <trkpt lat="-9.1357758" lon="148.5323555"/>
      <trkpt lat="-9.1359212" lon="148.5323529"/>
      <trkpt lat="-9.1360576" lon="148.5323406"/>
      <trkpt lat="-9.1361806" lon="148.5323780"/>
      <trkpt lat="-9.1363177" lon="148.5323545"/>
      <trkpt lat="-9.1364393" lon="148.5323408"/>
      <trkpt lat="-9.1365483" lon="148.5322800"/>
    </trkseg>
    <trkseg>
      <trkpt lat="-9.1366250" lon="148.5323733"/>
      <trkpt lat="-9.1367729" lon="148.5323360"/>
      <trkpt lat="-9.1369298" lon="148.5323428"/>
      <trkpt lat="-9.1370923" lon="148.5323692"/>
      <trkpt lat="-9.1372587" lon="148.5323849"/>
      <trkpt lat="-9.1374191" lon="148.5324050"/>
      <trkpt lat="-9.1375306" lon="148.5324704"/>
      <trkpt lat="-9.1376439" lon="148.5325073"/>
      <trkpt lat="-9.1377649" lon="148.5325326"/>
      <trkpt lat="-9.1379287" lon="148.5325490"/>
      <trkpt lat="-9.1380847" lon="148.5325424"/>
      <trkpt lat="-9.1382310" lon="148.5325334"/>
      <trkpt lat="-9.1383585" lon="148.5325244"/>
      <trkpt lat="-9.1384799" lon="148.5325452"/>
      <trkpt lat="-9.1385758" lon="148.5326115"/>
      <trkpt lat="-9.1387007" lon="148.5326492"/>
      <trkpt lat="-9.1388246" lon="148.5326734"/>
      <trkpt lat="-9.1389539" lon="148.5327019"/>
      <trkpt lat="-9.1390629" lon="148.5327803"/>
      <trkpt lat="-9.1391363" lon="148.5329328"/>
      <trkpt lat="-9.1391571" lon="148.5330909"/>
      <trkpt lat="-9.1391532" lon="148.5332066"/>
      <trkpt lat="-9.1391946" lon="148.5332293"/>
      <trkpt lat="-9.1392846" lon="148.5331571"/>
      <trkpt lat="-9.1393867" lon="148.5330450"/>
    </trkseg>
    <trkseg>
      <trkpt lat="-9.1219100" lon="148.5304633"/>
      <trkpt lat="-9.1219350" lon="148.5305517"/>
    </trkseg>
    <trkseg>
      <trkpt lat="-9.1220833" lon="148.5305800"/>
      <trkpt lat="-9.1222573" lon="148.5305315"/>
      <trkpt lat="-9.1223917" lon="148.5305400"/>
    </trkseg>
    <trkseg>
      <trkpt lat="-9.1225200" lon="148.5305583"/>
      <trkpt lat="-9.1226899" lon="148.5306000"/>
      <trkpt lat="-9.1228567" lon="148.5306414"/>
      <trkpt lat="-9.1230111" lon="148.5307004"/>
      <trkpt lat="-9.1231172" lon="148.5307887"/>
      <trkpt lat="-9.1232214" lon="148.5308864"/>
      <trkpt lat="-9.1233109" lon="148.5310032"/>
      <trkpt lat="-9.1234560" lon="148.5310824"/>
      <trkpt lat="-9.1235719" lon="148.5311730"/>
      <trkpt lat="-9.1237150" lon="148.5312242"/>
      <trkpt lat="-9.1238524" lon="148.5312893"/>
      <trkpt lat="-9.1240190" lon="148.5313485"/>
      <trkpt lat="-9.1241768" lon="148.5314288"/>
      <trkpt lat="-9.1243385" lon="148.5314650"/>
      <trkpt lat="-9.1245033" lon="148.5314937"/>
      <trkpt lat="-9.1246690" lon="148.5315078"/>
      <trkpt lat="-9.1248115" lon="148.5315779"/>
      <trkpt lat="-9.1249374" lon="148.5316737"/>
      <trkpt lat="-9.1250351" lon="148.5318027"/>
      <trkpt lat="-9.1251458" lon="148.5319138"/>
      <trkpt lat="-9.1252398" lon="148.5320336"/>
      <trkpt lat="-9.1253592" lon="148.5321407"/>
      <trkpt lat="-9.1254795" lon="148.5322541"/>
      <trkpt lat="-9.1256140" lon="148.5323590"/>
      <trkpt lat="-9.1257379" lon="148.5324694"/>
      <trkpt lat="-9.1258712" lon="148.5325673"/>
      <trkpt lat="-9.1259901" lon="148.5326697"/>
      <trkpt lat="-9.1261133" lon="148.5327734"/>
      <trkpt lat="-9.1261871" lon="148.5328749"/>
      <trkpt lat="-9.1262450" lon="148.5329383"/>
    </trkseg>
    <trkseg>
      <trkpt lat="-9.1263300" lon="148.5329850"/>
      <trkpt lat="-9.1264794" lon="148.5330856"/>
      <trkpt lat="-9.1266044" lon="148.5332090"/>
      <trkpt lat="-9.1267257" lon="148.5333307"/>
      <trkpt lat="-9.1268558" lon="148.5334254"/>
      <trkpt lat="-9.1270127" lon="148.5334669"/>
      <trkpt lat="-9.1271582" lon="148.5335085"/>
      <trkpt lat="-9.1272867" lon="148.5335667"/>
    </trkseg>
    <trkseg>
      <trkpt lat="-9.1273800" lon="148.5336183"/>
      <trkpt lat="-9.1274901" lon="148.5335115"/>
      <trkpt lat="-9.1276329" lon="148.5334532"/>
      <trkpt lat="-9.1278086" lon="148.5334417"/>
      <trkpt lat="-9.1279801" lon="148.5334133"/>
      <trkpt lat="-9.1281492" lon="148.5333785"/>
      <trkpt lat="-9.1283098" lon="148.5333714"/>
      <trkpt lat="-9.1284726" lon="148.5333913"/>
      <trkpt lat="-9.1286243" lon="148.5334613"/>
      <trkpt lat="-9.1287729" lon="148.5335311"/>
      <trkpt lat="-9.1288924" lon="148.5336349"/>
      <trkpt lat="-9.1290160" lon="148.5337351"/>
      <trkpt lat="-9.1291388" lon="148.5338546"/>
      <trkpt lat="-9.1292473" lon="148.5339789"/>
      <trkpt lat="-9.1293374" lon="148.5341180"/>
      <trkpt lat="-9.1293828" lon="148.5342788"/>
      <trkpt lat="-9.1294391" lon="148.5344414"/>
      <trkpt lat="-9.1294761" lon="148.5346146"/>
      <trkpt lat="-9.1295324" lon="148.5347753"/>
      <trkpt lat="-9.1295735" lon="148.5349414"/>
      <trkpt lat="-9.1296409" lon="148.5350950"/>
      <trkpt lat="-9.1297053" lon="148.5352577"/>
      <trkpt lat="-9.1297782" lon="148.5354175"/>
      <trkpt lat="-9.1298549" lon="148.5355753"/>
      <trkpt lat="-9.1299741" lon="148.5356755"/>
      <trkpt lat="-9.1301351" lon="148.5357243"/>
      <trkpt lat="-9.1303078" lon="148.5357517"/>
      <trkpt lat="-9.1304615" lon="148.5358134"/>
      <trkpt lat="-9.1305838" lon="148.5359062"/>
      <trkpt lat="-9.1306918" lon="148.5360205"/>
      <trkpt lat="-9.1308158" lon="148.5360899"/>
      <trkpt lat="-9.1309329" lon="148.5361169"/>
      <trkpt lat="-9.1310333" lon="148.5360933"/>
    </trkseg>
    <trkseg>
      <trkpt lat="-9.1342533" lon="148.5322500"/>
      <trkpt lat="-9.1342961" lon="148.5322671"/>
      <trkpt lat="-9.1343890" lon="148.5323040"/>
      <trkpt lat="-9.1345336" lon="148.5323526"/>
      <trkpt lat="-9.1346800" lon="148.5323420"/>
      <trkpt lat="-9.1348167" lon="148.5322883"/>
    </trkseg>
    <trkseg>
      <trkpt lat="-9.1348900" lon="148.5323417"/>
      <trkpt lat="-9.1350061" lon="148.5323277"/>
      <trkpt lat="-9.1351135" lon="148.5323855"/>
      <trkpt lat="-9.1352076" lon="148.5324547"/>
      <trkpt lat="-9.1353316" lon="148.5324501"/>
      <trkpt lat="-9.1354630" lon="148.5324088"/>
      <trkpt lat="-9.1356132" lon="148.5323783"/>
      <trkpt lat="-9.1357758" lon="148.5323555"/>
      <trkpt lat="-9.1359212" lon="148.5323529"/>
      <trkpt lat="-9.1360576" lon="148.5323406"/>
      <trkpt lat="-9.1361806" lon="148.5323780"/>
      <trkpt lat="-9.1363177" lon="148.5323545"/>
      <trkpt lat="-9.1364393" lon="148.5323408"/>
      <trkpt lat="-9.1365483" lon="148.5322800"/>
    </trkseg>
    <trkseg>
      <trkpt lat="-9.1366250" lon="148.5323733"/>
      <trkpt lat="-9.1367729" lon="148.5323360"/>
      <trkpt lat="-9.1369298" lon="148.5323428"/>
      <trkpt lat="-9.1370923" lon="148.5323692"/>
      <trkpt lat="-9.1372587" lon="148.5323849"/>
      <trkpt lat="-9.1374191" lon="148.5324050"/>
      <trkpt lat="-9.1375306" lon="148.5324704"/>
      <trkpt lat="-9.1376439" lon="148.5325073"/>
      <trkpt lat="-9.1377649" lon="148.5325326"/>
      <trkpt lat="-9.1379287" lon="148.5325490"/>
      <trkpt lat="-9.1380847" lon="148.5325424"/>
      <trkpt lat="-9.1382310" lon="148.5325334"/>
      <trkpt lat="-9.1383585" lon="148.5325244"/>
      <trkpt lat="-9.1384799" lon="148.5325452"/>
      <trkpt lat="-9.1385758" lon="148.5326115"/>
      <trkpt lat="-9.1387007" lon="148.5326492"/>
      <trkpt lat="-9.1388246" lon="148.5326734"/>
      <trkpt lat="-9.1389539" lon="148.5327019"/>
      <trkpt lat="-9.1390629" lon="148.5327803"/>
      <trkpt lat="-9.1391363" lon="148.5329328"/>
      <trkpt lat="-9.1391571" lon="148.5330909"/>
      <trkpt lat="-9.1391532" lon="148.5332066"/>
      <trkpt lat="-9.1391946" lon="148.5332293"/>
      <trkpt lat="-9.1392846" lon="148.5331571"/>
      <trkpt lat="-9.1393867" lon="148.5330450"/>
    </trkseg>
    <trkseg>
      <trkpt lat="-9.1394550" lon="148.5329567"/>
      <trkpt lat="-9.1395285" lon="148.5328806"/>
      <trkpt lat="-9.1395492" lon="148.5328964"/>
      <trkpt lat="-9.1395476" lon="148.5329042"/>
      <trkpt lat="-9.1395595" lon="148.5328352"/>
      <trkpt lat="-9.1396129" lon="148.5327685"/>
      <trkpt lat="-9.1396990" lon="148.5327173"/>
      <trkpt lat="-9.1397859" lon="148.5326637"/>
      <trkpt lat="-9.1398737" lon="148.5325098"/>
      <trkpt lat="-9.1399603" lon="148.5323552"/>
      <trkpt lat="-9.1400296" lon="148.5322813"/>
      <trkpt lat="-9.1400782" lon="148.5323233"/>
      <trkpt lat="-9.1401258" lon="148.5324068"/>
      <trkpt lat="-9.1401725" lon="148.5324689"/>
      <trkpt lat="-9.1402250" lon="148.5324767"/>
    </trkseg>
    <trkseg>
      <trkpt lat="-9.1219100" lon="148.5304633"/>
      <trkpt lat="-9.1219350" lon="148.5305517"/>
    </trkseg>
    <trkseg>
      <trkpt lat="-9.1220833" lon="148.5305800"/>
      <trkpt lat="-9.1222573" lon="148.5305315"/>
      <trkpt lat="-9.1223917" lon="148.5305400"/>
    </trkseg>
    <trkseg>
      <trkpt lat="-9.1225200" lon="148.5305583"/>
      <trkpt lat="-9.1226899" lon="148.5306000"/>
      <trkpt lat="-9.1228567" lon="148.5306414"/>
      <trkpt lat="-9.1230111" lon="148.5307004"/>
      <trkpt lat="-9.1231172" lon="148.5307887"/>
      <trkpt lat="-9.1232214" lon="148.5308864"/>
      <trkpt lat="-9.1233109" lon="148.5310032"/>
      <trkpt lat="-9.1234560" lon="148.5310824"/>
      <trkpt lat="-9.1235719" lon="148.5311730"/>
      <trkpt lat="-9.1237150" lon="148.5312242"/>
      <trkpt lat="-9.1238524" lon="148.5312893"/>
      <trkpt lat="-9.1240190" lon="148.5313485"/>
      <trkpt lat="-9.1241768" lon="148.5314288"/>
      <trkpt lat="-9.1243385" lon="148.5314650"/>
      <trkpt lat="-9.1245033" lon="148.5314937"/>
      <trkpt lat="-9.1246690" lon="148.5315078"/>
      <trkpt lat="-9.1248115" lon="148.5315779"/>
      <trkpt lat="-9.1249374" lon="148.5316737"/>
      <trkpt lat="-9.1250351" lon="148.5318027"/>
      <trkpt lat="-9.1251458" lon="148.5319138"/>
      <trkpt lat="-9.1252398" lon="148.5320336"/>
      <trkpt lat="-9.1253592" lon="148.5321407"/>
      <trkpt lat="-9.1254795" lon="148.5322541"/>
      <trkpt lat="-9.1256140" lon="148.5323590"/>
      <trkpt lat="-9.1257379" lon="148.5324694"/>
      <trkpt lat="-9.1258712" lon="148.5325673"/>
      <trkpt lat="-9.1259901" lon="148.5326697"/>
      <trkpt lat="-9.1261133" lon="148.5327734"/>
      <trkpt lat="-9.1261871" lon="148.5328749"/>
      <trkpt lat="-9.1262450" lon="148.5329383"/>
    </trkseg>
    <trkseg>
      <trkpt lat="-9.1263300" lon="148.5329850"/>
      <trkpt lat="-9.1264794" lon="148.5330856"/>
      <trkpt lat="-9.1266044" lon="148.5332090"/>
      <trkpt lat="-9.1267257" lon="148.5333307"/>
      <trkpt lat="-9.1268558" lon="148.5334254"/>
      <trkpt lat="-9.1270127" lon="148.5334669"/>
      <trkpt lat="-9.1271582" lon="148.5335085"/>
      <trkpt lat="-9.1272867" lon="148.5335667"/>
    </trkseg>
    <trkseg>
      <trkpt lat="-9.1273800" lon="148.5336183"/>
      <trkpt lat="-9.1274901" lon="148.5335115"/>
      <trkpt lat="-9.1276329" lon="148.5334532"/>
      <trkpt lat="-9.1278086" lon="148.5334417"/>
      <trkpt lat="-9.1279801" lon="148.5334133"/>
      <trkpt lat="-9.1281492" lon="148.5333785"/>
      <trkpt lat="-9.1283098" lon="148.5333714"/>
      <trkpt lat="-9.1284726" lon="148.5333913"/>
      <trkpt lat="-9.1286243" lon="148.5334613"/>
      <trkpt lat="-9.1287729" lon="148.5335311"/>
      <trkpt lat="-9.1288924" lon="148.5336349"/>
      <trkpt lat="-9.1290160" lon="148.5337351"/>
      <trkpt lat="-9.1291388" lon="148.5338546"/>
      <trkpt lat="-9.1292473" lon="148.5339789"/>
      <trkpt lat="-9.1293374" lon="148.5341180"/>
      <trkpt lat="-9.1293828" lon="148.5342788"/>
      <trkpt lat="-9.1294391" lon="148.5344414"/>
      <trkpt lat="-9.1294761" lon="148.5346146"/>
      <trkpt lat="-9.1295324" lon="148.5347753"/>
      <trkpt lat="-9.1295735" lon="148.5349414"/>
      <trkpt lat="-9.1296409" lon="148.5350950"/>
      <trkpt lat="-9.1297053" lon="148.5352577"/>
      <trkpt lat="-9.1297782" lon="148.5354175"/>
      <trkpt lat="-9.1298549" lon="148.5355753"/>
      <trkpt lat="-9.1299741" lon="148.5356755"/>
      <trkpt lat="-9.1301351" lon="148.5357243"/>
      <trkpt lat="-9.1303078" lon="148.5357517"/>
      <trkpt lat="-9.1304615" lon="148.5358134"/>
      <trkpt lat="-9.1305838" lon="148.5359062"/>
      <trkpt lat="-9.1306918" lon="148.5360205"/>
      <trkpt lat="-9.1308158" lon="148.5360899"/>
      <trkpt lat="-9.1309329" lon="148.5361169"/>
      <trkpt lat="-9.1310333" lon="148.5360933"/>
    </trkseg>
    <trkseg>
      <trkpt lat="-9.1342533" lon="148.5322500"/>
      <trkpt lat="-9.1342961" lon="148.5322671"/>
      <trkpt lat="-9.1343890" lon="148.5323040"/>
      <trkpt lat="-9.1345336" lon="148.5323526"/>
      <trkpt lat="-9.1346800" lon="148.5323420"/>
      <trkpt lat="-9.1348167" lon="148.5322883"/>
    </trkseg>
    <trkseg>
      <trkpt lat="-9.1348900" lon="148.5323417"/>
      <trkpt lat="-9.1350061" lon="148.5323277"/>
      <trkpt lat="-9.1351135" lon="148.5323855"/>
      <trkpt lat="-9.1352076" lon="148.5324547"/>
      <trkpt lat="-9.1353316" lon="148.5324501"/>
      <trkpt lat="-9.1354630" lon="148.5324088"/>
      <trkpt lat="-9.1356132" lon="148.5323783"/>
      <trkpt lat="-9.1357758" lon="148.5323555"/>
      <trkpt lat="-9.1359212" lon="148.5323529"/>
      <trkpt lat="-9.1360576" lon="148.5323406"/>
      <trkpt lat="-9.1361806" lon="148.5323780"/>
      <trkpt lat="-9.1363177" lon="148.5323545"/>
      <trkpt lat="-9.1364393" lon="148.5323408"/>
      <trkpt lat="-9.1365483" lon="148.5322800"/>
    </trkseg>
    <trkseg>
      <trkpt lat="-9.1366250" lon="148.5323733"/>
      <trkpt lat="-9.1367729" lon="148.5323360"/>
      <trkpt lat="-9.1369298" lon="148.5323428"/>
      <trkpt lat="-9.1370923" lon="148.5323692"/>
      <trkpt lat="-9.1372587" lon="148.5323849"/>
      <trkpt lat="-9.1374191" lon="148.5324050"/>
      <trkpt lat="-9.1375306" lon="148.5324704"/>
      <trkpt lat="-9.1376439" lon="148.5325073"/>
      <trkpt lat="-9.1377649" lon="148.5325326"/>
      <trkpt lat="-9.1379287" lon="148.5325490"/>
      <trkpt lat="-9.1380847" lon="148.5325424"/>
      <trkpt lat="-9.1382310" lon="148.5325334"/>
      <trkpt lat="-9.1383585" lon="148.5325244"/>
      <trkpt lat="-9.1384799" lon="148.5325452"/>
      <trkpt lat="-9.1385758" lon="148.5326115"/>
      <trkpt lat="-9.1387007" lon="148.5326492"/>
      <trkpt lat="-9.1388246" lon="148.5326734"/>
      <trkpt lat="-9.1389539" lon="148.5327019"/>
      <trkpt lat="-9.1390629" lon="148.5327803"/>
      <trkpt lat="-9.1391363" lon="148.5329328"/>
      <trkpt lat="-9.1391571" lon="148.5330909"/>
      <trkpt lat="-9.1391532" lon="148.5332066"/>
      <trkpt lat="-9.1391946" lon="148.5332293"/>
      <trkpt lat="-9.1392846" lon="148.5331571"/>
      <trkpt lat="-9.1393867" lon="148.5330450"/>
    </trkseg>
    <trkseg>
      <trkpt lat="-9.1394550" lon="148.5329567"/>
      <trkpt lat="-9.1395285" lon="148.5328806"/>
      <trkpt lat="-9.1395492" lon="148.5328964"/>
      <trkpt lat="-9.1395476" lon="148.5329042"/>
      <trkpt lat="-9.1395595" lon="148.5328352"/>
      <trkpt lat="-9.1396129" lon="148.5327685"/>
      <trkpt lat="-9.1396990" lon="148.5327173"/>
      <trkpt lat="-9.1397859" lon="148.5326637"/>
      <trkpt lat="-9.1398737" lon="148.5325098"/>
      <trkpt lat="-9.1399603" lon="148.5323552"/>
      <trkpt lat="-9.1400296" lon="148.5322813"/>
      <trkpt lat="-9.1400782" lon="148.5323233"/>
      <trkpt lat="-9.1401258" lon="148.5324068"/>
      <trkpt lat="-9.1401725" lon="148.5324689"/>
      <trkpt lat="-9.1402250" lon="148.5324767"/>
    </trkseg>
    <trkseg>
      <trkpt lat="-9.1403133" lon="148.5325067"/>
      <trkpt lat="-9.1404693" lon="148.5324418"/>
      <trkpt lat="-9.1406141" lon="148.5323667"/>
      <trkpt lat="-9.1406970" lon="148.5322603"/>
      <trkpt lat="-9.1407471" lon="148.5321141"/>
      <trkpt lat="-9.1408112" lon="148.5319772"/>
      <trkpt lat="-9.1409316" lon="148.5318624"/>
      <trkpt lat="-9.1410784" lon="148.5317682"/>
      <trkpt lat="-9.1412211" lon="148.5316663"/>
      <trkpt lat="-9.1413423" lon="148.5315483"/>
      <trkpt lat="-9.1414451" lon="148.5314130"/>
      <trkpt lat="-9.1415348" lon="148.5312637"/>
      <trkpt lat="-9.1416307" lon="148.5311205"/>
      <trkpt lat="-9.1417120" lon="148.5309864"/>
      <trkpt lat="-9.1418146" lon="148.5308962"/>
      <trkpt lat="-9.1419184" lon="148.5308167"/>
      <trkpt lat="-9.1420410" lon="148.5307311"/>
      <trkpt lat="-9.1421156" lon="148.5306239"/>
      <trkpt lat="-9.1421683" lon="148.5305250"/>
    </trkseg>
    <trkseg>
      <trkpt lat="-9.1219100" lon="148.5304633"/>
      <trkpt lat="-9.1219350" lon="148.5305517"/>
    </trkseg>
    <trkseg>
      <trkpt lat="-9.1220833" lon="148.5305800"/>
      <trkpt lat="-9.1222573" lon="148.5305315"/>
      <trkpt lat="-9.1223917" lon="148.5305400"/>
    </trkseg>
    <trkseg>
      <trkpt lat="-9.1225200" lon="148.5305583"/>
      <trkpt lat="-9.1226899" lon="148.5306000"/>
      <trkpt lat="-9.1228567" lon="148.5306414"/>
      <trkpt lat="-9.1230111" lon="148.5307004"/>
      <trkpt lat="-9.1231172" lon="148.5307887"/>
      <trkpt lat="-9.1232214" lon="148.5308864"/>
      <trkpt lat="-9.1233109" lon="148.5310032"/>
      <trkpt lat="-9.1234560" lon="148.5310824"/>
      <trkpt lat="-9.1235719" lon="148.5311730"/>
      <trkpt lat="-9.1237150" lon="148.5312242"/>
      <trkpt lat="-9.1238524" lon="148.5312893"/>
      <trkpt lat="-9.1240190" lon="148.5313485"/>
      <trkpt lat="-9.1241768" lon="148.5314288"/>
      <trkpt lat="-9.1243385" lon="148.5314650"/>
      <trkpt lat="-9.1245033" lon="148.5314937"/>
      <trkpt lat="-9.1246690" lon="148.5315078"/>
      <trkpt lat="-9.1248115" lon="148.5315779"/>
      <trkpt lat="-9.1249374" lon="148.5316737"/>
      <trkpt lat="-9.1250351" lon="148.5318027"/>
      <trkpt lat="-9.1251458" lon="148.5319138"/>
      <trkpt lat="-9.1252398" lon="148.5320336"/>
      <trkpt lat="-9.1253592" lon="148.5321407"/>
      <trkpt lat="-9.1254795" lon="148.5322541"/>
      <trkpt lat="-9.1256140" lon="148.5323590"/>
      <trkpt lat="-9.1257379" lon="148.5324694"/>
      <trkpt lat="-9.1258712" lon="148.5325673"/>
      <trkpt lat="-9.1259901" lon="148.5326697"/>
      <trkpt lat="-9.1261133" lon="148.5327734"/>
      <trkpt lat="-9.1261871" lon="148.5328749"/>
      <trkpt lat="-9.1262450" lon="148.5329383"/>
    </trkseg>
    <trkseg>
      <trkpt lat="-9.1263300" lon="148.5329850"/>
      <trkpt lat="-9.1264794" lon="148.5330856"/>
      <trkpt lat="-9.1266044" lon="148.5332090"/>
      <trkpt lat="-9.1267257" lon="148.5333307"/>
      <trkpt lat="-9.1268558" lon="148.5334254"/>
      <trkpt lat="-9.1270127" lon="148.5334669"/>
      <trkpt lat="-9.1271582" lon="148.5335085"/>
      <trkpt lat="-9.1272867" lon="148.5335667"/>
    </trkseg>
    <trkseg>
      <trkpt lat="-9.1273800" lon="148.5336183"/>
      <trkpt lat="-9.1274901" lon="148.5335115"/>
      <trkpt lat="-9.1276329" lon="148.5334532"/>
      <trkpt lat="-9.1278086" lon="148.5334417"/>
      <trkpt lat="-9.1279801" lon="148.5334133"/>
      <trkpt lat="-9.1281492" lon="148.5333785"/>
      <trkpt lat="-9.1283098" lon="148.5333714"/>
      <trkpt lat="-9.1284726" lon="148.5333913"/>
      <trkpt lat="-9.1286243" lon="148.5334613"/>
      <trkpt lat="-9.1287729" lon="148.5335311"/>
      <trkpt lat="-9.1288924" lon="148.5336349"/>
      <trkpt lat="-9.1290160" lon="148.5337351"/>
      <trkpt lat="-9.1291388" lon="148.5338546"/>
      <trkpt lat="-9.1292473" lon="148.5339789"/>
      <trkpt lat="-9.1293374" lon="148.5341180"/>
      <trkpt lat="-9.1293828" lon="148.5342788"/>
      <trkpt lat="-9.1294391" lon="148.5344414"/>
      <trkpt lat="-9.1294761" lon="148.5346146"/>
      <trkpt lat="-9.1295324" lon="148.5347753"/>
      <trkpt lat="-9.1295735" lon="148.5349414"/>
      <trkpt lat="-9.1296409" lon="148.5350950"/>
      <trkpt lat="-9.1297053" lon="148.5352577"/>
      <trkpt lat="-9.1297782" lon="148.5354175"/>
      <trkpt lat="-9.1298549" lon="148.5355753"/>
      <trkpt lat="-9.1299741" lon="148.5356755"/>
      <trkpt lat="-9.1301351" lon="148.5357243"/>
      <trkpt lat="-9.1303078" lon="148.5357517"/>
      <trkpt lat="-9.1304615" lon="148.5358134"/>
      <trkpt lat="-9.1305838" lon="148.5359062"/>
      <trkpt lat="-9.1306918" lon="148.5360205"/>
      <trkpt lat="-9.1308158" lon="148.5360899"/>
      <trkpt lat="-9.1309329" lon="148.5361169"/>
      <trkpt lat="-9.1310333" lon="148.5360933"/>
    </trkseg>
    <trkseg>
      <trkpt lat="-9.1342533" lon="148.5322500"/>
      <trkpt lat="-9.1342961" lon="148.5322671"/>
      <trkpt lat="-9.1343890" lon="148.5323040"/>
      <trkpt lat="-9.1345336" lon="148.5323526"/>
      <trkpt lat="-9.1346800" lon="148.5323420"/>
      <trkpt lat="-9.1348167" lon="148.5322883"/>
    </trkseg>
    <trkseg>
      <trkpt lat="-9.1348900" lon="148.5323417"/>
      <trkpt lat="-9.1350061" lon="148.5323277"/>
      <trkpt lat="-9.1351135" lon="148.5323855"/>
      <trkpt lat="-9.1352076" lon="148.5324547"/>
      <trkpt lat="-9.1353316" lon="148.5324501"/>
      <trkpt lat="-9.1354630" lon="148.5324088"/>
      <trkpt lat="-9.1356132" lon="148.5323783"/>
      <trkpt lat="-9.1357758" lon="148.5323555"/>
      <trkpt lat="-9.1359212" lon="148.5323529"/>
      <trkpt lat="-9.1360576" lon="148.5323406"/>
      <trkpt lat="-9.1361806" lon="148.5323780"/>
      <trkpt lat="-9.1363177" lon="148.5323545"/>
      <trkpt lat="-9.1364393" lon="148.5323408"/>
      <trkpt lat="-9.1365483" lon="148.5322800"/>
    </trkseg>
    <trkseg>
      <trkpt lat="-9.1366250" lon="148.5323733"/>
      <trkpt lat="-9.1367729" lon="148.5323360"/>
      <trkpt lat="-9.1369298" lon="148.5323428"/>
      <trkpt lat="-9.1370923" lon="148.5323692"/>
      <trkpt lat="-9.1372587" lon="148.5323849"/>
      <trkpt lat="-9.1374191" lon="148.5324050"/>
      <trkpt lat="-9.1375306" lon="148.5324704"/>
      <trkpt lat="-9.1376439" lon="148.5325073"/>
      <trkpt lat="-9.1377649" lon="148.5325326"/>
      <trkpt lat="-9.1379287" lon="148.5325490"/>
      <trkpt lat="-9.1380847" lon="148.5325424"/>
      <trkpt lat="-9.1382310" lon="148.5325334"/>
      <trkpt lat="-9.1383585" lon="148.5325244"/>
      <trkpt lat="-9.1384799" lon="148.5325452"/>
      <trkpt lat="-9.1385758" lon="148.5326115"/>
      <trkpt lat="-9.1387007" lon="148.5326492"/>
      <trkpt lat="-9.1388246" lon="148.5326734"/>
      <trkpt lat="-9.1389539" lon="148.5327019"/>
      <trkpt lat="-9.1390629" lon="148.5327803"/>
      <trkpt lat="-9.1391363" lon="148.5329328"/>
      <trkpt lat="-9.1391571" lon="148.5330909"/>
      <trkpt lat="-9.1391532" lon="148.5332066"/>
      <trkpt lat="-9.1391946" lon="148.5332293"/>
      <trkpt lat="-9.1392846" lon="148.5331571"/>
      <trkpt lat="-9.1393867" lon="148.5330450"/>
    </trkseg>
    <trkseg>
      <trkpt lat="-9.1394550" lon="148.5329567"/>
      <trkpt lat="-9.1395285" lon="148.5328806"/>
      <trkpt lat="-9.1395492" lon="148.5328964"/>
      <trkpt lat="-9.1395476" lon="148.5329042"/>
      <trkpt lat="-9.1395595" lon="148.5328352"/>
      <trkpt lat="-9.1396129" lon="148.5327685"/>
      <trkpt lat="-9.1396990" lon="148.5327173"/>
      <trkpt lat="-9.1397859" lon="148.5326637"/>
      <trkpt lat="-9.1398737" lon="148.5325098"/>
      <trkpt lat="-9.1399603" lon="148.5323552"/>
      <trkpt lat="-9.1400296" lon="148.5322813"/>
      <trkpt lat="-9.1400782" lon="148.5323233"/>
      <trkpt lat="-9.1401258" lon="148.5324068"/>
      <trkpt lat="-9.1401725" lon="148.5324689"/>
      <trkpt lat="-9.1402250" lon="148.5324767"/>
    </trkseg>
    <trkseg>
      <trkpt lat="-9.1403133" lon="148.5325067"/>
      <trkpt lat="-9.1404693" lon="148.5324418"/>
      <trkpt lat="-9.1406141" lon="148.5323667"/>
      <trkpt lat="-9.1406970" lon="148.5322603"/>
      <trkpt lat="-9.1407471" lon="148.5321141"/>
      <trkpt lat="-9.1408112" lon="148.5319772"/>
      <trkpt lat="-9.1409316" lon="148.5318624"/>
      <trkpt lat="-9.1410784" lon="148.5317682"/>
      <trkpt lat="-9.1412211" lon="148.5316663"/>
      <trkpt lat="-9.1413423" lon="148.5315483"/>
      <trkpt lat="-9.1414451" lon="148.5314130"/>
      <trkpt lat="-9.1415348" lon="148.5312637"/>
      <trkpt lat="-9.1416307" lon="148.5311205"/>
      <trkpt lat="-9.1417120" lon="148.5309864"/>
      <trkpt lat="-9.1418146" lon="148.5308962"/>
      <trkpt lat="-9.1419184" lon="148.5308167"/>
      <trkpt lat="-9.1420410" lon="148.5307311"/>
      <trkpt lat="-9.1421156" lon="148.5306239"/>
      <trkpt lat="-9.1421683" lon="148.5305250"/>
    </trkseg>
    <trkseg>
      <trkpt lat="-9.1420400" lon="148.5306567"/>
      <trkpt lat="-9.1421433" lon="148.5306667"/>
    </trkseg>
    <trkseg>
      <trkpt lat="-9.1219100" lon="148.5304633"/>
      <trkpt lat="-9.1219350" lon="148.5305517"/>
    </trkseg>
    <trkseg>
      <trkpt lat="-9.1220833" lon="148.5305800"/>
      <trkpt lat="-9.1222573" lon="148.5305315"/>
      <trkpt lat="-9.1223917" lon="148.5305400"/>
    </trkseg>
    <trkseg>
      <trkpt lat="-9.1225200" lon="148.5305583"/>
      <trkpt lat="-9.1226899" lon="148.5306000"/>
      <trkpt lat="-9.1228567" lon="148.5306414"/>
      <trkpt lat="-9.1230111" lon="148.5307004"/>
      <trkpt lat="-9.1231172" lon="148.5307887"/>
      <trkpt lat="-9.1232214" lon="148.5308864"/>
      <trkpt lat="-9.1233109" lon="148.5310032"/>
      <trkpt lat="-9.1234560" lon="148.5310824"/>
      <trkpt lat="-9.1235719" lon="148.5311730"/>
      <trkpt lat="-9.1237150" lon="148.5312242"/>
      <trkpt lat="-9.1238524" lon="148.5312893"/>
      <trkpt lat="-9.1240190" lon="148.5313485"/>
      <trkpt lat="-9.1241768" lon="148.5314288"/>
      <trkpt lat="-9.1243385" lon="148.5314650"/>
      <trkpt lat="-9.1245033" lon="148.5314937"/>
      <trkpt lat="-9.1246690" lon="148.5315078"/>
      <trkpt lat="-9.1248115" lon="148.5315779"/>
      <trkpt lat="-9.1249374" lon="148.5316737"/>
      <trkpt lat="-9.1250351" lon="148.5318027"/>
      <trkpt lat="-9.1251458" lon="148.5319138"/>
      <trkpt lat="-9.1252398" lon="148.5320336"/>
      <trkpt lat="-9.1253592" lon="148.5321407"/>
      <trkpt lat="-9.1254795" lon="148.5322541"/>
      <trkpt lat="-9.1256140" lon="148.5323590"/>
      <trkpt lat="-9.1257379" lon="148.5324694"/>
      <trkpt lat="-9.1258712" lon="148.5325673"/>
      <trkpt lat="-9.1259901" lon="148.5326697"/>
      <trkpt lat="-9.1261133" lon="148.5327734"/>
      <trkpt lat="-9.1261871" lon="148.5328749"/>
      <trkpt lat="-9.1262450" lon="148.5329383"/>
    </trkseg>
    <trkseg>
      <trkpt lat="-9.1263300" lon="148.5329850"/>
      <trkpt lat="-9.1264794" lon="148.5330856"/>
      <trkpt lat="-9.1266044" lon="148.5332090"/>
      <trkpt lat="-9.1267257" lon="148.5333307"/>
      <trkpt lat="-9.1268558" lon="148.5334254"/>
      <trkpt lat="-9.1270127" lon="148.5334669"/>
      <trkpt lat="-9.1271582" lon="148.5335085"/>
      <trkpt lat="-9.1272867" lon="148.5335667"/>
    </trkseg>
    <trkseg>
      <trkpt lat="-9.1273800" lon="148.5336183"/>
      <trkpt lat="-9.1274901" lon="148.5335115"/>
      <trkpt lat="-9.1276329" lon="148.5334532"/>
      <trkpt lat="-9.1278086" lon="148.5334417"/>
      <trkpt lat="-9.1279801" lon="148.5334133"/>
      <trkpt lat="-9.1281492" lon="148.5333785"/>
      <trkpt lat="-9.1283098" lon="148.5333714"/>
      <trkpt lat="-9.1284726" lon="148.5333913"/>
      <trkpt lat="-9.1286243" lon="148.5334613"/>
      <trkpt lat="-9.1287729" lon="148.5335311"/>
      <trkpt lat="-9.1288924" lon="148.5336349"/>
      <trkpt lat="-9.1290160" lon="148.5337351"/>
      <trkpt lat="-9.1291388" lon="148.5338546"/>
      <trkpt lat="-9.1292473" lon="148.5339789"/>
      <trkpt lat="-9.1293374" lon="148.5341180"/>
      <trkpt lat="-9.1293828" lon="148.5342788"/>
      <trkpt lat="-9.1294391" lon="148.5344414"/>
      <trkpt lat="-9.1294761" lon="148.5346146"/>
      <trkpt lat="-9.1295324" lon="148.5347753"/>
      <trkpt lat="-9.1295735" lon="148.5349414"/>
      <trkpt lat="-9.1296409" lon="148.5350950"/>
      <trkpt lat="-9.1297053" lon="148.5352577"/>
      <trkpt lat="-9.1297782" lon="148.5354175"/>
      <trkpt lat="-9.1298549" lon="148.5355753"/>
      <trkpt lat="-9.1299741" lon="148.5356755"/>
      <trkpt lat="-9.1301351" lon="148.5357243"/>
      <trkpt lat="-9.1303078" lon="148.5357517"/>
      <trkpt lat="-9.1304615" lon="148.5358134"/>
      <trkpt lat="-9.1305838" lon="148.5359062"/>
      <trkpt lat="-9.1306918" lon="148.5360205"/>
      <trkpt lat="-9.1308158" lon="148.5360899"/>
      <trkpt lat="-9.1309329" lon="148.5361169"/>
      <trkpt lat="-9.1310333" lon="148.5360933"/>
    </trkseg>
    <trkseg>
      <trkpt lat="-9.1342533" lon="148.5322500"/>
      <trkpt lat="-9.1342961" lon="148.5322671"/>
      <trkpt lat="-9.1343890" lon="148.5323040"/>
      <trkpt lat="-9.1345336" lon="148.5323526"/>
      <trkpt lat="-9.1346800" lon="148.5323420"/>
      <trkpt lat="-9.1348167" lon="148.5322883"/>
    </trkseg>
    <trkseg>
      <trkpt lat="-9.1348900" lon="148.5323417"/>
      <trkpt lat="-9.1350061" lon="148.5323277"/>
      <trkpt lat="-9.1351135" lon="148.5323855"/>
      <trkpt lat="-9.1352076" lon="148.5324547"/>
      <trkpt lat="-9.1353316" lon="148.5324501"/>
      <trkpt lat="-9.1354630" lon="148.5324088"/>
      <trkpt lat="-9.1356132" lon="148.5323783"/>
      <trkpt lat="-9.1357758" lon="148.5323555"/>
      <trkpt lat="-9.1359212" lon="148.5323529"/>
      <trkpt lat="-9.1360576" lon="148.5323406"/>
      <trkpt lat="-9.1361806" lon="148.5323780"/>
      <trkpt lat="-9.1363177" lon="148.5323545"/>
      <trkpt lat="-9.1364393" lon="148.5323408"/>
      <trkpt lat="-9.1365483" lon="148.5322800"/>
    </trkseg>
    <trkseg>
      <trkpt lat="-9.1366250" lon="148.5323733"/>
      <trkpt lat="-9.1367729" lon="148.5323360"/>
      <trkpt lat="-9.1369298" lon="148.5323428"/>
      <trkpt lat="-9.1370923" lon="148.5323692"/>
      <trkpt lat="-9.1372587" lon="148.5323849"/>
      <trkpt lat="-9.1374191" lon="148.5324050"/>
      <trkpt lat="-9.1375306" lon="148.5324704"/>
      <trkpt lat="-9.1376439" lon="148.5325073"/>
      <trkpt lat="-9.1377649" lon="148.5325326"/>
      <trkpt lat="-9.1379287" lon="148.5325490"/>
      <trkpt lat="-9.1380847" lon="148.5325424"/>
      <trkpt lat="-9.1382310" lon="148.5325334"/>
      <trkpt lat="-9.1383585" lon="148.5325244"/>
      <trkpt lat="-9.1384799" lon="148.5325452"/>
      <trkpt lat="-9.1385758" lon="148.5326115"/>
      <trkpt lat="-9.1387007" lon="148.5326492"/>
      <trkpt lat="-9.1388246" lon="148.5326734"/>
      <trkpt lat="-9.1389539" lon="148.5327019"/>
      <trkpt lat="-9.1390629" lon="148.5327803"/>
      <trkpt lat="-9.1391363" lon="148.5329328"/>
      <trkpt lat="-9.1391571" lon="148.5330909"/>
      <trkpt lat="-9.1391532" lon="148.5332066"/>
      <trkpt lat="-9.1391946" lon="148.5332293"/>
      <trkpt lat="-9.1392846" lon="148.5331571"/>
      <trkpt lat="-9.1393867" lon="148.5330450"/>
    </trkseg>
    <trkseg>
      <trkpt lat="-9.1394550" lon="148.5329567"/>
      <trkpt lat="-9.1395285" lon="148.5328806"/>
      <trkpt lat="-9.1395492" lon="148.5328964"/>
      <trkpt lat="-9.1395476" lon="148.5329042"/>
      <trkpt lat="-9.1395595" lon="148.5328352"/>
      <trkpt lat="-9.1396129" lon="148.5327685"/>
      <trkpt lat="-9.1396990" lon="148.5327173"/>
      <trkpt lat="-9.1397859" lon="148.5326637"/>
      <trkpt lat="-9.1398737" lon="148.5325098"/>
      <trkpt lat="-9.1399603" lon="148.5323552"/>
      <trkpt lat="-9.1400296" lon="148.5322813"/>
      <trkpt lat="-9.1400782" lon="148.5323233"/>
      <trkpt lat="-9.1401258" lon="148.5324068"/>
      <trkpt lat="-9.1401725" lon="148.5324689"/>
      <trkpt lat="-9.1402250" lon="148.5324767"/>
    </trkseg>
    <trkseg>
      <trkpt lat="-9.1403133" lon="148.5325067"/>
      <trkpt lat="-9.1404693" lon="148.5324418"/>
      <trkpt lat="-9.1406141" lon="148.5323667"/>
      <trkpt lat="-9.1406970" lon="148.5322603"/>
      <trkpt lat="-9.1407471" lon="148.5321141"/>
      <trkpt lat="-9.1408112" lon="148.5319772"/>
      <trkpt lat="-9.1409316" lon="148.5318624"/>
      <trkpt lat="-9.1410784" lon="148.5317682"/>
      <trkpt lat="-9.1412211" lon="148.5316663"/>
      <trkpt lat="-9.1413423" lon="148.5315483"/>
      <trkpt lat="-9.1414451" lon="148.5314130"/>
      <trkpt lat="-9.1415348" lon="148.5312637"/>
      <trkpt lat="-9.1416307" lon="148.5311205"/>
      <trkpt lat="-9.1417120" lon="148.5309864"/>
      <trkpt lat="-9.1418146" lon="148.5308962"/>
      <trkpt lat="-9.1419184" lon="148.5308167"/>
      <trkpt lat="-9.1420410" lon="148.5307311"/>
      <trkpt lat="-9.1421156" lon="148.5306239"/>
      <trkpt lat="-9.1421683" lon="148.5305250"/>
    </trkseg>
    <trkseg>
      <trkpt lat="-9.1420400" lon="148.5306567"/>
      <trkpt lat="-9.1421433" lon="148.5306667"/>
    </trkseg>
    <trkseg>
      <trkpt lat="-9.1422683" lon="148.5306150"/>
      <trkpt lat="-9.1423805" lon="148.5305035"/>
      <trkpt lat="-9.1425106" lon="148.5304354"/>
      <trkpt lat="-9.1426234" lon="148.5303778"/>
      <trkpt lat="-9.1427632" lon="148.5303378"/>
      <trkpt lat="-9.1429005" lon="148.5302793"/>
      <trkpt lat="-9.1430704" lon="148.5302552"/>
      <trkpt lat="-9.1432312" lon="148.5302793"/>
      <trkpt lat="-9.1433757" lon="148.5303606"/>
      <trkpt lat="-9.1435045" lon="148.5304768"/>
      <trkpt lat="-9.1436281" lon="148.5306041"/>
      <trkpt lat="-9.1437624" lon="148.5307080"/>
      <trkpt lat="-9.1438920" lon="148.5307793"/>
      <trkpt lat="-9.1440167" lon="148.5308167"/>
    </trkseg>
    <trkseg>
      <trkpt lat="-9.1219100" lon="148.5304633"/>
      <trkpt lat="-9.1219350" lon="148.5305517"/>
    </trkseg>
    <trkseg>
      <trkpt lat="-9.1220833" lon="148.5305800"/>
      <trkpt lat="-9.1222573" lon="148.5305315"/>
      <trkpt lat="-9.1223917" lon="148.5305400"/>
    </trkseg>
    <trkseg>
      <trkpt lat="-9.1225200" lon="148.5305583"/>
      <trkpt lat="-9.1226899" lon="148.5306000"/>
      <trkpt lat="-9.1228567" lon="148.5306414"/>
      <trkpt lat="-9.1230111" lon="148.5307004"/>
      <trkpt lat="-9.1231172" lon="148.5307887"/>
      <trkpt lat="-9.1232214" lon="148.5308864"/>
      <trkpt lat="-9.1233109" lon="148.5310032"/>
      <trkpt lat="-9.1234560" lon="148.5310824"/>
      <trkpt lat="-9.1235719" lon="148.5311730"/>
      <trkpt lat="-9.1237150" lon="148.5312242"/>
      <trkpt lat="-9.1238524" lon="148.5312893"/>
      <trkpt lat="-9.1240190" lon="148.5313485"/>
      <trkpt lat="-9.1241768" lon="148.5314288"/>
      <trkpt lat="-9.1243385" lon="148.5314650"/>
      <trkpt lat="-9.1245033" lon="148.5314937"/>
      <trkpt lat="-9.1246690" lon="148.5315078"/>
      <trkpt lat="-9.1248115" lon="148.5315779"/>
      <trkpt lat="-9.1249374" lon="148.5316737"/>
      <trkpt lat="-9.1250351" lon="148.5318027"/>
      <trkpt lat="-9.1251458" lon="148.5319138"/>
      <trkpt lat="-9.1252398" lon="148.5320336"/>
      <trkpt lat="-9.1253592" lon="148.5321407"/>
      <trkpt lat="-9.1254795" lon="148.5322541"/>
      <trkpt lat="-9.1256140" lon="148.5323590"/>
      <trkpt lat="-9.1257379" lon="148.5324694"/>
      <trkpt lat="-9.1258712" lon="148.5325673"/>
      <trkpt lat="-9.1259901" lon="148.5326697"/>
      <trkpt lat="-9.1261133" lon="148.5327734"/>
      <trkpt lat="-9.1261871" lon="148.5328749"/>
      <trkpt lat="-9.1262450" lon="148.5329383"/>
    </trkseg>
    <trkseg>
      <trkpt lat="-9.1263300" lon="148.5329850"/>
      <trkpt lat="-9.1264794" lon="148.5330856"/>
      <trkpt lat="-9.1266044" lon="148.5332090"/>
      <trkpt lat="-9.1267257" lon="148.5333307"/>
      <trkpt lat="-9.1268558" lon="148.5334254"/>
      <trkpt lat="-9.1270127" lon="148.5334669"/>
      <trkpt lat="-9.1271582" lon="148.5335085"/>
      <trkpt lat="-9.1272867" lon="148.5335667"/>
    </trkseg>
    <trkseg>
      <trkpt lat="-9.1273800" lon="148.5336183"/>
      <trkpt lat="-9.1274901" lon="148.5335115"/>
      <trkpt lat="-9.1276329" lon="148.5334532"/>
      <trkpt lat="-9.1278086" lon="148.5334417"/>
      <trkpt lat="-9.1279801" lon="148.5334133"/>
      <trkpt lat="-9.1281492" lon="148.5333785"/>
      <trkpt lat="-9.1283098" lon="148.5333714"/>
      <trkpt lat="-9.1284726" lon="148.5333913"/>
      <trkpt lat="-9.1286243" lon="148.5334613"/>
      <trkpt lat="-9.1287729" lon="148.5335311"/>
      <trkpt lat="-9.1288924" lon="148.5336349"/>
      <trkpt lat="-9.1290160" lon="148.5337351"/>
      <trkpt lat="-9.1291388" lon="148.5338546"/>
      <trkpt lat="-9.1292473" lon="148.5339789"/>
      <trkpt lat="-9.1293374" lon="148.5341180"/>
      <trkpt lat="-9.1293828" lon="148.5342788"/>
      <trkpt lat="-9.1294391" lon="148.5344414"/>
      <trkpt lat="-9.1294761" lon="148.5346146"/>
      <trkpt lat="-9.1295324" lon="148.5347753"/>
      <trkpt lat="-9.1295735" lon="148.5349414"/>
      <trkpt lat="-9.1296409" lon="148.5350950"/>
      <trkpt lat="-9.1297053" lon="148.5352577"/>
      <trkpt lat="-9.1297782" lon="148.5354175"/>
      <trkpt lat="-9.1298549" lon="148.5355753"/>
      <trkpt lat="-9.1299741" lon="148.5356755"/>
      <trkpt lat="-9.1301351" lon="148.5357243"/>
      <trkpt lat="-9.1303078" lon="148.5357517"/>
      <trkpt lat="-9.1304615" lon="148.5358134"/>
      <trkpt lat="-9.1305838" lon="148.5359062"/>
      <trkpt lat="-9.1306918" lon="148.5360205"/>
      <trkpt lat="-9.1308158" lon="148.5360899"/>
      <trkpt lat="-9.1309329" lon="148.5361169"/>
      <trkpt lat="-9.1310333" lon="148.5360933"/>
    </trkseg>
    <trkseg>
      <trkpt lat="-9.1342533" lon="148.5322500"/>
      <trkpt lat="-9.1342961" lon="148.5322671"/>
      <trkpt lat="-9.1343890" lon="148.5323040"/>
      <trkpt lat="-9.1345336" lon="148.5323526"/>
      <trkpt lat="-9.1346800" lon="148.5323420"/>
      <trkpt lat="-9.1348167" lon="148.5322883"/>
    </trkseg>
    <trkseg>
      <trkpt lat="-9.1348900" lon="148.5323417"/>
      <trkpt lat="-9.1350061" lon="148.5323277"/>
      <trkpt lat="-9.1351135" lon="148.5323855"/>
      <trkpt lat="-9.1352076" lon="148.5324547"/>
      <trkpt lat="-9.1353316" lon="148.5324501"/>
      <trkpt lat="-9.1354630" lon="148.5324088"/>
      <trkpt lat="-9.1356132" lon="148.5323783"/>
      <trkpt lat="-9.1357758" lon="148.5323555"/>
      <trkpt lat="-9.1359212" lon="148.5323529"/>
      <trkpt lat="-9.1360576" lon="148.5323406"/>
      <trkpt lat="-9.1361806" lon="148.5323780"/>
      <trkpt lat="-9.1363177" lon="148.5323545"/>
      <trkpt lat="-9.1364393" lon="148.5323408"/>
      <trkpt lat="-9.1365483" lon="148.5322800"/>
    </trkseg>
    <trkseg>
      <trkpt lat="-9.1366250" lon="148.5323733"/>
      <trkpt lat="-9.1367729" lon="148.5323360"/>
      <trkpt lat="-9.1369298" lon="148.5323428"/>
      <trkpt lat="-9.1370923" lon="148.5323692"/>
      <trkpt lat="-9.1372587" lon="148.5323849"/>
      <trkpt lat="-9.1374191" lon="148.5324050"/>
      <trkpt lat="-9.1375306" lon="148.5324704"/>
      <trkpt lat="-9.1376439" lon="148.5325073"/>
      <trkpt lat="-9.1377649" lon="148.5325326"/>
      <trkpt lat="-9.1379287" lon="148.5325490"/>
      <trkpt lat="-9.1380847" lon="148.5325424"/>
      <trkpt lat="-9.1382310" lon="148.5325334"/>
      <trkpt lat="-9.1383585" lon="148.5325244"/>
      <trkpt lat="-9.1384799" lon="148.5325452"/>
      <trkpt lat="-9.1385758" lon="148.5326115"/>
      <trkpt lat="-9.1387007" lon="148.5326492"/>
      <trkpt lat="-9.1388246" lon="148.5326734"/>
      <trkpt lat="-9.1389539" lon="148.5327019"/>
      <trkpt lat="-9.1390629" lon="148.5327803"/>
      <trkpt lat="-9.1391363" lon="148.5329328"/>
      <trkpt lat="-9.1391571" lon="148.5330909"/>
      <trkpt lat="-9.1391532" lon="148.5332066"/>
      <trkpt lat="-9.1391946" lon="148.5332293"/>
      <trkpt lat="-9.1392846" lon="148.5331571"/>
      <trkpt lat="-9.1393867" lon="148.5330450"/>
    </trkseg>
    <trkseg>
      <trkpt lat="-9.1394550" lon="148.5329567"/>
      <trkpt lat="-9.1395285" lon="148.5328806"/>
      <trkpt lat="-9.1395492" lon="148.5328964"/>
      <trkpt lat="-9.1395476" lon="148.5329042"/>
      <trkpt lat="-9.1395595" lon="148.5328352"/>
      <trkpt lat="-9.1396129" lon="148.5327685"/>
      <trkpt lat="-9.1396990" lon="148.5327173"/>
      <trkpt lat="-9.1397859" lon="148.5326637"/>
      <trkpt lat="-9.1398737" lon="148.5325098"/>
      <trkpt lat="-9.1399603" lon="148.5323552"/>
      <trkpt lat="-9.1400296" lon="148.5322813"/>
      <trkpt lat="-9.1400782" lon="148.5323233"/>
      <trkpt lat="-9.1401258" lon="148.5324068"/>
      <trkpt lat="-9.1401725" lon="148.5324689"/>
      <trkpt lat="-9.1402250" lon="148.5324767"/>
    </trkseg>
    <trkseg>
      <trkpt lat="-9.1403133" lon="148.5325067"/>
      <trkpt lat="-9.1404693" lon="148.5324418"/>
      <trkpt lat="-9.1406141" lon="148.5323667"/>
      <trkpt lat="-9.1406970" lon="148.5322603"/>
      <trkpt lat="-9.1407471" lon="148.5321141"/>
      <trkpt lat="-9.1408112" lon="148.5319772"/>
      <trkpt lat="-9.1409316" lon="148.5318624"/>
      <trkpt lat="-9.1410784" lon="148.5317682"/>
      <trkpt lat="-9.1412211" lon="148.5316663"/>
      <trkpt lat="-9.1413423" lon="148.5315483"/>
      <trkpt lat="-9.1414451" lon="148.5314130"/>
      <trkpt lat="-9.1415348" lon="148.5312637"/>
      <trkpt lat="-9.1416307" lon="148.5311205"/>
      <trkpt lat="-9.1417120" lon="148.5309864"/>
      <trkpt lat="-9.1418146" lon="148.5308962"/>
      <trkpt lat="-9.1419184" lon="148.5308167"/>
      <trkpt lat="-9.1420410" lon="148.5307311"/>
      <trkpt lat="-9.1421156" lon="148.5306239"/>
      <trkpt lat="-9.1421683" lon="148.5305250"/>
    </trkseg>
    <trkseg>
      <trkpt lat="-9.1420400" lon="148.5306567"/>
      <trkpt lat="-9.1421433" lon="148.5306667"/>
    </trkseg>
    <trkseg>
      <trkpt lat="-9.1422683" lon="148.5306150"/>
      <trkpt lat="-9.1423805" lon="148.5305035"/>
      <trkpt lat="-9.1425106" lon="148.5304354"/>
      <trkpt lat="-9.1426234" lon="148.5303778"/>
      <trkpt lat="-9.1427632" lon="148.5303378"/>
      <trkpt lat="-9.1429005" lon="148.5302793"/>
      <trkpt lat="-9.1430704" lon="148.5302552"/>
      <trkpt lat="-9.1432312" lon="148.5302793"/>
      <trkpt lat="-9.1433757" lon="148.5303606"/>
      <trkpt lat="-9.1435045" lon="148.5304768"/>
      <trkpt lat="-9.1436281" lon="148.5306041"/>
      <trkpt lat="-9.1437624" lon="148.5307080"/>
      <trkpt lat="-9.1438920" lon="148.5307793"/>
      <trkpt lat="-9.1440167" lon="148.5308167"/>
    </trkseg>
    <trkseg>
      <trkpt lat="-9.1441117" lon="148.5308400"/>
      <trkpt lat="-9.1442399" lon="148.5307557"/>
      <trkpt lat="-9.1443500" lon="148.5306381"/>
      <trkpt lat="-9.1444351" lon="148.5304941"/>
      <trkpt lat="-9.1445300" lon="148.5303667"/>
    </trkseg>
    <trkseg>
      <trkpt lat="-9.1219100" lon="148.5304633"/>
      <trkpt lat="-9.1219350" lon="148.5305517"/>
    </trkseg>
    <trkseg>
      <trkpt lat="-9.1220833" lon="148.5305800"/>
      <trkpt lat="-9.1222573" lon="148.5305315"/>
      <trkpt lat="-9.1223917" lon="148.5305400"/>
    </trkseg>
    <trkseg>
      <trkpt lat="-9.1225200" lon="148.5305583"/>
      <trkpt lat="-9.1226899" lon="148.5306000"/>
      <trkpt lat="-9.1228567" lon="148.5306414"/>
      <trkpt lat="-9.1230111" lon="148.5307004"/>
      <trkpt lat="-9.1231172" lon="148.5307887"/>
      <trkpt lat="-9.1232214" lon="148.5308864"/>
      <trkpt lat="-9.1233109" lon="148.5310032"/>
      <trkpt lat="-9.1234560" lon="148.5310824"/>
      <trkpt lat="-9.1235719" lon="148.5311730"/>
      <trkpt lat="-9.1237150" lon="148.5312242"/>
      <trkpt lat="-9.1238524" lon="148.5312893"/>
      <trkpt lat="-9.1240190" lon="148.5313485"/>
      <trkpt lat="-9.1241768" lon="148.5314288"/>
      <trkpt lat="-9.1243385" lon="148.5314650"/>
      <trkpt lat="-9.1245033" lon="148.5314937"/>
      <trkpt lat="-9.1246690" lon="148.5315078"/>
      <trkpt lat="-9.1248115" lon="148.5315779"/>
      <trkpt lat="-9.1249374" lon="148.5316737"/>
      <trkpt lat="-9.1250351" lon="148.5318027"/>
      <trkpt lat="-9.1251458" lon="148.5319138"/>
      <trkpt lat="-9.1252398" lon="148.5320336"/>
      <trkpt lat="-9.1253592" lon="148.5321407"/>
      <trkpt lat="-9.1254795" lon="148.5322541"/>
      <trkpt lat="-9.1256140" lon="148.5323590"/>
      <trkpt lat="-9.1257379" lon="148.5324694"/>
      <trkpt lat="-9.1258712" lon="148.5325673"/>
      <trkpt lat="-9.1259901" lon="148.5326697"/>
      <trkpt lat="-9.1261133" lon="148.5327734"/>
      <trkpt lat="-9.1261871" lon="148.5328749"/>
      <trkpt lat="-9.1262450" lon="148.5329383"/>
    </trkseg>
    <trkseg>
      <trkpt lat="-9.1263300" lon="148.5329850"/>
      <trkpt lat="-9.1264794" lon="148.5330856"/>
      <trkpt lat="-9.1266044" lon="148.5332090"/>
      <trkpt lat="-9.1267257" lon="148.5333307"/>
      <trkpt lat="-9.1268558" lon="148.5334254"/>
      <trkpt lat="-9.1270127" lon="148.5334669"/>
      <trkpt lat="-9.1271582" lon="148.5335085"/>
      <trkpt lat="-9.1272867" lon="148.5335667"/>
    </trkseg>
    <trkseg>
      <trkpt lat="-9.1273800" lon="148.5336183"/>
      <trkpt lat="-9.1274901" lon="148.5335115"/>
      <trkpt lat="-9.1276329" lon="148.5334532"/>
      <trkpt lat="-9.1278086" lon="148.5334417"/>
      <trkpt lat="-9.1279801" lon="148.5334133"/>
      <trkpt lat="-9.1281492" lon="148.5333785"/>
      <trkpt lat="-9.1283098" lon="148.5333714"/>
      <trkpt lat="-9.1284726" lon="148.5333913"/>
      <trkpt lat="-9.1286243" lon="148.5334613"/>
      <trkpt lat="-9.1287729" lon="148.5335311"/>
      <trkpt lat="-9.1288924" lon="148.5336349"/>
      <trkpt lat="-9.1290160" lon="148.5337351"/>
      <trkpt lat="-9.1291388" lon="148.5338546"/>
      <trkpt lat="-9.1292473" lon="148.5339789"/>
      <trkpt lat="-9.1293374" lon="148.5341180"/>
      <trkpt lat="-9.1293828" lon="148.5342788"/>
      <trkpt lat="-9.1294391" lon="148.5344414"/>
      <trkpt lat="-9.1294761" lon="148.5346146"/>
      <trkpt lat="-9.1295324" lon="148.5347753"/>
      <trkpt lat="-9.1295735" lon="148.5349414"/>
      <trkpt lat="-9.1296409" lon="148.5350950"/>
      <trkpt lat="-9.1297053" lon="148.5352577"/>
      <trkpt lat="-9.1297782" lon="148.5354175"/>
      <trkpt lat="-9.1298549" lon="148.5355753"/>
      <trkpt lat="-9.1299741" lon="148.5356755"/>
      <trkpt lat="-9.1301351" lon="148.5357243"/>
      <trkpt lat="-9.1303078" lon="148.5357517"/>
      <trkpt lat="-9.1304615" lon="148.5358134"/>
      <trkpt lat="-9.1305838" lon="148.5359062"/>
      <trkpt lat="-9.1306918" lon="148.5360205"/>
      <trkpt lat="-9.1308158" lon="148.5360899"/>
      <trkpt lat="-9.1309329" lon="148.5361169"/>
      <trkpt lat="-9.1310333" lon="148.5360933"/>
    </trkseg>
    <trkseg>
      <trkpt lat="-9.1342533" lon="148.5322500"/>
      <trkpt lat="-9.1342961" lon="148.5322671"/>
      <trkpt lat="-9.1343890" lon="148.5323040"/>
      <trkpt lat="-9.1345336" lon="148.5323526"/>
      <trkpt lat="-9.1346800" lon="148.5323420"/>
      <trkpt lat="-9.1348167" lon="148.5322883"/>
    </trkseg>
    <trkseg>
      <trkpt lat="-9.1348900" lon="148.5323417"/>
      <trkpt lat="-9.1350061" lon="148.5323277"/>
      <trkpt lat="-9.1351135" lon="148.5323855"/>
      <trkpt lat="-9.1352076" lon="148.5324547"/>
      <trkpt lat="-9.1353316" lon="148.5324501"/>
      <trkpt lat="-9.1354630" lon="148.5324088"/>
      <trkpt lat="-9.1356132" lon="148.5323783"/>
      <trkpt lat="-9.1357758" lon="148.5323555"/>
      <trkpt lat="-9.1359212" lon="148.5323529"/>
      <trkpt lat="-9.1360576" lon="148.5323406"/>
      <trkpt lat="-9.1361806" lon="148.5323780"/>
      <trkpt lat="-9.1363177" lon="148.5323545"/>
      <trkpt lat="-9.1364393" lon="148.5323408"/>
      <trkpt lat="-9.1365483" lon="148.5322800"/>
    </trkseg>
    <trkseg>
      <trkpt lat="-9.1366250" lon="148.5323733"/>
      <trkpt lat="-9.1367729" lon="148.5323360"/>
      <trkpt lat="-9.1369298" lon="148.5323428"/>
      <trkpt lat="-9.1370923" lon="148.5323692"/>
      <trkpt lat="-9.1372587" lon="148.5323849"/>
      <trkpt lat="-9.1374191" lon="148.5324050"/>
      <trkpt lat="-9.1375306" lon="148.5324704"/>
      <trkpt lat="-9.1376439" lon="148.5325073"/>
      <trkpt lat="-9.1377649" lon="148.5325326"/>
      <trkpt lat="-9.1379287" lon="148.5325490"/>
      <trkpt lat="-9.1380847" lon="148.5325424"/>
      <trkpt lat="-9.1382310" lon="148.5325334"/>
      <trkpt lat="-9.1383585" lon="148.5325244"/>
      <trkpt lat="-9.1384799" lon="148.5325452"/>
      <trkpt lat="-9.1385758" lon="148.5326115"/>
      <trkpt lat="-9.1387007" lon="148.5326492"/>
      <trkpt lat="-9.1388246" lon="148.5326734"/>
      <trkpt lat="-9.1389539" lon="148.5327019"/>
      <trkpt lat="-9.1390629" lon="148.5327803"/>
      <trkpt lat="-9.1391363" lon="148.5329328"/>
      <trkpt lat="-9.1391571" lon="148.5330909"/>
      <trkpt lat="-9.1391532" lon="148.5332066"/>
      <trkpt lat="-9.1391946" lon="148.5332293"/>
      <trkpt lat="-9.1392846" lon="148.5331571"/>
      <trkpt lat="-9.1393867" lon="148.5330450"/>
    </trkseg>
    <trkseg>
      <trkpt lat="-9.1394550" lon="148.5329567"/>
      <trkpt lat="-9.1395285" lon="148.5328806"/>
      <trkpt lat="-9.1395492" lon="148.5328964"/>
      <trkpt lat="-9.1395476" lon="148.5329042"/>
      <trkpt lat="-9.1395595" lon="148.5328352"/>
      <trkpt lat="-9.1396129" lon="148.5327685"/>
      <trkpt lat="-9.1396990" lon="148.5327173"/>
      <trkpt lat="-9.1397859" lon="148.5326637"/>
      <trkpt lat="-9.1398737" lon="148.5325098"/>
      <trkpt lat="-9.1399603" lon="148.5323552"/>
      <trkpt lat="-9.1400296" lon="148.5322813"/>
      <trkpt lat="-9.1400782" lon="148.5323233"/>
      <trkpt lat="-9.1401258" lon="148.5324068"/>
      <trkpt lat="-9.1401725" lon="148.5324689"/>
      <trkpt lat="-9.1402250" lon="148.5324767"/>
    </trkseg>
    <trkseg>
      <trkpt lat="-9.1403133" lon="148.5325067"/>
      <trkpt lat="-9.1404693" lon="148.5324418"/>
      <trkpt lat="-9.1406141" lon="148.5323667"/>
      <trkpt lat="-9.1406970" lon="148.5322603"/>
      <trkpt lat="-9.1407471" lon="148.5321141"/>
      <trkpt lat="-9.1408112" lon="148.5319772"/>
      <trkpt lat="-9.1409316" lon="148.5318624"/>
      <trkpt lat="-9.1410784" lon="148.5317682"/>
      <trkpt lat="-9.1412211" lon="148.5316663"/>
      <trkpt lat="-9.1413423" lon="148.5315483"/>
      <trkpt lat="-9.1414451" lon="148.5314130"/>
      <trkpt lat="-9.1415348" lon="148.5312637"/>
      <trkpt lat="-9.1416307" lon="148.5311205"/>
      <trkpt lat="-9.1417120" lon="148.5309864"/>
      <trkpt lat="-9.1418146" lon="148.5308962"/>
      <trkpt lat="-9.1419184" lon="148.5308167"/>
      <trkpt lat="-9.1420410" lon="148.5307311"/>
      <trkpt lat="-9.1421156" lon="148.5306239"/>
      <trkpt lat="-9.1421683" lon="148.5305250"/>
    </trkseg>
    <trkseg>
      <trkpt lat="-9.1420400" lon="148.5306567"/>
      <trkpt lat="-9.1421433" lon="148.5306667"/>
    </trkseg>
    <trkseg>
      <trkpt lat="-9.1422683" lon="148.5306150"/>
      <trkpt lat="-9.1423805" lon="148.5305035"/>
      <trkpt lat="-9.1425106" lon="148.5304354"/>
      <trkpt lat="-9.1426234" lon="148.5303778"/>
      <trkpt lat="-9.1427632" lon="148.5303378"/>
      <trkpt lat="-9.1429005" lon="148.5302793"/>
      <trkpt lat="-9.1430704" lon="148.5302552"/>
      <trkpt lat="-9.1432312" lon="148.5302793"/>
      <trkpt lat="-9.1433757" lon="148.5303606"/>
      <trkpt lat="-9.1435045" lon="148.5304768"/>
      <trkpt lat="-9.1436281" lon="148.5306041"/>
      <trkpt lat="-9.1437624" lon="148.5307080"/>
      <trkpt lat="-9.1438920" lon="148.5307793"/>
      <trkpt lat="-9.1440167" lon="148.5308167"/>
    </trkseg>
    <trkseg>
      <trkpt lat="-9.1441117" lon="148.5308400"/>
      <trkpt lat="-9.1442399" lon="148.5307557"/>
      <trkpt lat="-9.1443500" lon="148.5306381"/>
      <trkpt lat="-9.1444351" lon="148.5304941"/>
      <trkpt lat="-9.1445300" lon="148.5303667"/>
    </trkseg>
    <trkseg>
      <trkpt lat="-9.1445183" lon="148.5302067"/>
      <trkpt lat="-9.1446754" lon="148.5301486"/>
      <trkpt lat="-9.1448163" lon="148.5300605"/>
      <trkpt lat="-9.1449359" lon="148.5299378"/>
      <trkpt lat="-9.1450394" lon="148.5297968"/>
      <trkpt lat="-9.1450990" lon="148.5296749"/>
      <trkpt lat="-9.1451200" lon="148.5295767"/>
    </trkseg>
    <trkseg>
      <trkpt lat="-9.1219100" lon="148.5304633"/>
      <trkpt lat="-9.1219350" lon="148.5305517"/>
    </trkseg>
    <trkseg>
      <trkpt lat="-9.1220833" lon="148.5305800"/>
      <trkpt lat="-9.1222573" lon="148.5305315"/>
      <trkpt lat="-9.1223917" lon="148.5305400"/>
    </trkseg>
    <trkseg>
      <trkpt lat="-9.1225200" lon="148.5305583"/>
      <trkpt lat="-9.1226899" lon="148.5306000"/>
      <trkpt lat="-9.1228567" lon="148.5306414"/>
      <trkpt lat="-9.1230111" lon="148.5307004"/>
      <trkpt lat="-9.1231172" lon="148.5307887"/>
      <trkpt lat="-9.1232214" lon="148.5308864"/>
      <trkpt lat="-9.1233109" lon="148.5310032"/>
      <trkpt lat="-9.1234560" lon="148.5310824"/>
      <trkpt lat="-9.1235719" lon="148.5311730"/>
      <trkpt lat="-9.1237150" lon="148.5312242"/>
      <trkpt lat="-9.1238524" lon="148.5312893"/>
      <trkpt lat="-9.1240190" lon="148.5313485"/>
      <trkpt lat="-9.1241768" lon="148.5314288"/>
      <trkpt lat="-9.1243385" lon="148.5314650"/>
      <trkpt lat="-9.1245033" lon="148.5314937"/>
      <trkpt lat="-9.1246690" lon="148.5315078"/>
      <trkpt lat="-9.1248115" lon="148.5315779"/>
      <trkpt lat="-9.1249374" lon="148.5316737"/>
      <trkpt lat="-9.1250351" lon="148.5318027"/>
      <trkpt lat="-9.1251458" lon="148.5319138"/>
      <trkpt lat="-9.1252398" lon="148.5320336"/>
      <trkpt lat="-9.1253592" lon="148.5321407"/>
      <trkpt lat="-9.1254795" lon="148.5322541"/>
      <trkpt lat="-9.1256140" lon="148.5323590"/>
      <trkpt lat="-9.1257379" lon="148.5324694"/>
      <trkpt lat="-9.1258712" lon="148.5325673"/>
      <trkpt lat="-9.1259901" lon="148.5326697"/>
      <trkpt lat="-9.1261133" lon="148.5327734"/>
      <trkpt lat="-9.1261871" lon="148.5328749"/>
      <trkpt lat="-9.1262450" lon="148.5329383"/>
    </trkseg>
    <trkseg>
      <trkpt lat="-9.1263300" lon="148.5329850"/>
      <trkpt lat="-9.1264794" lon="148.5330856"/>
      <trkpt lat="-9.1266044" lon="148.5332090"/>
      <trkpt lat="-9.1267257" lon="148.5333307"/>
      <trkpt lat="-9.1268558" lon="148.5334254"/>
      <trkpt lat="-9.1270127" lon="148.5334669"/>
      <trkpt lat="-9.1271582" lon="148.5335085"/>
      <trkpt lat="-9.1272867" lon="148.5335667"/>
    </trkseg>
    <trkseg>
      <trkpt lat="-9.1273800" lon="148.5336183"/>
      <trkpt lat="-9.1274901" lon="148.5335115"/>
      <trkpt lat="-9.1276329" lon="148.5334532"/>
      <trkpt lat="-9.1278086" lon="148.5334417"/>
      <trkpt lat="-9.1279801" lon="148.5334133"/>
      <trkpt lat="-9.1281492" lon="148.5333785"/>
      <trkpt lat="-9.1283098" lon="148.5333714"/>
      <trkpt lat="-9.1284726" lon="148.5333913"/>
      <trkpt lat="-9.1286243" lon="148.5334613"/>
      <trkpt lat="-9.1287729" lon="148.5335311"/>
      <trkpt lat="-9.1288924" lon="148.5336349"/>
      <trkpt lat="-9.1290160" lon="148.5337351"/>
      <trkpt lat="-9.1291388" lon="148.5338546"/>
      <trkpt lat="-9.1292473" lon="148.5339789"/>
      <trkpt lat="-9.1293374" lon="148.5341180"/>
      <trkpt lat="-9.1293828" lon="148.5342788"/>
      <trkpt lat="-9.1294391" lon="148.5344414"/>
      <trkpt lat="-9.1294761" lon="148.5346146"/>
      <trkpt lat="-9.1295324" lon="148.5347753"/>
      <trkpt lat="-9.1295735" lon="148.5349414"/>
      <trkpt lat="-9.1296409" lon="148.5350950"/>
      <trkpt lat="-9.1297053" lon="148.5352577"/>
      <trkpt lat="-9.1297782" lon="148.5354175"/>
      <trkpt lat="-9.1298549" lon="148.5355753"/>
      <trkpt lat="-9.1299741" lon="148.5356755"/>
      <trkpt lat="-9.1301351" lon="148.5357243"/>
      <trkpt lat="-9.1303078" lon="148.5357517"/>
      <trkpt lat="-9.1304615" lon="148.5358134"/>
      <trkpt lat="-9.1305838" lon="148.5359062"/>
      <trkpt lat="-9.1306918" lon="148.5360205"/>
      <trkpt lat="-9.1308158" lon="148.5360899"/>
      <trkpt lat="-9.1309329" lon="148.5361169"/>
      <trkpt lat="-9.1310333" lon="148.5360933"/>
    </trkseg>
    <trkseg>
      <trkpt lat="-9.1342533" lon="148.5322500"/>
      <trkpt lat="-9.1342961" lon="148.5322671"/>
      <trkpt lat="-9.1343890" lon="148.5323040"/>
      <trkpt lat="-9.1345336" lon="148.5323526"/>
      <trkpt lat="-9.1346800" lon="148.5323420"/>
      <trkpt lat="-9.1348167" lon="148.5322883"/>
    </trkseg>
    <trkseg>
      <trkpt lat="-9.1348900" lon="148.5323417"/>
      <trkpt lat="-9.1350061" lon="148.5323277"/>
      <trkpt lat="-9.1351135" lon="148.5323855"/>
      <trkpt lat="-9.1352076" lon="148.5324547"/>
      <trkpt lat="-9.1353316" lon="148.5324501"/>
      <trkpt lat="-9.1354630" lon="148.5324088"/>
      <trkpt lat="-9.1356132" lon="148.5323783"/>
      <trkpt lat="-9.1357758" lon="148.5323555"/>
      <trkpt lat="-9.1359212" lon="148.5323529"/>
      <trkpt lat="-9.1360576" lon="148.5323406"/>
      <trkpt lat="-9.1361806" lon="148.5323780"/>
      <trkpt lat="-9.1363177" lon="148.5323545"/>
      <trkpt lat="-9.1364393" lon="148.5323408"/>
      <trkpt lat="-9.1365483" lon="148.5322800"/>
    </trkseg>
    <trkseg>
      <trkpt lat="-9.1366250" lon="148.5323733"/>
      <trkpt lat="-9.1367729" lon="148.5323360"/>
      <trkpt lat="-9.1369298" lon="148.5323428"/>
      <trkpt lat="-9.1370923" lon="148.5323692"/>
      <trkpt lat="-9.1372587" lon="148.5323849"/>
      <trkpt lat="-9.1374191" lon="148.5324050"/>
      <trkpt lat="-9.1375306" lon="148.5324704"/>
      <trkpt lat="-9.1376439" lon="148.5325073"/>
      <trkpt lat="-9.1377649" lon="148.5325326"/>
      <trkpt lat="-9.1379287" lon="148.5325490"/>
      <trkpt lat="-9.1380847" lon="148.5325424"/>
      <trkpt lat="-9.1382310" lon="148.5325334"/>
      <trkpt lat="-9.1383585" lon="148.5325244"/>
      <trkpt lat="-9.1384799" lon="148.5325452"/>
      <trkpt lat="-9.1385758" lon="148.5326115"/>
      <trkpt lat="-9.1387007" lon="148.5326492"/>
      <trkpt lat="-9.1388246" lon="148.5326734"/>
      <trkpt lat="-9.1389539" lon="148.5327019"/>
      <trkpt lat="-9.1390629" lon="148.5327803"/>
      <trkpt lat="-9.1391363" lon="148.5329328"/>
      <trkpt lat="-9.1391571" lon="148.5330909"/>
      <trkpt lat="-9.1391532" lon="148.5332066"/>
      <trkpt lat="-9.1391946" lon="148.5332293"/>
      <trkpt lat="-9.1392846" lon="148.5331571"/>
      <trkpt lat="-9.1393867" lon="148.5330450"/>
    </trkseg>
    <trkseg>
      <trkpt lat="-9.1394550" lon="148.5329567"/>
      <trkpt lat="-9.1395285" lon="148.5328806"/>
      <trkpt lat="-9.1395492" lon="148.5328964"/>
      <trkpt lat="-9.1395476" lon="148.5329042"/>
      <trkpt lat="-9.1395595" lon="148.5328352"/>
      <trkpt lat="-9.1396129" lon="148.5327685"/>
      <trkpt lat="-9.1396990" lon="148.5327173"/>
      <trkpt lat="-9.1397859" lon="148.5326637"/>
      <trkpt lat="-9.1398737" lon="148.5325098"/>
      <trkpt lat="-9.1399603" lon="148.5323552"/>
      <trkpt lat="-9.1400296" lon="148.5322813"/>
      <trkpt lat="-9.1400782" lon="148.5323233"/>
      <trkpt lat="-9.1401258" lon="148.5324068"/>
      <trkpt lat="-9.1401725" lon="148.5324689"/>
      <trkpt lat="-9.1402250" lon="148.5324767"/>
    </trkseg>
    <trkseg>
      <trkpt lat="-9.1403133" lon="148.5325067"/>
      <trkpt lat="-9.1404693" lon="148.5324418"/>
      <trkpt lat="-9.1406141" lon="148.5323667"/>
      <trkpt lat="-9.1406970" lon="148.5322603"/>
      <trkpt lat="-9.1407471" lon="148.5321141"/>
      <trkpt lat="-9.1408112" lon="148.5319772"/>
      <trkpt lat="-9.1409316" lon="148.5318624"/>
      <trkpt lat="-9.1410784" lon="148.5317682"/>
      <trkpt lat="-9.1412211" lon="148.5316663"/>
      <trkpt lat="-9.1413423" lon="148.5315483"/>
      <trkpt lat="-9.1414451" lon="148.5314130"/>
      <trkpt lat="-9.1415348" lon="148.5312637"/>
      <trkpt lat="-9.1416307" lon="148.5311205"/>
      <trkpt lat="-9.1417120" lon="148.5309864"/>
      <trkpt lat="-9.1418146" lon="148.5308962"/>
      <trkpt lat="-9.1419184" lon="148.5308167"/>
      <trkpt lat="-9.1420410" lon="148.5307311"/>
      <trkpt lat="-9.1421156" lon="148.5306239"/>
      <trkpt lat="-9.1421683" lon="148.5305250"/>
    </trkseg>
    <trkseg>
      <trkpt lat="-9.1420400" lon="148.5306567"/>
      <trkpt lat="-9.1421433" lon="148.5306667"/>
    </trkseg>
    <trkseg>
      <trkpt lat="-9.1422683" lon="148.5306150"/>
      <trkpt lat="-9.1423805" lon="148.5305035"/>
      <trkpt lat="-9.1425106" lon="148.5304354"/>
      <trkpt lat="-9.1426234" lon="148.5303778"/>
      <trkpt lat="-9.1427632" lon="148.5303378"/>
      <trkpt lat="-9.1429005" lon="148.5302793"/>
      <trkpt lat="-9.1430704" lon="148.5302552"/>
      <trkpt lat="-9.1432312" lon="148.5302793"/>
      <trkpt lat="-9.1433757" lon="148.5303606"/>
      <trkpt lat="-9.1435045" lon="148.5304768"/>
      <trkpt lat="-9.1436281" lon="148.5306041"/>
      <trkpt lat="-9.1437624" lon="148.5307080"/>
      <trkpt lat="-9.1438920" lon="148.5307793"/>
      <trkpt lat="-9.1440167" lon="148.5308167"/>
    </trkseg>
    <trkseg>
      <trkpt lat="-9.1441117" lon="148.5308400"/>
      <trkpt lat="-9.1442399" lon="148.5307557"/>
      <trkpt lat="-9.1443500" lon="148.5306381"/>
      <trkpt lat="-9.1444351" lon="148.5304941"/>
      <trkpt lat="-9.1445300" lon="148.5303667"/>
    </trkseg>
    <trkseg>
      <trkpt lat="-9.1445183" lon="148.5302067"/>
      <trkpt lat="-9.1446754" lon="148.5301486"/>
      <trkpt lat="-9.1448163" lon="148.5300605"/>
      <trkpt lat="-9.1449359" lon="148.5299378"/>
      <trkpt lat="-9.1450394" lon="148.5297968"/>
      <trkpt lat="-9.1450990" lon="148.5296749"/>
      <trkpt lat="-9.1451200" lon="148.5295767"/>
    </trkseg>
    <trkseg>
      <trkpt lat="-9.1451917" lon="148.5295167"/>
      <trkpt lat="-9.1452746" lon="148.5293676"/>
      <trkpt lat="-9.1453923" lon="148.5292517"/>
      <trkpt lat="-9.1455415" lon="148.5291604"/>
      <trkpt lat="-9.1456880" lon="148.5291179"/>
      <trkpt lat="-9.1458133" lon="148.5290967"/>
    </trkseg>
    <trkseg>
      <trkpt lat="-9.1219100" lon="148.5304633"/>
      <trkpt lat="-9.1219350" lon="148.5305517"/>
    </trkseg>
    <trkseg>
      <trkpt lat="-9.1220833" lon="148.5305800"/>
      <trkpt lat="-9.1222573" lon="148.5305315"/>
      <trkpt lat="-9.1223917" lon="148.5305400"/>
    </trkseg>
    <trkseg>
      <trkpt lat="-9.1225200" lon="148.5305583"/>
      <trkpt lat="-9.1226899" lon="148.5306000"/>
      <trkpt lat="-9.1228567" lon="148.5306414"/>
      <trkpt lat="-9.1230111" lon="148.5307004"/>
      <trkpt lat="-9.1231172" lon="148.5307887"/>
      <trkpt lat="-9.1232214" lon="148.5308864"/>
      <trkpt lat="-9.1233109" lon="148.5310032"/>
      <trkpt lat="-9.1234560" lon="148.5310824"/>
      <trkpt lat="-9.1235719" lon="148.5311730"/>
      <trkpt lat="-9.1237150" lon="148.5312242"/>
      <trkpt lat="-9.1238524" lon="148.5312893"/>
      <trkpt lat="-9.1240190" lon="148.5313485"/>
      <trkpt lat="-9.1241768" lon="148.5314288"/>
      <trkpt lat="-9.1243385" lon="148.5314650"/>
      <trkpt lat="-9.1245033" lon="148.5314937"/>
      <trkpt lat="-9.1246690" lon="148.5315078"/>
      <trkpt lat="-9.1248115" lon="148.5315779"/>
      <trkpt lat="-9.1249374" lon="148.5316737"/>
      <trkpt lat="-9.1250351" lon="148.5318027"/>
      <trkpt lat="-9.1251458" lon="148.5319138"/>
      <trkpt lat="-9.1252398" lon="148.5320336"/>
      <trkpt lat="-9.1253592" lon="148.5321407"/>
      <trkpt lat="-9.1254795" lon="148.5322541"/>
      <trkpt lat="-9.1256140" lon="148.5323590"/>
      <trkpt lat="-9.1257379" lon="148.5324694"/>
      <trkpt lat="-9.1258712" lon="148.5325673"/>
      <trkpt lat="-9.1259901" lon="148.5326697"/>
      <trkpt lat="-9.1261133" lon="148.5327734"/>
      <trkpt lat="-9.1261871" lon="148.5328749"/>
      <trkpt lat="-9.1262450" lon="148.5329383"/>
    </trkseg>
    <trkseg>
      <trkpt lat="-9.1263300" lon="148.5329850"/>
      <trkpt lat="-9.1264794" lon="148.5330856"/>
      <trkpt lat="-9.1266044" lon="148.5332090"/>
      <trkpt lat="-9.1267257" lon="148.5333307"/>
      <trkpt lat="-9.1268558" lon="148.5334254"/>
      <trkpt lat="-9.1270127" lon="148.5334669"/>
      <trkpt lat="-9.1271582" lon="148.5335085"/>
      <trkpt lat="-9.1272867" lon="148.5335667"/>
    </trkseg>
    <trkseg>
      <trkpt lat="-9.1273800" lon="148.5336183"/>
      <trkpt lat="-9.1274901" lon="148.5335115"/>
      <trkpt lat="-9.1276329" lon="148.5334532"/>
      <trkpt lat="-9.1278086" lon="148.5334417"/>
      <trkpt lat="-9.1279801" lon="148.5334133"/>
      <trkpt lat="-9.1281492" lon="148.5333785"/>
      <trkpt lat="-9.1283098" lon="148.5333714"/>
      <trkpt lat="-9.1284726" lon="148.5333913"/>
      <trkpt lat="-9.1286243" lon="148.5334613"/>
      <trkpt lat="-9.1287729" lon="148.5335311"/>
      <trkpt lat="-9.1288924" lon="148.5336349"/>
      <trkpt lat="-9.1290160" lon="148.5337351"/>
      <trkpt lat="-9.1291388" lon="148.5338546"/>
      <trkpt lat="-9.1292473" lon="148.5339789"/>
      <trkpt lat="-9.1293374" lon="148.5341180"/>
      <trkpt lat="-9.1293828" lon="148.5342788"/>
      <trkpt lat="-9.1294391" lon="148.5344414"/>
      <trkpt lat="-9.1294761" lon="148.5346146"/>
      <trkpt lat="-9.1295324" lon="148.5347753"/>
      <trkpt lat="-9.1295735" lon="148.5349414"/>
      <trkpt lat="-9.1296409" lon="148.5350950"/>
      <trkpt lat="-9.1297053" lon="148.5352577"/>
      <trkpt lat="-9.1297782" lon="148.5354175"/>
      <trkpt lat="-9.1298549" lon="148.5355753"/>
      <trkpt lat="-9.1299741" lon="148.5356755"/>
      <trkpt lat="-9.1301351" lon="148.5357243"/>
      <trkpt lat="-9.1303078" lon="148.5357517"/>
      <trkpt lat="-9.1304615" lon="148.5358134"/>
      <trkpt lat="-9.1305838" lon="148.5359062"/>
      <trkpt lat="-9.1306918" lon="148.5360205"/>
      <trkpt lat="-9.1308158" lon="148.5360899"/>
      <trkpt lat="-9.1309329" lon="148.5361169"/>
      <trkpt lat="-9.1310333" lon="148.5360933"/>
    </trkseg>
    <trkseg>
      <trkpt lat="-9.1342533" lon="148.5322500"/>
      <trkpt lat="-9.1342961" lon="148.5322671"/>
      <trkpt lat="-9.1343890" lon="148.5323040"/>
      <trkpt lat="-9.1345336" lon="148.5323526"/>
      <trkpt lat="-9.1346800" lon="148.5323420"/>
      <trkpt lat="-9.1348167" lon="148.5322883"/>
    </trkseg>
    <trkseg>
      <trkpt lat="-9.1348900" lon="148.5323417"/>
      <trkpt lat="-9.1350061" lon="148.5323277"/>
      <trkpt lat="-9.1351135" lon="148.5323855"/>
      <trkpt lat="-9.1352076" lon="148.5324547"/>
      <trkpt lat="-9.1353316" lon="148.5324501"/>
      <trkpt lat="-9.1354630" lon="148.5324088"/>
      <trkpt lat="-9.1356132" lon="148.5323783"/>
      <trkpt lat="-9.1357758" lon="148.5323555"/>
      <trkpt lat="-9.1359212" lon="148.5323529"/>
      <trkpt lat="-9.1360576" lon="148.5323406"/>
      <trkpt lat="-9.1361806" lon="148.5323780"/>
      <trkpt lat="-9.1363177" lon="148.5323545"/>
      <trkpt lat="-9.1364393" lon="148.5323408"/>
      <trkpt lat="-9.1365483" lon="148.5322800"/>
    </trkseg>
    <trkseg>
      <trkpt lat="-9.1366250" lon="148.5323733"/>
      <trkpt lat="-9.1367729" lon="148.5323360"/>
      <trkpt lat="-9.1369298" lon="148.5323428"/>
      <trkpt lat="-9.1370923" lon="148.5323692"/>
      <trkpt lat="-9.1372587" lon="148.5323849"/>
      <trkpt lat="-9.1374191" lon="148.5324050"/>
      <trkpt lat="-9.1375306" lon="148.5324704"/>
      <trkpt lat="-9.1376439" lon="148.5325073"/>
      <trkpt lat="-9.1377649" lon="148.5325326"/>
      <trkpt lat="-9.1379287" lon="148.5325490"/>
      <trkpt lat="-9.1380847" lon="148.5325424"/>
      <trkpt lat="-9.1382310" lon="148.5325334"/>
      <trkpt lat="-9.1383585" lon="148.5325244"/>
      <trkpt lat="-9.1384799" lon="148.5325452"/>
      <trkpt lat="-9.1385758" lon="148.5326115"/>
      <trkpt lat="-9.1387007" lon="148.5326492"/>
      <trkpt lat="-9.1388246" lon="148.5326734"/>
      <trkpt lat="-9.1389539" lon="148.5327019"/>
      <trkpt lat="-9.1390629" lon="148.5327803"/>
      <trkpt lat="-9.1391363" lon="148.5329328"/>
      <trkpt lat="-9.1391571" lon="148.5330909"/>
      <trkpt lat="-9.1391532" lon="148.5332066"/>
      <trkpt lat="-9.1391946" lon="148.5332293"/>
      <trkpt lat="-9.1392846" lon="148.5331571"/>
      <trkpt lat="-9.1393867" lon="148.5330450"/>
    </trkseg>
    <trkseg>
      <trkpt lat="-9.1394550" lon="148.5329567"/>
      <trkpt lat="-9.1395285" lon="148.5328806"/>
      <trkpt lat="-9.1395492" lon="148.5328964"/>
      <trkpt lat="-9.1395476" lon="148.5329042"/>
      <trkpt lat="-9.1395595" lon="148.5328352"/>
      <trkpt lat="-9.1396129" lon="148.5327685"/>
      <trkpt lat="-9.1396990" lon="148.5327173"/>
      <trkpt lat="-9.1397859" lon="148.5326637"/>
      <trkpt lat="-9.1398737" lon="148.5325098"/>
      <trkpt lat="-9.1399603" lon="148.5323552"/>
      <trkpt lat="-9.1400296" lon="148.5322813"/>
      <trkpt lat="-9.1400782" lon="148.5323233"/>
      <trkpt lat="-9.1401258" lon="148.5324068"/>
      <trkpt lat="-9.1401725" lon="148.5324689"/>
      <trkpt lat="-9.1402250" lon="148.5324767"/>
    </trkseg>
    <trkseg>
      <trkpt lat="-9.1403133" lon="148.5325067"/>
      <trkpt lat="-9.1404693" lon="148.5324418"/>
      <trkpt lat="-9.1406141" lon="148.5323667"/>
      <trkpt lat="-9.1406970" lon="148.5322603"/>
      <trkpt lat="-9.1407471" lon="148.5321141"/>
      <trkpt lat="-9.1408112" lon="148.5319772"/>
      <trkpt lat="-9.1409316" lon="148.5318624"/>
      <trkpt lat="-9.1410784" lon="148.5317682"/>
      <trkpt lat="-9.1412211" lon="148.5316663"/>
      <trkpt lat="-9.1413423" lon="148.5315483"/>
      <trkpt lat="-9.1414451" lon="148.5314130"/>
      <trkpt lat="-9.1415348" lon="148.5312637"/>
      <trkpt lat="-9.1416307" lon="148.5311205"/>
      <trkpt lat="-9.1417120" lon="148.5309864"/>
      <trkpt lat="-9.1418146" lon="148.5308962"/>
      <trkpt lat="-9.1419184" lon="148.5308167"/>
      <trkpt lat="-9.1420410" lon="148.5307311"/>
      <trkpt lat="-9.1421156" lon="148.5306239"/>
      <trkpt lat="-9.1421683" lon="148.5305250"/>
    </trkseg>
    <trkseg>
      <trkpt lat="-9.1420400" lon="148.5306567"/>
      <trkpt lat="-9.1421433" lon="148.5306667"/>
    </trkseg>
    <trkseg>
      <trkpt lat="-9.1422683" lon="148.5306150"/>
      <trkpt lat="-9.1423805" lon="148.5305035"/>
      <trkpt lat="-9.1425106" lon="148.5304354"/>
      <trkpt lat="-9.1426234" lon="148.5303778"/>
      <trkpt lat="-9.1427632" lon="148.5303378"/>
      <trkpt lat="-9.1429005" lon="148.5302793"/>
      <trkpt lat="-9.1430704" lon="148.5302552"/>
      <trkpt lat="-9.1432312" lon="148.5302793"/>
      <trkpt lat="-9.1433757" lon="148.5303606"/>
      <trkpt lat="-9.1435045" lon="148.5304768"/>
      <trkpt lat="-9.1436281" lon="148.5306041"/>
      <trkpt lat="-9.1437624" lon="148.5307080"/>
      <trkpt lat="-9.1438920" lon="148.5307793"/>
      <trkpt lat="-9.1440167" lon="148.5308167"/>
    </trkseg>
    <trkseg>
      <trkpt lat="-9.1441117" lon="148.5308400"/>
      <trkpt lat="-9.1442399" lon="148.5307557"/>
      <trkpt lat="-9.1443500" lon="148.5306381"/>
      <trkpt lat="-9.1444351" lon="148.5304941"/>
      <trkpt lat="-9.1445300" lon="148.5303667"/>
    </trkseg>
    <trkseg>
      <trkpt lat="-9.1445183" lon="148.5302067"/>
      <trkpt lat="-9.1446754" lon="148.5301486"/>
      <trkpt lat="-9.1448163" lon="148.5300605"/>
      <trkpt lat="-9.1449359" lon="148.5299378"/>
      <trkpt lat="-9.1450394" lon="148.5297968"/>
      <trkpt lat="-9.1450990" lon="148.5296749"/>
      <trkpt lat="-9.1451200" lon="148.5295767"/>
    </trkseg>
    <trkseg>
      <trkpt lat="-9.1451917" lon="148.5295167"/>
      <trkpt lat="-9.1452746" lon="148.5293676"/>
      <trkpt lat="-9.1453923" lon="148.5292517"/>
      <trkpt lat="-9.1455415" lon="148.5291604"/>
      <trkpt lat="-9.1456880" lon="148.5291179"/>
      <trkpt lat="-9.1458133" lon="148.5290967"/>
    </trkseg>
    <trkseg>
      <trkpt lat="-9.1458467" lon="148.5292433"/>
      <trkpt lat="-9.1458364" lon="148.5290818"/>
      <trkpt lat="-9.1458953" lon="148.5289639"/>
      <trkpt lat="-9.1460244" lon="148.5288788"/>
      <trkpt lat="-9.1461924" lon="148.5288650"/>
      <trkpt lat="-9.1463598" lon="148.5288423"/>
      <trkpt lat="-9.1465207" lon="148.5288069"/>
      <trkpt lat="-9.1466824" lon="148.5287529"/>
      <trkpt lat="-9.1468489" lon="148.5287098"/>
      <trkpt lat="-9.1470256" lon="148.5286990"/>
      <trkpt lat="-9.1471894" lon="148.5286702"/>
      <trkpt lat="-9.1473330" lon="148.5286935"/>
      <trkpt lat="-9.1474541" lon="148.5287595"/>
      <trkpt lat="-9.1475870" lon="148.5288661"/>
      <trkpt lat="-9.1477219" lon="148.5289676"/>
      <trkpt lat="-9.1478578" lon="148.5290741"/>
      <trkpt lat="-9.1479852" lon="148.5291967"/>
      <trkpt lat="-9.1481228" lon="148.5292825"/>
      <trkpt lat="-9.1482490" lon="148.5292736"/>
      <trkpt lat="-9.1483272" lon="148.5292183"/>
      <trkpt lat="-9.1483533" lon="148.5291517"/>
    </trkseg>
    <trkseg>
      <trkpt lat="-9.1219100" lon="148.5304633"/>
      <trkpt lat="-9.1219350" lon="148.5305517"/>
    </trkseg>
    <trkseg>
      <trkpt lat="-9.1220833" lon="148.5305800"/>
      <trkpt lat="-9.1222573" lon="148.5305315"/>
      <trkpt lat="-9.1223917" lon="148.5305400"/>
    </trkseg>
    <trkseg>
      <trkpt lat="-9.1225200" lon="148.5305583"/>
      <trkpt lat="-9.1226899" lon="148.5306000"/>
      <trkpt lat="-9.1228567" lon="148.5306414"/>
      <trkpt lat="-9.1230111" lon="148.5307004"/>
      <trkpt lat="-9.1231172" lon="148.5307887"/>
      <trkpt lat="-9.1232214" lon="148.5308864"/>
      <trkpt lat="-9.1233109" lon="148.5310032"/>
      <trkpt lat="-9.1234560" lon="148.5310824"/>
      <trkpt lat="-9.1235719" lon="148.5311730"/>
      <trkpt lat="-9.1237150" lon="148.5312242"/>
      <trkpt lat="-9.1238524" lon="148.5312893"/>
      <trkpt lat="-9.1240190" lon="148.5313485"/>
      <trkpt lat="-9.1241768" lon="148.5314288"/>
      <trkpt lat="-9.1243385" lon="148.5314650"/>
      <trkpt lat="-9.1245033" lon="148.5314937"/>
      <trkpt lat="-9.1246690" lon="148.5315078"/>
      <trkpt lat="-9.1248115" lon="148.5315779"/>
      <trkpt lat="-9.1249374" lon="148.5316737"/>
      <trkpt lat="-9.1250351" lon="148.5318027"/>
      <trkpt lat="-9.1251458" lon="148.5319138"/>
      <trkpt lat="-9.1252398" lon="148.5320336"/>
      <trkpt lat="-9.1253592" lon="148.5321407"/>
      <trkpt lat="-9.1254795" lon="148.5322541"/>
      <trkpt lat="-9.1256140" lon="148.5323590"/>
      <trkpt lat="-9.1257379" lon="148.5324694"/>
      <trkpt lat="-9.1258712" lon="148.5325673"/>
      <trkpt lat="-9.1259901" lon="148.5326697"/>
      <trkpt lat="-9.1261133" lon="148.5327734"/>
      <trkpt lat="-9.1261871" lon="148.5328749"/>
      <trkpt lat="-9.1262450" lon="148.5329383"/>
    </trkseg>
    <trkseg>
      <trkpt lat="-9.1263300" lon="148.5329850"/>
      <trkpt lat="-9.1264794" lon="148.5330856"/>
      <trkpt lat="-9.1266044" lon="148.5332090"/>
      <trkpt lat="-9.1267257" lon="148.5333307"/>
      <trkpt lat="-9.1268558" lon="148.5334254"/>
      <trkpt lat="-9.1270127" lon="148.5334669"/>
      <trkpt lat="-9.1271582" lon="148.5335085"/>
      <trkpt lat="-9.1272867" lon="148.5335667"/>
    </trkseg>
    <trkseg>
      <trkpt lat="-9.1273800" lon="148.5336183"/>
      <trkpt lat="-9.1274901" lon="148.5335115"/>
      <trkpt lat="-9.1276329" lon="148.5334532"/>
      <trkpt lat="-9.1278086" lon="148.5334417"/>
      <trkpt lat="-9.1279801" lon="148.5334133"/>
      <trkpt lat="-9.1281492" lon="148.5333785"/>
      <trkpt lat="-9.1283098" lon="148.5333714"/>
      <trkpt lat="-9.1284726" lon="148.5333913"/>
      <trkpt lat="-9.1286243" lon="148.5334613"/>
      <trkpt lat="-9.1287729" lon="148.5335311"/>
      <trkpt lat="-9.1288924" lon="148.5336349"/>
      <trkpt lat="-9.1290160" lon="148.5337351"/>
      <trkpt lat="-9.1291388" lon="148.5338546"/>
      <trkpt lat="-9.1292473" lon="148.5339789"/>
      <trkpt lat="-9.1293374" lon="148.5341180"/>
      <trkpt lat="-9.1293828" lon="148.5342788"/>
      <trkpt lat="-9.1294391" lon="148.5344414"/>
      <trkpt lat="-9.1294761" lon="148.5346146"/>
      <trkpt lat="-9.1295324" lon="148.5347753"/>
      <trkpt lat="-9.1295735" lon="148.5349414"/>
      <trkpt lat="-9.1296409" lon="148.5350950"/>
      <trkpt lat="-9.1297053" lon="148.5352577"/>
      <trkpt lat="-9.1297782" lon="148.5354175"/>
      <trkpt lat="-9.1298549" lon="148.5355753"/>
      <trkpt lat="-9.1299741" lon="148.5356755"/>
      <trkpt lat="-9.1301351" lon="148.5357243"/>
      <trkpt lat="-9.1303078" lon="148.5357517"/>
      <trkpt lat="-9.1304615" lon="148.5358134"/>
      <trkpt lat="-9.1305838" lon="148.5359062"/>
      <trkpt lat="-9.1306918" lon="148.5360205"/>
      <trkpt lat="-9.1308158" lon="148.5360899"/>
      <trkpt lat="-9.1309329" lon="148.5361169"/>
      <trkpt lat="-9.1310333" lon="148.5360933"/>
    </trkseg>
    <trkseg>
      <trkpt lat="-9.1342533" lon="148.5322500"/>
      <trkpt lat="-9.1342961" lon="148.5322671"/>
      <trkpt lat="-9.1343890" lon="148.5323040"/>
      <trkpt lat="-9.1345336" lon="148.5323526"/>
      <trkpt lat="-9.1346800" lon="148.5323420"/>
      <trkpt lat="-9.1348167" lon="148.5322883"/>
    </trkseg>
    <trkseg>
      <trkpt lat="-9.1348900" lon="148.5323417"/>
      <trkpt lat="-9.1350061" lon="148.5323277"/>
      <trkpt lat="-9.1351135" lon="148.5323855"/>
      <trkpt lat="-9.1352076" lon="148.5324547"/>
      <trkpt lat="-9.1353316" lon="148.5324501"/>
      <trkpt lat="-9.1354630" lon="148.5324088"/>
      <trkpt lat="-9.1356132" lon="148.5323783"/>
      <trkpt lat="-9.1357758" lon="148.5323555"/>
      <trkpt lat="-9.1359212" lon="148.5323529"/>
      <trkpt lat="-9.1360576" lon="148.5323406"/>
      <trkpt lat="-9.1361806" lon="148.5323780"/>
      <trkpt lat="-9.1363177" lon="148.5323545"/>
      <trkpt lat="-9.1364393" lon="148.5323408"/>
      <trkpt lat="-9.1365483" lon="148.5322800"/>
    </trkseg>
    <trkseg>
      <trkpt lat="-9.1366250" lon="148.5323733"/>
      <trkpt lat="-9.1367729" lon="148.5323360"/>
      <trkpt lat="-9.1369298" lon="148.5323428"/>
      <trkpt lat="-9.1370923" lon="148.5323692"/>
      <trkpt lat="-9.1372587" lon="148.5323849"/>
      <trkpt lat="-9.1374191" lon="148.5324050"/>
      <trkpt lat="-9.1375306" lon="148.5324704"/>
      <trkpt lat="-9.1376439" lon="148.5325073"/>
      <trkpt lat="-9.1377649" lon="148.5325326"/>
      <trkpt lat="-9.1379287" lon="148.5325490"/>
      <trkpt lat="-9.1380847" lon="148.5325424"/>
      <trkpt lat="-9.1382310" lon="148.5325334"/>
      <trkpt lat="-9.1383585" lon="148.5325244"/>
      <trkpt lat="-9.1384799" lon="148.5325452"/>
      <trkpt lat="-9.1385758" lon="148.5326115"/>
      <trkpt lat="-9.1387007" lon="148.5326492"/>
      <trkpt lat="-9.1388246" lon="148.5326734"/>
      <trkpt lat="-9.1389539" lon="148.5327019"/>
      <trkpt lat="-9.1390629" lon="148.5327803"/>
      <trkpt lat="-9.1391363" lon="148.5329328"/>
      <trkpt lat="-9.1391571" lon="148.5330909"/>
      <trkpt lat="-9.1391532" lon="148.5332066"/>
      <trkpt lat="-9.1391946" lon="148.5332293"/>
      <trkpt lat="-9.1392846" lon="148.5331571"/>
      <trkpt lat="-9.1393867" lon="148.5330450"/>
    </trkseg>
    <trkseg>
      <trkpt lat="-9.1394550" lon="148.5329567"/>
      <trkpt lat="-9.1395285" lon="148.5328806"/>
      <trkpt lat="-9.1395492" lon="148.5328964"/>
      <trkpt lat="-9.1395476" lon="148.5329042"/>
      <trkpt lat="-9.1395595" lon="148.5328352"/>
      <trkpt lat="-9.1396129" lon="148.5327685"/>
      <trkpt lat="-9.1396990" lon="148.5327173"/>
      <trkpt lat="-9.1397859" lon="148.5326637"/>
      <trkpt lat="-9.1398737" lon="148.5325098"/>
      <trkpt lat="-9.1399603" lon="148.5323552"/>
      <trkpt lat="-9.1400296" lon="148.5322813"/>
      <trkpt lat="-9.1400782" lon="148.5323233"/>
      <trkpt lat="-9.1401258" lon="148.5324068"/>
      <trkpt lat="-9.1401725" lon="148.5324689"/>
      <trkpt lat="-9.1402250" lon="148.5324767"/>
    </trkseg>
    <trkseg>
      <trkpt lat="-9.1403133" lon="148.5325067"/>
      <trkpt lat="-9.1404693" lon="148.5324418"/>
      <trkpt lat="-9.1406141" lon="148.5323667"/>
      <trkpt lat="-9.1406970" lon="148.5322603"/>
      <trkpt lat="-9.1407471" lon="148.5321141"/>
      <trkpt lat="-9.1408112" lon="148.5319772"/>
      <trkpt lat="-9.1409316" lon="148.5318624"/>
      <trkpt lat="-9.1410784" lon="148.5317682"/>
      <trkpt lat="-9.1412211" lon="148.5316663"/>
      <trkpt lat="-9.1413423" lon="148.5315483"/>
      <trkpt lat="-9.1414451" lon="148.5314130"/>
      <trkpt lat="-9.1415348" lon="148.5312637"/>
      <trkpt lat="-9.1416307" lon="148.5311205"/>
      <trkpt lat="-9.1417120" lon="148.5309864"/>
      <trkpt lat="-9.1418146" lon="148.5308962"/>
      <trkpt lat="-9.1419184" lon="148.5308167"/>
      <trkpt lat="-9.1420410" lon="148.5307311"/>
      <trkpt lat="-9.1421156" lon="148.5306239"/>
      <trkpt lat="-9.1421683" lon="148.5305250"/>
    </trkseg>
    <trkseg>
      <trkpt lat="-9.1420400" lon="148.5306567"/>
      <trkpt lat="-9.1421433" lon="148.5306667"/>
    </trkseg>
    <trkseg>
      <trkpt lat="-9.1422683" lon="148.5306150"/>
      <trkpt lat="-9.1423805" lon="148.5305035"/>
      <trkpt lat="-9.1425106" lon="148.5304354"/>
      <trkpt lat="-9.1426234" lon="148.5303778"/>
      <trkpt lat="-9.1427632" lon="148.5303378"/>
      <trkpt lat="-9.1429005" lon="148.5302793"/>
      <trkpt lat="-9.1430704" lon="148.5302552"/>
      <trkpt lat="-9.1432312" lon="148.5302793"/>
      <trkpt lat="-9.1433757" lon="148.5303606"/>
      <trkpt lat="-9.1435045" lon="148.5304768"/>
      <trkpt lat="-9.1436281" lon="148.5306041"/>
      <trkpt lat="-9.1437624" lon="148.5307080"/>
      <trkpt lat="-9.1438920" lon="148.5307793"/>
      <trkpt lat="-9.1440167" lon="148.5308167"/>
    </trkseg>
    <trkseg>
      <trkpt lat="-9.1441117" lon="148.5308400"/>
      <trkpt lat="-9.1442399" lon="148.5307557"/>
      <trkpt lat="-9.1443500" lon="148.5306381"/>
      <trkpt lat="-9.1444351" lon="148.5304941"/>
      <trkpt lat="-9.1445300" lon="148.5303667"/>
    </trkseg>
    <trkseg>
      <trkpt lat="-9.1445183" lon="148.5302067"/>
      <trkpt lat="-9.1446754" lon="148.5301486"/>
      <trkpt lat="-9.1448163" lon="148.5300605"/>
      <trkpt lat="-9.1449359" lon="148.5299378"/>
      <trkpt lat="-9.1450394" lon="148.5297968"/>
      <trkpt lat="-9.1450990" lon="148.5296749"/>
      <trkpt lat="-9.1451200" lon="148.5295767"/>
    </trkseg>
    <trkseg>
      <trkpt lat="-9.1451917" lon="148.5295167"/>
      <trkpt lat="-9.1452746" lon="148.5293676"/>
      <trkpt lat="-9.1453923" lon="148.5292517"/>
      <trkpt lat="-9.1455415" lon="148.5291604"/>
      <trkpt lat="-9.1456880" lon="148.5291179"/>
      <trkpt lat="-9.1458133" lon="148.5290967"/>
    </trkseg>
    <trkseg>
      <trkpt lat="-9.1458467" lon="148.5292433"/>
      <trkpt lat="-9.1458364" lon="148.5290818"/>
      <trkpt lat="-9.1458953" lon="148.5289639"/>
      <trkpt lat="-9.1460244" lon="148.5288788"/>
      <trkpt lat="-9.1461924" lon="148.5288650"/>
      <trkpt lat="-9.1463598" lon="148.5288423"/>
      <trkpt lat="-9.1465207" lon="148.5288069"/>
      <trkpt lat="-9.1466824" lon="148.5287529"/>
      <trkpt lat="-9.1468489" lon="148.5287098"/>
      <trkpt lat="-9.1470256" lon="148.5286990"/>
      <trkpt lat="-9.1471894" lon="148.5286702"/>
      <trkpt lat="-9.1473330" lon="148.5286935"/>
      <trkpt lat="-9.1474541" lon="148.5287595"/>
      <trkpt lat="-9.1475870" lon="148.5288661"/>
      <trkpt lat="-9.1477219" lon="148.5289676"/>
      <trkpt lat="-9.1478578" lon="148.5290741"/>
      <trkpt lat="-9.1479852" lon="148.5291967"/>
      <trkpt lat="-9.1481228" lon="148.5292825"/>
      <trkpt lat="-9.1482490" lon="148.5292736"/>
      <trkpt lat="-9.1483272" lon="148.5292183"/>
      <trkpt lat="-9.1483533" lon="148.5291517"/>
    </trkseg>
    <trkseg>
      <trkpt lat="-9.1456633" lon="148.5247483"/>
      <trkpt lat="-9.1457535" lon="148.5246105"/>
      <trkpt lat="-9.1458280" lon="148.5244559"/>
      <trkpt lat="-9.1458477" lon="148.5242963"/>
      <trkpt lat="-9.1458711" lon="148.5241385"/>
      <trkpt lat="-9.1459063" lon="148.5239860"/>
      <trkpt lat="-9.1459924" lon="148.5238268"/>
      <trkpt lat="-9.1460839" lon="148.5236699"/>
      <trkpt lat="-9.1461754" lon="148.5235129"/>
      <trkpt lat="-9.1462665" lon="148.5233557"/>
      <trkpt lat="-9.1463570" lon="148.5231982"/>
      <trkpt lat="-9.1464330" lon="148.5230359"/>
      <trkpt lat="-9.1464727" lon="148.5228664"/>
      <trkpt lat="-9.1464581" lon="148.5226949"/>
      <trkpt lat="-9.1464115" lon="148.5225227"/>
      <trkpt lat="-9.1463769" lon="148.5223501"/>
      <trkpt lat="-9.1463602" lon="148.5221746"/>
      <trkpt lat="-9.1463518" lon="148.5219997"/>
      <trkpt lat="-9.1463284" lon="148.5218252"/>
      <trkpt lat="-9.1463194" lon="148.5216484"/>
      <trkpt lat="-9.1462972" lon="148.5214730"/>
      <trkpt lat="-9.1462857" lon="148.5212976"/>
      <trkpt lat="-9.1462562" lon="148.5211230"/>
      <trkpt lat="-9.1462267" lon="148.5209482"/>
      <trkpt lat="-9.1461867" lon="148.5207747"/>
      <trkpt lat="-9.1461444" lon="148.5206023"/>
      <trkpt lat="-9.1461101" lon="148.5204272"/>
      <trkpt lat="-9.1460543" lon="148.5202924"/>
      <trkpt lat="-9.1460156" lon="148.5201567"/>
      <trkpt lat="-9.1459883" lon="148.5200226"/>
      <trkpt lat="-9.1460063" lon="148.5198479"/>
      <trkpt lat="-9.1460284" lon="148.5196751"/>
      <trkpt lat="-9.1460646" lon="148.5195013"/>
      <trkpt lat="-9.1460968" lon="148.5193267"/>
      <trkpt lat="-9.1461426" lon="148.5191537"/>
      <trkpt lat="-9.1462064" lon="148.5189869"/>
      <trkpt lat="-9.1462637" lon="148.5188229"/>
      <trkpt lat="-9.1462898" lon="148.5186554"/>
      <trkpt lat="-9.1462860" lon="148.5185135"/>
      <trkpt lat="-9.1462783" lon="148.5184017"/>
    </trkseg>
    <trkseg>
      <trkpt lat="-9.1463450" lon="148.5183350"/>
      <trkpt lat="-9.1463186" lon="148.5181594"/>
      <trkpt lat="-9.1462965" lon="148.5179824"/>
      <trkpt lat="-9.1462735" lon="148.5178057"/>
      <trkpt lat="-9.1462691" lon="148.5176279"/>
      <trkpt lat="-9.1462527" lon="148.5174538"/>
      <trkpt lat="-9.1462268" lon="148.5172809"/>
      <trkpt lat="-9.1461733" lon="148.5171104"/>
      <trkpt lat="-9.1461375" lon="148.5169355"/>
      <trkpt lat="-9.1461268" lon="148.5167578"/>
      <trkpt lat="-9.1461487" lon="148.5165788"/>
      <trkpt lat="-9.1461984" lon="148.5164074"/>
      <trkpt lat="-9.1462448" lon="148.5162922"/>
      <trkpt lat="-9.1462783" lon="148.5162317"/>
    </trkseg>
    <trkseg>
      <trkpt lat="-9.1463667" lon="148.5161950"/>
      <trkpt lat="-9.1464365" lon="148.5160312"/>
      <trkpt lat="-9.1465445" lon="148.5159043"/>
      <trkpt lat="-9.1466855" lon="148.5158112"/>
      <trkpt lat="-9.1468277" lon="148.5157215"/>
      <trkpt lat="-9.1469250" lon="148.5156178"/>
      <trkpt lat="-9.1470245" lon="148.5155659"/>
      <trkpt lat="-9.1471372" lon="148.5155760"/>
      <trkpt lat="-9.1472969" lon="148.5156091"/>
      <trkpt lat="-9.1474547" lon="148.5155809"/>
      <trkpt lat="-9.1476151" lon="148.5155117"/>
      <trkpt lat="-9.1477423" lon="148.5154022"/>
      <trkpt lat="-9.1478362" lon="148.5152727"/>
      <trkpt lat="-9.1478678" lon="148.5151069"/>
      <trkpt lat="-9.1478805" lon="148.5149351"/>
      <trkpt lat="-9.1478614" lon="148.5147594"/>
      <trkpt lat="-9.1478878" lon="148.5146013"/>
      <trkpt lat="-9.1479549" lon="148.5144809"/>
      <trkpt lat="-9.1480591" lon="148.5143655"/>
      <trkpt lat="-9.1481358" lon="148.5142663"/>
      <trkpt lat="-9.1481589" lon="148.5141984"/>
      <trkpt lat="-9.1482053" lon="148.5141511"/>
      <trkpt lat="-9.1482563" lon="148.5140761"/>
      <trkpt lat="-9.1483523" lon="148.5139470"/>
      <trkpt lat="-9.1484469" lon="148.5138154"/>
      <trkpt lat="-9.1485284" lon="148.5136772"/>
      <trkpt lat="-9.1485744" lon="148.5135312"/>
      <trkpt lat="-9.1485580" lon="148.5134288"/>
      <trkpt lat="-9.1485936" lon="148.5133665"/>
      <trkpt lat="-9.1486640" lon="148.5133079"/>
      <trkpt lat="-9.1487569" lon="148.5131853"/>
      <trkpt lat="-9.1487851" lon="148.5130228"/>
      <trkpt lat="-9.1487960" lon="148.5128517"/>
      <trkpt lat="-9.1488006" lon="148.5126790"/>
      <trkpt lat="-9.1488315" lon="148.5125111"/>
      <trkpt lat="-9.1488064" lon="148.5123664"/>
      <trkpt lat="-9.1487589" lon="148.5122247"/>
      <trkpt lat="-9.1486957" lon="148.5120818"/>
      <trkpt lat="-9.1486824" lon="148.5119166"/>
      <trkpt lat="-9.1486775" lon="148.5117473"/>
      <trkpt lat="-9.1486418" lon="148.5115917"/>
      <trkpt lat="-9.1485442" lon="148.5114628"/>
      <trkpt lat="-9.1484115" lon="148.5113645"/>
      <trkpt lat="-9.1482605" lon="148.5112733"/>
      <trkpt lat="-9.1481037" lon="148.5111908"/>
      <trkpt lat="-9.1479516" lon="148.5110987"/>
      <trkpt lat="-9.1478585" lon="148.5110005"/>
      <trkpt lat="-9.1478342" lon="148.5108737"/>
      <trkpt lat="-9.1478212" lon="148.5107463"/>
      <trkpt lat="-9.1478188" lon="148.5106058"/>
      <trkpt lat="-9.1478159" lon="148.5104559"/>
      <trkpt lat="-9.1478062" lon="148.5103011"/>
      <trkpt lat="-9.1477706" lon="148.5101951"/>
      <trkpt lat="-9.1477167" lon="148.5101417"/>
    </trkseg>
    <trkseg>
      <trkpt lat="-9.1477900" lon="148.5100750"/>
      <trkpt lat="-9.1477753" lon="148.5098956"/>
      <trkpt lat="-9.1478003" lon="148.5097612"/>
      <trkpt lat="-9.1478650" lon="148.5096717"/>
    </trkseg>
    <trkseg>
      <trkpt lat="-9.1478050" lon="148.5095950"/>
      <trkpt lat="-9.1478036" lon="148.5094355"/>
      <trkpt lat="-9.1477799" lon="148.5092716"/>
      <trkpt lat="-9.1477524" lon="148.5091007"/>
      <trkpt lat="-9.1477446" lon="148.5089222"/>
      <trkpt lat="-9.1477359" lon="148.5087452"/>
      <trkpt lat="-9.1476917" lon="148.5085785"/>
      <trkpt lat="-9.1476116" lon="148.5084279"/>
      <trkpt lat="-9.1474890" lon="148.5083156"/>
      <trkpt lat="-9.1473929" lon="148.5081950"/>
      <trkpt lat="-9.1473176" lon="148.5081182"/>
      <trkpt lat="-9.1473382" lon="148.5080241"/>
      <trkpt lat="-9.1474096" lon="148.5079505"/>
      <trkpt lat="-9.1475377" lon="148.5078379"/>
      <trkpt lat="-9.1476096" lon="148.5077228"/>
      <trkpt lat="-9.1476516" lon="148.5076219"/>
      <trkpt lat="-9.1476273" lon="148.5075072"/>
      <trkpt lat="-9.1475808" lon="148.5074025"/>
      <trkpt lat="-9.1475570" lon="148.5073374"/>
      <trkpt lat="-9.1475335" lon="148.5073000"/>
      <trkpt lat="-9.1475519" lon="148.5072297"/>
      <trkpt lat="-9.1475263" lon="148.5071337"/>
      <trkpt lat="-9.1475807" lon="148.5070745"/>
      <trkpt lat="-9.1476714" lon="148.5070494"/>
      <trkpt lat="-9.1477642" lon="148.5069745"/>
      <trkpt lat="-9.1478112" lon="148.5068305"/>
      <trkpt lat="-9.1478572" lon="148.5066678"/>
      <trkpt lat="-9.1479099" lon="148.5065158"/>
      <trkpt lat="-9.1479996" lon="148.5064161"/>
      <trkpt lat="-9.1480832" lon="148.5063446"/>
      <trkpt lat="-9.1481660" lon="148.5062690"/>
      <trkpt lat="-9.1482464" lon="148.5061665"/>
      <trkpt lat="-9.1483540" lon="148.5060658"/>
      <trkpt lat="-9.1484719" lon="148.5059689"/>
      <trkpt lat="-9.1485487" lon="148.5058511"/>
      <trkpt lat="-9.1485954" lon="148.5057170"/>
      <trkpt lat="-9.1486215" lon="148.5055848"/>
      <trkpt lat="-9.1486430" lon="148.5054774"/>
      <trkpt lat="-9.1486169" lon="148.5053780"/>
      <trkpt lat="-9.1485430" lon="148.5053100"/>
      <trkpt lat="-9.1484370" lon="148.5052200"/>
      <trkpt lat="-9.1482996" lon="148.5051392"/>
      <trkpt lat="-9.1481744" lon="148.5050346"/>
      <trkpt lat="-9.1480314" lon="148.5049686"/>
      <trkpt lat="-9.1479054" lon="148.5048702"/>
      <trkpt lat="-9.1477702" lon="148.5047828"/>
      <trkpt lat="-9.1476302" lon="148.5046824"/>
      <trkpt lat="-9.1474973" lon="148.5045811"/>
      <trkpt lat="-9.1474039" lon="148.5044523"/>
      <trkpt lat="-9.1473707" lon="148.5042948"/>
      <trkpt lat="-9.1473442" lon="148.5041365"/>
      <trkpt lat="-9.1472711" lon="148.5040214"/>
      <trkpt lat="-9.1471943" lon="148.5039116"/>
      <trkpt lat="-9.1471153" lon="148.5037986"/>
      <trkpt lat="-9.1471035" lon="148.5036586"/>
      <trkpt lat="-9.1470983" lon="148.5035283"/>
    </trkseg>
    <trkseg>
      <trkpt lat="-9.1472250" lon="148.5033967"/>
      <trkpt lat="-9.1471385" lon="148.5033116"/>
      <trkpt lat="-9.1470328" lon="148.5032516"/>
      <trkpt lat="-9.1469008" lon="148.5032122"/>
      <trkpt lat="-9.1467722" lon="148.5031103"/>
      <trkpt lat="-9.1466468" lon="148.5030132"/>
      <trkpt lat="-9.1465473" lon="148.5029987"/>
      <trkpt lat="-9.1464448" lon="148.5029963"/>
      <trkpt lat="-9.1463904" lon="148.5029690"/>
      <trkpt lat="-9.1463194" lon="148.5028470"/>
      <trkpt lat="-9.1462416" lon="148.5027573"/>
      <trkpt lat="-9.1461113" lon="148.5027441"/>
      <trkpt lat="-9.1459628" lon="148.5027606"/>
      <trkpt lat="-9.1458214" lon="148.5027539"/>
      <trkpt lat="-9.1457421" lon="148.5027659"/>
      <trkpt lat="-9.1457113" lon="148.5028537"/>
      <trkpt lat="-9.1457556" lon="148.5030126"/>
      <trkpt lat="-9.1457937" lon="148.5031843"/>
      <trkpt lat="-9.1458122" lon="148.5033226"/>
      <trkpt lat="-9.1458052" lon="148.5034181"/>
      <trkpt lat="-9.1457833" lon="148.5034667"/>
    </trkseg>
    <trkseg>
      <trkpt lat="-9.1457083" lon="148.5034000"/>
      <trkpt lat="-9.1456259" lon="148.5032757"/>
      <trkpt lat="-9.1455490" lon="148.5031545"/>
      <trkpt lat="-9.1454753" lon="148.5030680"/>
      <trkpt lat="-9.1453457" lon="148.5029966"/>
      <trkpt lat="-9.1452094" lon="148.5029640"/>
      <trkpt lat="-9.1450683" lon="148.5029462"/>
      <trkpt lat="-9.1449193" lon="148.5029986"/>
      <trkpt lat="-9.1447926" lon="148.5030721"/>
      <trkpt lat="-9.1447365" lon="148.5031840"/>
      <trkpt lat="-9.1447164" lon="148.5032315"/>
      <trkpt lat="-9.1447580" lon="148.5032561"/>
      <trkpt lat="-9.1447684" lon="148.5032109"/>
      <trkpt lat="-9.1447735" lon="148.5032489"/>
      <trkpt lat="-9.1447277" lon="148.5033393"/>
      <trkpt lat="-9.1447147" lon="148.5034957"/>
      <trkpt lat="-9.1447487" lon="148.5036275"/>
      <trkpt lat="-9.1447482" lon="148.5036929"/>
      <trkpt lat="-9.1446932" lon="148.5036588"/>
      <trkpt lat="-9.1445681" lon="148.5035889"/>
      <trkpt lat="-9.1444529" lon="148.5034989"/>
      <trkpt lat="-9.1443681" lon="148.5034998"/>
      <trkpt lat="-9.1442742" lon="148.5035083"/>
      <trkpt lat="-9.1441879" lon="148.5034976"/>
      <trkpt lat="-9.1440734" lon="148.5033952"/>
      <trkpt lat="-9.1440161" lon="148.5033021"/>
      <trkpt lat="-9.1439761" lon="148.5032195"/>
      <trkpt lat="-9.1439881" lon="148.5031602"/>
      <trkpt lat="-9.1440445" lon="148.5030596"/>
      <trkpt lat="-9.1441444" lon="148.5029660"/>
      <trkpt lat="-9.1442361" lon="148.5029010"/>
      <trkpt lat="-9.1442933" lon="148.5028717"/>
    </trkseg>
    <trkseg>
      <trkpt lat="-9.1456633" lon="148.5247483"/>
      <trkpt lat="-9.1457535" lon="148.5246105"/>
      <trkpt lat="-9.1458280" lon="148.5244559"/>
      <trkpt lat="-9.1458477" lon="148.5242963"/>
      <trkpt lat="-9.1458711" lon="148.5241385"/>
      <trkpt lat="-9.1459063" lon="148.5239860"/>
      <trkpt lat="-9.1459924" lon="148.5238268"/>
      <trkpt lat="-9.1460839" lon="148.5236699"/>
      <trkpt lat="-9.1461754" lon="148.5235129"/>
      <trkpt lat="-9.1462665" lon="148.5233557"/>
      <trkpt lat="-9.1463570" lon="148.5231982"/>
      <trkpt lat="-9.1464330" lon="148.5230359"/>
      <trkpt lat="-9.1464727" lon="148.5228664"/>
      <trkpt lat="-9.1464581" lon="148.5226949"/>
      <trkpt lat="-9.1464115" lon="148.5225227"/>
      <trkpt lat="-9.1463769" lon="148.5223501"/>
      <trkpt lat="-9.1463602" lon="148.5221746"/>
      <trkpt lat="-9.1463518" lon="148.5219997"/>
      <trkpt lat="-9.1463284" lon="148.5218252"/>
      <trkpt lat="-9.1463194" lon="148.5216484"/>
      <trkpt lat="-9.1462972" lon="148.5214730"/>
      <trkpt lat="-9.1462857" lon="148.5212976"/>
      <trkpt lat="-9.1462562" lon="148.5211230"/>
      <trkpt lat="-9.1462267" lon="148.5209482"/>
      <trkpt lat="-9.1461867" lon="148.5207747"/>
      <trkpt lat="-9.1461444" lon="148.5206023"/>
      <trkpt lat="-9.1461101" lon="148.5204272"/>
      <trkpt lat="-9.1460543" lon="148.5202924"/>
      <trkpt lat="-9.1460156" lon="148.5201567"/>
      <trkpt lat="-9.1459883" lon="148.5200226"/>
      <trkpt lat="-9.1460063" lon="148.5198479"/>
      <trkpt lat="-9.1460284" lon="148.5196751"/>
      <trkpt lat="-9.1460646" lon="148.5195013"/>
      <trkpt lat="-9.1460968" lon="148.5193267"/>
      <trkpt lat="-9.1461426" lon="148.5191537"/>
      <trkpt lat="-9.1462064" lon="148.5189869"/>
      <trkpt lat="-9.1462637" lon="148.5188229"/>
      <trkpt lat="-9.1462898" lon="148.5186554"/>
      <trkpt lat="-9.1462860" lon="148.5185135"/>
      <trkpt lat="-9.1462783" lon="148.5184017"/>
    </trkseg>
    <trkseg>
      <trkpt lat="-9.1463450" lon="148.5183350"/>
      <trkpt lat="-9.1463186" lon="148.5181594"/>
      <trkpt lat="-9.1462965" lon="148.5179824"/>
      <trkpt lat="-9.1462735" lon="148.5178057"/>
      <trkpt lat="-9.1462691" lon="148.5176279"/>
      <trkpt lat="-9.1462527" lon="148.5174538"/>
      <trkpt lat="-9.1462268" lon="148.5172809"/>
      <trkpt lat="-9.1461733" lon="148.5171104"/>
      <trkpt lat="-9.1461375" lon="148.5169355"/>
      <trkpt lat="-9.1461268" lon="148.5167578"/>
      <trkpt lat="-9.1461487" lon="148.5165788"/>
      <trkpt lat="-9.1461984" lon="148.5164074"/>
      <trkpt lat="-9.1462448" lon="148.5162922"/>
      <trkpt lat="-9.1462783" lon="148.5162317"/>
    </trkseg>
    <trkseg>
      <trkpt lat="-9.1456633" lon="148.5247483"/>
      <trkpt lat="-9.1457535" lon="148.5246105"/>
      <trkpt lat="-9.1458280" lon="148.5244559"/>
      <trkpt lat="-9.1458477" lon="148.5242963"/>
      <trkpt lat="-9.1458711" lon="148.5241385"/>
      <trkpt lat="-9.1459063" lon="148.5239860"/>
      <trkpt lat="-9.1459924" lon="148.5238268"/>
      <trkpt lat="-9.1460839" lon="148.5236699"/>
      <trkpt lat="-9.1461754" lon="148.5235129"/>
      <trkpt lat="-9.1462665" lon="148.5233557"/>
      <trkpt lat="-9.1463570" lon="148.5231982"/>
      <trkpt lat="-9.1464330" lon="148.5230359"/>
      <trkpt lat="-9.1464727" lon="148.5228664"/>
      <trkpt lat="-9.1464581" lon="148.5226949"/>
      <trkpt lat="-9.1464115" lon="148.5225227"/>
      <trkpt lat="-9.1463769" lon="148.5223501"/>
      <trkpt lat="-9.1463602" lon="148.5221746"/>
      <trkpt lat="-9.1463518" lon="148.5219997"/>
      <trkpt lat="-9.1463284" lon="148.5218252"/>
      <trkpt lat="-9.1463194" lon="148.5216484"/>
      <trkpt lat="-9.1462972" lon="148.5214730"/>
      <trkpt lat="-9.1462857" lon="148.5212976"/>
      <trkpt lat="-9.1462562" lon="148.5211230"/>
      <trkpt lat="-9.1462267" lon="148.5209482"/>
      <trkpt lat="-9.1461867" lon="148.5207747"/>
      <trkpt lat="-9.1461444" lon="148.5206023"/>
      <trkpt lat="-9.1461101" lon="148.5204272"/>
      <trkpt lat="-9.1460543" lon="148.5202924"/>
      <trkpt lat="-9.1460156" lon="148.5201567"/>
      <trkpt lat="-9.1459883" lon="148.5200226"/>
      <trkpt lat="-9.1460063" lon="148.5198479"/>
      <trkpt lat="-9.1460284" lon="148.5196751"/>
      <trkpt lat="-9.1460646" lon="148.5195013"/>
      <trkpt lat="-9.1460968" lon="148.5193267"/>
      <trkpt lat="-9.1461426" lon="148.5191537"/>
      <trkpt lat="-9.1462064" lon="148.5189869"/>
      <trkpt lat="-9.1462637" lon="148.5188229"/>
      <trkpt lat="-9.1462898" lon="148.5186554"/>
      <trkpt lat="-9.1462860" lon="148.5185135"/>
      <trkpt lat="-9.1462783" lon="148.5184017"/>
    </trkseg>
    <trkseg>
      <trkpt lat="-9.1463450" lon="148.5183350"/>
      <trkpt lat="-9.1463186" lon="148.5181594"/>
      <trkpt lat="-9.1462965" lon="148.5179824"/>
      <trkpt lat="-9.1462735" lon="148.5178057"/>
      <trkpt lat="-9.1462691" lon="148.5176279"/>
      <trkpt lat="-9.1462527" lon="148.5174538"/>
      <trkpt lat="-9.1462268" lon="148.5172809"/>
      <trkpt lat="-9.1461733" lon="148.5171104"/>
      <trkpt lat="-9.1461375" lon="148.5169355"/>
      <trkpt lat="-9.1461268" lon="148.5167578"/>
      <trkpt lat="-9.1461487" lon="148.5165788"/>
      <trkpt lat="-9.1461984" lon="148.5164074"/>
      <trkpt lat="-9.1462448" lon="148.5162922"/>
      <trkpt lat="-9.1462783" lon="148.5162317"/>
    </trkseg>
    <trkseg>
      <trkpt lat="-9.1463667" lon="148.5161950"/>
      <trkpt lat="-9.1464365" lon="148.5160312"/>
      <trkpt lat="-9.1465445" lon="148.5159043"/>
      <trkpt lat="-9.1466855" lon="148.5158112"/>
      <trkpt lat="-9.1468277" lon="148.5157215"/>
      <trkpt lat="-9.1469250" lon="148.5156178"/>
      <trkpt lat="-9.1470245" lon="148.5155659"/>
      <trkpt lat="-9.1471372" lon="148.5155760"/>
      <trkpt lat="-9.1472969" lon="148.5156091"/>
      <trkpt lat="-9.1474547" lon="148.5155809"/>
      <trkpt lat="-9.1476151" lon="148.5155117"/>
      <trkpt lat="-9.1477423" lon="148.5154022"/>
      <trkpt lat="-9.1478362" lon="148.5152727"/>
      <trkpt lat="-9.1478678" lon="148.5151069"/>
      <trkpt lat="-9.1478805" lon="148.5149351"/>
      <trkpt lat="-9.1478614" lon="148.5147594"/>
      <trkpt lat="-9.1478878" lon="148.5146013"/>
      <trkpt lat="-9.1479549" lon="148.5144809"/>
      <trkpt lat="-9.1480591" lon="148.5143655"/>
      <trkpt lat="-9.1481358" lon="148.5142663"/>
      <trkpt lat="-9.1481589" lon="148.5141984"/>
      <trkpt lat="-9.1482053" lon="148.5141511"/>
      <trkpt lat="-9.1482563" lon="148.5140761"/>
      <trkpt lat="-9.1483523" lon="148.5139470"/>
      <trkpt lat="-9.1484469" lon="148.5138154"/>
      <trkpt lat="-9.1485284" lon="148.5136772"/>
      <trkpt lat="-9.1485744" lon="148.5135312"/>
      <trkpt lat="-9.1485580" lon="148.5134288"/>
      <trkpt lat="-9.1485936" lon="148.5133665"/>
      <trkpt lat="-9.1486640" lon="148.5133079"/>
      <trkpt lat="-9.1487569" lon="148.5131853"/>
      <trkpt lat="-9.1487851" lon="148.5130228"/>
      <trkpt lat="-9.1487960" lon="148.5128517"/>
      <trkpt lat="-9.1488006" lon="148.5126790"/>
      <trkpt lat="-9.1488315" lon="148.5125111"/>
      <trkpt lat="-9.1488064" lon="148.5123664"/>
      <trkpt lat="-9.1487589" lon="148.5122247"/>
      <trkpt lat="-9.1486957" lon="148.5120818"/>
      <trkpt lat="-9.1486824" lon="148.5119166"/>
      <trkpt lat="-9.1486775" lon="148.5117473"/>
      <trkpt lat="-9.1486418" lon="148.5115917"/>
      <trkpt lat="-9.1485442" lon="148.5114628"/>
      <trkpt lat="-9.1484115" lon="148.5113645"/>
      <trkpt lat="-9.1482605" lon="148.5112733"/>
      <trkpt lat="-9.1481037" lon="148.5111908"/>
      <trkpt lat="-9.1479516" lon="148.5110987"/>
      <trkpt lat="-9.1478585" lon="148.5110005"/>
      <trkpt lat="-9.1478342" lon="148.5108737"/>
      <trkpt lat="-9.1478212" lon="148.5107463"/>
      <trkpt lat="-9.1478188" lon="148.5106058"/>
      <trkpt lat="-9.1478159" lon="148.5104559"/>
      <trkpt lat="-9.1478062" lon="148.5103011"/>
      <trkpt lat="-9.1477706" lon="148.5101951"/>
      <trkpt lat="-9.1477167" lon="148.5101417"/>
    </trkseg>
    <trkseg>
      <trkpt lat="-9.1456633" lon="148.5247483"/>
      <trkpt lat="-9.1457535" lon="148.5246105"/>
      <trkpt lat="-9.1458280" lon="148.5244559"/>
      <trkpt lat="-9.1458477" lon="148.5242963"/>
      <trkpt lat="-9.1458711" lon="148.5241385"/>
      <trkpt lat="-9.1459063" lon="148.5239860"/>
      <trkpt lat="-9.1459924" lon="148.5238268"/>
      <trkpt lat="-9.1460839" lon="148.5236699"/>
      <trkpt lat="-9.1461754" lon="148.5235129"/>
      <trkpt lat="-9.1462665" lon="148.5233557"/>
      <trkpt lat="-9.1463570" lon="148.5231982"/>
      <trkpt lat="-9.1464330" lon="148.5230359"/>
      <trkpt lat="-9.1464727" lon="148.5228664"/>
      <trkpt lat="-9.1464581" lon="148.5226949"/>
      <trkpt lat="-9.1464115" lon="148.5225227"/>
      <trkpt lat="-9.1463769" lon="148.5223501"/>
      <trkpt lat="-9.1463602" lon="148.5221746"/>
      <trkpt lat="-9.1463518" lon="148.5219997"/>
      <trkpt lat="-9.1463284" lon="148.5218252"/>
      <trkpt lat="-9.1463194" lon="148.5216484"/>
      <trkpt lat="-9.1462972" lon="148.5214730"/>
      <trkpt lat="-9.1462857" lon="148.5212976"/>
      <trkpt lat="-9.1462562" lon="148.5211230"/>
      <trkpt lat="-9.1462267" lon="148.5209482"/>
      <trkpt lat="-9.1461867" lon="148.5207747"/>
      <trkpt lat="-9.1461444" lon="148.5206023"/>
      <trkpt lat="-9.1461101" lon="148.5204272"/>
      <trkpt lat="-9.1460543" lon="148.5202924"/>
      <trkpt lat="-9.1460156" lon="148.5201567"/>
      <trkpt lat="-9.1459883" lon="148.5200226"/>
      <trkpt lat="-9.1460063" lon="148.5198479"/>
      <trkpt lat="-9.1460284" lon="148.5196751"/>
      <trkpt lat="-9.1460646" lon="148.5195013"/>
      <trkpt lat="-9.1460968" lon="148.5193267"/>
      <trkpt lat="-9.1461426" lon="148.5191537"/>
      <trkpt lat="-9.1462064" lon="148.5189869"/>
      <trkpt lat="-9.1462637" lon="148.5188229"/>
      <trkpt lat="-9.1462898" lon="148.5186554"/>
      <trkpt lat="-9.1462860" lon="148.5185135"/>
      <trkpt lat="-9.1462783" lon="148.5184017"/>
    </trkseg>
    <trkseg>
      <trkpt lat="-9.1463450" lon="148.5183350"/>
      <trkpt lat="-9.1463186" lon="148.5181594"/>
      <trkpt lat="-9.1462965" lon="148.5179824"/>
      <trkpt lat="-9.1462735" lon="148.5178057"/>
      <trkpt lat="-9.1462691" lon="148.5176279"/>
      <trkpt lat="-9.1462527" lon="148.5174538"/>
      <trkpt lat="-9.1462268" lon="148.5172809"/>
      <trkpt lat="-9.1461733" lon="148.5171104"/>
      <trkpt lat="-9.1461375" lon="148.5169355"/>
      <trkpt lat="-9.1461268" lon="148.5167578"/>
      <trkpt lat="-9.1461487" lon="148.5165788"/>
      <trkpt lat="-9.1461984" lon="148.5164074"/>
      <trkpt lat="-9.1462448" lon="148.5162922"/>
      <trkpt lat="-9.1462783" lon="148.5162317"/>
    </trkseg>
    <trkseg>
      <trkpt lat="-9.1463667" lon="148.5161950"/>
      <trkpt lat="-9.1464365" lon="148.5160312"/>
      <trkpt lat="-9.1465445" lon="148.5159043"/>
      <trkpt lat="-9.1466855" lon="148.5158112"/>
      <trkpt lat="-9.1468277" lon="148.5157215"/>
      <trkpt lat="-9.1469250" lon="148.5156178"/>
      <trkpt lat="-9.1470245" lon="148.5155659"/>
      <trkpt lat="-9.1471372" lon="148.5155760"/>
      <trkpt lat="-9.1472969" lon="148.5156091"/>
      <trkpt lat="-9.1474547" lon="148.5155809"/>
      <trkpt lat="-9.1476151" lon="148.5155117"/>
      <trkpt lat="-9.1477423" lon="148.5154022"/>
      <trkpt lat="-9.1478362" lon="148.5152727"/>
      <trkpt lat="-9.1478678" lon="148.5151069"/>
      <trkpt lat="-9.1478805" lon="148.5149351"/>
      <trkpt lat="-9.1478614" lon="148.5147594"/>
      <trkpt lat="-9.1478878" lon="148.5146013"/>
      <trkpt lat="-9.1479549" lon="148.5144809"/>
      <trkpt lat="-9.1480591" lon="148.5143655"/>
      <trkpt lat="-9.1481358" lon="148.5142663"/>
      <trkpt lat="-9.1481589" lon="148.5141984"/>
      <trkpt lat="-9.1482053" lon="148.5141511"/>
      <trkpt lat="-9.1482563" lon="148.5140761"/>
      <trkpt lat="-9.1483523" lon="148.5139470"/>
      <trkpt lat="-9.1484469" lon="148.5138154"/>
      <trkpt lat="-9.1485284" lon="148.5136772"/>
      <trkpt lat="-9.1485744" lon="148.5135312"/>
      <trkpt lat="-9.1485580" lon="148.5134288"/>
      <trkpt lat="-9.1485936" lon="148.5133665"/>
      <trkpt lat="-9.1486640" lon="148.5133079"/>
      <trkpt lat="-9.1487569" lon="148.5131853"/>
      <trkpt lat="-9.1487851" lon="148.5130228"/>
      <trkpt lat="-9.1487960" lon="148.5128517"/>
      <trkpt lat="-9.1488006" lon="148.5126790"/>
      <trkpt lat="-9.1488315" lon="148.5125111"/>
      <trkpt lat="-9.1488064" lon="148.5123664"/>
      <trkpt lat="-9.1487589" lon="148.5122247"/>
      <trkpt lat="-9.1486957" lon="148.5120818"/>
      <trkpt lat="-9.1486824" lon="148.5119166"/>
      <trkpt lat="-9.1486775" lon="148.5117473"/>
      <trkpt lat="-9.1486418" lon="148.5115917"/>
      <trkpt lat="-9.1485442" lon="148.5114628"/>
      <trkpt lat="-9.1484115" lon="148.5113645"/>
      <trkpt lat="-9.1482605" lon="148.5112733"/>
      <trkpt lat="-9.1481037" lon="148.5111908"/>
      <trkpt lat="-9.1479516" lon="148.5110987"/>
      <trkpt lat="-9.1478585" lon="148.5110005"/>
      <trkpt lat="-9.1478342" lon="148.5108737"/>
      <trkpt lat="-9.1478212" lon="148.5107463"/>
      <trkpt lat="-9.1478188" lon="148.5106058"/>
      <trkpt lat="-9.1478159" lon="148.5104559"/>
      <trkpt lat="-9.1478062" lon="148.5103011"/>
      <trkpt lat="-9.1477706" lon="148.5101951"/>
      <trkpt lat="-9.1477167" lon="148.5101417"/>
    </trkseg>
    <trkseg>
      <trkpt lat="-9.1477900" lon="148.5100750"/>
      <trkpt lat="-9.1477753" lon="148.5098956"/>
      <trkpt lat="-9.1478003" lon="148.5097612"/>
      <trkpt lat="-9.1478650" lon="148.5096717"/>
    </trkseg>
    <trkseg>
      <trkpt lat="-9.1478050" lon="148.5095950"/>
      <trkpt lat="-9.1478036" lon="148.5094355"/>
      <trkpt lat="-9.1477799" lon="148.5092716"/>
      <trkpt lat="-9.1477524" lon="148.5091007"/>
      <trkpt lat="-9.1477446" lon="148.5089222"/>
      <trkpt lat="-9.1477359" lon="148.5087452"/>
      <trkpt lat="-9.1476917" lon="148.5085785"/>
      <trkpt lat="-9.1476116" lon="148.5084279"/>
      <trkpt lat="-9.1474890" lon="148.5083156"/>
      <trkpt lat="-9.1473929" lon="148.5081950"/>
      <trkpt lat="-9.1473176" lon="148.5081182"/>
      <trkpt lat="-9.1473382" lon="148.5080241"/>
      <trkpt lat="-9.1474096" lon="148.5079505"/>
      <trkpt lat="-9.1475377" lon="148.5078379"/>
      <trkpt lat="-9.1476096" lon="148.5077228"/>
      <trkpt lat="-9.1476516" lon="148.5076219"/>
      <trkpt lat="-9.1476273" lon="148.5075072"/>
      <trkpt lat="-9.1475808" lon="148.5074025"/>
      <trkpt lat="-9.1475570" lon="148.5073374"/>
      <trkpt lat="-9.1475335" lon="148.5073000"/>
      <trkpt lat="-9.1475519" lon="148.5072297"/>
      <trkpt lat="-9.1475263" lon="148.5071337"/>
      <trkpt lat="-9.1475807" lon="148.5070745"/>
      <trkpt lat="-9.1476714" lon="148.5070494"/>
      <trkpt lat="-9.1477642" lon="148.5069745"/>
      <trkpt lat="-9.1478112" lon="148.5068305"/>
      <trkpt lat="-9.1478572" lon="148.5066678"/>
      <trkpt lat="-9.1479099" lon="148.5065158"/>
      <trkpt lat="-9.1479996" lon="148.5064161"/>
      <trkpt lat="-9.1480832" lon="148.5063446"/>
      <trkpt lat="-9.1481660" lon="148.5062690"/>
      <trkpt lat="-9.1482464" lon="148.5061665"/>
      <trkpt lat="-9.1483540" lon="148.5060658"/>
      <trkpt lat="-9.1484719" lon="148.5059689"/>
      <trkpt lat="-9.1485487" lon="148.5058511"/>
      <trkpt lat="-9.1485954" lon="148.5057170"/>
      <trkpt lat="-9.1486215" lon="148.5055848"/>
      <trkpt lat="-9.1486430" lon="148.5054774"/>
      <trkpt lat="-9.1486169" lon="148.5053780"/>
      <trkpt lat="-9.1485430" lon="148.5053100"/>
      <trkpt lat="-9.1484370" lon="148.5052200"/>
      <trkpt lat="-9.1482996" lon="148.5051392"/>
      <trkpt lat="-9.1481744" lon="148.5050346"/>
      <trkpt lat="-9.1480314" lon="148.5049686"/>
      <trkpt lat="-9.1479054" lon="148.5048702"/>
      <trkpt lat="-9.1477702" lon="148.5047828"/>
      <trkpt lat="-9.1476302" lon="148.5046824"/>
      <trkpt lat="-9.1474973" lon="148.5045811"/>
      <trkpt lat="-9.1474039" lon="148.5044523"/>
      <trkpt lat="-9.1473707" lon="148.5042948"/>
      <trkpt lat="-9.1473442" lon="148.5041365"/>
      <trkpt lat="-9.1472711" lon="148.5040214"/>
      <trkpt lat="-9.1471943" lon="148.5039116"/>
      <trkpt lat="-9.1471153" lon="148.5037986"/>
      <trkpt lat="-9.1471035" lon="148.5036586"/>
      <trkpt lat="-9.1470983" lon="148.5035283"/>
    </trkseg>
    <trkseg>
      <trkpt lat="-9.1456633" lon="148.5247483"/>
      <trkpt lat="-9.1457535" lon="148.5246105"/>
      <trkpt lat="-9.1458280" lon="148.5244559"/>
      <trkpt lat="-9.1458477" lon="148.5242963"/>
      <trkpt lat="-9.1458711" lon="148.5241385"/>
      <trkpt lat="-9.1459063" lon="148.5239860"/>
      <trkpt lat="-9.1459924" lon="148.5238268"/>
      <trkpt lat="-9.1460839" lon="148.5236699"/>
      <trkpt lat="-9.1461754" lon="148.5235129"/>
      <trkpt lat="-9.1462665" lon="148.5233557"/>
      <trkpt lat="-9.1463570" lon="148.5231982"/>
      <trkpt lat="-9.1464330" lon="148.5230359"/>
      <trkpt lat="-9.1464727" lon="148.5228664"/>
      <trkpt lat="-9.1464581" lon="148.5226949"/>
      <trkpt lat="-9.1464115" lon="148.5225227"/>
      <trkpt lat="-9.1463769" lon="148.5223501"/>
      <trkpt lat="-9.1463602" lon="148.5221746"/>
      <trkpt lat="-9.1463518" lon="148.5219997"/>
      <trkpt lat="-9.1463284" lon="148.5218252"/>
      <trkpt lat="-9.1463194" lon="148.5216484"/>
      <trkpt lat="-9.1462972" lon="148.5214730"/>
      <trkpt lat="-9.1462857" lon="148.5212976"/>
      <trkpt lat="-9.1462562" lon="148.5211230"/>
      <trkpt lat="-9.1462267" lon="148.5209482"/>
      <trkpt lat="-9.1461867" lon="148.5207747"/>
      <trkpt lat="-9.1461444" lon="148.5206023"/>
      <trkpt lat="-9.1461101" lon="148.5204272"/>
      <trkpt lat="-9.1460543" lon="148.5202924"/>
      <trkpt lat="-9.1460156" lon="148.5201567"/>
      <trkpt lat="-9.1459883" lon="148.5200226"/>
      <trkpt lat="-9.1460063" lon="148.5198479"/>
      <trkpt lat="-9.1460284" lon="148.5196751"/>
      <trkpt lat="-9.1460646" lon="148.5195013"/>
      <trkpt lat="-9.1460968" lon="148.5193267"/>
      <trkpt lat="-9.1461426" lon="148.5191537"/>
      <trkpt lat="-9.1462064" lon="148.5189869"/>
      <trkpt lat="-9.1462637" lon="148.5188229"/>
      <trkpt lat="-9.1462898" lon="148.5186554"/>
      <trkpt lat="-9.1462860" lon="148.5185135"/>
      <trkpt lat="-9.1462783" lon="148.5184017"/>
    </trkseg>
    <trkseg>
      <trkpt lat="-9.1463450" lon="148.5183350"/>
      <trkpt lat="-9.1463186" lon="148.5181594"/>
      <trkpt lat="-9.1462965" lon="148.5179824"/>
      <trkpt lat="-9.1462735" lon="148.5178057"/>
      <trkpt lat="-9.1462691" lon="148.5176279"/>
      <trkpt lat="-9.1462527" lon="148.5174538"/>
      <trkpt lat="-9.1462268" lon="148.5172809"/>
      <trkpt lat="-9.1461733" lon="148.5171104"/>
      <trkpt lat="-9.1461375" lon="148.5169355"/>
      <trkpt lat="-9.1461268" lon="148.5167578"/>
      <trkpt lat="-9.1461487" lon="148.5165788"/>
      <trkpt lat="-9.1461984" lon="148.5164074"/>
      <trkpt lat="-9.1462448" lon="148.5162922"/>
      <trkpt lat="-9.1462783" lon="148.5162317"/>
    </trkseg>
    <trkseg>
      <trkpt lat="-9.1463667" lon="148.5161950"/>
      <trkpt lat="-9.1464365" lon="148.5160312"/>
      <trkpt lat="-9.1465445" lon="148.5159043"/>
      <trkpt lat="-9.1466855" lon="148.5158112"/>
      <trkpt lat="-9.1468277" lon="148.5157215"/>
      <trkpt lat="-9.1469250" lon="148.5156178"/>
      <trkpt lat="-9.1470245" lon="148.5155659"/>
      <trkpt lat="-9.1471372" lon="148.5155760"/>
      <trkpt lat="-9.1472969" lon="148.5156091"/>
      <trkpt lat="-9.1474547" lon="148.5155809"/>
      <trkpt lat="-9.1476151" lon="148.5155117"/>
      <trkpt lat="-9.1477423" lon="148.5154022"/>
      <trkpt lat="-9.1478362" lon="148.5152727"/>
      <trkpt lat="-9.1478678" lon="148.5151069"/>
      <trkpt lat="-9.1478805" lon="148.5149351"/>
      <trkpt lat="-9.1478614" lon="148.5147594"/>
      <trkpt lat="-9.1478878" lon="148.5146013"/>
      <trkpt lat="-9.1479549" lon="148.5144809"/>
      <trkpt lat="-9.1480591" lon="148.5143655"/>
      <trkpt lat="-9.1481358" lon="148.5142663"/>
      <trkpt lat="-9.1481589" lon="148.5141984"/>
      <trkpt lat="-9.1482053" lon="148.5141511"/>
      <trkpt lat="-9.1482563" lon="148.5140761"/>
      <trkpt lat="-9.1483523" lon="148.5139470"/>
      <trkpt lat="-9.1484469" lon="148.5138154"/>
      <trkpt lat="-9.1485284" lon="148.5136772"/>
      <trkpt lat="-9.1485744" lon="148.5135312"/>
      <trkpt lat="-9.1485580" lon="148.5134288"/>
      <trkpt lat="-9.1485936" lon="148.5133665"/>
      <trkpt lat="-9.1486640" lon="148.5133079"/>
      <trkpt lat="-9.1487569" lon="148.5131853"/>
      <trkpt lat="-9.1487851" lon="148.5130228"/>
      <trkpt lat="-9.1487960" lon="148.5128517"/>
      <trkpt lat="-9.1488006" lon="148.5126790"/>
      <trkpt lat="-9.1488315" lon="148.5125111"/>
      <trkpt lat="-9.1488064" lon="148.5123664"/>
      <trkpt lat="-9.1487589" lon="148.5122247"/>
      <trkpt lat="-9.1486957" lon="148.5120818"/>
      <trkpt lat="-9.1486824" lon="148.5119166"/>
      <trkpt lat="-9.1486775" lon="148.5117473"/>
      <trkpt lat="-9.1486418" lon="148.5115917"/>
      <trkpt lat="-9.1485442" lon="148.5114628"/>
      <trkpt lat="-9.1484115" lon="148.5113645"/>
      <trkpt lat="-9.1482605" lon="148.5112733"/>
      <trkpt lat="-9.1481037" lon="148.5111908"/>
      <trkpt lat="-9.1479516" lon="148.5110987"/>
      <trkpt lat="-9.1478585" lon="148.5110005"/>
      <trkpt lat="-9.1478342" lon="148.5108737"/>
      <trkpt lat="-9.1478212" lon="148.5107463"/>
      <trkpt lat="-9.1478188" lon="148.5106058"/>
      <trkpt lat="-9.1478159" lon="148.5104559"/>
      <trkpt lat="-9.1478062" lon="148.5103011"/>
      <trkpt lat="-9.1477706" lon="148.5101951"/>
      <trkpt lat="-9.1477167" lon="148.5101417"/>
    </trkseg>
    <trkseg>
      <trkpt lat="-9.1477900" lon="148.5100750"/>
      <trkpt lat="-9.1477753" lon="148.5098956"/>
      <trkpt lat="-9.1478003" lon="148.5097612"/>
      <trkpt lat="-9.1478650" lon="148.5096717"/>
    </trkseg>
    <trkseg>
      <trkpt lat="-9.1478050" lon="148.5095950"/>
      <trkpt lat="-9.1478036" lon="148.5094355"/>
      <trkpt lat="-9.1477799" lon="148.5092716"/>
      <trkpt lat="-9.1477524" lon="148.5091007"/>
      <trkpt lat="-9.1477446" lon="148.5089222"/>
      <trkpt lat="-9.1477359" lon="148.5087452"/>
      <trkpt lat="-9.1476917" lon="148.5085785"/>
      <trkpt lat="-9.1476116" lon="148.5084279"/>
      <trkpt lat="-9.1474890" lon="148.5083156"/>
      <trkpt lat="-9.1473929" lon="148.5081950"/>
      <trkpt lat="-9.1473176" lon="148.5081182"/>
      <trkpt lat="-9.1473382" lon="148.5080241"/>
      <trkpt lat="-9.1474096" lon="148.5079505"/>
      <trkpt lat="-9.1475377" lon="148.5078379"/>
      <trkpt lat="-9.1476096" lon="148.5077228"/>
      <trkpt lat="-9.1476516" lon="148.5076219"/>
      <trkpt lat="-9.1476273" lon="148.5075072"/>
      <trkpt lat="-9.1475808" lon="148.5074025"/>
      <trkpt lat="-9.1475570" lon="148.5073374"/>
      <trkpt lat="-9.1475335" lon="148.5073000"/>
      <trkpt lat="-9.1475519" lon="148.5072297"/>
      <trkpt lat="-9.1475263" lon="148.5071337"/>
      <trkpt lat="-9.1475807" lon="148.5070745"/>
      <trkpt lat="-9.1476714" lon="148.5070494"/>
      <trkpt lat="-9.1477642" lon="148.5069745"/>
      <trkpt lat="-9.1478112" lon="148.5068305"/>
      <trkpt lat="-9.1478572" lon="148.5066678"/>
      <trkpt lat="-9.1479099" lon="148.5065158"/>
      <trkpt lat="-9.1479996" lon="148.5064161"/>
      <trkpt lat="-9.1480832" lon="148.5063446"/>
      <trkpt lat="-9.1481660" lon="148.5062690"/>
      <trkpt lat="-9.1482464" lon="148.5061665"/>
      <trkpt lat="-9.1483540" lon="148.5060658"/>
      <trkpt lat="-9.1484719" lon="148.5059689"/>
      <trkpt lat="-9.1485487" lon="148.5058511"/>
      <trkpt lat="-9.1485954" lon="148.5057170"/>
      <trkpt lat="-9.1486215" lon="148.5055848"/>
      <trkpt lat="-9.1486430" lon="148.5054774"/>
      <trkpt lat="-9.1486169" lon="148.5053780"/>
      <trkpt lat="-9.1485430" lon="148.5053100"/>
      <trkpt lat="-9.1484370" lon="148.5052200"/>
      <trkpt lat="-9.1482996" lon="148.5051392"/>
      <trkpt lat="-9.1481744" lon="148.5050346"/>
      <trkpt lat="-9.1480314" lon="148.5049686"/>
      <trkpt lat="-9.1479054" lon="148.5048702"/>
      <trkpt lat="-9.1477702" lon="148.5047828"/>
      <trkpt lat="-9.1476302" lon="148.5046824"/>
      <trkpt lat="-9.1474973" lon="148.5045811"/>
      <trkpt lat="-9.1474039" lon="148.5044523"/>
      <trkpt lat="-9.1473707" lon="148.5042948"/>
      <trkpt lat="-9.1473442" lon="148.5041365"/>
      <trkpt lat="-9.1472711" lon="148.5040214"/>
      <trkpt lat="-9.1471943" lon="148.5039116"/>
      <trkpt lat="-9.1471153" lon="148.5037986"/>
      <trkpt lat="-9.1471035" lon="148.5036586"/>
      <trkpt lat="-9.1470983" lon="148.5035283"/>
    </trkseg>
    <trkseg>
      <trkpt lat="-9.1472250" lon="148.5033967"/>
      <trkpt lat="-9.1471385" lon="148.5033116"/>
      <trkpt lat="-9.1470328" lon="148.5032516"/>
      <trkpt lat="-9.1469008" lon="148.5032122"/>
      <trkpt lat="-9.1467722" lon="148.5031103"/>
      <trkpt lat="-9.1466468" lon="148.5030132"/>
      <trkpt lat="-9.1465473" lon="148.5029987"/>
      <trkpt lat="-9.1464448" lon="148.5029963"/>
      <trkpt lat="-9.1463904" lon="148.5029690"/>
      <trkpt lat="-9.1463194" lon="148.5028470"/>
      <trkpt lat="-9.1462416" lon="148.5027573"/>
      <trkpt lat="-9.1461113" lon="148.5027441"/>
      <trkpt lat="-9.1459628" lon="148.5027606"/>
      <trkpt lat="-9.1458214" lon="148.5027539"/>
      <trkpt lat="-9.1457421" lon="148.5027659"/>
      <trkpt lat="-9.1457113" lon="148.5028537"/>
      <trkpt lat="-9.1457556" lon="148.5030126"/>
      <trkpt lat="-9.1457937" lon="148.5031843"/>
      <trkpt lat="-9.1458122" lon="148.5033226"/>
      <trkpt lat="-9.1458052" lon="148.5034181"/>
      <trkpt lat="-9.1457833" lon="148.5034667"/>
    </trkseg>
    <trkseg>
      <trkpt lat="-9.1457083" lon="148.5034000"/>
      <trkpt lat="-9.1456259" lon="148.5032757"/>
      <trkpt lat="-9.1455490" lon="148.5031545"/>
      <trkpt lat="-9.1454753" lon="148.5030680"/>
      <trkpt lat="-9.1453457" lon="148.5029966"/>
      <trkpt lat="-9.1452094" lon="148.5029640"/>
      <trkpt lat="-9.1450683" lon="148.5029462"/>
      <trkpt lat="-9.1449193" lon="148.5029986"/>
      <trkpt lat="-9.1447974" lon="148.5030679"/>
      <trkpt lat="-9.1447415" lon="148.5031770"/>
      <trkpt lat="-9.1447204" lon="148.5032276"/>
      <trkpt lat="-9.1447433" lon="148.5032434"/>
      <trkpt lat="-9.1447664" lon="148.5031882"/>
      <trkpt lat="-9.1447711" lon="148.5031977"/>
      <trkpt lat="-9.1447481" lon="148.5032771"/>
      <trkpt lat="-9.1447029" lon="148.5034313"/>
      <trkpt lat="-9.1447452" lon="148.5035720"/>
      <trkpt lat="-9.1447564" lon="148.5036747"/>
      <trkpt lat="-9.1447322" lon="148.5036778"/>
      <trkpt lat="-9.1446144" lon="148.5036459"/>
      <trkpt lat="-9.1444981" lon="148.5035434"/>
      <trkpt lat="-9.1443971" lon="148.5035039"/>
      <trkpt lat="-9.1443105" lon="148.5035024"/>
      <trkpt lat="-9.1442239" lon="148.5035076"/>
      <trkpt lat="-9.1441318" lon="148.5034414"/>
      <trkpt lat="-9.1440601" lon="148.5033431"/>
      <trkpt lat="-9.1439963" lon="148.5032533"/>
      <trkpt lat="-9.1439895" lon="148.5031990"/>
      <trkpt lat="-9.1440195" lon="148.5031086"/>
      <trkpt lat="-9.1440984" lon="148.5030040"/>
      <trkpt lat="-9.1441910" lon="148.5029159"/>
      <trkpt lat="-9.1442933" lon="148.5028717"/>
    </trkseg>
    <trkseg>
      <trkpt lat="-9.1456633" lon="148.5247483"/>
      <trkpt lat="-9.1457535" lon="148.5246105"/>
      <trkpt lat="-9.1458280" lon="148.5244559"/>
      <trkpt lat="-9.1458477" lon="148.5242963"/>
      <trkpt lat="-9.1458711" lon="148.5241385"/>
      <trkpt lat="-9.1459063" lon="148.5239860"/>
      <trkpt lat="-9.1459924" lon="148.5238268"/>
      <trkpt lat="-9.1460839" lon="148.5236699"/>
      <trkpt lat="-9.1461754" lon="148.5235129"/>
      <trkpt lat="-9.1462665" lon="148.5233557"/>
      <trkpt lat="-9.1463570" lon="148.5231982"/>
      <trkpt lat="-9.1464330" lon="148.5230359"/>
      <trkpt lat="-9.1464727" lon="148.5228664"/>
      <trkpt lat="-9.1464581" lon="148.5226949"/>
      <trkpt lat="-9.1464115" lon="148.5225227"/>
      <trkpt lat="-9.1463769" lon="148.5223501"/>
      <trkpt lat="-9.1463602" lon="148.5221746"/>
      <trkpt lat="-9.1463518" lon="148.5219997"/>
      <trkpt lat="-9.1463284" lon="148.5218252"/>
      <trkpt lat="-9.1463194" lon="148.5216484"/>
      <trkpt lat="-9.1462972" lon="148.5214730"/>
      <trkpt lat="-9.1462857" lon="148.5212976"/>
      <trkpt lat="-9.1462562" lon="148.5211230"/>
      <trkpt lat="-9.1462267" lon="148.5209482"/>
      <trkpt lat="-9.1461867" lon="148.5207747"/>
      <trkpt lat="-9.1461444" lon="148.5206023"/>
      <trkpt lat="-9.1461101" lon="148.5204272"/>
      <trkpt lat="-9.1460543" lon="148.5202924"/>
      <trkpt lat="-9.1460156" lon="148.5201567"/>
      <trkpt lat="-9.1459883" lon="148.5200226"/>
      <trkpt lat="-9.1460063" lon="148.5198479"/>
      <trkpt lat="-9.1460284" lon="148.5196751"/>
      <trkpt lat="-9.1460646" lon="148.5195013"/>
      <trkpt lat="-9.1460968" lon="148.5193267"/>
      <trkpt lat="-9.1461426" lon="148.5191537"/>
      <trkpt lat="-9.1462064" lon="148.5189869"/>
      <trkpt lat="-9.1462637" lon="148.5188229"/>
      <trkpt lat="-9.1462898" lon="148.5186554"/>
      <trkpt lat="-9.1462860" lon="148.5185135"/>
      <trkpt lat="-9.1462783" lon="148.5184017"/>
    </trkseg>
    <trkseg>
      <trkpt lat="-9.1463450" lon="148.5183350"/>
      <trkpt lat="-9.1463186" lon="148.5181594"/>
      <trkpt lat="-9.1462965" lon="148.5179824"/>
      <trkpt lat="-9.1462735" lon="148.5178057"/>
      <trkpt lat="-9.1462691" lon="148.5176279"/>
      <trkpt lat="-9.1462527" lon="148.5174538"/>
      <trkpt lat="-9.1462268" lon="148.5172809"/>
      <trkpt lat="-9.1461733" lon="148.5171104"/>
      <trkpt lat="-9.1461375" lon="148.5169355"/>
      <trkpt lat="-9.1461268" lon="148.5167578"/>
      <trkpt lat="-9.1461487" lon="148.5165788"/>
      <trkpt lat="-9.1461984" lon="148.5164074"/>
      <trkpt lat="-9.1462448" lon="148.5162922"/>
      <trkpt lat="-9.1462783" lon="148.5162317"/>
    </trkseg>
    <trkseg>
      <trkpt lat="-9.1463667" lon="148.5161950"/>
      <trkpt lat="-9.1464365" lon="148.5160312"/>
      <trkpt lat="-9.1465445" lon="148.5159043"/>
      <trkpt lat="-9.1466855" lon="148.5158112"/>
      <trkpt lat="-9.1468277" lon="148.5157215"/>
      <trkpt lat="-9.1469250" lon="148.5156178"/>
      <trkpt lat="-9.1470245" lon="148.5155659"/>
      <trkpt lat="-9.1471372" lon="148.5155760"/>
      <trkpt lat="-9.1472969" lon="148.5156091"/>
      <trkpt lat="-9.1474547" lon="148.5155809"/>
      <trkpt lat="-9.1476151" lon="148.5155117"/>
      <trkpt lat="-9.1477423" lon="148.5154022"/>
      <trkpt lat="-9.1478362" lon="148.5152727"/>
      <trkpt lat="-9.1478678" lon="148.5151069"/>
      <trkpt lat="-9.1478805" lon="148.5149351"/>
      <trkpt lat="-9.1478614" lon="148.5147594"/>
      <trkpt lat="-9.1478878" lon="148.5146013"/>
      <trkpt lat="-9.1479549" lon="148.5144809"/>
      <trkpt lat="-9.1480591" lon="148.5143655"/>
      <trkpt lat="-9.1481358" lon="148.5142663"/>
      <trkpt lat="-9.1481589" lon="148.5141984"/>
      <trkpt lat="-9.1482053" lon="148.5141511"/>
      <trkpt lat="-9.1482563" lon="148.5140761"/>
      <trkpt lat="-9.1483523" lon="148.5139470"/>
      <trkpt lat="-9.1484469" lon="148.5138154"/>
      <trkpt lat="-9.1485284" lon="148.5136772"/>
      <trkpt lat="-9.1485744" lon="148.5135312"/>
      <trkpt lat="-9.1485580" lon="148.5134288"/>
      <trkpt lat="-9.1485936" lon="148.5133665"/>
      <trkpt lat="-9.1486640" lon="148.5133079"/>
      <trkpt lat="-9.1487569" lon="148.5131853"/>
      <trkpt lat="-9.1487851" lon="148.5130228"/>
      <trkpt lat="-9.1487960" lon="148.5128517"/>
      <trkpt lat="-9.1488006" lon="148.5126790"/>
      <trkpt lat="-9.1488315" lon="148.5125111"/>
      <trkpt lat="-9.1488064" lon="148.5123664"/>
      <trkpt lat="-9.1487589" lon="148.5122247"/>
      <trkpt lat="-9.1486957" lon="148.5120818"/>
      <trkpt lat="-9.1486824" lon="148.5119166"/>
      <trkpt lat="-9.1486775" lon="148.5117473"/>
      <trkpt lat="-9.1486418" lon="148.5115917"/>
      <trkpt lat="-9.1485442" lon="148.5114628"/>
      <trkpt lat="-9.1484115" lon="148.5113645"/>
      <trkpt lat="-9.1482605" lon="148.5112733"/>
      <trkpt lat="-9.1481037" lon="148.5111908"/>
      <trkpt lat="-9.1479516" lon="148.5110987"/>
      <trkpt lat="-9.1478585" lon="148.5110005"/>
      <trkpt lat="-9.1478342" lon="148.5108737"/>
      <trkpt lat="-9.1478212" lon="148.5107463"/>
      <trkpt lat="-9.1478188" lon="148.5106058"/>
      <trkpt lat="-9.1478159" lon="148.5104559"/>
      <trkpt lat="-9.1478062" lon="148.5103011"/>
      <trkpt lat="-9.1477706" lon="148.5101951"/>
      <trkpt lat="-9.1477167" lon="148.5101417"/>
    </trkseg>
    <trkseg>
      <trkpt lat="-9.1477900" lon="148.5100750"/>
      <trkpt lat="-9.1477753" lon="148.5098956"/>
      <trkpt lat="-9.1478003" lon="148.5097612"/>
      <trkpt lat="-9.1478650" lon="148.5096717"/>
    </trkseg>
    <trkseg>
      <trkpt lat="-9.1478050" lon="148.5095950"/>
      <trkpt lat="-9.1478036" lon="148.5094355"/>
      <trkpt lat="-9.1477799" lon="148.5092716"/>
      <trkpt lat="-9.1477524" lon="148.5091007"/>
      <trkpt lat="-9.1477446" lon="148.5089222"/>
      <trkpt lat="-9.1477359" lon="148.5087452"/>
      <trkpt lat="-9.1476917" lon="148.5085785"/>
      <trkpt lat="-9.1476116" lon="148.5084279"/>
      <trkpt lat="-9.1474890" lon="148.5083156"/>
      <trkpt lat="-9.1473929" lon="148.5081950"/>
      <trkpt lat="-9.1473176" lon="148.5081182"/>
      <trkpt lat="-9.1473382" lon="148.5080241"/>
      <trkpt lat="-9.1474096" lon="148.5079505"/>
      <trkpt lat="-9.1475377" lon="148.5078379"/>
      <trkpt lat="-9.1476096" lon="148.5077228"/>
      <trkpt lat="-9.1476516" lon="148.5076219"/>
      <trkpt lat="-9.1476273" lon="148.5075072"/>
      <trkpt lat="-9.1475808" lon="148.5074025"/>
      <trkpt lat="-9.1475570" lon="148.5073374"/>
      <trkpt lat="-9.1475335" lon="148.5073000"/>
      <trkpt lat="-9.1475519" lon="148.5072297"/>
      <trkpt lat="-9.1475263" lon="148.5071337"/>
      <trkpt lat="-9.1475807" lon="148.5070745"/>
      <trkpt lat="-9.1476714" lon="148.5070494"/>
      <trkpt lat="-9.1477642" lon="148.5069745"/>
      <trkpt lat="-9.1478112" lon="148.5068305"/>
      <trkpt lat="-9.1478572" lon="148.5066678"/>
      <trkpt lat="-9.1479099" lon="148.5065158"/>
      <trkpt lat="-9.1479996" lon="148.5064161"/>
      <trkpt lat="-9.1480832" lon="148.5063446"/>
      <trkpt lat="-9.1481660" lon="148.5062690"/>
      <trkpt lat="-9.1482464" lon="148.5061665"/>
      <trkpt lat="-9.1483540" lon="148.5060658"/>
      <trkpt lat="-9.1484719" lon="148.5059689"/>
      <trkpt lat="-9.1485487" lon="148.5058511"/>
      <trkpt lat="-9.1485954" lon="148.5057170"/>
      <trkpt lat="-9.1486215" lon="148.5055848"/>
      <trkpt lat="-9.1486430" lon="148.5054774"/>
      <trkpt lat="-9.1486169" lon="148.5053780"/>
      <trkpt lat="-9.1485430" lon="148.5053100"/>
      <trkpt lat="-9.1484370" lon="148.5052200"/>
      <trkpt lat="-9.1482996" lon="148.5051392"/>
      <trkpt lat="-9.1481744" lon="148.5050346"/>
      <trkpt lat="-9.1480314" lon="148.5049686"/>
      <trkpt lat="-9.1479054" lon="148.5048702"/>
      <trkpt lat="-9.1477702" lon="148.5047828"/>
      <trkpt lat="-9.1476302" lon="148.5046824"/>
      <trkpt lat="-9.1474973" lon="148.5045811"/>
      <trkpt lat="-9.1474039" lon="148.5044523"/>
      <trkpt lat="-9.1473707" lon="148.5042948"/>
      <trkpt lat="-9.1473442" lon="148.5041365"/>
      <trkpt lat="-9.1472711" lon="148.5040214"/>
      <trkpt lat="-9.1471943" lon="148.5039116"/>
      <trkpt lat="-9.1471153" lon="148.5037986"/>
      <trkpt lat="-9.1471035" lon="148.5036586"/>
      <trkpt lat="-9.1470983" lon="148.5035283"/>
    </trkseg>
    <trkseg>
      <trkpt lat="-9.1472250" lon="148.5033967"/>
      <trkpt lat="-9.1471385" lon="148.5033116"/>
      <trkpt lat="-9.1470328" lon="148.5032516"/>
      <trkpt lat="-9.1469008" lon="148.5032122"/>
      <trkpt lat="-9.1467722" lon="148.5031103"/>
      <trkpt lat="-9.1466468" lon="148.5030132"/>
      <trkpt lat="-9.1465473" lon="148.5029987"/>
      <trkpt lat="-9.1464448" lon="148.5029963"/>
      <trkpt lat="-9.1463904" lon="148.5029690"/>
      <trkpt lat="-9.1463194" lon="148.5028470"/>
      <trkpt lat="-9.1462416" lon="148.5027573"/>
      <trkpt lat="-9.1461113" lon="148.5027441"/>
      <trkpt lat="-9.1459628" lon="148.5027606"/>
      <trkpt lat="-9.1458214" lon="148.5027539"/>
      <trkpt lat="-9.1457421" lon="148.5027659"/>
      <trkpt lat="-9.1457113" lon="148.5028537"/>
      <trkpt lat="-9.1457556" lon="148.5030126"/>
      <trkpt lat="-9.1457937" lon="148.5031843"/>
      <trkpt lat="-9.1458122" lon="148.5033226"/>
      <trkpt lat="-9.1458052" lon="148.5034181"/>
      <trkpt lat="-9.1457833" lon="148.5034667"/>
    </trkseg>
    <trkseg>
      <trkpt lat="-9.1402250" lon="148.4811417"/>
      <trkpt lat="-9.1400908" lon="148.4810201"/>
      <trkpt lat="-9.1399720" lon="148.4808891"/>
      <trkpt lat="-9.1398889" lon="148.4807916"/>
      <trkpt lat="-9.1398433" lon="148.4807250"/>
    </trkseg>
    <trkseg>
      <trkpt lat="-9.1398283" lon="148.4806150"/>
      <trkpt lat="-9.1396504" lon="148.4806011"/>
      <trkpt lat="-9.1394796" lon="148.4805615"/>
      <trkpt lat="-9.1393104" lon="148.4805131"/>
      <trkpt lat="-9.1391412" lon="148.4804806"/>
      <trkpt lat="-9.1389737" lon="148.4804448"/>
      <trkpt lat="-9.1388414" lon="148.4804036"/>
      <trkpt lat="-9.1387433" lon="148.4803367"/>
    </trkseg>
    <trkseg>
      <trkpt lat="-9.1386533" lon="148.4802817"/>
      <trkpt lat="-9.1385174" lon="148.4801650"/>
      <trkpt lat="-9.1383720" lon="148.4800627"/>
      <trkpt lat="-9.1382134" lon="148.4799853"/>
      <trkpt lat="-9.1380413" lon="148.4799352"/>
      <trkpt lat="-9.1378782" lon="148.4798779"/>
      <trkpt lat="-9.1377158" lon="148.4798269"/>
      <trkpt lat="-9.1375555" lon="148.4797728"/>
      <trkpt lat="-9.1374251" lon="148.4797262"/>
      <trkpt lat="-9.1373367" lon="148.4796633"/>
    </trkseg>
    <trkseg>
      <trkpt lat="-9.1372033" lon="148.4796717"/>
      <trkpt lat="-9.1370342" lon="148.4797063"/>
      <trkpt lat="-9.1368692" lon="148.4797628"/>
      <trkpt lat="-9.1367124" lon="148.4798478"/>
      <trkpt lat="-9.1365696" lon="148.4799553"/>
      <trkpt lat="-9.1364511" lon="148.4800870"/>
      <trkpt lat="-9.1363699" lon="148.4802353"/>
      <trkpt lat="-9.1363717" lon="148.4803866"/>
      <trkpt lat="-9.1364285" lon="148.4805371"/>
      <trkpt lat="-9.1365115" lon="148.4806883"/>
      <trkpt lat="-9.1365874" lon="148.4808431"/>
      <trkpt lat="-9.1366385" lon="148.4809600"/>
      <trkpt lat="-9.1366767" lon="148.4810383"/>
    </trkseg>
    <trkseg>
      <trkpt lat="-9.1365933" lon="148.4811217"/>
      <trkpt lat="-9.1366154" lon="148.4812913"/>
      <trkpt lat="-9.1365800" lon="148.4813817"/>
    </trkseg>
    <trkseg>
      <trkpt lat="-9.1366133" lon="148.4814967"/>
      <trkpt lat="-9.1364745" lon="148.4815859"/>
      <trkpt lat="-9.1363562" lon="148.4817060"/>
      <trkpt lat="-9.1362844" lon="148.4818649"/>
      <trkpt lat="-9.1362384" lon="148.4820281"/>
      <trkpt lat="-9.1361881" lon="148.4821844"/>
      <trkpt lat="-9.1361315" lon="148.4823414"/>
      <trkpt lat="-9.1360617" lon="148.4824916"/>
      <trkpt lat="-9.1360619" lon="148.4826458"/>
      <trkpt lat="-9.1360811" lon="148.4827979"/>
      <trkpt lat="-9.1360707" lon="148.4829378"/>
      <trkpt lat="-9.1359847" lon="148.4830603"/>
      <trkpt lat="-9.1358539" lon="148.4831582"/>
      <trkpt lat="-9.1357773" lon="148.4832780"/>
      <trkpt lat="-9.1357527" lon="148.4834269"/>
      <trkpt lat="-9.1357692" lon="148.4835464"/>
      <trkpt lat="-9.1357800" lon="148.4836117"/>
    </trkseg>
    <trkseg>
      <trkpt lat="-9.1357783" lon="148.4837067"/>
      <trkpt lat="-9.1357415" lon="148.4838791"/>
      <trkpt lat="-9.1356557" lon="148.4840169"/>
      <trkpt lat="-9.1355360" lon="148.4841395"/>
      <trkpt lat="-9.1354372" lon="148.4842701"/>
      <trkpt lat="-9.1353755" lon="148.4844324"/>
      <trkpt lat="-9.1353570" lon="148.4846085"/>
      <trkpt lat="-9.1353358" lon="148.4847844"/>
      <trkpt lat="-9.1353023" lon="148.4849485"/>
      <trkpt lat="-9.1352415" lon="148.4850726"/>
      <trkpt lat="-9.1351700" lon="148.4851567"/>
    </trkseg>
    <trkseg>
      <trkpt lat="-9.1350950" lon="148.4852200"/>
      <trkpt lat="-9.1349560" lon="148.4853169"/>
      <trkpt lat="-9.1348193" lon="148.4854189"/>
      <trkpt lat="-9.1346958" lon="148.4855399"/>
      <trkpt lat="-9.1345556" lon="148.4856460"/>
      <trkpt lat="-9.1344327" lon="148.4857698"/>
      <trkpt lat="-9.1343179" lon="148.4858987"/>
      <trkpt lat="-9.1342143" lon="148.4860101"/>
      <trkpt lat="-9.1340957" lon="148.4861083"/>
      <trkpt lat="-9.1340023" lon="148.4862176"/>
      <trkpt lat="-9.1339253" lon="148.4863647"/>
      <trkpt lat="-9.1339012" lon="148.4865077"/>
      <trkpt lat="-9.1338354" lon="148.4866135"/>
      <trkpt lat="-9.1337403" lon="148.4866914"/>
      <trkpt lat="-9.1335967" lon="148.4867700"/>
    </trkseg>
    <trkseg>
      <trkpt lat="-9.1338317" lon="148.4868417"/>
      <trkpt lat="-9.1336530" lon="148.4868470"/>
      <trkpt lat="-9.1334905" lon="148.4868910"/>
      <trkpt lat="-9.1333606" lon="148.4869697"/>
      <trkpt lat="-9.1332374" lon="148.4870264"/>
      <trkpt lat="-9.1331180" lon="148.4870914"/>
      <trkpt lat="-9.1329718" lon="148.4871414"/>
      <trkpt lat="-9.1328208" lon="148.4872228"/>
      <trkpt lat="-9.1326755" lon="148.4872972"/>
      <trkpt lat="-9.1326007" lon="148.4873697"/>
      <trkpt lat="-9.1325983" lon="148.4874383"/>
    </trkseg>
    <trkseg>
      <trkpt lat="-9.1325917" lon="148.4875333"/>
      <trkpt lat="-9.1325737" lon="148.4877105"/>
      <trkpt lat="-9.1325162" lon="148.4878705"/>
      <trkpt lat="-9.1324149" lon="148.4880095"/>
      <trkpt lat="-9.1323136" lon="148.4881125"/>
      <trkpt lat="-9.1322400" lon="148.4881967"/>
    </trkseg>
    <trkseg>
      <trkpt lat="-9.1322183" lon="148.4882917"/>
      <trkpt lat="-9.1321461" lon="148.4884585"/>
      <trkpt lat="-9.1321350" lon="148.4884833"/>
    </trkseg>
    <trkseg>
      <trkpt lat="-9.1319600" lon="148.4885083"/>
      <trkpt lat="-9.1319516" lon="148.4886414"/>
      <trkpt lat="-9.1318918" lon="148.4887578"/>
      <trkpt lat="-9.1317672" lon="148.4888308"/>
      <trkpt lat="-9.1316049" lon="148.4888528"/>
      <trkpt lat="-9.1314311" lon="148.4888328"/>
      <trkpt lat="-9.1312566" lon="148.4888220"/>
      <trkpt lat="-9.1310874" lon="148.4888104"/>
      <trkpt lat="-9.1309621" lon="148.4887957"/>
      <trkpt lat="-9.1308833" lon="148.4887533"/>
    </trkseg>
    <trkseg>
      <trkpt lat="-9.1307817" lon="148.4888183"/>
      <trkpt lat="-9.1308054" lon="148.4889272"/>
      <trkpt lat="-9.1307706" lon="148.4890482"/>
      <trkpt lat="-9.1306623" lon="148.4891732"/>
      <trkpt lat="-9.1305846" lon="148.4893315"/>
      <trkpt lat="-9.1304900" lon="148.4894775"/>
      <trkpt lat="-9.1304132" lon="148.4895904"/>
      <trkpt lat="-9.1303333" lon="148.4896583"/>
    </trkseg>
    <trkseg>
      <trkpt lat="-9.1304583" lon="148.4897267"/>
      <trkpt lat="-9.1303105" lon="148.4897898"/>
      <trkpt lat="-9.1301883" lon="148.4898853"/>
      <trkpt lat="-9.1300917" lon="148.4900133"/>
    </trkseg>
    <trkseg>
      <trkpt lat="-9.1402250" lon="148.4811417"/>
      <trkpt lat="-9.1400908" lon="148.4810201"/>
      <trkpt lat="-9.1399720" lon="148.4808891"/>
      <trkpt lat="-9.1398889" lon="148.4807916"/>
      <trkpt lat="-9.1398433" lon="148.4807250"/>
    </trkseg>
    <trkseg>
      <trkpt lat="-9.1402250" lon="148.4811417"/>
      <trkpt lat="-9.1400908" lon="148.4810201"/>
      <trkpt lat="-9.1399720" lon="148.4808891"/>
      <trkpt lat="-9.1398889" lon="148.4807916"/>
      <trkpt lat="-9.1398433" lon="148.4807250"/>
    </trkseg>
    <trkseg>
      <trkpt lat="-9.1398283" lon="148.4806150"/>
      <trkpt lat="-9.1396504" lon="148.4806011"/>
      <trkpt lat="-9.1394796" lon="148.4805615"/>
      <trkpt lat="-9.1393104" lon="148.4805131"/>
      <trkpt lat="-9.1391412" lon="148.4804806"/>
      <trkpt lat="-9.1389737" lon="148.4804448"/>
      <trkpt lat="-9.1388414" lon="148.4804036"/>
      <trkpt lat="-9.1387433" lon="148.4803367"/>
    </trkseg>
    <trkseg>
      <trkpt lat="-9.1402250" lon="148.4811417"/>
      <trkpt lat="-9.1400908" lon="148.4810201"/>
      <trkpt lat="-9.1399720" lon="148.4808891"/>
      <trkpt lat="-9.1398889" lon="148.4807916"/>
      <trkpt lat="-9.1398433" lon="148.4807250"/>
    </trkseg>
    <trkseg>
      <trkpt lat="-9.1398283" lon="148.4806150"/>
      <trkpt lat="-9.1396504" lon="148.4806011"/>
      <trkpt lat="-9.1394796" lon="148.4805615"/>
      <trkpt lat="-9.1393104" lon="148.4805131"/>
      <trkpt lat="-9.1391412" lon="148.4804806"/>
      <trkpt lat="-9.1389737" lon="148.4804448"/>
      <trkpt lat="-9.1388414" lon="148.4804036"/>
      <trkpt lat="-9.1387433" lon="148.4803367"/>
    </trkseg>
    <trkseg>
      <trkpt lat="-9.1386533" lon="148.4802817"/>
      <trkpt lat="-9.1385174" lon="148.4801650"/>
      <trkpt lat="-9.1383720" lon="148.4800627"/>
      <trkpt lat="-9.1382134" lon="148.4799853"/>
      <trkpt lat="-9.1380413" lon="148.4799352"/>
      <trkpt lat="-9.1378782" lon="148.4798779"/>
      <trkpt lat="-9.1377158" lon="148.4798269"/>
      <trkpt lat="-9.1375555" lon="148.4797728"/>
      <trkpt lat="-9.1374251" lon="148.4797262"/>
      <trkpt lat="-9.1373367" lon="148.4796633"/>
    </trkseg>
    <trkseg>
      <trkpt lat="-9.1372033" lon="148.4796717"/>
      <trkpt lat="-9.1370342" lon="148.4797063"/>
      <trkpt lat="-9.1368692" lon="148.4797628"/>
      <trkpt lat="-9.1367124" lon="148.4798478"/>
      <trkpt lat="-9.1365696" lon="148.4799553"/>
      <trkpt lat="-9.1364511" lon="148.4800870"/>
      <trkpt lat="-9.1363699" lon="148.4802353"/>
      <trkpt lat="-9.1363717" lon="148.4803866"/>
      <trkpt lat="-9.1364285" lon="148.4805371"/>
      <trkpt lat="-9.1365115" lon="148.4806883"/>
      <trkpt lat="-9.1365874" lon="148.4808431"/>
      <trkpt lat="-9.1366385" lon="148.4809600"/>
      <trkpt lat="-9.1366767" lon="148.4810383"/>
    </trkseg>
    <trkseg>
      <trkpt lat="-9.1402250" lon="148.4811417"/>
      <trkpt lat="-9.1400908" lon="148.4810201"/>
      <trkpt lat="-9.1399720" lon="148.4808891"/>
      <trkpt lat="-9.1398889" lon="148.4807916"/>
      <trkpt lat="-9.1398433" lon="148.4807250"/>
    </trkseg>
    <trkseg>
      <trkpt lat="-9.1398283" lon="148.4806150"/>
      <trkpt lat="-9.1396504" lon="148.4806011"/>
      <trkpt lat="-9.1394796" lon="148.4805615"/>
      <trkpt lat="-9.1393104" lon="148.4805131"/>
      <trkpt lat="-9.1391412" lon="148.4804806"/>
      <trkpt lat="-9.1389737" lon="148.4804448"/>
      <trkpt lat="-9.1388414" lon="148.4804036"/>
      <trkpt lat="-9.1387433" lon="148.4803367"/>
    </trkseg>
    <trkseg>
      <trkpt lat="-9.1386533" lon="148.4802817"/>
      <trkpt lat="-9.1385174" lon="148.4801650"/>
      <trkpt lat="-9.1383720" lon="148.4800627"/>
      <trkpt lat="-9.1382134" lon="148.4799853"/>
      <trkpt lat="-9.1380413" lon="148.4799352"/>
      <trkpt lat="-9.1378782" lon="148.4798779"/>
      <trkpt lat="-9.1377158" lon="148.4798269"/>
      <trkpt lat="-9.1375555" lon="148.4797728"/>
      <trkpt lat="-9.1374251" lon="148.4797262"/>
      <trkpt lat="-9.1373367" lon="148.4796633"/>
    </trkseg>
    <trkseg>
      <trkpt lat="-9.1372033" lon="148.4796717"/>
      <trkpt lat="-9.1370342" lon="148.4797063"/>
      <trkpt lat="-9.1368692" lon="148.4797628"/>
      <trkpt lat="-9.1367124" lon="148.4798478"/>
      <trkpt lat="-9.1365696" lon="148.4799553"/>
      <trkpt lat="-9.1364511" lon="148.4800870"/>
      <trkpt lat="-9.1363699" lon="148.4802353"/>
      <trkpt lat="-9.1363717" lon="148.4803866"/>
      <trkpt lat="-9.1364285" lon="148.4805371"/>
      <trkpt lat="-9.1365115" lon="148.4806883"/>
      <trkpt lat="-9.1365874" lon="148.4808431"/>
      <trkpt lat="-9.1366385" lon="148.4809600"/>
      <trkpt lat="-9.1366767" lon="148.4810383"/>
    </trkseg>
    <trkseg>
      <trkpt lat="-9.1365933" lon="148.4811217"/>
      <trkpt lat="-9.1366154" lon="148.4812913"/>
      <trkpt lat="-9.1365800" lon="148.4813817"/>
    </trkseg>
    <trkseg>
      <trkpt lat="-9.1366133" lon="148.4814967"/>
      <trkpt lat="-9.1364745" lon="148.4815859"/>
      <trkpt lat="-9.1363562" lon="148.4817060"/>
      <trkpt lat="-9.1362844" lon="148.4818649"/>
      <trkpt lat="-9.1362384" lon="148.4820281"/>
      <trkpt lat="-9.1361881" lon="148.4821844"/>
      <trkpt lat="-9.1361315" lon="148.4823414"/>
      <trkpt lat="-9.1360617" lon="148.4824916"/>
      <trkpt lat="-9.1360619" lon="148.4826458"/>
      <trkpt lat="-9.1360811" lon="148.4827979"/>
      <trkpt lat="-9.1360707" lon="148.4829378"/>
      <trkpt lat="-9.1359847" lon="148.4830603"/>
      <trkpt lat="-9.1358539" lon="148.4831582"/>
      <trkpt lat="-9.1357773" lon="148.4832780"/>
      <trkpt lat="-9.1357527" lon="148.4834269"/>
      <trkpt lat="-9.1357692" lon="148.4835464"/>
      <trkpt lat="-9.1357800" lon="148.4836117"/>
    </trkseg>
    <trkseg>
      <trkpt lat="-9.1402250" lon="148.4811417"/>
      <trkpt lat="-9.1400908" lon="148.4810201"/>
      <trkpt lat="-9.1399720" lon="148.4808891"/>
      <trkpt lat="-9.1398889" lon="148.4807916"/>
      <trkpt lat="-9.1398433" lon="148.4807250"/>
    </trkseg>
    <trkseg>
      <trkpt lat="-9.1398283" lon="148.4806150"/>
      <trkpt lat="-9.1396504" lon="148.4806011"/>
      <trkpt lat="-9.1394796" lon="148.4805615"/>
      <trkpt lat="-9.1393104" lon="148.4805131"/>
      <trkpt lat="-9.1391412" lon="148.4804806"/>
      <trkpt lat="-9.1389737" lon="148.4804448"/>
      <trkpt lat="-9.1388414" lon="148.4804036"/>
      <trkpt lat="-9.1387433" lon="148.4803367"/>
    </trkseg>
    <trkseg>
      <trkpt lat="-9.1386533" lon="148.4802817"/>
      <trkpt lat="-9.1385174" lon="148.4801650"/>
      <trkpt lat="-9.1383720" lon="148.4800627"/>
      <trkpt lat="-9.1382134" lon="148.4799853"/>
      <trkpt lat="-9.1380413" lon="148.4799352"/>
      <trkpt lat="-9.1378782" lon="148.4798779"/>
      <trkpt lat="-9.1377158" lon="148.4798269"/>
      <trkpt lat="-9.1375555" lon="148.4797728"/>
      <trkpt lat="-9.1374251" lon="148.4797262"/>
      <trkpt lat="-9.1373367" lon="148.4796633"/>
    </trkseg>
    <trkseg>
      <trkpt lat="-9.1372033" lon="148.4796717"/>
      <trkpt lat="-9.1370342" lon="148.4797063"/>
      <trkpt lat="-9.1368692" lon="148.4797628"/>
      <trkpt lat="-9.1367124" lon="148.4798478"/>
      <trkpt lat="-9.1365696" lon="148.4799553"/>
      <trkpt lat="-9.1364511" lon="148.4800870"/>
      <trkpt lat="-9.1363699" lon="148.4802353"/>
      <trkpt lat="-9.1363717" lon="148.4803866"/>
      <trkpt lat="-9.1364285" lon="148.4805371"/>
      <trkpt lat="-9.1365115" lon="148.4806883"/>
      <trkpt lat="-9.1365874" lon="148.4808431"/>
      <trkpt lat="-9.1366385" lon="148.4809600"/>
      <trkpt lat="-9.1366767" lon="148.4810383"/>
    </trkseg>
    <trkseg>
      <trkpt lat="-9.1365933" lon="148.4811217"/>
      <trkpt lat="-9.1366154" lon="148.4812913"/>
      <trkpt lat="-9.1365800" lon="148.4813817"/>
    </trkseg>
    <trkseg>
      <trkpt lat="-9.1366133" lon="148.4814967"/>
      <trkpt lat="-9.1364745" lon="148.4815859"/>
      <trkpt lat="-9.1363562" lon="148.4817060"/>
      <trkpt lat="-9.1362844" lon="148.4818649"/>
      <trkpt lat="-9.1362384" lon="148.4820281"/>
      <trkpt lat="-9.1361881" lon="148.4821844"/>
      <trkpt lat="-9.1361315" lon="148.4823414"/>
      <trkpt lat="-9.1360617" lon="148.4824916"/>
      <trkpt lat="-9.1360619" lon="148.4826458"/>
      <trkpt lat="-9.1360811" lon="148.4827979"/>
      <trkpt lat="-9.1360707" lon="148.4829378"/>
      <trkpt lat="-9.1359847" lon="148.4830603"/>
      <trkpt lat="-9.1358539" lon="148.4831582"/>
      <trkpt lat="-9.1357773" lon="148.4832780"/>
      <trkpt lat="-9.1357527" lon="148.4834269"/>
      <trkpt lat="-9.1357692" lon="148.4835464"/>
      <trkpt lat="-9.1357800" lon="148.4836117"/>
    </trkseg>
    <trkseg>
      <trkpt lat="-9.1357783" lon="148.4837067"/>
      <trkpt lat="-9.1357415" lon="148.4838791"/>
      <trkpt lat="-9.1356557" lon="148.4840169"/>
      <trkpt lat="-9.1355360" lon="148.4841395"/>
      <trkpt lat="-9.1354372" lon="148.4842701"/>
      <trkpt lat="-9.1353755" lon="148.4844324"/>
      <trkpt lat="-9.1353570" lon="148.4846085"/>
      <trkpt lat="-9.1353358" lon="148.4847844"/>
      <trkpt lat="-9.1353023" lon="148.4849485"/>
      <trkpt lat="-9.1352415" lon="148.4850726"/>
      <trkpt lat="-9.1351700" lon="148.4851567"/>
    </trkseg>
    <trkseg>
      <trkpt lat="-9.1402250" lon="148.4811417"/>
      <trkpt lat="-9.1400908" lon="148.4810201"/>
      <trkpt lat="-9.1399720" lon="148.4808891"/>
      <trkpt lat="-9.1398889" lon="148.4807916"/>
      <trkpt lat="-9.1398433" lon="148.4807250"/>
    </trkseg>
    <trkseg>
      <trkpt lat="-9.1398283" lon="148.4806150"/>
      <trkpt lat="-9.1396504" lon="148.4806011"/>
      <trkpt lat="-9.1394796" lon="148.4805615"/>
      <trkpt lat="-9.1393104" lon="148.4805131"/>
      <trkpt lat="-9.1391412" lon="148.4804806"/>
      <trkpt lat="-9.1389737" lon="148.4804448"/>
      <trkpt lat="-9.1388414" lon="148.4804036"/>
      <trkpt lat="-9.1387433" lon="148.4803367"/>
    </trkseg>
    <trkseg>
      <trkpt lat="-9.1386533" lon="148.4802817"/>
      <trkpt lat="-9.1385174" lon="148.4801650"/>
      <trkpt lat="-9.1383720" lon="148.4800627"/>
      <trkpt lat="-9.1382134" lon="148.4799853"/>
      <trkpt lat="-9.1380413" lon="148.4799352"/>
      <trkpt lat="-9.1378782" lon="148.4798779"/>
      <trkpt lat="-9.1377158" lon="148.4798269"/>
      <trkpt lat="-9.1375555" lon="148.4797728"/>
      <trkpt lat="-9.1374251" lon="148.4797262"/>
      <trkpt lat="-9.1373367" lon="148.4796633"/>
    </trkseg>
    <trkseg>
      <trkpt lat="-9.1372033" lon="148.4796717"/>
      <trkpt lat="-9.1370342" lon="148.4797063"/>
      <trkpt lat="-9.1368692" lon="148.4797628"/>
      <trkpt lat="-9.1367124" lon="148.4798478"/>
      <trkpt lat="-9.1365696" lon="148.4799553"/>
      <trkpt lat="-9.1364511" lon="148.4800870"/>
      <trkpt lat="-9.1363699" lon="148.4802353"/>
      <trkpt lat="-9.1363717" lon="148.4803866"/>
      <trkpt lat="-9.1364285" lon="148.4805371"/>
      <trkpt lat="-9.1365115" lon="148.4806883"/>
      <trkpt lat="-9.1365874" lon="148.4808431"/>
      <trkpt lat="-9.1366385" lon="148.4809600"/>
      <trkpt lat="-9.1366767" lon="148.4810383"/>
    </trkseg>
    <trkseg>
      <trkpt lat="-9.1365933" lon="148.4811217"/>
      <trkpt lat="-9.1366154" lon="148.4812913"/>
      <trkpt lat="-9.1365800" lon="148.4813817"/>
    </trkseg>
    <trkseg>
      <trkpt lat="-9.1366133" lon="148.4814967"/>
      <trkpt lat="-9.1364745" lon="148.4815859"/>
      <trkpt lat="-9.1363562" lon="148.4817060"/>
      <trkpt lat="-9.1362844" lon="148.4818649"/>
      <trkpt lat="-9.1362384" lon="148.4820281"/>
      <trkpt lat="-9.1361881" lon="148.4821844"/>
      <trkpt lat="-9.1361315" lon="148.4823414"/>
      <trkpt lat="-9.1360617" lon="148.4824916"/>
      <trkpt lat="-9.1360619" lon="148.4826458"/>
      <trkpt lat="-9.1360811" lon="148.4827979"/>
      <trkpt lat="-9.1360707" lon="148.4829378"/>
      <trkpt lat="-9.1359847" lon="148.4830603"/>
      <trkpt lat="-9.1358539" lon="148.4831582"/>
      <trkpt lat="-9.1357773" lon="148.4832780"/>
      <trkpt lat="-9.1357527" lon="148.4834269"/>
      <trkpt lat="-9.1357692" lon="148.4835464"/>
      <trkpt lat="-9.1357800" lon="148.4836117"/>
    </trkseg>
    <trkseg>
      <trkpt lat="-9.1357783" lon="148.4837067"/>
      <trkpt lat="-9.1357415" lon="148.4838791"/>
      <trkpt lat="-9.1356557" lon="148.4840169"/>
      <trkpt lat="-9.1355360" lon="148.4841395"/>
      <trkpt lat="-9.1354372" lon="148.4842701"/>
      <trkpt lat="-9.1353755" lon="148.4844324"/>
      <trkpt lat="-9.1353570" lon="148.4846085"/>
      <trkpt lat="-9.1353358" lon="148.4847844"/>
      <trkpt lat="-9.1353023" lon="148.4849485"/>
      <trkpt lat="-9.1352415" lon="148.4850726"/>
      <trkpt lat="-9.1351700" lon="148.4851567"/>
    </trkseg>
    <trkseg>
      <trkpt lat="-9.1350950" lon="148.4852200"/>
      <trkpt lat="-9.1349560" lon="148.4853169"/>
      <trkpt lat="-9.1348193" lon="148.4854189"/>
      <trkpt lat="-9.1346958" lon="148.4855399"/>
      <trkpt lat="-9.1345556" lon="148.4856460"/>
      <trkpt lat="-9.1344327" lon="148.4857698"/>
      <trkpt lat="-9.1343179" lon="148.4858987"/>
      <trkpt lat="-9.1342143" lon="148.4860101"/>
      <trkpt lat="-9.1340957" lon="148.4861083"/>
      <trkpt lat="-9.1340023" lon="148.4862176"/>
      <trkpt lat="-9.1339253" lon="148.4863647"/>
      <trkpt lat="-9.1339012" lon="148.4865077"/>
      <trkpt lat="-9.1338354" lon="148.4866135"/>
      <trkpt lat="-9.1337403" lon="148.4866914"/>
      <trkpt lat="-9.1335967" lon="148.4867700"/>
    </trkseg>
    <trkseg>
      <trkpt lat="-9.1402250" lon="148.4811417"/>
      <trkpt lat="-9.1400908" lon="148.4810201"/>
      <trkpt lat="-9.1399720" lon="148.4808891"/>
      <trkpt lat="-9.1398889" lon="148.4807916"/>
      <trkpt lat="-9.1398433" lon="148.4807250"/>
    </trkseg>
    <trkseg>
      <trkpt lat="-9.1398283" lon="148.4806150"/>
      <trkpt lat="-9.1396504" lon="148.4806011"/>
      <trkpt lat="-9.1394796" lon="148.4805615"/>
      <trkpt lat="-9.1393104" lon="148.4805131"/>
      <trkpt lat="-9.1391412" lon="148.4804806"/>
      <trkpt lat="-9.1389737" lon="148.4804448"/>
      <trkpt lat="-9.1388414" lon="148.4804036"/>
      <trkpt lat="-9.1387433" lon="148.4803367"/>
    </trkseg>
    <trkseg>
      <trkpt lat="-9.1386533" lon="148.4802817"/>
      <trkpt lat="-9.1385174" lon="148.4801650"/>
      <trkpt lat="-9.1383720" lon="148.4800627"/>
      <trkpt lat="-9.1382134" lon="148.4799853"/>
      <trkpt lat="-9.1380413" lon="148.4799352"/>
      <trkpt lat="-9.1378782" lon="148.4798779"/>
      <trkpt lat="-9.1377158" lon="148.4798269"/>
      <trkpt lat="-9.1375555" lon="148.4797728"/>
      <trkpt lat="-9.1374251" lon="148.4797262"/>
      <trkpt lat="-9.1373367" lon="148.4796633"/>
    </trkseg>
    <trkseg>
      <trkpt lat="-9.1372033" lon="148.4796717"/>
      <trkpt lat="-9.1370342" lon="148.4797063"/>
      <trkpt lat="-9.1368692" lon="148.4797628"/>
      <trkpt lat="-9.1367124" lon="148.4798478"/>
      <trkpt lat="-9.1365696" lon="148.4799553"/>
      <trkpt lat="-9.1364511" lon="148.4800870"/>
      <trkpt lat="-9.1363699" lon="148.4802353"/>
      <trkpt lat="-9.1363717" lon="148.4803866"/>
      <trkpt lat="-9.1364285" lon="148.4805371"/>
      <trkpt lat="-9.1365115" lon="148.4806883"/>
      <trkpt lat="-9.1365874" lon="148.4808431"/>
      <trkpt lat="-9.1366385" lon="148.4809600"/>
      <trkpt lat="-9.1366767" lon="148.4810383"/>
    </trkseg>
    <trkseg>
      <trkpt lat="-9.1365933" lon="148.4811217"/>
      <trkpt lat="-9.1366154" lon="148.4812913"/>
      <trkpt lat="-9.1365800" lon="148.4813817"/>
    </trkseg>
    <trkseg>
      <trkpt lat="-9.1366133" lon="148.4814967"/>
      <trkpt lat="-9.1364745" lon="148.4815859"/>
      <trkpt lat="-9.1363562" lon="148.4817060"/>
      <trkpt lat="-9.1362844" lon="148.4818649"/>
      <trkpt lat="-9.1362384" lon="148.4820281"/>
      <trkpt lat="-9.1361881" lon="148.4821844"/>
      <trkpt lat="-9.1361315" lon="148.4823414"/>
      <trkpt lat="-9.1360617" lon="148.4824916"/>
      <trkpt lat="-9.1360619" lon="148.4826458"/>
      <trkpt lat="-9.1360811" lon="148.4827979"/>
      <trkpt lat="-9.1360707" lon="148.4829378"/>
      <trkpt lat="-9.1359847" lon="148.4830603"/>
      <trkpt lat="-9.1358539" lon="148.4831582"/>
      <trkpt lat="-9.1357773" lon="148.4832780"/>
      <trkpt lat="-9.1357527" lon="148.4834269"/>
      <trkpt lat="-9.1357692" lon="148.4835464"/>
      <trkpt lat="-9.1357800" lon="148.4836117"/>
    </trkseg>
    <trkseg>
      <trkpt lat="-9.1357783" lon="148.4837067"/>
      <trkpt lat="-9.1357415" lon="148.4838791"/>
      <trkpt lat="-9.1356557" lon="148.4840169"/>
      <trkpt lat="-9.1355360" lon="148.4841395"/>
      <trkpt lat="-9.1354372" lon="148.4842701"/>
      <trkpt lat="-9.1353755" lon="148.4844324"/>
      <trkpt lat="-9.1353570" lon="148.4846085"/>
      <trkpt lat="-9.1353358" lon="148.4847844"/>
      <trkpt lat="-9.1353023" lon="148.4849485"/>
      <trkpt lat="-9.1352415" lon="148.4850726"/>
      <trkpt lat="-9.1351700" lon="148.4851567"/>
    </trkseg>
    <trkseg>
      <trkpt lat="-9.1350950" lon="148.4852200"/>
      <trkpt lat="-9.1349560" lon="148.4853169"/>
      <trkpt lat="-9.1348193" lon="148.4854189"/>
      <trkpt lat="-9.1346958" lon="148.4855399"/>
      <trkpt lat="-9.1345556" lon="148.4856460"/>
      <trkpt lat="-9.1344327" lon="148.4857698"/>
      <trkpt lat="-9.1343179" lon="148.4858987"/>
      <trkpt lat="-9.1342143" lon="148.4860101"/>
      <trkpt lat="-9.1340957" lon="148.4861083"/>
      <trkpt lat="-9.1340023" lon="148.4862176"/>
      <trkpt lat="-9.1339253" lon="148.4863647"/>
      <trkpt lat="-9.1339012" lon="148.4865077"/>
      <trkpt lat="-9.1338354" lon="148.4866135"/>
      <trkpt lat="-9.1337403" lon="148.4866914"/>
      <trkpt lat="-9.1335967" lon="148.4867700"/>
    </trkseg>
    <trkseg>
      <trkpt lat="-9.1338317" lon="148.4868417"/>
      <trkpt lat="-9.1336530" lon="148.4868470"/>
      <trkpt lat="-9.1334905" lon="148.4868910"/>
      <trkpt lat="-9.1333606" lon="148.4869697"/>
      <trkpt lat="-9.1332374" lon="148.4870264"/>
      <trkpt lat="-9.1331180" lon="148.4870914"/>
      <trkpt lat="-9.1329718" lon="148.4871414"/>
      <trkpt lat="-9.1328208" lon="148.4872228"/>
      <trkpt lat="-9.1326755" lon="148.4872972"/>
      <trkpt lat="-9.1326007" lon="148.4873697"/>
      <trkpt lat="-9.1325983" lon="148.4874383"/>
    </trkseg>
    <trkseg>
      <trkpt lat="-9.1402250" lon="148.4811417"/>
      <trkpt lat="-9.1400908" lon="148.4810201"/>
      <trkpt lat="-9.1399720" lon="148.4808891"/>
      <trkpt lat="-9.1398889" lon="148.4807916"/>
      <trkpt lat="-9.1398433" lon="148.4807250"/>
    </trkseg>
    <trkseg>
      <trkpt lat="-9.1398283" lon="148.4806150"/>
      <trkpt lat="-9.1396504" lon="148.4806011"/>
      <trkpt lat="-9.1394796" lon="148.4805615"/>
      <trkpt lat="-9.1393104" lon="148.4805131"/>
      <trkpt lat="-9.1391412" lon="148.4804806"/>
      <trkpt lat="-9.1389737" lon="148.4804448"/>
      <trkpt lat="-9.1388414" lon="148.4804036"/>
      <trkpt lat="-9.1387433" lon="148.4803367"/>
    </trkseg>
    <trkseg>
      <trkpt lat="-9.1386533" lon="148.4802817"/>
      <trkpt lat="-9.1385174" lon="148.4801650"/>
      <trkpt lat="-9.1383720" lon="148.4800627"/>
      <trkpt lat="-9.1382134" lon="148.4799853"/>
      <trkpt lat="-9.1380413" lon="148.4799352"/>
      <trkpt lat="-9.1378782" lon="148.4798779"/>
      <trkpt lat="-9.1377158" lon="148.4798269"/>
      <trkpt lat="-9.1375555" lon="148.4797728"/>
      <trkpt lat="-9.1374251" lon="148.4797262"/>
      <trkpt lat="-9.1373367" lon="148.4796633"/>
    </trkseg>
    <trkseg>
      <trkpt lat="-9.1372033" lon="148.4796717"/>
      <trkpt lat="-9.1370342" lon="148.4797063"/>
      <trkpt lat="-9.1368692" lon="148.4797628"/>
      <trkpt lat="-9.1367124" lon="148.4798478"/>
      <trkpt lat="-9.1365696" lon="148.4799553"/>
      <trkpt lat="-9.1364511" lon="148.4800870"/>
      <trkpt lat="-9.1363699" lon="148.4802353"/>
      <trkpt lat="-9.1363717" lon="148.4803866"/>
      <trkpt lat="-9.1364285" lon="148.4805371"/>
      <trkpt lat="-9.1365115" lon="148.4806883"/>
      <trkpt lat="-9.1365874" lon="148.4808431"/>
      <trkpt lat="-9.1366385" lon="148.4809600"/>
      <trkpt lat="-9.1366767" lon="148.4810383"/>
    </trkseg>
    <trkseg>
      <trkpt lat="-9.1365933" lon="148.4811217"/>
      <trkpt lat="-9.1366154" lon="148.4812913"/>
      <trkpt lat="-9.1365800" lon="148.4813817"/>
    </trkseg>
    <trkseg>
      <trkpt lat="-9.1366133" lon="148.4814967"/>
      <trkpt lat="-9.1364745" lon="148.4815859"/>
      <trkpt lat="-9.1363562" lon="148.4817060"/>
      <trkpt lat="-9.1362844" lon="148.4818649"/>
      <trkpt lat="-9.1362384" lon="148.4820281"/>
      <trkpt lat="-9.1361881" lon="148.4821844"/>
      <trkpt lat="-9.1361315" lon="148.4823414"/>
      <trkpt lat="-9.1360617" lon="148.4824916"/>
      <trkpt lat="-9.1360619" lon="148.4826458"/>
      <trkpt lat="-9.1360811" lon="148.4827979"/>
      <trkpt lat="-9.1360707" lon="148.4829378"/>
      <trkpt lat="-9.1359847" lon="148.4830603"/>
      <trkpt lat="-9.1358539" lon="148.4831582"/>
      <trkpt lat="-9.1357773" lon="148.4832780"/>
      <trkpt lat="-9.1357527" lon="148.4834269"/>
      <trkpt lat="-9.1357692" lon="148.4835464"/>
      <trkpt lat="-9.1357800" lon="148.4836117"/>
    </trkseg>
    <trkseg>
      <trkpt lat="-9.1357783" lon="148.4837067"/>
      <trkpt lat="-9.1357415" lon="148.4838791"/>
      <trkpt lat="-9.1356557" lon="148.4840169"/>
      <trkpt lat="-9.1355360" lon="148.4841395"/>
      <trkpt lat="-9.1354372" lon="148.4842701"/>
      <trkpt lat="-9.1353755" lon="148.4844324"/>
      <trkpt lat="-9.1353570" lon="148.4846085"/>
      <trkpt lat="-9.1353358" lon="148.4847844"/>
      <trkpt lat="-9.1353023" lon="148.4849485"/>
      <trkpt lat="-9.1352415" lon="148.4850726"/>
      <trkpt lat="-9.1351700" lon="148.4851567"/>
    </trkseg>
    <trkseg>
      <trkpt lat="-9.1350950" lon="148.4852200"/>
      <trkpt lat="-9.1349560" lon="148.4853169"/>
      <trkpt lat="-9.1348193" lon="148.4854189"/>
      <trkpt lat="-9.1346958" lon="148.4855399"/>
      <trkpt lat="-9.1345556" lon="148.4856460"/>
      <trkpt lat="-9.1344327" lon="148.4857698"/>
      <trkpt lat="-9.1343179" lon="148.4858987"/>
      <trkpt lat="-9.1342143" lon="148.4860101"/>
      <trkpt lat="-9.1340957" lon="148.4861083"/>
      <trkpt lat="-9.1340023" lon="148.4862176"/>
      <trkpt lat="-9.1339253" lon="148.4863647"/>
      <trkpt lat="-9.1339012" lon="148.4865077"/>
      <trkpt lat="-9.1338354" lon="148.4866135"/>
      <trkpt lat="-9.1337403" lon="148.4866914"/>
      <trkpt lat="-9.1335967" lon="148.4867700"/>
    </trkseg>
    <trkseg>
      <trkpt lat="-9.1338317" lon="148.4868417"/>
      <trkpt lat="-9.1336530" lon="148.4868470"/>
      <trkpt lat="-9.1334905" lon="148.4868910"/>
      <trkpt lat="-9.1333606" lon="148.4869697"/>
      <trkpt lat="-9.1332374" lon="148.4870264"/>
      <trkpt lat="-9.1331180" lon="148.4870914"/>
      <trkpt lat="-9.1329718" lon="148.4871414"/>
      <trkpt lat="-9.1328208" lon="148.4872228"/>
      <trkpt lat="-9.1326755" lon="148.4872972"/>
      <trkpt lat="-9.1326007" lon="148.4873697"/>
      <trkpt lat="-9.1325983" lon="148.4874383"/>
    </trkseg>
    <trkseg>
      <trkpt lat="-9.1325917" lon="148.4875333"/>
      <trkpt lat="-9.1325737" lon="148.4877105"/>
      <trkpt lat="-9.1325162" lon="148.4878705"/>
      <trkpt lat="-9.1324149" lon="148.4880095"/>
      <trkpt lat="-9.1323136" lon="148.4881125"/>
      <trkpt lat="-9.1322400" lon="148.4881967"/>
    </trkseg>
    <trkseg>
      <trkpt lat="-9.1402250" lon="148.4811417"/>
      <trkpt lat="-9.1400908" lon="148.4810201"/>
      <trkpt lat="-9.1399720" lon="148.4808891"/>
      <trkpt lat="-9.1398889" lon="148.4807916"/>
      <trkpt lat="-9.1398433" lon="148.4807250"/>
    </trkseg>
    <trkseg>
      <trkpt lat="-9.1398283" lon="148.4806150"/>
      <trkpt lat="-9.1396504" lon="148.4806011"/>
      <trkpt lat="-9.1394796" lon="148.4805615"/>
      <trkpt lat="-9.1393104" lon="148.4805131"/>
      <trkpt lat="-9.1391412" lon="148.4804806"/>
      <trkpt lat="-9.1389737" lon="148.4804448"/>
      <trkpt lat="-9.1388414" lon="148.4804036"/>
      <trkpt lat="-9.1387433" lon="148.4803367"/>
    </trkseg>
    <trkseg>
      <trkpt lat="-9.1386533" lon="148.4802817"/>
      <trkpt lat="-9.1385174" lon="148.4801650"/>
      <trkpt lat="-9.1383720" lon="148.4800627"/>
      <trkpt lat="-9.1382134" lon="148.4799853"/>
      <trkpt lat="-9.1380413" lon="148.4799352"/>
      <trkpt lat="-9.1378782" lon="148.4798779"/>
      <trkpt lat="-9.1377158" lon="148.4798269"/>
      <trkpt lat="-9.1375555" lon="148.4797728"/>
      <trkpt lat="-9.1374251" lon="148.4797262"/>
      <trkpt lat="-9.1373367" lon="148.4796633"/>
    </trkseg>
    <trkseg>
      <trkpt lat="-9.1372033" lon="148.4796717"/>
      <trkpt lat="-9.1370342" lon="148.4797063"/>
      <trkpt lat="-9.1368692" lon="148.4797628"/>
      <trkpt lat="-9.1367124" lon="148.4798478"/>
      <trkpt lat="-9.1365696" lon="148.4799553"/>
      <trkpt lat="-9.1364511" lon="148.4800870"/>
      <trkpt lat="-9.1363699" lon="148.4802353"/>
      <trkpt lat="-9.1363717" lon="148.4803866"/>
      <trkpt lat="-9.1364285" lon="148.4805371"/>
      <trkpt lat="-9.1365115" lon="148.4806883"/>
      <trkpt lat="-9.1365874" lon="148.4808431"/>
      <trkpt lat="-9.1366385" lon="148.4809600"/>
      <trkpt lat="-9.1366767" lon="148.4810383"/>
    </trkseg>
    <trkseg>
      <trkpt lat="-9.1365933" lon="148.4811217"/>
      <trkpt lat="-9.1366154" lon="148.4812913"/>
      <trkpt lat="-9.1365800" lon="148.4813817"/>
    </trkseg>
    <trkseg>
      <trkpt lat="-9.1366133" lon="148.4814967"/>
      <trkpt lat="-9.1364745" lon="148.4815859"/>
      <trkpt lat="-9.1363562" lon="148.4817060"/>
      <trkpt lat="-9.1362844" lon="148.4818649"/>
      <trkpt lat="-9.1362384" lon="148.4820281"/>
      <trkpt lat="-9.1361881" lon="148.4821844"/>
      <trkpt lat="-9.1361315" lon="148.4823414"/>
      <trkpt lat="-9.1360617" lon="148.4824916"/>
      <trkpt lat="-9.1360619" lon="148.4826458"/>
      <trkpt lat="-9.1360811" lon="148.4827979"/>
      <trkpt lat="-9.1360707" lon="148.4829378"/>
      <trkpt lat="-9.1359847" lon="148.4830603"/>
      <trkpt lat="-9.1358539" lon="148.4831582"/>
      <trkpt lat="-9.1357773" lon="148.4832780"/>
      <trkpt lat="-9.1357527" lon="148.4834269"/>
      <trkpt lat="-9.1357692" lon="148.4835464"/>
      <trkpt lat="-9.1357800" lon="148.4836117"/>
    </trkseg>
    <trkseg>
      <trkpt lat="-9.1357783" lon="148.4837067"/>
      <trkpt lat="-9.1357415" lon="148.4838791"/>
      <trkpt lat="-9.1356557" lon="148.4840169"/>
      <trkpt lat="-9.1355360" lon="148.4841395"/>
      <trkpt lat="-9.1354372" lon="148.4842701"/>
      <trkpt lat="-9.1353755" lon="148.4844324"/>
      <trkpt lat="-9.1353570" lon="148.4846085"/>
      <trkpt lat="-9.1353358" lon="148.4847844"/>
      <trkpt lat="-9.1353023" lon="148.4849485"/>
      <trkpt lat="-9.1352415" lon="148.4850726"/>
      <trkpt lat="-9.1351700" lon="148.4851567"/>
    </trkseg>
    <trkseg>
      <trkpt lat="-9.1350950" lon="148.4852200"/>
      <trkpt lat="-9.1349560" lon="148.4853169"/>
      <trkpt lat="-9.1348193" lon="148.4854189"/>
      <trkpt lat="-9.1346958" lon="148.4855399"/>
      <trkpt lat="-9.1345556" lon="148.4856460"/>
      <trkpt lat="-9.1344327" lon="148.4857698"/>
      <trkpt lat="-9.1343179" lon="148.4858987"/>
      <trkpt lat="-9.1342143" lon="148.4860101"/>
      <trkpt lat="-9.1340957" lon="148.4861083"/>
      <trkpt lat="-9.1340023" lon="148.4862176"/>
      <trkpt lat="-9.1339253" lon="148.4863647"/>
      <trkpt lat="-9.1339012" lon="148.4865077"/>
      <trkpt lat="-9.1338354" lon="148.4866135"/>
      <trkpt lat="-9.1337403" lon="148.4866914"/>
      <trkpt lat="-9.1335967" lon="148.4867700"/>
    </trkseg>
    <trkseg>
      <trkpt lat="-9.1338317" lon="148.4868417"/>
      <trkpt lat="-9.1336530" lon="148.4868470"/>
      <trkpt lat="-9.1334905" lon="148.4868910"/>
      <trkpt lat="-9.1333606" lon="148.4869697"/>
      <trkpt lat="-9.1332374" lon="148.4870264"/>
      <trkpt lat="-9.1331180" lon="148.4870914"/>
      <trkpt lat="-9.1329718" lon="148.4871414"/>
      <trkpt lat="-9.1328208" lon="148.4872228"/>
      <trkpt lat="-9.1326755" lon="148.4872972"/>
      <trkpt lat="-9.1326007" lon="148.4873697"/>
      <trkpt lat="-9.1325983" lon="148.4874383"/>
    </trkseg>
    <trkseg>
      <trkpt lat="-9.1325917" lon="148.4875333"/>
      <trkpt lat="-9.1325737" lon="148.4877105"/>
      <trkpt lat="-9.1325162" lon="148.4878705"/>
      <trkpt lat="-9.1324149" lon="148.4880095"/>
      <trkpt lat="-9.1323136" lon="148.4881125"/>
      <trkpt lat="-9.1322400" lon="148.4881967"/>
    </trkseg>
    <trkseg>
      <trkpt lat="-9.1322183" lon="148.4882917"/>
      <trkpt lat="-9.1321461" lon="148.4884585"/>
      <trkpt lat="-9.1321350" lon="148.4884833"/>
    </trkseg>
    <trkseg>
      <trkpt lat="-9.1319600" lon="148.4885083"/>
      <trkpt lat="-9.1319516" lon="148.4886414"/>
      <trkpt lat="-9.1318918" lon="148.4887578"/>
      <trkpt lat="-9.1317672" lon="148.4888308"/>
      <trkpt lat="-9.1316049" lon="148.4888528"/>
      <trkpt lat="-9.1314311" lon="148.4888328"/>
      <trkpt lat="-9.1312566" lon="148.4888220"/>
      <trkpt lat="-9.1310874" lon="148.4888104"/>
      <trkpt lat="-9.1309621" lon="148.4887957"/>
      <trkpt lat="-9.1308833" lon="148.4887533"/>
    </trkseg>
    <trkseg>
      <trkpt lat="-9.1402250" lon="148.4811417"/>
      <trkpt lat="-9.1400908" lon="148.4810201"/>
      <trkpt lat="-9.1399720" lon="148.4808891"/>
      <trkpt lat="-9.1398889" lon="148.4807916"/>
      <trkpt lat="-9.1398433" lon="148.4807250"/>
    </trkseg>
    <trkseg>
      <trkpt lat="-9.1398283" lon="148.4806150"/>
      <trkpt lat="-9.1396504" lon="148.4806011"/>
      <trkpt lat="-9.1394796" lon="148.4805615"/>
      <trkpt lat="-9.1393104" lon="148.4805131"/>
      <trkpt lat="-9.1391412" lon="148.4804806"/>
      <trkpt lat="-9.1389737" lon="148.4804448"/>
      <trkpt lat="-9.1388414" lon="148.4804036"/>
      <trkpt lat="-9.1387433" lon="148.4803367"/>
    </trkseg>
    <trkseg>
      <trkpt lat="-9.1386533" lon="148.4802817"/>
      <trkpt lat="-9.1385174" lon="148.4801650"/>
      <trkpt lat="-9.1383720" lon="148.4800627"/>
      <trkpt lat="-9.1382134" lon="148.4799853"/>
      <trkpt lat="-9.1380413" lon="148.4799352"/>
      <trkpt lat="-9.1378782" lon="148.4798779"/>
      <trkpt lat="-9.1377158" lon="148.4798269"/>
      <trkpt lat="-9.1375555" lon="148.4797728"/>
      <trkpt lat="-9.1374251" lon="148.4797262"/>
      <trkpt lat="-9.1373367" lon="148.4796633"/>
    </trkseg>
    <trkseg>
      <trkpt lat="-9.1372033" lon="148.4796717"/>
      <trkpt lat="-9.1370342" lon="148.4797063"/>
      <trkpt lat="-9.1368692" lon="148.4797628"/>
      <trkpt lat="-9.1367124" lon="148.4798478"/>
      <trkpt lat="-9.1365696" lon="148.4799553"/>
      <trkpt lat="-9.1364511" lon="148.4800870"/>
      <trkpt lat="-9.1363699" lon="148.4802353"/>
      <trkpt lat="-9.1363717" lon="148.4803866"/>
      <trkpt lat="-9.1364285" lon="148.4805371"/>
      <trkpt lat="-9.1365115" lon="148.4806883"/>
      <trkpt lat="-9.1365874" lon="148.4808431"/>
      <trkpt lat="-9.1366385" lon="148.4809600"/>
      <trkpt lat="-9.1366767" lon="148.4810383"/>
    </trkseg>
    <trkseg>
      <trkpt lat="-9.1365933" lon="148.4811217"/>
      <trkpt lat="-9.1366154" lon="148.4812913"/>
      <trkpt lat="-9.1365800" lon="148.4813817"/>
    </trkseg>
    <trkseg>
      <trkpt lat="-9.1366133" lon="148.4814967"/>
      <trkpt lat="-9.1364745" lon="148.4815859"/>
      <trkpt lat="-9.1363562" lon="148.4817060"/>
      <trkpt lat="-9.1362844" lon="148.4818649"/>
      <trkpt lat="-9.1362384" lon="148.4820281"/>
      <trkpt lat="-9.1361881" lon="148.4821844"/>
      <trkpt lat="-9.1361315" lon="148.4823414"/>
      <trkpt lat="-9.1360617" lon="148.4824916"/>
      <trkpt lat="-9.1360619" lon="148.4826458"/>
      <trkpt lat="-9.1360811" lon="148.4827979"/>
      <trkpt lat="-9.1360707" lon="148.4829378"/>
      <trkpt lat="-9.1359847" lon="148.4830603"/>
      <trkpt lat="-9.1358539" lon="148.4831582"/>
      <trkpt lat="-9.1357773" lon="148.4832780"/>
      <trkpt lat="-9.1357527" lon="148.4834269"/>
      <trkpt lat="-9.1357692" lon="148.4835464"/>
      <trkpt lat="-9.1357800" lon="148.4836117"/>
    </trkseg>
    <trkseg>
      <trkpt lat="-9.1357783" lon="148.4837067"/>
      <trkpt lat="-9.1357415" lon="148.4838791"/>
      <trkpt lat="-9.1356557" lon="148.4840169"/>
      <trkpt lat="-9.1355360" lon="148.4841395"/>
      <trkpt lat="-9.1354372" lon="148.4842701"/>
      <trkpt lat="-9.1353755" lon="148.4844324"/>
      <trkpt lat="-9.1353570" lon="148.4846085"/>
      <trkpt lat="-9.1353358" lon="148.4847844"/>
      <trkpt lat="-9.1353023" lon="148.4849485"/>
      <trkpt lat="-9.1352415" lon="148.4850726"/>
      <trkpt lat="-9.1351700" lon="148.4851567"/>
    </trkseg>
    <trkseg>
      <trkpt lat="-9.1350950" lon="148.4852200"/>
      <trkpt lat="-9.1349560" lon="148.4853169"/>
      <trkpt lat="-9.1348193" lon="148.4854189"/>
      <trkpt lat="-9.1346958" lon="148.4855399"/>
      <trkpt lat="-9.1345556" lon="148.4856460"/>
      <trkpt lat="-9.1344327" lon="148.4857698"/>
      <trkpt lat="-9.1343179" lon="148.4858987"/>
      <trkpt lat="-9.1342143" lon="148.4860101"/>
      <trkpt lat="-9.1340957" lon="148.4861083"/>
      <trkpt lat="-9.1340023" lon="148.4862176"/>
      <trkpt lat="-9.1339253" lon="148.4863647"/>
      <trkpt lat="-9.1339012" lon="148.4865077"/>
      <trkpt lat="-9.1338354" lon="148.4866135"/>
      <trkpt lat="-9.1337403" lon="148.4866914"/>
      <trkpt lat="-9.1335967" lon="148.4867700"/>
    </trkseg>
    <trkseg>
      <trkpt lat="-9.1338317" lon="148.4868417"/>
      <trkpt lat="-9.1336530" lon="148.4868470"/>
      <trkpt lat="-9.1334905" lon="148.4868910"/>
      <trkpt lat="-9.1333606" lon="148.4869697"/>
      <trkpt lat="-9.1332374" lon="148.4870264"/>
      <trkpt lat="-9.1331180" lon="148.4870914"/>
      <trkpt lat="-9.1329718" lon="148.4871414"/>
      <trkpt lat="-9.1328208" lon="148.4872228"/>
      <trkpt lat="-9.1326755" lon="148.4872972"/>
      <trkpt lat="-9.1326007" lon="148.4873697"/>
      <trkpt lat="-9.1325983" lon="148.4874383"/>
    </trkseg>
    <trkseg>
      <trkpt lat="-9.1325917" lon="148.4875333"/>
      <trkpt lat="-9.1325737" lon="148.4877105"/>
      <trkpt lat="-9.1325162" lon="148.4878705"/>
      <trkpt lat="-9.1324149" lon="148.4880095"/>
      <trkpt lat="-9.1323136" lon="148.4881125"/>
      <trkpt lat="-9.1322400" lon="148.4881967"/>
    </trkseg>
    <trkseg>
      <trkpt lat="-9.1322183" lon="148.4882917"/>
      <trkpt lat="-9.1321461" lon="148.4884585"/>
      <trkpt lat="-9.1321350" lon="148.4884833"/>
    </trkseg>
    <trkseg>
      <trkpt lat="-9.1319600" lon="148.4885083"/>
      <trkpt lat="-9.1319516" lon="148.4886414"/>
      <trkpt lat="-9.1318918" lon="148.4887578"/>
      <trkpt lat="-9.1317672" lon="148.4888308"/>
      <trkpt lat="-9.1316049" lon="148.4888528"/>
      <trkpt lat="-9.1314311" lon="148.4888328"/>
      <trkpt lat="-9.1312566" lon="148.4888220"/>
      <trkpt lat="-9.1310874" lon="148.4888104"/>
      <trkpt lat="-9.1309621" lon="148.4887957"/>
      <trkpt lat="-9.1308833" lon="148.4887533"/>
    </trkseg>
    <trkseg>
      <trkpt lat="-9.1307817" lon="148.4888183"/>
      <trkpt lat="-9.1308054" lon="148.4889272"/>
      <trkpt lat="-9.1307706" lon="148.4890482"/>
      <trkpt lat="-9.1306623" lon="148.4891732"/>
      <trkpt lat="-9.1305846" lon="148.4893315"/>
      <trkpt lat="-9.1304900" lon="148.4894775"/>
      <trkpt lat="-9.1304132" lon="148.4895904"/>
      <trkpt lat="-9.1303333" lon="148.4896583"/>
    </trkseg>
    <trkseg>
      <trkpt lat="-9.1402250" lon="148.4811417"/>
      <trkpt lat="-9.1400908" lon="148.4810201"/>
      <trkpt lat="-9.1399720" lon="148.4808891"/>
      <trkpt lat="-9.1398889" lon="148.4807916"/>
      <trkpt lat="-9.1398433" lon="148.4807250"/>
    </trkseg>
    <trkseg>
      <trkpt lat="-9.1398283" lon="148.4806150"/>
      <trkpt lat="-9.1396504" lon="148.4806011"/>
      <trkpt lat="-9.1394796" lon="148.4805615"/>
      <trkpt lat="-9.1393104" lon="148.4805131"/>
      <trkpt lat="-9.1391412" lon="148.4804806"/>
      <trkpt lat="-9.1389737" lon="148.4804448"/>
      <trkpt lat="-9.1388414" lon="148.4804036"/>
      <trkpt lat="-9.1387433" lon="148.4803367"/>
    </trkseg>
    <trkseg>
      <trkpt lat="-9.1386533" lon="148.4802817"/>
      <trkpt lat="-9.1385174" lon="148.4801650"/>
      <trkpt lat="-9.1383720" lon="148.4800627"/>
      <trkpt lat="-9.1382134" lon="148.4799853"/>
      <trkpt lat="-9.1380413" lon="148.4799352"/>
      <trkpt lat="-9.1378782" lon="148.4798779"/>
      <trkpt lat="-9.1377158" lon="148.4798269"/>
      <trkpt lat="-9.1375555" lon="148.4797728"/>
      <trkpt lat="-9.1374251" lon="148.4797262"/>
      <trkpt lat="-9.1373367" lon="148.4796633"/>
    </trkseg>
    <trkseg>
      <trkpt lat="-9.1372033" lon="148.4796717"/>
      <trkpt lat="-9.1370342" lon="148.4797063"/>
      <trkpt lat="-9.1368692" lon="148.4797628"/>
      <trkpt lat="-9.1367124" lon="148.4798478"/>
      <trkpt lat="-9.1365696" lon="148.4799553"/>
      <trkpt lat="-9.1364511" lon="148.4800870"/>
      <trkpt lat="-9.1363699" lon="148.4802353"/>
      <trkpt lat="-9.1363717" lon="148.4803866"/>
      <trkpt lat="-9.1364285" lon="148.4805371"/>
      <trkpt lat="-9.1365115" lon="148.4806883"/>
      <trkpt lat="-9.1365874" lon="148.4808431"/>
      <trkpt lat="-9.1366385" lon="148.4809600"/>
      <trkpt lat="-9.1366767" lon="148.4810383"/>
    </trkseg>
    <trkseg>
      <trkpt lat="-9.1365933" lon="148.4811217"/>
      <trkpt lat="-9.1366154" lon="148.4812913"/>
      <trkpt lat="-9.1365800" lon="148.4813817"/>
    </trkseg>
    <trkseg>
      <trkpt lat="-9.1366133" lon="148.4814967"/>
      <trkpt lat="-9.1364745" lon="148.4815859"/>
      <trkpt lat="-9.1363562" lon="148.4817060"/>
      <trkpt lat="-9.1362844" lon="148.4818649"/>
      <trkpt lat="-9.1362384" lon="148.4820281"/>
      <trkpt lat="-9.1361881" lon="148.4821844"/>
      <trkpt lat="-9.1361315" lon="148.4823414"/>
      <trkpt lat="-9.1360617" lon="148.4824916"/>
      <trkpt lat="-9.1360619" lon="148.4826458"/>
      <trkpt lat="-9.1360811" lon="148.4827979"/>
      <trkpt lat="-9.1360707" lon="148.4829378"/>
      <trkpt lat="-9.1359847" lon="148.4830603"/>
      <trkpt lat="-9.1358539" lon="148.4831582"/>
      <trkpt lat="-9.1357773" lon="148.4832780"/>
      <trkpt lat="-9.1357527" lon="148.4834269"/>
      <trkpt lat="-9.1357692" lon="148.4835464"/>
      <trkpt lat="-9.1357800" lon="148.4836117"/>
    </trkseg>
    <trkseg>
      <trkpt lat="-9.1357783" lon="148.4837067"/>
      <trkpt lat="-9.1357415" lon="148.4838791"/>
      <trkpt lat="-9.1356557" lon="148.4840169"/>
      <trkpt lat="-9.1355360" lon="148.4841395"/>
      <trkpt lat="-9.1354372" lon="148.4842701"/>
      <trkpt lat="-9.1353755" lon="148.4844324"/>
      <trkpt lat="-9.1353570" lon="148.4846085"/>
      <trkpt lat="-9.1353358" lon="148.4847844"/>
      <trkpt lat="-9.1353023" lon="148.4849485"/>
      <trkpt lat="-9.1352415" lon="148.4850726"/>
      <trkpt lat="-9.1351700" lon="148.4851567"/>
    </trkseg>
    <trkseg>
      <trkpt lat="-9.1350950" lon="148.4852200"/>
      <trkpt lat="-9.1349560" lon="148.4853169"/>
      <trkpt lat="-9.1348193" lon="148.4854189"/>
      <trkpt lat="-9.1346958" lon="148.4855399"/>
      <trkpt lat="-9.1345556" lon="148.4856460"/>
      <trkpt lat="-9.1344327" lon="148.4857698"/>
      <trkpt lat="-9.1343179" lon="148.4858987"/>
      <trkpt lat="-9.1342143" lon="148.4860101"/>
      <trkpt lat="-9.1340957" lon="148.4861083"/>
      <trkpt lat="-9.1340023" lon="148.4862176"/>
      <trkpt lat="-9.1339253" lon="148.4863647"/>
      <trkpt lat="-9.1339012" lon="148.4865077"/>
      <trkpt lat="-9.1338354" lon="148.4866135"/>
      <trkpt lat="-9.1337403" lon="148.4866914"/>
      <trkpt lat="-9.1335967" lon="148.4867700"/>
    </trkseg>
    <trkseg>
      <trkpt lat="-9.1338317" lon="148.4868417"/>
      <trkpt lat="-9.1336530" lon="148.4868470"/>
      <trkpt lat="-9.1334905" lon="148.4868910"/>
      <trkpt lat="-9.1333606" lon="148.4869697"/>
      <trkpt lat="-9.1332374" lon="148.4870264"/>
      <trkpt lat="-9.1331180" lon="148.4870914"/>
      <trkpt lat="-9.1329718" lon="148.4871414"/>
      <trkpt lat="-9.1328208" lon="148.4872228"/>
      <trkpt lat="-9.1326755" lon="148.4872972"/>
      <trkpt lat="-9.1326007" lon="148.4873697"/>
      <trkpt lat="-9.1325983" lon="148.4874383"/>
    </trkseg>
    <trkseg>
      <trkpt lat="-9.1325917" lon="148.4875333"/>
      <trkpt lat="-9.1325737" lon="148.4877105"/>
      <trkpt lat="-9.1325162" lon="148.4878705"/>
      <trkpt lat="-9.1324149" lon="148.4880095"/>
      <trkpt lat="-9.1323136" lon="148.4881125"/>
      <trkpt lat="-9.1322400" lon="148.4881967"/>
    </trkseg>
    <trkseg>
      <trkpt lat="-9.1322183" lon="148.4882917"/>
      <trkpt lat="-9.1321461" lon="148.4884585"/>
      <trkpt lat="-9.1321350" lon="148.4884833"/>
    </trkseg>
    <trkseg>
      <trkpt lat="-9.1319600" lon="148.4885083"/>
      <trkpt lat="-9.1319516" lon="148.4886414"/>
      <trkpt lat="-9.1318918" lon="148.4887578"/>
      <trkpt lat="-9.1317672" lon="148.4888308"/>
      <trkpt lat="-9.1316049" lon="148.4888528"/>
      <trkpt lat="-9.1314311" lon="148.4888328"/>
      <trkpt lat="-9.1312566" lon="148.4888220"/>
      <trkpt lat="-9.1310874" lon="148.4888104"/>
      <trkpt lat="-9.1309621" lon="148.4887957"/>
      <trkpt lat="-9.1308833" lon="148.4887533"/>
    </trkseg>
    <trkseg>
      <trkpt lat="-9.1307817" lon="148.4888183"/>
      <trkpt lat="-9.1308054" lon="148.4889272"/>
      <trkpt lat="-9.1307706" lon="148.4890482"/>
      <trkpt lat="-9.1306623" lon="148.4891732"/>
      <trkpt lat="-9.1305846" lon="148.4893315"/>
      <trkpt lat="-9.1304900" lon="148.4894775"/>
      <trkpt lat="-9.1304132" lon="148.4895904"/>
      <trkpt lat="-9.1303333" lon="148.4896583"/>
    </trkseg>
    <trkseg>
      <trkpt lat="-9.1304583" lon="148.4897267"/>
      <trkpt lat="-9.1303105" lon="148.4897898"/>
      <trkpt lat="-9.1301883" lon="148.4898853"/>
      <trkpt lat="-9.1300917" lon="148.4900133"/>
    </trkseg>
    <trkseg>
      <trkpt lat="-9.1402250" lon="148.4811417"/>
      <trkpt lat="-9.1400908" lon="148.4810201"/>
      <trkpt lat="-9.1399720" lon="148.4808891"/>
      <trkpt lat="-9.1398889" lon="148.4807916"/>
      <trkpt lat="-9.1398433" lon="148.4807250"/>
    </trkseg>
    <trkseg>
      <trkpt lat="-9.1398283" lon="148.4806150"/>
      <trkpt lat="-9.1396504" lon="148.4806011"/>
      <trkpt lat="-9.1394796" lon="148.4805615"/>
      <trkpt lat="-9.1393104" lon="148.4805131"/>
      <trkpt lat="-9.1391412" lon="148.4804806"/>
      <trkpt lat="-9.1389737" lon="148.4804448"/>
      <trkpt lat="-9.1388414" lon="148.4804036"/>
      <trkpt lat="-9.1387433" lon="148.4803367"/>
    </trkseg>
    <trkseg>
      <trkpt lat="-9.1386533" lon="148.4802817"/>
      <trkpt lat="-9.1385174" lon="148.4801650"/>
      <trkpt lat="-9.1383720" lon="148.4800627"/>
      <trkpt lat="-9.1382134" lon="148.4799853"/>
      <trkpt lat="-9.1380413" lon="148.4799352"/>
      <trkpt lat="-9.1378782" lon="148.4798779"/>
      <trkpt lat="-9.1377158" lon="148.4798269"/>
      <trkpt lat="-9.1375555" lon="148.4797728"/>
      <trkpt lat="-9.1374251" lon="148.4797262"/>
      <trkpt lat="-9.1373367" lon="148.4796633"/>
    </trkseg>
    <trkseg>
      <trkpt lat="-9.1372033" lon="148.4796717"/>
      <trkpt lat="-9.1370342" lon="148.4797063"/>
      <trkpt lat="-9.1368692" lon="148.4797628"/>
      <trkpt lat="-9.1367124" lon="148.4798478"/>
      <trkpt lat="-9.1365696" lon="148.4799553"/>
      <trkpt lat="-9.1364511" lon="148.4800870"/>
      <trkpt lat="-9.1363699" lon="148.4802353"/>
      <trkpt lat="-9.1363717" lon="148.4803866"/>
      <trkpt lat="-9.1364285" lon="148.4805371"/>
      <trkpt lat="-9.1365115" lon="148.4806883"/>
      <trkpt lat="-9.1365874" lon="148.4808431"/>
      <trkpt lat="-9.1366385" lon="148.4809600"/>
      <trkpt lat="-9.1366767" lon="148.4810383"/>
    </trkseg>
    <trkseg>
      <trkpt lat="-9.1365933" lon="148.4811217"/>
      <trkpt lat="-9.1366154" lon="148.4812913"/>
      <trkpt lat="-9.1365800" lon="148.4813817"/>
    </trkseg>
    <trkseg>
      <trkpt lat="-9.1366133" lon="148.4814967"/>
      <trkpt lat="-9.1364745" lon="148.4815859"/>
      <trkpt lat="-9.1363562" lon="148.4817060"/>
      <trkpt lat="-9.1362844" lon="148.4818649"/>
      <trkpt lat="-9.1362384" lon="148.4820281"/>
      <trkpt lat="-9.1361881" lon="148.4821844"/>
      <trkpt lat="-9.1361315" lon="148.4823414"/>
      <trkpt lat="-9.1360617" lon="148.4824916"/>
      <trkpt lat="-9.1360619" lon="148.4826458"/>
      <trkpt lat="-9.1360811" lon="148.4827979"/>
      <trkpt lat="-9.1360707" lon="148.4829378"/>
      <trkpt lat="-9.1359847" lon="148.4830603"/>
      <trkpt lat="-9.1358539" lon="148.4831582"/>
      <trkpt lat="-9.1357773" lon="148.4832780"/>
      <trkpt lat="-9.1357527" lon="148.4834269"/>
      <trkpt lat="-9.1357692" lon="148.4835464"/>
      <trkpt lat="-9.1357800" lon="148.4836117"/>
    </trkseg>
    <trkseg>
      <trkpt lat="-9.1357783" lon="148.4837067"/>
      <trkpt lat="-9.1357415" lon="148.4838791"/>
      <trkpt lat="-9.1356557" lon="148.4840169"/>
      <trkpt lat="-9.1355360" lon="148.4841395"/>
      <trkpt lat="-9.1354372" lon="148.4842701"/>
      <trkpt lat="-9.1353755" lon="148.4844324"/>
      <trkpt lat="-9.1353570" lon="148.4846085"/>
      <trkpt lat="-9.1353358" lon="148.4847844"/>
      <trkpt lat="-9.1353023" lon="148.4849485"/>
      <trkpt lat="-9.1352415" lon="148.4850726"/>
      <trkpt lat="-9.1351700" lon="148.4851567"/>
    </trkseg>
    <trkseg>
      <trkpt lat="-9.1350950" lon="148.4852200"/>
      <trkpt lat="-9.1349560" lon="148.4853169"/>
      <trkpt lat="-9.1348193" lon="148.4854189"/>
      <trkpt lat="-9.1346958" lon="148.4855399"/>
      <trkpt lat="-9.1345556" lon="148.4856460"/>
      <trkpt lat="-9.1344327" lon="148.4857698"/>
      <trkpt lat="-9.1343179" lon="148.4858987"/>
      <trkpt lat="-9.1342143" lon="148.4860101"/>
      <trkpt lat="-9.1340957" lon="148.4861083"/>
      <trkpt lat="-9.1340023" lon="148.4862176"/>
      <trkpt lat="-9.1339253" lon="148.4863647"/>
      <trkpt lat="-9.1339012" lon="148.4865077"/>
      <trkpt lat="-9.1338354" lon="148.4866135"/>
      <trkpt lat="-9.1337403" lon="148.4866914"/>
      <trkpt lat="-9.1335967" lon="148.4867700"/>
    </trkseg>
    <trkseg>
      <trkpt lat="-9.1338317" lon="148.4868417"/>
      <trkpt lat="-9.1336530" lon="148.4868470"/>
      <trkpt lat="-9.1334905" lon="148.4868910"/>
      <trkpt lat="-9.1333606" lon="148.4869697"/>
      <trkpt lat="-9.1332374" lon="148.4870264"/>
      <trkpt lat="-9.1331180" lon="148.4870914"/>
      <trkpt lat="-9.1329718" lon="148.4871414"/>
      <trkpt lat="-9.1328208" lon="148.4872228"/>
      <trkpt lat="-9.1326755" lon="148.4872972"/>
      <trkpt lat="-9.1326007" lon="148.4873697"/>
      <trkpt lat="-9.1325983" lon="148.4874383"/>
    </trkseg>
    <trkseg>
      <trkpt lat="-9.1325917" lon="148.4875333"/>
      <trkpt lat="-9.1325737" lon="148.4877105"/>
      <trkpt lat="-9.1325162" lon="148.4878705"/>
      <trkpt lat="-9.1324149" lon="148.4880095"/>
      <trkpt lat="-9.1323136" lon="148.4881125"/>
      <trkpt lat="-9.1322400" lon="148.4881967"/>
    </trkseg>
    <trkseg>
      <trkpt lat="-9.1322183" lon="148.4882917"/>
      <trkpt lat="-9.1321461" lon="148.4884585"/>
      <trkpt lat="-9.1321350" lon="148.4884833"/>
    </trkseg>
    <trkseg>
      <trkpt lat="-9.1284767" lon="148.4999400"/>
      <trkpt lat="-9.1283697" lon="148.4999386"/>
      <trkpt lat="-9.1282635" lon="148.5000058"/>
      <trkpt lat="-9.1281724" lon="148.5001104"/>
      <trkpt lat="-9.1280783" lon="148.5001800"/>
    </trkseg>
    <trkseg>
      <trkpt lat="-9.1280250" lon="148.5002583"/>
      <trkpt lat="-9.1279127" lon="148.5004006"/>
      <trkpt lat="-9.1279433" lon="148.5003483"/>
    </trkseg>
    <trkseg>
      <trkpt lat="-9.1278767" lon="148.5001500"/>
      <trkpt lat="-9.1277426" lon="148.5002052"/>
      <trkpt lat="-9.1275898" lon="148.5002208"/>
      <trkpt lat="-9.1274412" lon="148.5001633"/>
      <trkpt lat="-9.1273380" lon="148.5000655"/>
      <trkpt lat="-9.1272697" lon="148.4999169"/>
      <trkpt lat="-9.1272044" lon="148.4997541"/>
      <trkpt lat="-9.1270960" lon="148.4996205"/>
      <trkpt lat="-9.1269581" lon="148.4995644"/>
      <trkpt lat="-9.1267969" lon="148.4995763"/>
      <trkpt lat="-9.1266255" lon="148.4996232"/>
      <trkpt lat="-9.1264713" lon="148.4996107"/>
      <trkpt lat="-9.1263491" lon="148.4995826"/>
      <trkpt lat="-9.1262390" lon="148.4995835"/>
      <trkpt lat="-9.1261594" lon="148.4996235"/>
      <trkpt lat="-9.1260983" lon="148.4996650"/>
    </trkseg>
    <trkseg>
      <trkpt lat="-9.1261433" lon="148.4995800"/>
      <trkpt lat="-9.1260448" lon="148.4994399"/>
      <trkpt lat="-9.1259118" lon="148.4993466"/>
      <trkpt lat="-9.1257459" lon="148.4992912"/>
      <trkpt lat="-9.1255745" lon="148.4992528"/>
      <trkpt lat="-9.1254073" lon="148.4992130"/>
      <trkpt lat="-9.1252373" lon="148.4991872"/>
      <trkpt lat="-9.1250722" lon="148.4991732"/>
      <trkpt lat="-9.1249100" lon="148.4991650"/>
    </trkseg>
    <trkseg>
      <trkpt lat="-9.1248733" lon="148.4990717"/>
      <trkpt lat="-9.1247154" lon="148.4990898"/>
      <trkpt lat="-9.1245608" lon="148.4990849"/>
      <trkpt lat="-9.1244124" lon="148.4991106"/>
      <trkpt lat="-9.1242922" lon="148.4991761"/>
      <trkpt lat="-9.1242172" lon="148.4993157"/>
      <trkpt lat="-9.1242126" lon="148.4994097"/>
      <trkpt lat="-9.1242532" lon="148.4995031"/>
      <trkpt lat="-9.1243419" lon="148.4995735"/>
      <trkpt lat="-9.1244044" lon="148.4996924"/>
      <trkpt lat="-9.1244479" lon="148.4997766"/>
      <trkpt lat="-9.1244418" lon="148.4998543"/>
      <trkpt lat="-9.1244842" lon="148.4999052"/>
      <trkpt lat="-9.1245633" lon="148.4999450"/>
    </trkseg>
    <trkseg>
      <trkpt lat="-9.1245850" lon="148.5000333"/>
      <trkpt lat="-9.1244703" lon="148.5001679"/>
      <trkpt lat="-9.1243301" lon="148.5002673"/>
      <trkpt lat="-9.1241641" lon="148.5003321"/>
      <trkpt lat="-9.1240069" lon="148.5004034"/>
      <trkpt lat="-9.1238485" lon="148.5004718"/>
      <trkpt lat="-9.1236882" lon="148.5005227"/>
      <trkpt lat="-9.1235110" lon="148.5005377"/>
      <trkpt lat="-9.1233696" lon="148.5005628"/>
      <trkpt lat="-9.1232650" lon="148.5006117"/>
    </trkseg>
    <trkseg>
      <trkpt lat="-9.1231600" lon="148.5007167"/>
      <trkpt lat="-9.1232373" lon="148.5008801"/>
      <trkpt lat="-9.1233279" lon="148.5010338"/>
      <trkpt lat="-9.1234338" lon="148.5011762"/>
      <trkpt lat="-9.1235470" lon="148.5013067"/>
      <trkpt lat="-9.1236061" lon="148.5014430"/>
      <trkpt lat="-9.1236579" lon="148.5015536"/>
      <trkpt lat="-9.1237067" lon="148.5016623"/>
      <trkpt lat="-9.1238215" lon="148.5017545"/>
      <trkpt lat="-9.1239301" lon="148.5018828"/>
      <trkpt lat="-9.1240064" lon="148.5019610"/>
      <trkpt lat="-9.1240350" lon="148.5019933"/>
    </trkseg>
    <trkseg>
      <trkpt lat="-9.1239467" lon="148.5020133"/>
      <trkpt lat="-9.1240549" lon="148.5021214"/>
      <trkpt lat="-9.1241613" lon="148.5021402"/>
      <trkpt lat="-9.1242619" lon="148.5021389"/>
      <trkpt lat="-9.1243738" lon="148.5021446"/>
      <trkpt lat="-9.1244205" lon="148.5022323"/>
      <trkpt lat="-9.1244893" lon="148.5022764"/>
      <trkpt lat="-9.1245750" lon="148.5022733"/>
    </trkseg>
    <trkseg>
      <trkpt lat="-9.1243267" lon="148.5023867"/>
      <trkpt lat="-9.1243770" lon="148.5023614"/>
      <trkpt lat="-9.1243658" lon="148.5024151"/>
      <trkpt lat="-9.1243050" lon="148.5025502"/>
      <trkpt lat="-9.1242632" lon="148.5027215"/>
      <trkpt lat="-9.1242474" lon="148.5028937"/>
      <trkpt lat="-9.1242653" lon="148.5030379"/>
      <trkpt lat="-9.1243117" lon="148.5031550"/>
    </trkseg>
    <trkseg>
      <trkpt lat="-9.1242433" lon="148.5030950"/>
      <trkpt lat="-9.1243638" lon="148.5032267"/>
      <trkpt lat="-9.1244221" lon="148.5033678"/>
      <trkpt lat="-9.1244183" lon="148.5035183"/>
    </trkseg>
    <trkseg>
      <trkpt lat="-9.1245133" lon="148.5034517"/>
      <trkpt lat="-9.1245824" lon="148.5036042"/>
      <trkpt lat="-9.1245723" lon="148.5037057"/>
      <trkpt lat="-9.1244791" lon="148.5037440"/>
      <trkpt lat="-9.1243381" lon="148.5037739"/>
      <trkpt lat="-9.1242811" lon="148.5038059"/>
      <trkpt lat="-9.1242320" lon="148.5038696"/>
      <trkpt lat="-9.1241888" lon="148.5039286"/>
      <trkpt lat="-9.1240822" lon="148.5040265"/>
      <trkpt lat="-9.1239990" lon="148.5041580"/>
      <trkpt lat="-9.1239072" lon="148.5042990"/>
      <trkpt lat="-9.1238208" lon="148.5044453"/>
      <trkpt lat="-9.1237610" lon="148.5044801"/>
      <trkpt lat="-9.1236979" lon="148.5045129"/>
      <trkpt lat="-9.1236078" lon="148.5045202"/>
      <trkpt lat="-9.1234686" lon="148.5046105"/>
      <trkpt lat="-9.1233639" lon="148.5046548"/>
      <trkpt lat="-9.1233067" lon="148.5046783"/>
    </trkseg>
    <trkseg>
      <trkpt lat="-9.1231383" lon="148.5048050"/>
      <trkpt lat="-9.1232483" lon="148.5048980"/>
      <trkpt lat="-9.1233361" lon="148.5050086"/>
      <trkpt lat="-9.1234017" lon="148.5051367"/>
    </trkseg>
    <trkseg>
      <trkpt lat="-9.1233633" lon="148.5049783"/>
      <trkpt lat="-9.1233677" lon="148.5050673"/>
      <trkpt lat="-9.1234059" lon="148.5051888"/>
      <trkpt lat="-9.1234975" lon="148.5053290"/>
      <trkpt lat="-9.1235734" lon="148.5054589"/>
      <trkpt lat="-9.1236892" lon="148.5055293"/>
      <trkpt lat="-9.1238191" lon="148.5055830"/>
      <trkpt lat="-9.1239863" lon="148.5056141"/>
      <trkpt lat="-9.1240694" lon="148.5056811"/>
      <trkpt lat="-9.1240746" lon="148.5057688"/>
      <trkpt lat="-9.1240079" lon="148.5059103"/>
      <trkpt lat="-9.1239551" lon="148.5060709"/>
      <trkpt lat="-9.1239440" lon="148.5062393"/>
      <trkpt lat="-9.1239645" lon="148.5064022"/>
      <trkpt lat="-9.1239807" lon="148.5065655"/>
      <trkpt lat="-9.1239850" lon="148.5067177"/>
      <trkpt lat="-9.1239908" lon="148.5068681"/>
      <trkpt lat="-9.1240252" lon="148.5070127"/>
      <trkpt lat="-9.1240722" lon="148.5071507"/>
      <trkpt lat="-9.1241133" lon="148.5072750"/>
    </trkseg>
    <trkseg>
      <trkpt lat="-9.1242100" lon="148.5072650"/>
      <trkpt lat="-9.1243863" lon="148.5072641"/>
      <trkpt lat="-9.1245096" lon="148.5072630"/>
      <trkpt lat="-9.1245800" lon="148.5072617"/>
    </trkseg>
    <trkseg>
      <trkpt lat="-9.1247000" lon="148.5072733"/>
      <trkpt lat="-9.1248646" lon="148.5073403"/>
      <trkpt lat="-9.1250335" lon="148.5073965"/>
      <trkpt lat="-9.1251969" lon="148.5074330"/>
      <trkpt lat="-9.1252534" lon="148.5074968"/>
      <trkpt lat="-9.1252462" lon="148.5075479"/>
      <trkpt lat="-9.1251850" lon="148.5075950"/>
    </trkseg>
    <trkseg>
      <trkpt lat="-9.1251000" lon="148.5076350"/>
      <trkpt lat="-9.1249704" lon="148.5076590"/>
      <trkpt lat="-9.1248657" lon="148.5077400"/>
      <trkpt lat="-9.1248492" lon="148.5078678"/>
      <trkpt lat="-9.1249042" lon="148.5080086"/>
      <trkpt lat="-9.1250052" lon="148.5081521"/>
      <trkpt lat="-9.1250815" lon="148.5083116"/>
      <trkpt lat="-9.1251684" lon="148.5084616"/>
      <trkpt lat="-9.1252703" lon="148.5086018"/>
      <trkpt lat="-9.1253864" lon="148.5087352"/>
      <trkpt lat="-9.1254775" lon="148.5088888"/>
      <trkpt lat="-9.1255580" lon="148.5090501"/>
      <trkpt lat="-9.1256428" lon="148.5092087"/>
      <trkpt lat="-9.1257503" lon="148.5093527"/>
      <trkpt lat="-9.1258531" lon="148.5094982"/>
      <trkpt lat="-9.1259183" lon="148.5096504"/>
      <trkpt lat="-9.1259399" lon="148.5097612"/>
      <trkpt lat="-9.1259367" lon="148.5098183"/>
    </trkseg>
    <trkseg>
      <trkpt lat="-9.1258800" lon="148.5098900"/>
      <trkpt lat="-9.1257332" lon="148.5099865"/>
      <trkpt lat="-9.1255864" lon="148.5100851"/>
      <trkpt lat="-9.1254349" lon="148.5101744"/>
      <trkpt lat="-9.1252651" lon="148.5102198"/>
      <trkpt lat="-9.1250911" lon="148.5102531"/>
      <trkpt lat="-9.1249276" lon="148.5103055"/>
      <trkpt lat="-9.1247650" lon="148.5103721"/>
      <trkpt lat="-9.1245999" lon="148.5104312"/>
      <trkpt lat="-9.1244218" lon="148.5104513"/>
      <trkpt lat="-9.1242472" lon="148.5104773"/>
      <trkpt lat="-9.1240917" lon="148.5105318"/>
      <trkpt lat="-9.1239537" lon="148.5106272"/>
      <trkpt lat="-9.1238238" lon="148.5107390"/>
      <trkpt lat="-9.1236867" lon="148.5108495"/>
      <trkpt lat="-9.1235381" lon="148.5109478"/>
      <trkpt lat="-9.1233774" lon="148.5110189"/>
      <trkpt lat="-9.1232083" lon="148.5110400"/>
      <trkpt lat="-9.1230679" lon="148.5110800"/>
      <trkpt lat="-9.1229357" lon="148.5111409"/>
      <trkpt lat="-9.1228015" lon="148.5112177"/>
      <trkpt lat="-9.1226505" lon="148.5112878"/>
      <trkpt lat="-9.1225083" lon="148.5113683"/>
    </trkseg>
    <trkseg>
      <trkpt lat="-9.1226067" lon="148.5113583"/>
      <trkpt lat="-9.1224759" lon="148.5114577"/>
      <trkpt lat="-9.1223754" lon="148.5115865"/>
      <trkpt lat="-9.1223083" lon="148.5117376"/>
      <trkpt lat="-9.1222404" lon="148.5118848"/>
      <trkpt lat="-9.1221986" lon="148.5119959"/>
      <trkpt lat="-9.1221800" lon="148.5120783"/>
    </trkseg>
    <trkseg>
      <trkpt lat="-9.1221750" lon="148.5119400"/>
      <trkpt lat="-9.1220372" lon="148.5118487"/>
      <trkpt lat="-9.1219220" lon="148.5118533"/>
      <trkpt lat="-9.1218323" lon="148.5119555"/>
      <trkpt lat="-9.1217453" lon="148.5121026"/>
      <trkpt lat="-9.1216638" lon="148.5122535"/>
      <trkpt lat="-9.1215825" lon="148.5123970"/>
      <trkpt lat="-9.1215614" lon="148.5125543"/>
      <trkpt lat="-9.1215244" lon="148.5127018"/>
      <trkpt lat="-9.1214736" lon="148.5128499"/>
      <trkpt lat="-9.1213748" lon="148.5129969"/>
      <trkpt lat="-9.1212925" lon="148.5131513"/>
      <trkpt lat="-9.1212785" lon="148.5133040"/>
      <trkpt lat="-9.1213073" lon="148.5134657"/>
      <trkpt lat="-9.1213597" lon="148.5136277"/>
      <trkpt lat="-9.1214067" lon="148.5137831"/>
      <trkpt lat="-9.1214590" lon="148.5139350"/>
      <trkpt lat="-9.1214922" lon="148.5140823"/>
      <trkpt lat="-9.1215394" lon="148.5142268"/>
      <trkpt lat="-9.1215749" lon="148.5143561"/>
      <trkpt lat="-9.1215852" lon="148.5144777"/>
      <trkpt lat="-9.1215688" lon="148.5146162"/>
      <trkpt lat="-9.1215388" lon="148.5147660"/>
      <trkpt lat="-9.1215356" lon="148.5149268"/>
      <trkpt lat="-9.1215221" lon="148.5150924"/>
      <trkpt lat="-9.1215295" lon="148.5152676"/>
      <trkpt lat="-9.1215492" lon="148.5154472"/>
      <trkpt lat="-9.1215927" lon="148.5156126"/>
      <trkpt lat="-9.1216448" lon="148.5157618"/>
      <trkpt lat="-9.1217117" lon="148.5158950"/>
    </trkseg>
    <trkseg>
      <trkpt lat="-9.1217117" lon="148.5159917"/>
      <trkpt lat="-9.1218355" lon="148.5161155"/>
      <trkpt lat="-9.1219738" lon="148.5162229"/>
      <trkpt lat="-9.1221169" lon="148.5163242"/>
      <trkpt lat="-9.1222473" lon="148.5164403"/>
      <trkpt lat="-9.1223698" lon="148.5165685"/>
      <trkpt lat="-9.1224723" lon="148.5167118"/>
      <trkpt lat="-9.1225703" lon="148.5168586"/>
      <trkpt lat="-9.1226778" lon="148.5169898"/>
      <trkpt lat="-9.1228038" lon="148.5171091"/>
      <trkpt lat="-9.1229060" lon="148.5172400"/>
      <trkpt lat="-9.1229888" lon="148.5173892"/>
      <trkpt lat="-9.1230863" lon="148.5175205"/>
      <trkpt lat="-9.1232227" lon="148.5176206"/>
      <trkpt lat="-9.1233770" lon="148.5177036"/>
      <trkpt lat="-9.1234937" lon="148.5178132"/>
      <trkpt lat="-9.1235623" lon="148.5179551"/>
      <trkpt lat="-9.1235767" lon="148.5181241"/>
      <trkpt lat="-9.1235263" lon="148.5182727"/>
      <trkpt lat="-9.1234502" lon="148.5184167"/>
      <trkpt lat="-9.1233733" lon="148.5185619"/>
      <trkpt lat="-9.1233663" lon="148.5187314"/>
      <trkpt lat="-9.1233970" lon="148.5189037"/>
      <trkpt lat="-9.1234550" lon="148.5190736"/>
      <trkpt lat="-9.1234959" lon="148.5192471"/>
      <trkpt lat="-9.1235233" lon="148.5194229"/>
      <trkpt lat="-9.1235482" lon="148.5195989"/>
      <trkpt lat="-9.1235848" lon="148.5197730"/>
      <trkpt lat="-9.1236212" lon="148.5198893"/>
      <trkpt lat="-9.1236383" lon="148.5199533"/>
    </trkseg>
    <trkseg>
      <trkpt lat="-9.1284767" lon="148.4999400"/>
      <trkpt lat="-9.1283697" lon="148.4999386"/>
      <trkpt lat="-9.1282635" lon="148.5000058"/>
      <trkpt lat="-9.1281724" lon="148.5001104"/>
      <trkpt lat="-9.1280783" lon="148.5001800"/>
    </trkseg>
    <trkseg>
      <trkpt lat="-9.1284767" lon="148.4999400"/>
      <trkpt lat="-9.1283697" lon="148.4999386"/>
      <trkpt lat="-9.1282635" lon="148.5000058"/>
      <trkpt lat="-9.1281724" lon="148.5001104"/>
      <trkpt lat="-9.1280783" lon="148.5001800"/>
    </trkseg>
    <trkseg>
      <trkpt lat="-9.1280250" lon="148.5002583"/>
      <trkpt lat="-9.1279127" lon="148.5004006"/>
      <trkpt lat="-9.1279433" lon="148.5003483"/>
    </trkseg>
    <trkseg>
      <trkpt lat="-9.1284767" lon="148.4999400"/>
      <trkpt lat="-9.1283697" lon="148.4999386"/>
      <trkpt lat="-9.1282635" lon="148.5000058"/>
      <trkpt lat="-9.1281724" lon="148.5001104"/>
      <trkpt lat="-9.1280783" lon="148.5001800"/>
    </trkseg>
    <trkseg>
      <trkpt lat="-9.1280250" lon="148.5002583"/>
      <trkpt lat="-9.1279127" lon="148.5004006"/>
      <trkpt lat="-9.1279433" lon="148.5003483"/>
    </trkseg>
    <trkseg>
      <trkpt lat="-9.1278767" lon="148.5001500"/>
      <trkpt lat="-9.1277426" lon="148.5002052"/>
      <trkpt lat="-9.1275898" lon="148.5002208"/>
      <trkpt lat="-9.1274412" lon="148.5001633"/>
      <trkpt lat="-9.1273380" lon="148.5000655"/>
      <trkpt lat="-9.1272697" lon="148.4999169"/>
      <trkpt lat="-9.1272044" lon="148.4997541"/>
      <trkpt lat="-9.1270960" lon="148.4996205"/>
      <trkpt lat="-9.1269581" lon="148.4995644"/>
      <trkpt lat="-9.1267969" lon="148.4995763"/>
      <trkpt lat="-9.1266255" lon="148.4996232"/>
      <trkpt lat="-9.1264713" lon="148.4996107"/>
      <trkpt lat="-9.1263491" lon="148.4995826"/>
      <trkpt lat="-9.1262390" lon="148.4995835"/>
      <trkpt lat="-9.1261594" lon="148.4996235"/>
      <trkpt lat="-9.1260983" lon="148.4996650"/>
    </trkseg>
    <trkseg>
      <trkpt lat="-9.1284767" lon="148.4999400"/>
      <trkpt lat="-9.1283697" lon="148.4999386"/>
      <trkpt lat="-9.1282635" lon="148.5000058"/>
      <trkpt lat="-9.1281724" lon="148.5001104"/>
      <trkpt lat="-9.1280783" lon="148.5001800"/>
    </trkseg>
    <trkseg>
      <trkpt lat="-9.1280250" lon="148.5002583"/>
      <trkpt lat="-9.1279127" lon="148.5004006"/>
      <trkpt lat="-9.1279433" lon="148.5003483"/>
    </trkseg>
    <trkseg>
      <trkpt lat="-9.1278767" lon="148.5001500"/>
      <trkpt lat="-9.1277426" lon="148.5002052"/>
      <trkpt lat="-9.1275898" lon="148.5002208"/>
      <trkpt lat="-9.1274412" lon="148.5001633"/>
      <trkpt lat="-9.1273380" lon="148.5000655"/>
      <trkpt lat="-9.1272697" lon="148.4999169"/>
      <trkpt lat="-9.1272044" lon="148.4997541"/>
      <trkpt lat="-9.1270960" lon="148.4996205"/>
      <trkpt lat="-9.1269581" lon="148.4995644"/>
      <trkpt lat="-9.1267969" lon="148.4995763"/>
      <trkpt lat="-9.1266255" lon="148.4996232"/>
      <trkpt lat="-9.1264713" lon="148.4996107"/>
      <trkpt lat="-9.1263491" lon="148.4995826"/>
      <trkpt lat="-9.1262390" lon="148.4995835"/>
      <trkpt lat="-9.1261594" lon="148.4996235"/>
      <trkpt lat="-9.1260983" lon="148.4996650"/>
    </trkseg>
    <trkseg>
      <trkpt lat="-9.1261433" lon="148.4995800"/>
      <trkpt lat="-9.1260448" lon="148.4994399"/>
      <trkpt lat="-9.1259118" lon="148.4993466"/>
      <trkpt lat="-9.1257459" lon="148.4992912"/>
      <trkpt lat="-9.1255745" lon="148.4992528"/>
      <trkpt lat="-9.1254073" lon="148.4992130"/>
      <trkpt lat="-9.1252373" lon="148.4991872"/>
      <trkpt lat="-9.1250722" lon="148.4991732"/>
      <trkpt lat="-9.1249100" lon="148.4991650"/>
    </trkseg>
    <trkseg>
      <trkpt lat="-9.1284767" lon="148.4999400"/>
      <trkpt lat="-9.1283697" lon="148.4999386"/>
      <trkpt lat="-9.1282635" lon="148.5000058"/>
      <trkpt lat="-9.1281724" lon="148.5001104"/>
      <trkpt lat="-9.1280783" lon="148.5001800"/>
    </trkseg>
    <trkseg>
      <trkpt lat="-9.1280250" lon="148.5002583"/>
      <trkpt lat="-9.1279127" lon="148.5004006"/>
      <trkpt lat="-9.1279433" lon="148.5003483"/>
    </trkseg>
    <trkseg>
      <trkpt lat="-9.1278767" lon="148.5001500"/>
      <trkpt lat="-9.1277426" lon="148.5002052"/>
      <trkpt lat="-9.1275898" lon="148.5002208"/>
      <trkpt lat="-9.1274412" lon="148.5001633"/>
      <trkpt lat="-9.1273380" lon="148.5000655"/>
      <trkpt lat="-9.1272697" lon="148.4999169"/>
      <trkpt lat="-9.1272044" lon="148.4997541"/>
      <trkpt lat="-9.1270960" lon="148.4996205"/>
      <trkpt lat="-9.1269581" lon="148.4995644"/>
      <trkpt lat="-9.1267969" lon="148.4995763"/>
      <trkpt lat="-9.1266255" lon="148.4996232"/>
      <trkpt lat="-9.1264713" lon="148.4996107"/>
      <trkpt lat="-9.1263491" lon="148.4995826"/>
      <trkpt lat="-9.1262390" lon="148.4995835"/>
      <trkpt lat="-9.1261594" lon="148.4996235"/>
      <trkpt lat="-9.1260983" lon="148.4996650"/>
    </trkseg>
    <trkseg>
      <trkpt lat="-9.1261433" lon="148.4995800"/>
      <trkpt lat="-9.1260448" lon="148.4994399"/>
      <trkpt lat="-9.1259118" lon="148.4993466"/>
      <trkpt lat="-9.1257459" lon="148.4992912"/>
      <trkpt lat="-9.1255745" lon="148.4992528"/>
      <trkpt lat="-9.1254073" lon="148.4992130"/>
      <trkpt lat="-9.1252373" lon="148.4991872"/>
      <trkpt lat="-9.1250722" lon="148.4991732"/>
      <trkpt lat="-9.1249100" lon="148.4991650"/>
    </trkseg>
    <trkseg>
      <trkpt lat="-9.1248733" lon="148.4990717"/>
      <trkpt lat="-9.1247154" lon="148.4990898"/>
      <trkpt lat="-9.1245608" lon="148.4990849"/>
      <trkpt lat="-9.1244124" lon="148.4991106"/>
      <trkpt lat="-9.1242922" lon="148.4991761"/>
      <trkpt lat="-9.1242172" lon="148.4993157"/>
      <trkpt lat="-9.1242126" lon="148.4994097"/>
      <trkpt lat="-9.1242532" lon="148.4995031"/>
      <trkpt lat="-9.1243419" lon="148.4995735"/>
      <trkpt lat="-9.1244044" lon="148.4996924"/>
      <trkpt lat="-9.1244479" lon="148.4997766"/>
      <trkpt lat="-9.1244418" lon="148.4998543"/>
      <trkpt lat="-9.1244842" lon="148.4999052"/>
      <trkpt lat="-9.1245633" lon="148.4999450"/>
    </trkseg>
    <trkseg>
      <trkpt lat="-9.1284767" lon="148.4999400"/>
      <trkpt lat="-9.1283697" lon="148.4999386"/>
      <trkpt lat="-9.1282635" lon="148.5000058"/>
      <trkpt lat="-9.1281724" lon="148.5001104"/>
      <trkpt lat="-9.1280783" lon="148.5001800"/>
    </trkseg>
    <trkseg>
      <trkpt lat="-9.1280250" lon="148.5002583"/>
      <trkpt lat="-9.1279127" lon="148.5004006"/>
      <trkpt lat="-9.1279433" lon="148.5003483"/>
    </trkseg>
    <trkseg>
      <trkpt lat="-9.1278767" lon="148.5001500"/>
      <trkpt lat="-9.1277426" lon="148.5002052"/>
      <trkpt lat="-9.1275898" lon="148.5002208"/>
      <trkpt lat="-9.1274412" lon="148.5001633"/>
      <trkpt lat="-9.1273380" lon="148.5000655"/>
      <trkpt lat="-9.1272697" lon="148.4999169"/>
      <trkpt lat="-9.1272044" lon="148.4997541"/>
      <trkpt lat="-9.1270960" lon="148.4996205"/>
      <trkpt lat="-9.1269581" lon="148.4995644"/>
      <trkpt lat="-9.1267969" lon="148.4995763"/>
      <trkpt lat="-9.1266255" lon="148.4996232"/>
      <trkpt lat="-9.1264713" lon="148.4996107"/>
      <trkpt lat="-9.1263491" lon="148.4995826"/>
      <trkpt lat="-9.1262390" lon="148.4995835"/>
      <trkpt lat="-9.1261594" lon="148.4996235"/>
      <trkpt lat="-9.1260983" lon="148.4996650"/>
    </trkseg>
    <trkseg>
      <trkpt lat="-9.1261433" lon="148.4995800"/>
      <trkpt lat="-9.1260448" lon="148.4994399"/>
      <trkpt lat="-9.1259118" lon="148.4993466"/>
      <trkpt lat="-9.1257459" lon="148.4992912"/>
      <trkpt lat="-9.1255745" lon="148.4992528"/>
      <trkpt lat="-9.1254073" lon="148.4992130"/>
      <trkpt lat="-9.1252373" lon="148.4991872"/>
      <trkpt lat="-9.1250722" lon="148.4991732"/>
      <trkpt lat="-9.1249100" lon="148.4991650"/>
    </trkseg>
    <trkseg>
      <trkpt lat="-9.1248733" lon="148.4990717"/>
      <trkpt lat="-9.1247154" lon="148.4990898"/>
      <trkpt lat="-9.1245608" lon="148.4990849"/>
      <trkpt lat="-9.1244124" lon="148.4991106"/>
      <trkpt lat="-9.1242922" lon="148.4991761"/>
      <trkpt lat="-9.1242172" lon="148.4993157"/>
      <trkpt lat="-9.1242126" lon="148.4994097"/>
      <trkpt lat="-9.1242532" lon="148.4995031"/>
      <trkpt lat="-9.1243419" lon="148.4995735"/>
      <trkpt lat="-9.1244044" lon="148.4996924"/>
      <trkpt lat="-9.1244479" lon="148.4997766"/>
      <trkpt lat="-9.1244418" lon="148.4998543"/>
      <trkpt lat="-9.1244842" lon="148.4999052"/>
      <trkpt lat="-9.1245633" lon="148.4999450"/>
    </trkseg>
    <trkseg>
      <trkpt lat="-9.1245850" lon="148.5000333"/>
      <trkpt lat="-9.1244703" lon="148.5001679"/>
      <trkpt lat="-9.1243301" lon="148.5002673"/>
      <trkpt lat="-9.1241641" lon="148.5003321"/>
      <trkpt lat="-9.1240069" lon="148.5004034"/>
      <trkpt lat="-9.1238485" lon="148.5004718"/>
      <trkpt lat="-9.1236882" lon="148.5005227"/>
      <trkpt lat="-9.1235110" lon="148.5005377"/>
      <trkpt lat="-9.1233696" lon="148.5005628"/>
      <trkpt lat="-9.1232650" lon="148.5006117"/>
    </trkseg>
    <trkseg>
      <trkpt lat="-9.1284767" lon="148.4999400"/>
      <trkpt lat="-9.1283697" lon="148.4999386"/>
      <trkpt lat="-9.1282635" lon="148.5000058"/>
      <trkpt lat="-9.1281724" lon="148.5001104"/>
      <trkpt lat="-9.1280783" lon="148.5001800"/>
    </trkseg>
    <trkseg>
      <trkpt lat="-9.1280250" lon="148.5002583"/>
      <trkpt lat="-9.1279127" lon="148.5004006"/>
      <trkpt lat="-9.1279433" lon="148.5003483"/>
    </trkseg>
    <trkseg>
      <trkpt lat="-9.1278767" lon="148.5001500"/>
      <trkpt lat="-9.1277426" lon="148.5002052"/>
      <trkpt lat="-9.1275898" lon="148.5002208"/>
      <trkpt lat="-9.1274412" lon="148.5001633"/>
      <trkpt lat="-9.1273380" lon="148.5000655"/>
      <trkpt lat="-9.1272697" lon="148.4999169"/>
      <trkpt lat="-9.1272044" lon="148.4997541"/>
      <trkpt lat="-9.1270960" lon="148.4996205"/>
      <trkpt lat="-9.1269581" lon="148.4995644"/>
      <trkpt lat="-9.1267969" lon="148.4995763"/>
      <trkpt lat="-9.1266255" lon="148.4996232"/>
      <trkpt lat="-9.1264713" lon="148.4996107"/>
      <trkpt lat="-9.1263491" lon="148.4995826"/>
      <trkpt lat="-9.1262390" lon="148.4995835"/>
      <trkpt lat="-9.1261594" lon="148.4996235"/>
      <trkpt lat="-9.1260983" lon="148.4996650"/>
    </trkseg>
    <trkseg>
      <trkpt lat="-9.1261433" lon="148.4995800"/>
      <trkpt lat="-9.1260448" lon="148.4994399"/>
      <trkpt lat="-9.1259118" lon="148.4993466"/>
      <trkpt lat="-9.1257459" lon="148.4992912"/>
      <trkpt lat="-9.1255745" lon="148.4992528"/>
      <trkpt lat="-9.1254073" lon="148.4992130"/>
      <trkpt lat="-9.1252373" lon="148.4991872"/>
      <trkpt lat="-9.1250722" lon="148.4991732"/>
      <trkpt lat="-9.1249100" lon="148.4991650"/>
    </trkseg>
    <trkseg>
      <trkpt lat="-9.1248733" lon="148.4990717"/>
      <trkpt lat="-9.1247154" lon="148.4990898"/>
      <trkpt lat="-9.1245608" lon="148.4990849"/>
      <trkpt lat="-9.1244124" lon="148.4991106"/>
      <trkpt lat="-9.1242922" lon="148.4991761"/>
      <trkpt lat="-9.1242172" lon="148.4993157"/>
      <trkpt lat="-9.1242126" lon="148.4994097"/>
      <trkpt lat="-9.1242532" lon="148.4995031"/>
      <trkpt lat="-9.1243419" lon="148.4995735"/>
      <trkpt lat="-9.1244044" lon="148.4996924"/>
      <trkpt lat="-9.1244479" lon="148.4997766"/>
      <trkpt lat="-9.1244418" lon="148.4998543"/>
      <trkpt lat="-9.1244842" lon="148.4999052"/>
      <trkpt lat="-9.1245633" lon="148.4999450"/>
    </trkseg>
    <trkseg>
      <trkpt lat="-9.1245850" lon="148.5000333"/>
      <trkpt lat="-9.1244703" lon="148.5001679"/>
      <trkpt lat="-9.1243301" lon="148.5002673"/>
      <trkpt lat="-9.1241641" lon="148.5003321"/>
      <trkpt lat="-9.1240069" lon="148.5004034"/>
      <trkpt lat="-9.1238485" lon="148.5004718"/>
      <trkpt lat="-9.1236882" lon="148.5005227"/>
      <trkpt lat="-9.1235110" lon="148.5005377"/>
      <trkpt lat="-9.1233696" lon="148.5005628"/>
      <trkpt lat="-9.1232650" lon="148.5006117"/>
    </trkseg>
    <trkseg>
      <trkpt lat="-9.1231600" lon="148.5007167"/>
      <trkpt lat="-9.1232373" lon="148.5008801"/>
      <trkpt lat="-9.1233279" lon="148.5010338"/>
      <trkpt lat="-9.1234338" lon="148.5011762"/>
      <trkpt lat="-9.1235470" lon="148.5013067"/>
      <trkpt lat="-9.1236061" lon="148.5014430"/>
      <trkpt lat="-9.1236579" lon="148.5015536"/>
      <trkpt lat="-9.1237067" lon="148.5016623"/>
      <trkpt lat="-9.1238215" lon="148.5017545"/>
      <trkpt lat="-9.1239301" lon="148.5018828"/>
      <trkpt lat="-9.1240064" lon="148.5019610"/>
      <trkpt lat="-9.1240350" lon="148.5019933"/>
    </trkseg>
    <trkseg>
      <trkpt lat="-9.1284767" lon="148.4999400"/>
      <trkpt lat="-9.1283697" lon="148.4999386"/>
      <trkpt lat="-9.1282635" lon="148.5000058"/>
      <trkpt lat="-9.1281724" lon="148.5001104"/>
      <trkpt lat="-9.1280783" lon="148.5001800"/>
    </trkseg>
    <trkseg>
      <trkpt lat="-9.1280250" lon="148.5002583"/>
      <trkpt lat="-9.1279127" lon="148.5004006"/>
      <trkpt lat="-9.1279433" lon="148.5003483"/>
    </trkseg>
    <trkseg>
      <trkpt lat="-9.1278767" lon="148.5001500"/>
      <trkpt lat="-9.1277426" lon="148.5002052"/>
      <trkpt lat="-9.1275898" lon="148.5002208"/>
      <trkpt lat="-9.1274412" lon="148.5001633"/>
      <trkpt lat="-9.1273380" lon="148.5000655"/>
      <trkpt lat="-9.1272697" lon="148.4999169"/>
      <trkpt lat="-9.1272044" lon="148.4997541"/>
      <trkpt lat="-9.1270960" lon="148.4996205"/>
      <trkpt lat="-9.1269581" lon="148.4995644"/>
      <trkpt lat="-9.1267969" lon="148.4995763"/>
      <trkpt lat="-9.1266255" lon="148.4996232"/>
      <trkpt lat="-9.1264713" lon="148.4996107"/>
      <trkpt lat="-9.1263491" lon="148.4995826"/>
      <trkpt lat="-9.1262390" lon="148.4995835"/>
      <trkpt lat="-9.1261594" lon="148.4996235"/>
      <trkpt lat="-9.1260983" lon="148.4996650"/>
    </trkseg>
    <trkseg>
      <trkpt lat="-9.1261433" lon="148.4995800"/>
      <trkpt lat="-9.1260448" lon="148.4994399"/>
      <trkpt lat="-9.1259118" lon="148.4993466"/>
      <trkpt lat="-9.1257459" lon="148.4992912"/>
      <trkpt lat="-9.1255745" lon="148.4992528"/>
      <trkpt lat="-9.1254073" lon="148.4992130"/>
      <trkpt lat="-9.1252373" lon="148.4991872"/>
      <trkpt lat="-9.1250722" lon="148.4991732"/>
      <trkpt lat="-9.1249100" lon="148.4991650"/>
    </trkseg>
    <trkseg>
      <trkpt lat="-9.1248733" lon="148.4990717"/>
      <trkpt lat="-9.1247154" lon="148.4990898"/>
      <trkpt lat="-9.1245608" lon="148.4990849"/>
      <trkpt lat="-9.1244124" lon="148.4991106"/>
      <trkpt lat="-9.1242922" lon="148.4991761"/>
      <trkpt lat="-9.1242172" lon="148.4993157"/>
      <trkpt lat="-9.1242126" lon="148.4994097"/>
      <trkpt lat="-9.1242532" lon="148.4995031"/>
      <trkpt lat="-9.1243419" lon="148.4995735"/>
      <trkpt lat="-9.1244044" lon="148.4996924"/>
      <trkpt lat="-9.1244479" lon="148.4997766"/>
      <trkpt lat="-9.1244418" lon="148.4998543"/>
      <trkpt lat="-9.1244842" lon="148.4999052"/>
      <trkpt lat="-9.1245633" lon="148.4999450"/>
    </trkseg>
    <trkseg>
      <trkpt lat="-9.1245850" lon="148.5000333"/>
      <trkpt lat="-9.1244703" lon="148.5001679"/>
      <trkpt lat="-9.1243301" lon="148.5002673"/>
      <trkpt lat="-9.1241641" lon="148.5003321"/>
      <trkpt lat="-9.1240069" lon="148.5004034"/>
      <trkpt lat="-9.1238485" lon="148.5004718"/>
      <trkpt lat="-9.1236882" lon="148.5005227"/>
      <trkpt lat="-9.1235110" lon="148.5005377"/>
      <trkpt lat="-9.1233696" lon="148.5005628"/>
      <trkpt lat="-9.1232650" lon="148.5006117"/>
    </trkseg>
    <trkseg>
      <trkpt lat="-9.1231600" lon="148.5007167"/>
      <trkpt lat="-9.1232373" lon="148.5008801"/>
      <trkpt lat="-9.1233279" lon="148.5010338"/>
      <trkpt lat="-9.1234338" lon="148.5011762"/>
      <trkpt lat="-9.1235470" lon="148.5013067"/>
      <trkpt lat="-9.1236061" lon="148.5014430"/>
      <trkpt lat="-9.1236579" lon="148.5015536"/>
      <trkpt lat="-9.1237067" lon="148.5016623"/>
      <trkpt lat="-9.1238215" lon="148.5017545"/>
      <trkpt lat="-9.1239301" lon="148.5018828"/>
      <trkpt lat="-9.1240064" lon="148.5019610"/>
      <trkpt lat="-9.1240350" lon="148.5019933"/>
    </trkseg>
    <trkseg>
      <trkpt lat="-9.1239467" lon="148.5020133"/>
      <trkpt lat="-9.1240549" lon="148.5021214"/>
      <trkpt lat="-9.1241613" lon="148.5021402"/>
      <trkpt lat="-9.1242619" lon="148.5021389"/>
      <trkpt lat="-9.1243738" lon="148.5021446"/>
      <trkpt lat="-9.1244205" lon="148.5022323"/>
      <trkpt lat="-9.1244893" lon="148.5022764"/>
      <trkpt lat="-9.1245750" lon="148.5022733"/>
    </trkseg>
    <trkseg>
      <trkpt lat="-9.1243267" lon="148.5023867"/>
      <trkpt lat="-9.1243770" lon="148.5023614"/>
      <trkpt lat="-9.1243658" lon="148.5024151"/>
      <trkpt lat="-9.1243050" lon="148.5025502"/>
      <trkpt lat="-9.1242632" lon="148.5027215"/>
      <trkpt lat="-9.1242474" lon="148.5028937"/>
      <trkpt lat="-9.1242653" lon="148.5030379"/>
      <trkpt lat="-9.1243117" lon="148.5031550"/>
    </trkseg>
    <trkseg>
      <trkpt lat="-9.1242433" lon="148.5030950"/>
      <trkpt lat="-9.1243638" lon="148.5032267"/>
      <trkpt lat="-9.1244221" lon="148.5033678"/>
      <trkpt lat="-9.1244183" lon="148.5035183"/>
    </trkseg>
    <trkseg>
      <trkpt lat="-9.1284767" lon="148.4999400"/>
      <trkpt lat="-9.1283697" lon="148.4999386"/>
      <trkpt lat="-9.1282635" lon="148.5000058"/>
      <trkpt lat="-9.1281724" lon="148.5001104"/>
      <trkpt lat="-9.1280783" lon="148.5001800"/>
    </trkseg>
    <trkseg>
      <trkpt lat="-9.1280250" lon="148.5002583"/>
      <trkpt lat="-9.1279127" lon="148.5004006"/>
      <trkpt lat="-9.1279433" lon="148.5003483"/>
    </trkseg>
    <trkseg>
      <trkpt lat="-9.1278767" lon="148.5001500"/>
      <trkpt lat="-9.1277426" lon="148.5002052"/>
      <trkpt lat="-9.1275898" lon="148.5002208"/>
      <trkpt lat="-9.1274412" lon="148.5001633"/>
      <trkpt lat="-9.1273380" lon="148.5000655"/>
      <trkpt lat="-9.1272697" lon="148.4999169"/>
      <trkpt lat="-9.1272044" lon="148.4997541"/>
      <trkpt lat="-9.1270960" lon="148.4996205"/>
      <trkpt lat="-9.1269581" lon="148.4995644"/>
      <trkpt lat="-9.1267969" lon="148.4995763"/>
      <trkpt lat="-9.1266255" lon="148.4996232"/>
      <trkpt lat="-9.1264713" lon="148.4996107"/>
      <trkpt lat="-9.1263491" lon="148.4995826"/>
      <trkpt lat="-9.1262390" lon="148.4995835"/>
      <trkpt lat="-9.1261594" lon="148.4996235"/>
      <trkpt lat="-9.1260983" lon="148.4996650"/>
    </trkseg>
    <trkseg>
      <trkpt lat="-9.1261433" lon="148.4995800"/>
      <trkpt lat="-9.1260448" lon="148.4994399"/>
      <trkpt lat="-9.1259118" lon="148.4993466"/>
      <trkpt lat="-9.1257459" lon="148.4992912"/>
      <trkpt lat="-9.1255745" lon="148.4992528"/>
      <trkpt lat="-9.1254073" lon="148.4992130"/>
      <trkpt lat="-9.1252373" lon="148.4991872"/>
      <trkpt lat="-9.1250722" lon="148.4991732"/>
      <trkpt lat="-9.1249100" lon="148.4991650"/>
    </trkseg>
    <trkseg>
      <trkpt lat="-9.1248733" lon="148.4990717"/>
      <trkpt lat="-9.1247154" lon="148.4990898"/>
      <trkpt lat="-9.1245608" lon="148.4990849"/>
      <trkpt lat="-9.1244124" lon="148.4991106"/>
      <trkpt lat="-9.1242922" lon="148.4991761"/>
      <trkpt lat="-9.1242172" lon="148.4993157"/>
      <trkpt lat="-9.1242126" lon="148.4994097"/>
      <trkpt lat="-9.1242532" lon="148.4995031"/>
      <trkpt lat="-9.1243419" lon="148.4995735"/>
      <trkpt lat="-9.1244044" lon="148.4996924"/>
      <trkpt lat="-9.1244479" lon="148.4997766"/>
      <trkpt lat="-9.1244418" lon="148.4998543"/>
      <trkpt lat="-9.1244842" lon="148.4999052"/>
      <trkpt lat="-9.1245633" lon="148.4999450"/>
    </trkseg>
    <trkseg>
      <trkpt lat="-9.1245850" lon="148.5000333"/>
      <trkpt lat="-9.1244703" lon="148.5001679"/>
      <trkpt lat="-9.1243301" lon="148.5002673"/>
      <trkpt lat="-9.1241641" lon="148.5003321"/>
      <trkpt lat="-9.1240069" lon="148.5004034"/>
      <trkpt lat="-9.1238485" lon="148.5004718"/>
      <trkpt lat="-9.1236882" lon="148.5005227"/>
      <trkpt lat="-9.1235110" lon="148.5005377"/>
      <trkpt lat="-9.1233696" lon="148.5005628"/>
      <trkpt lat="-9.1232650" lon="148.5006117"/>
    </trkseg>
    <trkseg>
      <trkpt lat="-9.1231600" lon="148.5007167"/>
      <trkpt lat="-9.1232373" lon="148.5008801"/>
      <trkpt lat="-9.1233279" lon="148.5010338"/>
      <trkpt lat="-9.1234338" lon="148.5011762"/>
      <trkpt lat="-9.1235470" lon="148.5013067"/>
      <trkpt lat="-9.1236061" lon="148.5014430"/>
      <trkpt lat="-9.1236579" lon="148.5015536"/>
      <trkpt lat="-9.1237067" lon="148.5016623"/>
      <trkpt lat="-9.1238215" lon="148.5017545"/>
      <trkpt lat="-9.1239301" lon="148.5018828"/>
      <trkpt lat="-9.1240064" lon="148.5019610"/>
      <trkpt lat="-9.1240350" lon="148.5019933"/>
    </trkseg>
    <trkseg>
      <trkpt lat="-9.1239467" lon="148.5020133"/>
      <trkpt lat="-9.1240549" lon="148.5021214"/>
      <trkpt lat="-9.1241613" lon="148.5021402"/>
      <trkpt lat="-9.1242619" lon="148.5021389"/>
      <trkpt lat="-9.1243738" lon="148.5021446"/>
      <trkpt lat="-9.1244205" lon="148.5022323"/>
      <trkpt lat="-9.1244893" lon="148.5022764"/>
      <trkpt lat="-9.1245750" lon="148.5022733"/>
    </trkseg>
    <trkseg>
      <trkpt lat="-9.1243267" lon="148.5023867"/>
      <trkpt lat="-9.1243770" lon="148.5023614"/>
      <trkpt lat="-9.1243658" lon="148.5024151"/>
      <trkpt lat="-9.1243050" lon="148.5025502"/>
      <trkpt lat="-9.1242632" lon="148.5027215"/>
      <trkpt lat="-9.1242474" lon="148.5028937"/>
      <trkpt lat="-9.1242653" lon="148.5030379"/>
      <trkpt lat="-9.1243117" lon="148.5031550"/>
    </trkseg>
    <trkseg>
      <trkpt lat="-9.1242433" lon="148.5030950"/>
      <trkpt lat="-9.1243638" lon="148.5032267"/>
      <trkpt lat="-9.1244221" lon="148.5033678"/>
      <trkpt lat="-9.1244183" lon="148.5035183"/>
    </trkseg>
    <trkseg>
      <trkpt lat="-9.1245133" lon="148.5034517"/>
      <trkpt lat="-9.1245824" lon="148.5036042"/>
      <trkpt lat="-9.1245723" lon="148.5037057"/>
      <trkpt lat="-9.1244791" lon="148.5037440"/>
      <trkpt lat="-9.1243381" lon="148.5037739"/>
      <trkpt lat="-9.1242811" lon="148.5038059"/>
      <trkpt lat="-9.1242320" lon="148.5038696"/>
      <trkpt lat="-9.1241888" lon="148.5039286"/>
      <trkpt lat="-9.1240822" lon="148.5040265"/>
      <trkpt lat="-9.1239990" lon="148.5041580"/>
      <trkpt lat="-9.1239072" lon="148.5042990"/>
      <trkpt lat="-9.1238208" lon="148.5044453"/>
      <trkpt lat="-9.1237610" lon="148.5044801"/>
      <trkpt lat="-9.1236979" lon="148.5045129"/>
      <trkpt lat="-9.1236078" lon="148.5045202"/>
      <trkpt lat="-9.1234686" lon="148.5046105"/>
      <trkpt lat="-9.1233639" lon="148.5046548"/>
      <trkpt lat="-9.1233067" lon="148.5046783"/>
    </trkseg>
    <trkseg>
      <trkpt lat="-9.1284767" lon="148.4999400"/>
      <trkpt lat="-9.1283697" lon="148.4999386"/>
      <trkpt lat="-9.1282635" lon="148.5000058"/>
      <trkpt lat="-9.1281724" lon="148.5001104"/>
      <trkpt lat="-9.1280783" lon="148.5001800"/>
    </trkseg>
    <trkseg>
      <trkpt lat="-9.1280250" lon="148.5002583"/>
      <trkpt lat="-9.1279127" lon="148.5004006"/>
      <trkpt lat="-9.1279433" lon="148.5003483"/>
    </trkseg>
    <trkseg>
      <trkpt lat="-9.1278767" lon="148.5001500"/>
      <trkpt lat="-9.1277426" lon="148.5002052"/>
      <trkpt lat="-9.1275898" lon="148.5002208"/>
      <trkpt lat="-9.1274412" lon="148.5001633"/>
      <trkpt lat="-9.1273380" lon="148.5000655"/>
      <trkpt lat="-9.1272697" lon="148.4999169"/>
      <trkpt lat="-9.1272044" lon="148.4997541"/>
      <trkpt lat="-9.1270960" lon="148.4996205"/>
      <trkpt lat="-9.1269581" lon="148.4995644"/>
      <trkpt lat="-9.1267969" lon="148.4995763"/>
      <trkpt lat="-9.1266255" lon="148.4996232"/>
      <trkpt lat="-9.1264713" lon="148.4996107"/>
      <trkpt lat="-9.1263491" lon="148.4995826"/>
      <trkpt lat="-9.1262390" lon="148.4995835"/>
      <trkpt lat="-9.1261594" lon="148.4996235"/>
      <trkpt lat="-9.1260983" lon="148.4996650"/>
    </trkseg>
    <trkseg>
      <trkpt lat="-9.1261433" lon="148.4995800"/>
      <trkpt lat="-9.1260448" lon="148.4994399"/>
      <trkpt lat="-9.1259118" lon="148.4993466"/>
      <trkpt lat="-9.1257459" lon="148.4992912"/>
      <trkpt lat="-9.1255745" lon="148.4992528"/>
      <trkpt lat="-9.1254073" lon="148.4992130"/>
      <trkpt lat="-9.1252373" lon="148.4991872"/>
      <trkpt lat="-9.1250722" lon="148.4991732"/>
      <trkpt lat="-9.1249100" lon="148.4991650"/>
    </trkseg>
    <trkseg>
      <trkpt lat="-9.1248733" lon="148.4990717"/>
      <trkpt lat="-9.1247154" lon="148.4990898"/>
      <trkpt lat="-9.1245608" lon="148.4990849"/>
      <trkpt lat="-9.1244124" lon="148.4991106"/>
      <trkpt lat="-9.1242922" lon="148.4991761"/>
      <trkpt lat="-9.1242172" lon="148.4993157"/>
      <trkpt lat="-9.1242126" lon="148.4994097"/>
      <trkpt lat="-9.1242532" lon="148.4995031"/>
      <trkpt lat="-9.1243419" lon="148.4995735"/>
      <trkpt lat="-9.1244044" lon="148.4996924"/>
      <trkpt lat="-9.1244479" lon="148.4997766"/>
      <trkpt lat="-9.1244418" lon="148.4998543"/>
      <trkpt lat="-9.1244842" lon="148.4999052"/>
      <trkpt lat="-9.1245633" lon="148.4999450"/>
    </trkseg>
    <trkseg>
      <trkpt lat="-9.1245850" lon="148.5000333"/>
      <trkpt lat="-9.1244703" lon="148.5001679"/>
      <trkpt lat="-9.1243301" lon="148.5002673"/>
      <trkpt lat="-9.1241641" lon="148.5003321"/>
      <trkpt lat="-9.1240069" lon="148.5004034"/>
      <trkpt lat="-9.1238485" lon="148.5004718"/>
      <trkpt lat="-9.1236882" lon="148.5005227"/>
      <trkpt lat="-9.1235110" lon="148.5005377"/>
      <trkpt lat="-9.1233696" lon="148.5005628"/>
      <trkpt lat="-9.1232650" lon="148.5006117"/>
    </trkseg>
    <trkseg>
      <trkpt lat="-9.1231600" lon="148.5007167"/>
      <trkpt lat="-9.1232373" lon="148.5008801"/>
      <trkpt lat="-9.1233279" lon="148.5010338"/>
      <trkpt lat="-9.1234338" lon="148.5011762"/>
      <trkpt lat="-9.1235470" lon="148.5013067"/>
      <trkpt lat="-9.1236061" lon="148.5014430"/>
      <trkpt lat="-9.1236579" lon="148.5015536"/>
      <trkpt lat="-9.1237067" lon="148.5016623"/>
      <trkpt lat="-9.1238215" lon="148.5017545"/>
      <trkpt lat="-9.1239301" lon="148.5018828"/>
      <trkpt lat="-9.1240064" lon="148.5019610"/>
      <trkpt lat="-9.1240350" lon="148.5019933"/>
    </trkseg>
    <trkseg>
      <trkpt lat="-9.1239467" lon="148.5020133"/>
      <trkpt lat="-9.1240549" lon="148.5021214"/>
      <trkpt lat="-9.1241613" lon="148.5021402"/>
      <trkpt lat="-9.1242619" lon="148.5021389"/>
      <trkpt lat="-9.1243738" lon="148.5021446"/>
      <trkpt lat="-9.1244205" lon="148.5022323"/>
      <trkpt lat="-9.1244893" lon="148.5022764"/>
      <trkpt lat="-9.1245750" lon="148.5022733"/>
    </trkseg>
    <trkseg>
      <trkpt lat="-9.1243267" lon="148.5023867"/>
      <trkpt lat="-9.1243770" lon="148.5023614"/>
      <trkpt lat="-9.1243658" lon="148.5024151"/>
      <trkpt lat="-9.1243050" lon="148.5025502"/>
      <trkpt lat="-9.1242632" lon="148.5027215"/>
      <trkpt lat="-9.1242474" lon="148.5028937"/>
      <trkpt lat="-9.1242653" lon="148.5030379"/>
      <trkpt lat="-9.1243117" lon="148.5031550"/>
    </trkseg>
    <trkseg>
      <trkpt lat="-9.1242433" lon="148.5030950"/>
      <trkpt lat="-9.1243638" lon="148.5032267"/>
      <trkpt lat="-9.1244221" lon="148.5033678"/>
      <trkpt lat="-9.1244183" lon="148.5035183"/>
    </trkseg>
    <trkseg>
      <trkpt lat="-9.1245133" lon="148.5034517"/>
      <trkpt lat="-9.1245824" lon="148.5036042"/>
      <trkpt lat="-9.1245723" lon="148.5037057"/>
      <trkpt lat="-9.1244791" lon="148.5037440"/>
      <trkpt lat="-9.1243381" lon="148.5037739"/>
      <trkpt lat="-9.1242811" lon="148.5038059"/>
      <trkpt lat="-9.1242320" lon="148.5038696"/>
      <trkpt lat="-9.1241888" lon="148.5039286"/>
      <trkpt lat="-9.1240822" lon="148.5040265"/>
      <trkpt lat="-9.1239990" lon="148.5041580"/>
      <trkpt lat="-9.1239072" lon="148.5042990"/>
      <trkpt lat="-9.1238208" lon="148.5044453"/>
      <trkpt lat="-9.1237610" lon="148.5044801"/>
      <trkpt lat="-9.1236979" lon="148.5045129"/>
      <trkpt lat="-9.1236078" lon="148.5045202"/>
      <trkpt lat="-9.1234686" lon="148.5046105"/>
      <trkpt lat="-9.1233639" lon="148.5046548"/>
      <trkpt lat="-9.1233067" lon="148.5046783"/>
    </trkseg>
    <trkseg>
      <trkpt lat="-9.1231383" lon="148.5048050"/>
      <trkpt lat="-9.1232483" lon="148.5048980"/>
      <trkpt lat="-9.1233361" lon="148.5050086"/>
      <trkpt lat="-9.1234017" lon="148.5051367"/>
    </trkseg>
    <trkseg>
      <trkpt lat="-9.1233633" lon="148.5049783"/>
      <trkpt lat="-9.1233677" lon="148.5050673"/>
      <trkpt lat="-9.1234059" lon="148.5051888"/>
      <trkpt lat="-9.1234975" lon="148.5053290"/>
      <trkpt lat="-9.1235734" lon="148.5054589"/>
      <trkpt lat="-9.1236892" lon="148.5055293"/>
      <trkpt lat="-9.1238191" lon="148.5055830"/>
      <trkpt lat="-9.1239863" lon="148.5056141"/>
      <trkpt lat="-9.1240694" lon="148.5056811"/>
      <trkpt lat="-9.1240746" lon="148.5057688"/>
      <trkpt lat="-9.1240079" lon="148.5059103"/>
      <trkpt lat="-9.1239551" lon="148.5060709"/>
      <trkpt lat="-9.1239440" lon="148.5062393"/>
      <trkpt lat="-9.1239645" lon="148.5064022"/>
      <trkpt lat="-9.1239807" lon="148.5065655"/>
      <trkpt lat="-9.1239850" lon="148.5067177"/>
      <trkpt lat="-9.1239908" lon="148.5068681"/>
      <trkpt lat="-9.1240252" lon="148.5070127"/>
      <trkpt lat="-9.1240722" lon="148.5071507"/>
      <trkpt lat="-9.1241133" lon="148.5072750"/>
    </trkseg>
    <trkseg>
      <trkpt lat="-9.1284767" lon="148.4999400"/>
      <trkpt lat="-9.1283697" lon="148.4999386"/>
      <trkpt lat="-9.1282635" lon="148.5000058"/>
      <trkpt lat="-9.1281724" lon="148.5001104"/>
      <trkpt lat="-9.1280783" lon="148.5001800"/>
    </trkseg>
    <trkseg>
      <trkpt lat="-9.1280250" lon="148.5002583"/>
      <trkpt lat="-9.1279127" lon="148.5004006"/>
      <trkpt lat="-9.1279433" lon="148.5003483"/>
    </trkseg>
    <trkseg>
      <trkpt lat="-9.1278767" lon="148.5001500"/>
      <trkpt lat="-9.1277426" lon="148.5002052"/>
      <trkpt lat="-9.1275898" lon="148.5002208"/>
      <trkpt lat="-9.1274412" lon="148.5001633"/>
      <trkpt lat="-9.1273380" lon="148.5000655"/>
      <trkpt lat="-9.1272697" lon="148.4999169"/>
      <trkpt lat="-9.1272044" lon="148.4997541"/>
      <trkpt lat="-9.1270960" lon="148.4996205"/>
      <trkpt lat="-9.1269581" lon="148.4995644"/>
      <trkpt lat="-9.1267969" lon="148.4995763"/>
      <trkpt lat="-9.1266255" lon="148.4996232"/>
      <trkpt lat="-9.1264713" lon="148.4996107"/>
      <trkpt lat="-9.1263491" lon="148.4995826"/>
      <trkpt lat="-9.1262390" lon="148.4995835"/>
      <trkpt lat="-9.1261594" lon="148.4996235"/>
      <trkpt lat="-9.1260983" lon="148.4996650"/>
    </trkseg>
    <trkseg>
      <trkpt lat="-9.1261433" lon="148.4995800"/>
      <trkpt lat="-9.1260448" lon="148.4994399"/>
      <trkpt lat="-9.1259118" lon="148.4993466"/>
      <trkpt lat="-9.1257459" lon="148.4992912"/>
      <trkpt lat="-9.1255745" lon="148.4992528"/>
      <trkpt lat="-9.1254073" lon="148.4992130"/>
      <trkpt lat="-9.1252373" lon="148.4991872"/>
      <trkpt lat="-9.1250722" lon="148.4991732"/>
      <trkpt lat="-9.1249100" lon="148.4991650"/>
    </trkseg>
    <trkseg>
      <trkpt lat="-9.1248733" lon="148.4990717"/>
      <trkpt lat="-9.1247154" lon="148.4990898"/>
      <trkpt lat="-9.1245608" lon="148.4990849"/>
      <trkpt lat="-9.1244124" lon="148.4991106"/>
      <trkpt lat="-9.1242922" lon="148.4991761"/>
      <trkpt lat="-9.1242172" lon="148.4993157"/>
      <trkpt lat="-9.1242126" lon="148.4994097"/>
      <trkpt lat="-9.1242532" lon="148.4995031"/>
      <trkpt lat="-9.1243419" lon="148.4995735"/>
      <trkpt lat="-9.1244044" lon="148.4996924"/>
      <trkpt lat="-9.1244479" lon="148.4997766"/>
      <trkpt lat="-9.1244418" lon="148.4998543"/>
      <trkpt lat="-9.1244842" lon="148.4999052"/>
      <trkpt lat="-9.1245633" lon="148.4999450"/>
    </trkseg>
    <trkseg>
      <trkpt lat="-9.1245850" lon="148.5000333"/>
      <trkpt lat="-9.1244703" lon="148.5001679"/>
      <trkpt lat="-9.1243301" lon="148.5002673"/>
      <trkpt lat="-9.1241641" lon="148.5003321"/>
      <trkpt lat="-9.1240069" lon="148.5004034"/>
      <trkpt lat="-9.1238485" lon="148.5004718"/>
      <trkpt lat="-9.1236882" lon="148.5005227"/>
      <trkpt lat="-9.1235110" lon="148.5005377"/>
      <trkpt lat="-9.1233696" lon="148.5005628"/>
      <trkpt lat="-9.1232650" lon="148.5006117"/>
    </trkseg>
    <trkseg>
      <trkpt lat="-9.1231600" lon="148.5007167"/>
      <trkpt lat="-9.1232373" lon="148.5008801"/>
      <trkpt lat="-9.1233279" lon="148.5010338"/>
      <trkpt lat="-9.1234338" lon="148.5011762"/>
      <trkpt lat="-9.1235470" lon="148.5013067"/>
      <trkpt lat="-9.1236061" lon="148.5014430"/>
      <trkpt lat="-9.1236579" lon="148.5015536"/>
      <trkpt lat="-9.1237067" lon="148.5016623"/>
      <trkpt lat="-9.1238215" lon="148.5017545"/>
      <trkpt lat="-9.1239301" lon="148.5018828"/>
      <trkpt lat="-9.1240064" lon="148.5019610"/>
      <trkpt lat="-9.1240350" lon="148.5019933"/>
    </trkseg>
    <trkseg>
      <trkpt lat="-9.1239467" lon="148.5020133"/>
      <trkpt lat="-9.1240549" lon="148.5021214"/>
      <trkpt lat="-9.1241613" lon="148.5021402"/>
      <trkpt lat="-9.1242619" lon="148.5021389"/>
      <trkpt lat="-9.1243738" lon="148.5021446"/>
      <trkpt lat="-9.1244205" lon="148.5022323"/>
      <trkpt lat="-9.1244893" lon="148.5022764"/>
      <trkpt lat="-9.1245750" lon="148.5022733"/>
    </trkseg>
    <trkseg>
      <trkpt lat="-9.1243267" lon="148.5023867"/>
      <trkpt lat="-9.1243770" lon="148.5023614"/>
      <trkpt lat="-9.1243658" lon="148.5024151"/>
      <trkpt lat="-9.1243050" lon="148.5025502"/>
      <trkpt lat="-9.1242632" lon="148.5027215"/>
      <trkpt lat="-9.1242474" lon="148.5028937"/>
      <trkpt lat="-9.1242653" lon="148.5030379"/>
      <trkpt lat="-9.1243117" lon="148.5031550"/>
    </trkseg>
    <trkseg>
      <trkpt lat="-9.1242433" lon="148.5030950"/>
      <trkpt lat="-9.1243638" lon="148.5032267"/>
      <trkpt lat="-9.1244221" lon="148.5033678"/>
      <trkpt lat="-9.1244183" lon="148.5035183"/>
    </trkseg>
    <trkseg>
      <trkpt lat="-9.1245133" lon="148.5034517"/>
      <trkpt lat="-9.1245824" lon="148.5036042"/>
      <trkpt lat="-9.1245723" lon="148.5037057"/>
      <trkpt lat="-9.1244791" lon="148.5037440"/>
      <trkpt lat="-9.1243381" lon="148.5037739"/>
      <trkpt lat="-9.1242811" lon="148.5038059"/>
      <trkpt lat="-9.1242320" lon="148.5038696"/>
      <trkpt lat="-9.1241888" lon="148.5039286"/>
      <trkpt lat="-9.1240822" lon="148.5040265"/>
      <trkpt lat="-9.1239990" lon="148.5041580"/>
      <trkpt lat="-9.1239072" lon="148.5042990"/>
      <trkpt lat="-9.1238208" lon="148.5044453"/>
      <trkpt lat="-9.1237610" lon="148.5044801"/>
      <trkpt lat="-9.1236979" lon="148.5045129"/>
      <trkpt lat="-9.1236078" lon="148.5045202"/>
      <trkpt lat="-9.1234686" lon="148.5046105"/>
      <trkpt lat="-9.1233639" lon="148.5046548"/>
      <trkpt lat="-9.1233067" lon="148.5046783"/>
    </trkseg>
    <trkseg>
      <trkpt lat="-9.1231383" lon="148.5048050"/>
      <trkpt lat="-9.1232483" lon="148.5048980"/>
      <trkpt lat="-9.1233361" lon="148.5050086"/>
      <trkpt lat="-9.1234017" lon="148.5051367"/>
    </trkseg>
    <trkseg>
      <trkpt lat="-9.1233633" lon="148.5049783"/>
      <trkpt lat="-9.1233677" lon="148.5050673"/>
      <trkpt lat="-9.1234059" lon="148.5051888"/>
      <trkpt lat="-9.1234975" lon="148.5053290"/>
      <trkpt lat="-9.1235734" lon="148.5054589"/>
      <trkpt lat="-9.1236892" lon="148.5055293"/>
      <trkpt lat="-9.1238191" lon="148.5055830"/>
      <trkpt lat="-9.1239863" lon="148.5056141"/>
      <trkpt lat="-9.1240694" lon="148.5056811"/>
      <trkpt lat="-9.1240746" lon="148.5057688"/>
      <trkpt lat="-9.1240079" lon="148.5059103"/>
      <trkpt lat="-9.1239551" lon="148.5060709"/>
      <trkpt lat="-9.1239440" lon="148.5062393"/>
      <trkpt lat="-9.1239645" lon="148.5064022"/>
      <trkpt lat="-9.1239807" lon="148.5065655"/>
      <trkpt lat="-9.1239850" lon="148.5067177"/>
      <trkpt lat="-9.1239908" lon="148.5068681"/>
      <trkpt lat="-9.1240252" lon="148.5070127"/>
      <trkpt lat="-9.1240722" lon="148.5071507"/>
      <trkpt lat="-9.1241133" lon="148.5072750"/>
    </trkseg>
    <trkseg>
      <trkpt lat="-9.1242100" lon="148.5072650"/>
      <trkpt lat="-9.1243863" lon="148.5072641"/>
      <trkpt lat="-9.1245096" lon="148.5072630"/>
      <trkpt lat="-9.1245800" lon="148.5072617"/>
    </trkseg>
    <trkseg>
      <trkpt lat="-9.1284767" lon="148.4999400"/>
      <trkpt lat="-9.1283697" lon="148.4999386"/>
      <trkpt lat="-9.1282635" lon="148.5000058"/>
      <trkpt lat="-9.1281724" lon="148.5001104"/>
      <trkpt lat="-9.1280783" lon="148.5001800"/>
    </trkseg>
    <trkseg>
      <trkpt lat="-9.1280250" lon="148.5002583"/>
      <trkpt lat="-9.1279127" lon="148.5004006"/>
      <trkpt lat="-9.1279433" lon="148.5003483"/>
    </trkseg>
    <trkseg>
      <trkpt lat="-9.1278767" lon="148.5001500"/>
      <trkpt lat="-9.1277426" lon="148.5002052"/>
      <trkpt lat="-9.1275898" lon="148.5002208"/>
      <trkpt lat="-9.1274412" lon="148.5001633"/>
      <trkpt lat="-9.1273380" lon="148.5000655"/>
      <trkpt lat="-9.1272697" lon="148.4999169"/>
      <trkpt lat="-9.1272044" lon="148.4997541"/>
      <trkpt lat="-9.1270960" lon="148.4996205"/>
      <trkpt lat="-9.1269581" lon="148.4995644"/>
      <trkpt lat="-9.1267969" lon="148.4995763"/>
      <trkpt lat="-9.1266255" lon="148.4996232"/>
      <trkpt lat="-9.1264713" lon="148.4996107"/>
      <trkpt lat="-9.1263491" lon="148.4995826"/>
      <trkpt lat="-9.1262390" lon="148.4995835"/>
      <trkpt lat="-9.1261594" lon="148.4996235"/>
      <trkpt lat="-9.1260983" lon="148.4996650"/>
    </trkseg>
    <trkseg>
      <trkpt lat="-9.1261433" lon="148.4995800"/>
      <trkpt lat="-9.1260448" lon="148.4994399"/>
      <trkpt lat="-9.1259118" lon="148.4993466"/>
      <trkpt lat="-9.1257459" lon="148.4992912"/>
      <trkpt lat="-9.1255745" lon="148.4992528"/>
      <trkpt lat="-9.1254073" lon="148.4992130"/>
      <trkpt lat="-9.1252373" lon="148.4991872"/>
      <trkpt lat="-9.1250722" lon="148.4991732"/>
      <trkpt lat="-9.1249100" lon="148.4991650"/>
    </trkseg>
    <trkseg>
      <trkpt lat="-9.1248733" lon="148.4990717"/>
      <trkpt lat="-9.1247154" lon="148.4990898"/>
      <trkpt lat="-9.1245608" lon="148.4990849"/>
      <trkpt lat="-9.1244124" lon="148.4991106"/>
      <trkpt lat="-9.1242922" lon="148.4991761"/>
      <trkpt lat="-9.1242172" lon="148.4993157"/>
      <trkpt lat="-9.1242126" lon="148.4994097"/>
      <trkpt lat="-9.1242532" lon="148.4995031"/>
      <trkpt lat="-9.1243419" lon="148.4995735"/>
      <trkpt lat="-9.1244044" lon="148.4996924"/>
      <trkpt lat="-9.1244479" lon="148.4997766"/>
      <trkpt lat="-9.1244418" lon="148.4998543"/>
      <trkpt lat="-9.1244842" lon="148.4999052"/>
      <trkpt lat="-9.1245633" lon="148.4999450"/>
    </trkseg>
    <trkseg>
      <trkpt lat="-9.1245850" lon="148.5000333"/>
      <trkpt lat="-9.1244703" lon="148.5001679"/>
      <trkpt lat="-9.1243301" lon="148.5002673"/>
      <trkpt lat="-9.1241641" lon="148.5003321"/>
      <trkpt lat="-9.1240069" lon="148.5004034"/>
      <trkpt lat="-9.1238485" lon="148.5004718"/>
      <trkpt lat="-9.1236882" lon="148.5005227"/>
      <trkpt lat="-9.1235110" lon="148.5005377"/>
      <trkpt lat="-9.1233696" lon="148.5005628"/>
      <trkpt lat="-9.1232650" lon="148.5006117"/>
    </trkseg>
    <trkseg>
      <trkpt lat="-9.1231600" lon="148.5007167"/>
      <trkpt lat="-9.1232373" lon="148.5008801"/>
      <trkpt lat="-9.1233279" lon="148.5010338"/>
      <trkpt lat="-9.1234338" lon="148.5011762"/>
      <trkpt lat="-9.1235470" lon="148.5013067"/>
      <trkpt lat="-9.1236061" lon="148.5014430"/>
      <trkpt lat="-9.1236579" lon="148.5015536"/>
      <trkpt lat="-9.1237067" lon="148.5016623"/>
      <trkpt lat="-9.1238215" lon="148.5017545"/>
      <trkpt lat="-9.1239301" lon="148.5018828"/>
      <trkpt lat="-9.1240064" lon="148.5019610"/>
      <trkpt lat="-9.1240350" lon="148.5019933"/>
    </trkseg>
    <trkseg>
      <trkpt lat="-9.1239467" lon="148.5020133"/>
      <trkpt lat="-9.1240549" lon="148.5021214"/>
      <trkpt lat="-9.1241613" lon="148.5021402"/>
      <trkpt lat="-9.1242619" lon="148.5021389"/>
      <trkpt lat="-9.1243738" lon="148.5021446"/>
      <trkpt lat="-9.1244205" lon="148.5022323"/>
      <trkpt lat="-9.1244893" lon="148.5022764"/>
      <trkpt lat="-9.1245750" lon="148.5022733"/>
    </trkseg>
    <trkseg>
      <trkpt lat="-9.1243267" lon="148.5023867"/>
      <trkpt lat="-9.1243770" lon="148.5023614"/>
      <trkpt lat="-9.1243658" lon="148.5024151"/>
      <trkpt lat="-9.1243050" lon="148.5025502"/>
      <trkpt lat="-9.1242632" lon="148.5027215"/>
      <trkpt lat="-9.1242474" lon="148.5028937"/>
      <trkpt lat="-9.1242653" lon="148.5030379"/>
      <trkpt lat="-9.1243117" lon="148.5031550"/>
    </trkseg>
    <trkseg>
      <trkpt lat="-9.1242433" lon="148.5030950"/>
      <trkpt lat="-9.1243638" lon="148.5032267"/>
      <trkpt lat="-9.1244221" lon="148.5033678"/>
      <trkpt lat="-9.1244183" lon="148.5035183"/>
    </trkseg>
    <trkseg>
      <trkpt lat="-9.1245133" lon="148.5034517"/>
      <trkpt lat="-9.1245824" lon="148.5036042"/>
      <trkpt lat="-9.1245723" lon="148.5037057"/>
      <trkpt lat="-9.1244791" lon="148.5037440"/>
      <trkpt lat="-9.1243381" lon="148.5037739"/>
      <trkpt lat="-9.1242811" lon="148.5038059"/>
      <trkpt lat="-9.1242320" lon="148.5038696"/>
      <trkpt lat="-9.1241888" lon="148.5039286"/>
      <trkpt lat="-9.1240822" lon="148.5040265"/>
      <trkpt lat="-9.1239990" lon="148.5041580"/>
      <trkpt lat="-9.1239072" lon="148.5042990"/>
      <trkpt lat="-9.1238208" lon="148.5044453"/>
      <trkpt lat="-9.1237610" lon="148.5044801"/>
      <trkpt lat="-9.1236979" lon="148.5045129"/>
      <trkpt lat="-9.1236078" lon="148.5045202"/>
      <trkpt lat="-9.1234686" lon="148.5046105"/>
      <trkpt lat="-9.1233639" lon="148.5046548"/>
      <trkpt lat="-9.1233067" lon="148.5046783"/>
    </trkseg>
    <trkseg>
      <trkpt lat="-9.1231383" lon="148.5048050"/>
      <trkpt lat="-9.1232483" lon="148.5048980"/>
      <trkpt lat="-9.1233361" lon="148.5050086"/>
      <trkpt lat="-9.1234017" lon="148.5051367"/>
    </trkseg>
    <trkseg>
      <trkpt lat="-9.1233633" lon="148.5049783"/>
      <trkpt lat="-9.1233677" lon="148.5050673"/>
      <trkpt lat="-9.1234059" lon="148.5051888"/>
      <trkpt lat="-9.1234975" lon="148.5053290"/>
      <trkpt lat="-9.1235734" lon="148.5054589"/>
      <trkpt lat="-9.1236892" lon="148.5055293"/>
      <trkpt lat="-9.1238191" lon="148.5055830"/>
      <trkpt lat="-9.1239863" lon="148.5056141"/>
      <trkpt lat="-9.1240694" lon="148.5056811"/>
      <trkpt lat="-9.1240746" lon="148.5057688"/>
      <trkpt lat="-9.1240079" lon="148.5059103"/>
      <trkpt lat="-9.1239551" lon="148.5060709"/>
      <trkpt lat="-9.1239440" lon="148.5062393"/>
      <trkpt lat="-9.1239645" lon="148.5064022"/>
      <trkpt lat="-9.1239807" lon="148.5065655"/>
      <trkpt lat="-9.1239850" lon="148.5067177"/>
      <trkpt lat="-9.1239908" lon="148.5068681"/>
      <trkpt lat="-9.1240252" lon="148.5070127"/>
      <trkpt lat="-9.1240722" lon="148.5071507"/>
      <trkpt lat="-9.1241133" lon="148.5072750"/>
    </trkseg>
    <trkseg>
      <trkpt lat="-9.1242100" lon="148.5072650"/>
      <trkpt lat="-9.1243863" lon="148.5072641"/>
      <trkpt lat="-9.1245096" lon="148.5072630"/>
      <trkpt lat="-9.1245800" lon="148.5072617"/>
    </trkseg>
    <trkseg>
      <trkpt lat="-9.1247000" lon="148.5072733"/>
      <trkpt lat="-9.1248646" lon="148.5073403"/>
      <trkpt lat="-9.1250335" lon="148.5073965"/>
      <trkpt lat="-9.1251969" lon="148.5074330"/>
      <trkpt lat="-9.1252534" lon="148.5074968"/>
      <trkpt lat="-9.1252462" lon="148.5075479"/>
      <trkpt lat="-9.1251850" lon="148.5075950"/>
    </trkseg>
    <trkseg>
      <trkpt lat="-9.1284767" lon="148.4999400"/>
      <trkpt lat="-9.1283697" lon="148.4999386"/>
      <trkpt lat="-9.1282635" lon="148.5000058"/>
      <trkpt lat="-9.1281724" lon="148.5001104"/>
      <trkpt lat="-9.1280783" lon="148.5001800"/>
    </trkseg>
    <trkseg>
      <trkpt lat="-9.1280250" lon="148.5002583"/>
      <trkpt lat="-9.1279127" lon="148.5004006"/>
      <trkpt lat="-9.1279433" lon="148.5003483"/>
    </trkseg>
    <trkseg>
      <trkpt lat="-9.1278767" lon="148.5001500"/>
      <trkpt lat="-9.1277426" lon="148.5002052"/>
      <trkpt lat="-9.1275898" lon="148.5002208"/>
      <trkpt lat="-9.1274412" lon="148.5001633"/>
      <trkpt lat="-9.1273380" lon="148.5000655"/>
      <trkpt lat="-9.1272697" lon="148.4999169"/>
      <trkpt lat="-9.1272044" lon="148.4997541"/>
      <trkpt lat="-9.1270960" lon="148.4996205"/>
      <trkpt lat="-9.1269581" lon="148.4995644"/>
      <trkpt lat="-9.1267969" lon="148.4995763"/>
      <trkpt lat="-9.1266255" lon="148.4996232"/>
      <trkpt lat="-9.1264713" lon="148.4996107"/>
      <trkpt lat="-9.1263491" lon="148.4995826"/>
      <trkpt lat="-9.1262390" lon="148.4995835"/>
      <trkpt lat="-9.1261594" lon="148.4996235"/>
      <trkpt lat="-9.1260983" lon="148.4996650"/>
    </trkseg>
    <trkseg>
      <trkpt lat="-9.1261433" lon="148.4995800"/>
      <trkpt lat="-9.1260448" lon="148.4994399"/>
      <trkpt lat="-9.1259118" lon="148.4993466"/>
      <trkpt lat="-9.1257459" lon="148.4992912"/>
      <trkpt lat="-9.1255745" lon="148.4992528"/>
      <trkpt lat="-9.1254073" lon="148.4992130"/>
      <trkpt lat="-9.1252373" lon="148.4991872"/>
      <trkpt lat="-9.1250722" lon="148.4991732"/>
      <trkpt lat="-9.1249100" lon="148.4991650"/>
    </trkseg>
    <trkseg>
      <trkpt lat="-9.1248733" lon="148.4990717"/>
      <trkpt lat="-9.1247154" lon="148.4990898"/>
      <trkpt lat="-9.1245608" lon="148.4990849"/>
      <trkpt lat="-9.1244124" lon="148.4991106"/>
      <trkpt lat="-9.1242922" lon="148.4991761"/>
      <trkpt lat="-9.1242172" lon="148.4993157"/>
      <trkpt lat="-9.1242126" lon="148.4994097"/>
      <trkpt lat="-9.1242532" lon="148.4995031"/>
      <trkpt lat="-9.1243419" lon="148.4995735"/>
      <trkpt lat="-9.1244044" lon="148.4996924"/>
      <trkpt lat="-9.1244479" lon="148.4997766"/>
      <trkpt lat="-9.1244418" lon="148.4998543"/>
      <trkpt lat="-9.1244842" lon="148.4999052"/>
      <trkpt lat="-9.1245633" lon="148.4999450"/>
    </trkseg>
    <trkseg>
      <trkpt lat="-9.1245850" lon="148.5000333"/>
      <trkpt lat="-9.1244703" lon="148.5001679"/>
      <trkpt lat="-9.1243301" lon="148.5002673"/>
      <trkpt lat="-9.1241641" lon="148.5003321"/>
      <trkpt lat="-9.1240069" lon="148.5004034"/>
      <trkpt lat="-9.1238485" lon="148.5004718"/>
      <trkpt lat="-9.1236882" lon="148.5005227"/>
      <trkpt lat="-9.1235110" lon="148.5005377"/>
      <trkpt lat="-9.1233696" lon="148.5005628"/>
      <trkpt lat="-9.1232650" lon="148.5006117"/>
    </trkseg>
    <trkseg>
      <trkpt lat="-9.1231600" lon="148.5007167"/>
      <trkpt lat="-9.1232373" lon="148.5008801"/>
      <trkpt lat="-9.1233279" lon="148.5010338"/>
      <trkpt lat="-9.1234338" lon="148.5011762"/>
      <trkpt lat="-9.1235470" lon="148.5013067"/>
      <trkpt lat="-9.1236061" lon="148.5014430"/>
      <trkpt lat="-9.1236579" lon="148.5015536"/>
      <trkpt lat="-9.1237067" lon="148.5016623"/>
      <trkpt lat="-9.1238215" lon="148.5017545"/>
      <trkpt lat="-9.1239301" lon="148.5018828"/>
      <trkpt lat="-9.1240064" lon="148.5019610"/>
      <trkpt lat="-9.1240350" lon="148.5019933"/>
    </trkseg>
    <trkseg>
      <trkpt lat="-9.1239467" lon="148.5020133"/>
      <trkpt lat="-9.1240549" lon="148.5021214"/>
      <trkpt lat="-9.1241613" lon="148.5021402"/>
      <trkpt lat="-9.1242619" lon="148.5021389"/>
      <trkpt lat="-9.1243738" lon="148.5021446"/>
      <trkpt lat="-9.1244205" lon="148.5022323"/>
      <trkpt lat="-9.1244893" lon="148.5022764"/>
      <trkpt lat="-9.1245750" lon="148.5022733"/>
    </trkseg>
    <trkseg>
      <trkpt lat="-9.1243267" lon="148.5023867"/>
      <trkpt lat="-9.1243770" lon="148.5023614"/>
      <trkpt lat="-9.1243658" lon="148.5024151"/>
      <trkpt lat="-9.1243050" lon="148.5025502"/>
      <trkpt lat="-9.1242632" lon="148.5027215"/>
      <trkpt lat="-9.1242474" lon="148.5028937"/>
      <trkpt lat="-9.1242653" lon="148.5030379"/>
      <trkpt lat="-9.1243117" lon="148.5031550"/>
    </trkseg>
    <trkseg>
      <trkpt lat="-9.1242433" lon="148.5030950"/>
      <trkpt lat="-9.1243638" lon="148.5032267"/>
      <trkpt lat="-9.1244221" lon="148.5033678"/>
      <trkpt lat="-9.1244183" lon="148.5035183"/>
    </trkseg>
    <trkseg>
      <trkpt lat="-9.1245133" lon="148.5034517"/>
      <trkpt lat="-9.1245824" lon="148.5036042"/>
      <trkpt lat="-9.1245723" lon="148.5037057"/>
      <trkpt lat="-9.1244791" lon="148.5037440"/>
      <trkpt lat="-9.1243381" lon="148.5037739"/>
      <trkpt lat="-9.1242811" lon="148.5038059"/>
      <trkpt lat="-9.1242320" lon="148.5038696"/>
      <trkpt lat="-9.1241888" lon="148.5039286"/>
      <trkpt lat="-9.1240822" lon="148.5040265"/>
      <trkpt lat="-9.1239990" lon="148.5041580"/>
      <trkpt lat="-9.1239072" lon="148.5042990"/>
      <trkpt lat="-9.1238208" lon="148.5044453"/>
      <trkpt lat="-9.1237610" lon="148.5044801"/>
      <trkpt lat="-9.1236979" lon="148.5045129"/>
      <trkpt lat="-9.1236078" lon="148.5045202"/>
      <trkpt lat="-9.1234686" lon="148.5046105"/>
      <trkpt lat="-9.1233639" lon="148.5046548"/>
      <trkpt lat="-9.1233067" lon="148.5046783"/>
    </trkseg>
    <trkseg>
      <trkpt lat="-9.1231383" lon="148.5048050"/>
      <trkpt lat="-9.1232483" lon="148.5048980"/>
      <trkpt lat="-9.1233361" lon="148.5050086"/>
      <trkpt lat="-9.1234017" lon="148.5051367"/>
    </trkseg>
    <trkseg>
      <trkpt lat="-9.1233633" lon="148.5049783"/>
      <trkpt lat="-9.1233677" lon="148.5050673"/>
      <trkpt lat="-9.1234059" lon="148.5051888"/>
      <trkpt lat="-9.1234975" lon="148.5053290"/>
      <trkpt lat="-9.1235734" lon="148.5054589"/>
      <trkpt lat="-9.1236892" lon="148.5055293"/>
      <trkpt lat="-9.1238191" lon="148.5055830"/>
      <trkpt lat="-9.1239863" lon="148.5056141"/>
      <trkpt lat="-9.1240694" lon="148.5056811"/>
      <trkpt lat="-9.1240746" lon="148.5057688"/>
      <trkpt lat="-9.1240079" lon="148.5059103"/>
      <trkpt lat="-9.1239551" lon="148.5060709"/>
      <trkpt lat="-9.1239440" lon="148.5062393"/>
      <trkpt lat="-9.1239645" lon="148.5064022"/>
      <trkpt lat="-9.1239807" lon="148.5065655"/>
      <trkpt lat="-9.1239850" lon="148.5067177"/>
      <trkpt lat="-9.1239908" lon="148.5068681"/>
      <trkpt lat="-9.1240252" lon="148.5070127"/>
      <trkpt lat="-9.1240722" lon="148.5071507"/>
      <trkpt lat="-9.1241133" lon="148.5072750"/>
    </trkseg>
    <trkseg>
      <trkpt lat="-9.1242100" lon="148.5072650"/>
      <trkpt lat="-9.1243863" lon="148.5072641"/>
      <trkpt lat="-9.1245096" lon="148.5072630"/>
      <trkpt lat="-9.1245800" lon="148.5072617"/>
    </trkseg>
    <trkseg>
      <trkpt lat="-9.1247000" lon="148.5072733"/>
      <trkpt lat="-9.1248646" lon="148.5073403"/>
      <trkpt lat="-9.1250335" lon="148.5073965"/>
      <trkpt lat="-9.1251969" lon="148.5074330"/>
      <trkpt lat="-9.1252534" lon="148.5074968"/>
      <trkpt lat="-9.1252462" lon="148.5075479"/>
      <trkpt lat="-9.1251850" lon="148.5075950"/>
    </trkseg>
    <trkseg>
      <trkpt lat="-9.1251000" lon="148.5076350"/>
      <trkpt lat="-9.1249704" lon="148.5076590"/>
      <trkpt lat="-9.1248657" lon="148.5077400"/>
      <trkpt lat="-9.1248492" lon="148.5078678"/>
      <trkpt lat="-9.1249042" lon="148.5080086"/>
      <trkpt lat="-9.1250052" lon="148.5081521"/>
      <trkpt lat="-9.1250815" lon="148.5083116"/>
      <trkpt lat="-9.1251684" lon="148.5084616"/>
      <trkpt lat="-9.1252703" lon="148.5086018"/>
      <trkpt lat="-9.1253864" lon="148.5087352"/>
      <trkpt lat="-9.1254775" lon="148.5088888"/>
      <trkpt lat="-9.1255580" lon="148.5090501"/>
      <trkpt lat="-9.1256428" lon="148.5092087"/>
      <trkpt lat="-9.1257503" lon="148.5093527"/>
      <trkpt lat="-9.1258531" lon="148.5094982"/>
      <trkpt lat="-9.1259183" lon="148.5096504"/>
      <trkpt lat="-9.1259399" lon="148.5097612"/>
      <trkpt lat="-9.1259367" lon="148.5098183"/>
    </trkseg>
    <trkseg>
      <trkpt lat="-9.1284767" lon="148.4999400"/>
      <trkpt lat="-9.1283697" lon="148.4999386"/>
      <trkpt lat="-9.1282635" lon="148.5000058"/>
      <trkpt lat="-9.1281724" lon="148.5001104"/>
      <trkpt lat="-9.1280783" lon="148.5001800"/>
    </trkseg>
    <trkseg>
      <trkpt lat="-9.1280250" lon="148.5002583"/>
      <trkpt lat="-9.1279127" lon="148.5004006"/>
      <trkpt lat="-9.1279433" lon="148.5003483"/>
    </trkseg>
    <trkseg>
      <trkpt lat="-9.1278767" lon="148.5001500"/>
      <trkpt lat="-9.1277426" lon="148.5002052"/>
      <trkpt lat="-9.1275898" lon="148.5002208"/>
      <trkpt lat="-9.1274412" lon="148.5001633"/>
      <trkpt lat="-9.1273380" lon="148.5000655"/>
      <trkpt lat="-9.1272697" lon="148.4999169"/>
      <trkpt lat="-9.1272044" lon="148.4997541"/>
      <trkpt lat="-9.1270960" lon="148.4996205"/>
      <trkpt lat="-9.1269581" lon="148.4995644"/>
      <trkpt lat="-9.1267969" lon="148.4995763"/>
      <trkpt lat="-9.1266255" lon="148.4996232"/>
      <trkpt lat="-9.1264713" lon="148.4996107"/>
      <trkpt lat="-9.1263491" lon="148.4995826"/>
      <trkpt lat="-9.1262390" lon="148.4995835"/>
      <trkpt lat="-9.1261594" lon="148.4996235"/>
      <trkpt lat="-9.1260983" lon="148.4996650"/>
    </trkseg>
    <trkseg>
      <trkpt lat="-9.1261433" lon="148.4995800"/>
      <trkpt lat="-9.1260448" lon="148.4994399"/>
      <trkpt lat="-9.1259118" lon="148.4993466"/>
      <trkpt lat="-9.1257459" lon="148.4992912"/>
      <trkpt lat="-9.1255745" lon="148.4992528"/>
      <trkpt lat="-9.1254073" lon="148.4992130"/>
      <trkpt lat="-9.1252373" lon="148.4991872"/>
      <trkpt lat="-9.1250722" lon="148.4991732"/>
      <trkpt lat="-9.1249100" lon="148.4991650"/>
    </trkseg>
    <trkseg>
      <trkpt lat="-9.1248733" lon="148.4990717"/>
      <trkpt lat="-9.1247154" lon="148.4990898"/>
      <trkpt lat="-9.1245608" lon="148.4990849"/>
      <trkpt lat="-9.1244124" lon="148.4991106"/>
      <trkpt lat="-9.1242922" lon="148.4991761"/>
      <trkpt lat="-9.1242172" lon="148.4993157"/>
      <trkpt lat="-9.1242126" lon="148.4994097"/>
      <trkpt lat="-9.1242532" lon="148.4995031"/>
      <trkpt lat="-9.1243419" lon="148.4995735"/>
      <trkpt lat="-9.1244044" lon="148.4996924"/>
      <trkpt lat="-9.1244479" lon="148.4997766"/>
      <trkpt lat="-9.1244418" lon="148.4998543"/>
      <trkpt lat="-9.1244842" lon="148.4999052"/>
      <trkpt lat="-9.1245633" lon="148.4999450"/>
    </trkseg>
    <trkseg>
      <trkpt lat="-9.1245850" lon="148.5000333"/>
      <trkpt lat="-9.1244703" lon="148.5001679"/>
      <trkpt lat="-9.1243301" lon="148.5002673"/>
      <trkpt lat="-9.1241641" lon="148.5003321"/>
      <trkpt lat="-9.1240069" lon="148.5004034"/>
      <trkpt lat="-9.1238485" lon="148.5004718"/>
      <trkpt lat="-9.1236882" lon="148.5005227"/>
      <trkpt lat="-9.1235110" lon="148.5005377"/>
      <trkpt lat="-9.1233696" lon="148.5005628"/>
      <trkpt lat="-9.1232650" lon="148.5006117"/>
    </trkseg>
    <trkseg>
      <trkpt lat="-9.1231600" lon="148.5007167"/>
      <trkpt lat="-9.1232373" lon="148.5008801"/>
      <trkpt lat="-9.1233279" lon="148.5010338"/>
      <trkpt lat="-9.1234338" lon="148.5011762"/>
      <trkpt lat="-9.1235470" lon="148.5013067"/>
      <trkpt lat="-9.1236061" lon="148.5014430"/>
      <trkpt lat="-9.1236579" lon="148.5015536"/>
      <trkpt lat="-9.1237067" lon="148.5016623"/>
      <trkpt lat="-9.1238215" lon="148.5017545"/>
      <trkpt lat="-9.1239301" lon="148.5018828"/>
      <trkpt lat="-9.1240064" lon="148.5019610"/>
      <trkpt lat="-9.1240350" lon="148.5019933"/>
    </trkseg>
    <trkseg>
      <trkpt lat="-9.1239467" lon="148.5020133"/>
      <trkpt lat="-9.1240549" lon="148.5021214"/>
      <trkpt lat="-9.1241613" lon="148.5021402"/>
      <trkpt lat="-9.1242619" lon="148.5021389"/>
      <trkpt lat="-9.1243738" lon="148.5021446"/>
      <trkpt lat="-9.1244205" lon="148.5022323"/>
      <trkpt lat="-9.1244893" lon="148.5022764"/>
      <trkpt lat="-9.1245750" lon="148.5022733"/>
    </trkseg>
    <trkseg>
      <trkpt lat="-9.1243267" lon="148.5023867"/>
      <trkpt lat="-9.1243770" lon="148.5023614"/>
      <trkpt lat="-9.1243658" lon="148.5024151"/>
      <trkpt lat="-9.1243050" lon="148.5025502"/>
      <trkpt lat="-9.1242632" lon="148.5027215"/>
      <trkpt lat="-9.1242474" lon="148.5028937"/>
      <trkpt lat="-9.1242653" lon="148.5030379"/>
      <trkpt lat="-9.1243117" lon="148.5031550"/>
    </trkseg>
    <trkseg>
      <trkpt lat="-9.1242433" lon="148.5030950"/>
      <trkpt lat="-9.1243638" lon="148.5032267"/>
      <trkpt lat="-9.1244221" lon="148.5033678"/>
      <trkpt lat="-9.1244183" lon="148.5035183"/>
    </trkseg>
    <trkseg>
      <trkpt lat="-9.1245133" lon="148.5034517"/>
      <trkpt lat="-9.1245824" lon="148.5036042"/>
      <trkpt lat="-9.1245723" lon="148.5037057"/>
      <trkpt lat="-9.1244791" lon="148.5037440"/>
      <trkpt lat="-9.1243381" lon="148.5037739"/>
      <trkpt lat="-9.1242811" lon="148.5038059"/>
      <trkpt lat="-9.1242320" lon="148.5038696"/>
      <trkpt lat="-9.1241888" lon="148.5039286"/>
      <trkpt lat="-9.1240822" lon="148.5040265"/>
      <trkpt lat="-9.1239990" lon="148.5041580"/>
      <trkpt lat="-9.1239072" lon="148.5042990"/>
      <trkpt lat="-9.1238208" lon="148.5044453"/>
      <trkpt lat="-9.1237610" lon="148.5044801"/>
      <trkpt lat="-9.1236979" lon="148.5045129"/>
      <trkpt lat="-9.1236078" lon="148.5045202"/>
      <trkpt lat="-9.1234686" lon="148.5046105"/>
      <trkpt lat="-9.1233639" lon="148.5046548"/>
      <trkpt lat="-9.1233067" lon="148.5046783"/>
    </trkseg>
    <trkseg>
      <trkpt lat="-9.1231383" lon="148.5048050"/>
      <trkpt lat="-9.1232483" lon="148.5048980"/>
      <trkpt lat="-9.1233361" lon="148.5050086"/>
      <trkpt lat="-9.1234017" lon="148.5051367"/>
    </trkseg>
    <trkseg>
      <trkpt lat="-9.1233633" lon="148.5049783"/>
      <trkpt lat="-9.1233677" lon="148.5050673"/>
      <trkpt lat="-9.1234059" lon="148.5051888"/>
      <trkpt lat="-9.1234975" lon="148.5053290"/>
      <trkpt lat="-9.1235734" lon="148.5054589"/>
      <trkpt lat="-9.1236892" lon="148.5055293"/>
      <trkpt lat="-9.1238191" lon="148.5055830"/>
      <trkpt lat="-9.1239863" lon="148.5056141"/>
      <trkpt lat="-9.1240694" lon="148.5056811"/>
      <trkpt lat="-9.1240746" lon="148.5057688"/>
      <trkpt lat="-9.1240079" lon="148.5059103"/>
      <trkpt lat="-9.1239551" lon="148.5060709"/>
      <trkpt lat="-9.1239440" lon="148.5062393"/>
      <trkpt lat="-9.1239645" lon="148.5064022"/>
      <trkpt lat="-9.1239807" lon="148.5065655"/>
      <trkpt lat="-9.1239850" lon="148.5067177"/>
      <trkpt lat="-9.1239908" lon="148.5068681"/>
      <trkpt lat="-9.1240252" lon="148.5070127"/>
      <trkpt lat="-9.1240722" lon="148.5071507"/>
      <trkpt lat="-9.1241133" lon="148.5072750"/>
    </trkseg>
    <trkseg>
      <trkpt lat="-9.1242100" lon="148.5072650"/>
      <trkpt lat="-9.1243863" lon="148.5072641"/>
      <trkpt lat="-9.1245096" lon="148.5072630"/>
      <trkpt lat="-9.1245800" lon="148.5072617"/>
    </trkseg>
    <trkseg>
      <trkpt lat="-9.1247000" lon="148.5072733"/>
      <trkpt lat="-9.1248646" lon="148.5073403"/>
      <trkpt lat="-9.1250335" lon="148.5073965"/>
      <trkpt lat="-9.1251969" lon="148.5074330"/>
      <trkpt lat="-9.1252534" lon="148.5074968"/>
      <trkpt lat="-9.1252462" lon="148.5075479"/>
      <trkpt lat="-9.1251850" lon="148.5075950"/>
    </trkseg>
    <trkseg>
      <trkpt lat="-9.1251000" lon="148.5076350"/>
      <trkpt lat="-9.1249704" lon="148.5076590"/>
      <trkpt lat="-9.1248657" lon="148.5077400"/>
      <trkpt lat="-9.1248492" lon="148.5078678"/>
      <trkpt lat="-9.1249042" lon="148.5080086"/>
      <trkpt lat="-9.1250052" lon="148.5081521"/>
      <trkpt lat="-9.1250815" lon="148.5083116"/>
      <trkpt lat="-9.1251684" lon="148.5084616"/>
      <trkpt lat="-9.1252703" lon="148.5086018"/>
      <trkpt lat="-9.1253864" lon="148.5087352"/>
      <trkpt lat="-9.1254775" lon="148.5088888"/>
      <trkpt lat="-9.1255580" lon="148.5090501"/>
      <trkpt lat="-9.1256428" lon="148.5092087"/>
      <trkpt lat="-9.1257503" lon="148.5093527"/>
      <trkpt lat="-9.1258531" lon="148.5094982"/>
      <trkpt lat="-9.1259183" lon="148.5096504"/>
      <trkpt lat="-9.1259399" lon="148.5097612"/>
      <trkpt lat="-9.1259367" lon="148.5098183"/>
    </trkseg>
    <trkseg>
      <trkpt lat="-9.1258800" lon="148.5098900"/>
      <trkpt lat="-9.1257332" lon="148.5099865"/>
      <trkpt lat="-9.1255864" lon="148.5100851"/>
      <trkpt lat="-9.1254349" lon="148.5101744"/>
      <trkpt lat="-9.1252651" lon="148.5102198"/>
      <trkpt lat="-9.1250911" lon="148.5102531"/>
      <trkpt lat="-9.1249276" lon="148.5103055"/>
      <trkpt lat="-9.1247650" lon="148.5103721"/>
      <trkpt lat="-9.1245999" lon="148.5104312"/>
      <trkpt lat="-9.1244218" lon="148.5104513"/>
      <trkpt lat="-9.1242472" lon="148.5104773"/>
      <trkpt lat="-9.1240917" lon="148.5105318"/>
      <trkpt lat="-9.1239537" lon="148.5106272"/>
      <trkpt lat="-9.1238238" lon="148.5107390"/>
      <trkpt lat="-9.1236867" lon="148.5108495"/>
      <trkpt lat="-9.1235381" lon="148.5109478"/>
      <trkpt lat="-9.1233774" lon="148.5110189"/>
      <trkpt lat="-9.1232083" lon="148.5110400"/>
      <trkpt lat="-9.1230679" lon="148.5110800"/>
      <trkpt lat="-9.1229357" lon="148.5111409"/>
      <trkpt lat="-9.1228015" lon="148.5112177"/>
      <trkpt lat="-9.1226505" lon="148.5112878"/>
      <trkpt lat="-9.1225083" lon="148.5113683"/>
    </trkseg>
    <trkseg>
      <trkpt lat="-9.1284767" lon="148.4999400"/>
      <trkpt lat="-9.1283697" lon="148.4999386"/>
      <trkpt lat="-9.1282635" lon="148.5000058"/>
      <trkpt lat="-9.1281724" lon="148.5001104"/>
      <trkpt lat="-9.1280783" lon="148.5001800"/>
    </trkseg>
    <trkseg>
      <trkpt lat="-9.1280250" lon="148.5002583"/>
      <trkpt lat="-9.1279127" lon="148.5004006"/>
      <trkpt lat="-9.1279433" lon="148.5003483"/>
    </trkseg>
    <trkseg>
      <trkpt lat="-9.1278767" lon="148.5001500"/>
      <trkpt lat="-9.1277426" lon="148.5002052"/>
      <trkpt lat="-9.1275898" lon="148.5002208"/>
      <trkpt lat="-9.1274412" lon="148.5001633"/>
      <trkpt lat="-9.1273380" lon="148.5000655"/>
      <trkpt lat="-9.1272697" lon="148.4999169"/>
      <trkpt lat="-9.1272044" lon="148.4997541"/>
      <trkpt lat="-9.1270960" lon="148.4996205"/>
      <trkpt lat="-9.1269581" lon="148.4995644"/>
      <trkpt lat="-9.1267969" lon="148.4995763"/>
      <trkpt lat="-9.1266255" lon="148.4996232"/>
      <trkpt lat="-9.1264713" lon="148.4996107"/>
      <trkpt lat="-9.1263491" lon="148.4995826"/>
      <trkpt lat="-9.1262390" lon="148.4995835"/>
      <trkpt lat="-9.1261594" lon="148.4996235"/>
      <trkpt lat="-9.1260983" lon="148.4996650"/>
    </trkseg>
    <trkseg>
      <trkpt lat="-9.1261433" lon="148.4995800"/>
      <trkpt lat="-9.1260448" lon="148.4994399"/>
      <trkpt lat="-9.1259118" lon="148.4993466"/>
      <trkpt lat="-9.1257459" lon="148.4992912"/>
      <trkpt lat="-9.1255745" lon="148.4992528"/>
      <trkpt lat="-9.1254073" lon="148.4992130"/>
      <trkpt lat="-9.1252373" lon="148.4991872"/>
      <trkpt lat="-9.1250722" lon="148.4991732"/>
      <trkpt lat="-9.1249100" lon="148.4991650"/>
    </trkseg>
    <trkseg>
      <trkpt lat="-9.1248733" lon="148.4990717"/>
      <trkpt lat="-9.1247154" lon="148.4990898"/>
      <trkpt lat="-9.1245608" lon="148.4990849"/>
      <trkpt lat="-9.1244124" lon="148.4991106"/>
      <trkpt lat="-9.1242922" lon="148.4991761"/>
      <trkpt lat="-9.1242172" lon="148.4993157"/>
      <trkpt lat="-9.1242126" lon="148.4994097"/>
      <trkpt lat="-9.1242532" lon="148.4995031"/>
      <trkpt lat="-9.1243419" lon="148.4995735"/>
      <trkpt lat="-9.1244044" lon="148.4996924"/>
      <trkpt lat="-9.1244479" lon="148.4997766"/>
      <trkpt lat="-9.1244418" lon="148.4998543"/>
      <trkpt lat="-9.1244842" lon="148.4999052"/>
      <trkpt lat="-9.1245633" lon="148.4999450"/>
    </trkseg>
    <trkseg>
      <trkpt lat="-9.1245850" lon="148.5000333"/>
      <trkpt lat="-9.1244703" lon="148.5001679"/>
      <trkpt lat="-9.1243301" lon="148.5002673"/>
      <trkpt lat="-9.1241641" lon="148.5003321"/>
      <trkpt lat="-9.1240069" lon="148.5004034"/>
      <trkpt lat="-9.1238485" lon="148.5004718"/>
      <trkpt lat="-9.1236882" lon="148.5005227"/>
      <trkpt lat="-9.1235110" lon="148.5005377"/>
      <trkpt lat="-9.1233696" lon="148.5005628"/>
      <trkpt lat="-9.1232650" lon="148.5006117"/>
    </trkseg>
    <trkseg>
      <trkpt lat="-9.1231600" lon="148.5007167"/>
      <trkpt lat="-9.1232373" lon="148.5008801"/>
      <trkpt lat="-9.1233279" lon="148.5010338"/>
      <trkpt lat="-9.1234338" lon="148.5011762"/>
      <trkpt lat="-9.1235470" lon="148.5013067"/>
      <trkpt lat="-9.1236061" lon="148.5014430"/>
      <trkpt lat="-9.1236579" lon="148.5015536"/>
      <trkpt lat="-9.1237067" lon="148.5016623"/>
      <trkpt lat="-9.1238215" lon="148.5017545"/>
      <trkpt lat="-9.1239301" lon="148.5018828"/>
      <trkpt lat="-9.1240064" lon="148.5019610"/>
      <trkpt lat="-9.1240350" lon="148.5019933"/>
    </trkseg>
    <trkseg>
      <trkpt lat="-9.1239467" lon="148.5020133"/>
      <trkpt lat="-9.1240549" lon="148.5021214"/>
      <trkpt lat="-9.1241613" lon="148.5021402"/>
      <trkpt lat="-9.1242619" lon="148.5021389"/>
      <trkpt lat="-9.1243738" lon="148.5021446"/>
      <trkpt lat="-9.1244205" lon="148.5022323"/>
      <trkpt lat="-9.1244893" lon="148.5022764"/>
      <trkpt lat="-9.1245750" lon="148.5022733"/>
    </trkseg>
    <trkseg>
      <trkpt lat="-9.1243267" lon="148.5023867"/>
      <trkpt lat="-9.1243770" lon="148.5023614"/>
      <trkpt lat="-9.1243658" lon="148.5024151"/>
      <trkpt lat="-9.1243050" lon="148.5025502"/>
      <trkpt lat="-9.1242632" lon="148.5027215"/>
      <trkpt lat="-9.1242474" lon="148.5028937"/>
      <trkpt lat="-9.1242653" lon="148.5030379"/>
      <trkpt lat="-9.1243117" lon="148.5031550"/>
    </trkseg>
    <trkseg>
      <trkpt lat="-9.1242433" lon="148.5030950"/>
      <trkpt lat="-9.1243638" lon="148.5032267"/>
      <trkpt lat="-9.1244221" lon="148.5033678"/>
      <trkpt lat="-9.1244183" lon="148.5035183"/>
    </trkseg>
    <trkseg>
      <trkpt lat="-9.1245133" lon="148.5034517"/>
      <trkpt lat="-9.1245824" lon="148.5036042"/>
      <trkpt lat="-9.1245723" lon="148.5037057"/>
      <trkpt lat="-9.1244791" lon="148.5037440"/>
      <trkpt lat="-9.1243381" lon="148.5037739"/>
      <trkpt lat="-9.1242811" lon="148.5038059"/>
      <trkpt lat="-9.1242320" lon="148.5038696"/>
      <trkpt lat="-9.1241888" lon="148.5039286"/>
      <trkpt lat="-9.1240822" lon="148.5040265"/>
      <trkpt lat="-9.1239990" lon="148.5041580"/>
      <trkpt lat="-9.1239072" lon="148.5042990"/>
      <trkpt lat="-9.1238208" lon="148.5044453"/>
      <trkpt lat="-9.1237610" lon="148.5044801"/>
      <trkpt lat="-9.1236979" lon="148.5045129"/>
      <trkpt lat="-9.1236078" lon="148.5045202"/>
      <trkpt lat="-9.1234686" lon="148.5046105"/>
      <trkpt lat="-9.1233639" lon="148.5046548"/>
      <trkpt lat="-9.1233067" lon="148.5046783"/>
    </trkseg>
    <trkseg>
      <trkpt lat="-9.1231383" lon="148.5048050"/>
      <trkpt lat="-9.1232483" lon="148.5048980"/>
      <trkpt lat="-9.1233361" lon="148.5050086"/>
      <trkpt lat="-9.1234017" lon="148.5051367"/>
    </trkseg>
    <trkseg>
      <trkpt lat="-9.1233633" lon="148.5049783"/>
      <trkpt lat="-9.1233677" lon="148.5050673"/>
      <trkpt lat="-9.1234059" lon="148.5051888"/>
      <trkpt lat="-9.1234975" lon="148.5053290"/>
      <trkpt lat="-9.1235734" lon="148.5054589"/>
      <trkpt lat="-9.1236892" lon="148.5055293"/>
      <trkpt lat="-9.1238191" lon="148.5055830"/>
      <trkpt lat="-9.1239863" lon="148.5056141"/>
      <trkpt lat="-9.1240694" lon="148.5056811"/>
      <trkpt lat="-9.1240746" lon="148.5057688"/>
      <trkpt lat="-9.1240079" lon="148.5059103"/>
      <trkpt lat="-9.1239551" lon="148.5060709"/>
      <trkpt lat="-9.1239440" lon="148.5062393"/>
      <trkpt lat="-9.1239645" lon="148.5064022"/>
      <trkpt lat="-9.1239807" lon="148.5065655"/>
      <trkpt lat="-9.1239850" lon="148.5067177"/>
      <trkpt lat="-9.1239908" lon="148.5068681"/>
      <trkpt lat="-9.1240252" lon="148.5070127"/>
      <trkpt lat="-9.1240722" lon="148.5071507"/>
      <trkpt lat="-9.1241133" lon="148.5072750"/>
    </trkseg>
    <trkseg>
      <trkpt lat="-9.1242100" lon="148.5072650"/>
      <trkpt lat="-9.1243863" lon="148.5072641"/>
      <trkpt lat="-9.1245096" lon="148.5072630"/>
      <trkpt lat="-9.1245800" lon="148.5072617"/>
    </trkseg>
    <trkseg>
      <trkpt lat="-9.1247000" lon="148.5072733"/>
      <trkpt lat="-9.1248646" lon="148.5073403"/>
      <trkpt lat="-9.1250335" lon="148.5073965"/>
      <trkpt lat="-9.1251969" lon="148.5074330"/>
      <trkpt lat="-9.1252534" lon="148.5074968"/>
      <trkpt lat="-9.1252462" lon="148.5075479"/>
      <trkpt lat="-9.1251850" lon="148.5075950"/>
    </trkseg>
    <trkseg>
      <trkpt lat="-9.1251000" lon="148.5076350"/>
      <trkpt lat="-9.1249704" lon="148.5076590"/>
      <trkpt lat="-9.1248657" lon="148.5077400"/>
      <trkpt lat="-9.1248492" lon="148.5078678"/>
      <trkpt lat="-9.1249042" lon="148.5080086"/>
      <trkpt lat="-9.1250052" lon="148.5081521"/>
      <trkpt lat="-9.1250815" lon="148.5083116"/>
      <trkpt lat="-9.1251684" lon="148.5084616"/>
      <trkpt lat="-9.1252703" lon="148.5086018"/>
      <trkpt lat="-9.1253864" lon="148.5087352"/>
      <trkpt lat="-9.1254775" lon="148.5088888"/>
      <trkpt lat="-9.1255580" lon="148.5090501"/>
      <trkpt lat="-9.1256428" lon="148.5092087"/>
      <trkpt lat="-9.1257503" lon="148.5093527"/>
      <trkpt lat="-9.1258531" lon="148.5094982"/>
      <trkpt lat="-9.1259183" lon="148.5096504"/>
      <trkpt lat="-9.1259399" lon="148.5097612"/>
      <trkpt lat="-9.1259367" lon="148.5098183"/>
    </trkseg>
    <trkseg>
      <trkpt lat="-9.1258800" lon="148.5098900"/>
      <trkpt lat="-9.1257332" lon="148.5099865"/>
      <trkpt lat="-9.1255864" lon="148.5100851"/>
      <trkpt lat="-9.1254349" lon="148.5101744"/>
      <trkpt lat="-9.1252651" lon="148.5102198"/>
      <trkpt lat="-9.1250911" lon="148.5102531"/>
      <trkpt lat="-9.1249276" lon="148.5103055"/>
      <trkpt lat="-9.1247650" lon="148.5103721"/>
      <trkpt lat="-9.1245999" lon="148.5104312"/>
      <trkpt lat="-9.1244218" lon="148.5104513"/>
      <trkpt lat="-9.1242472" lon="148.5104773"/>
      <trkpt lat="-9.1240917" lon="148.5105318"/>
      <trkpt lat="-9.1239537" lon="148.5106272"/>
      <trkpt lat="-9.1238238" lon="148.5107390"/>
      <trkpt lat="-9.1236867" lon="148.5108495"/>
      <trkpt lat="-9.1235381" lon="148.5109478"/>
      <trkpt lat="-9.1233774" lon="148.5110189"/>
      <trkpt lat="-9.1232083" lon="148.5110400"/>
      <trkpt lat="-9.1230679" lon="148.5110800"/>
      <trkpt lat="-9.1229357" lon="148.5111409"/>
      <trkpt lat="-9.1228015" lon="148.5112177"/>
      <trkpt lat="-9.1226505" lon="148.5112878"/>
      <trkpt lat="-9.1225083" lon="148.5113683"/>
    </trkseg>
    <trkseg>
      <trkpt lat="-9.1226067" lon="148.5113583"/>
      <trkpt lat="-9.1224759" lon="148.5114577"/>
      <trkpt lat="-9.1223754" lon="148.5115865"/>
      <trkpt lat="-9.1223083" lon="148.5117376"/>
      <trkpt lat="-9.1222404" lon="148.5118848"/>
      <trkpt lat="-9.1221986" lon="148.5119959"/>
      <trkpt lat="-9.1221800" lon="148.5120783"/>
    </trkseg>
    <trkseg>
      <trkpt lat="-9.1284767" lon="148.4999400"/>
      <trkpt lat="-9.1283697" lon="148.4999386"/>
      <trkpt lat="-9.1282635" lon="148.5000058"/>
      <trkpt lat="-9.1281724" lon="148.5001104"/>
      <trkpt lat="-9.1280783" lon="148.5001800"/>
    </trkseg>
    <trkseg>
      <trkpt lat="-9.1280250" lon="148.5002583"/>
      <trkpt lat="-9.1279127" lon="148.5004006"/>
      <trkpt lat="-9.1279433" lon="148.5003483"/>
    </trkseg>
    <trkseg>
      <trkpt lat="-9.1278767" lon="148.5001500"/>
      <trkpt lat="-9.1277426" lon="148.5002052"/>
      <trkpt lat="-9.1275898" lon="148.5002208"/>
      <trkpt lat="-9.1274412" lon="148.5001633"/>
      <trkpt lat="-9.1273380" lon="148.5000655"/>
      <trkpt lat="-9.1272697" lon="148.4999169"/>
      <trkpt lat="-9.1272044" lon="148.4997541"/>
      <trkpt lat="-9.1270960" lon="148.4996205"/>
      <trkpt lat="-9.1269581" lon="148.4995644"/>
      <trkpt lat="-9.1267969" lon="148.4995763"/>
      <trkpt lat="-9.1266255" lon="148.4996232"/>
      <trkpt lat="-9.1264713" lon="148.4996107"/>
      <trkpt lat="-9.1263491" lon="148.4995826"/>
      <trkpt lat="-9.1262390" lon="148.4995835"/>
      <trkpt lat="-9.1261594" lon="148.4996235"/>
      <trkpt lat="-9.1260983" lon="148.4996650"/>
    </trkseg>
    <trkseg>
      <trkpt lat="-9.1261433" lon="148.4995800"/>
      <trkpt lat="-9.1260448" lon="148.4994399"/>
      <trkpt lat="-9.1259118" lon="148.4993466"/>
      <trkpt lat="-9.1257459" lon="148.4992912"/>
      <trkpt lat="-9.1255745" lon="148.4992528"/>
      <trkpt lat="-9.1254073" lon="148.4992130"/>
      <trkpt lat="-9.1252373" lon="148.4991872"/>
      <trkpt lat="-9.1250722" lon="148.4991732"/>
      <trkpt lat="-9.1249100" lon="148.4991650"/>
    </trkseg>
    <trkseg>
      <trkpt lat="-9.1248733" lon="148.4990717"/>
      <trkpt lat="-9.1247154" lon="148.4990898"/>
      <trkpt lat="-9.1245608" lon="148.4990849"/>
      <trkpt lat="-9.1244124" lon="148.4991106"/>
      <trkpt lat="-9.1242922" lon="148.4991761"/>
      <trkpt lat="-9.1242172" lon="148.4993157"/>
      <trkpt lat="-9.1242126" lon="148.4994097"/>
      <trkpt lat="-9.1242532" lon="148.4995031"/>
      <trkpt lat="-9.1243419" lon="148.4995735"/>
      <trkpt lat="-9.1244044" lon="148.4996924"/>
      <trkpt lat="-9.1244479" lon="148.4997766"/>
      <trkpt lat="-9.1244418" lon="148.4998543"/>
      <trkpt lat="-9.1244842" lon="148.4999052"/>
      <trkpt lat="-9.1245633" lon="148.4999450"/>
    </trkseg>
    <trkseg>
      <trkpt lat="-9.1245850" lon="148.5000333"/>
      <trkpt lat="-9.1244703" lon="148.5001679"/>
      <trkpt lat="-9.1243301" lon="148.5002673"/>
      <trkpt lat="-9.1241641" lon="148.5003321"/>
      <trkpt lat="-9.1240069" lon="148.5004034"/>
      <trkpt lat="-9.1238485" lon="148.5004718"/>
      <trkpt lat="-9.1236882" lon="148.5005227"/>
      <trkpt lat="-9.1235110" lon="148.5005377"/>
      <trkpt lat="-9.1233696" lon="148.5005628"/>
      <trkpt lat="-9.1232650" lon="148.5006117"/>
    </trkseg>
    <trkseg>
      <trkpt lat="-9.1231600" lon="148.5007167"/>
      <trkpt lat="-9.1232373" lon="148.5008801"/>
      <trkpt lat="-9.1233279" lon="148.5010338"/>
      <trkpt lat="-9.1234338" lon="148.5011762"/>
      <trkpt lat="-9.1235470" lon="148.5013067"/>
      <trkpt lat="-9.1236061" lon="148.5014430"/>
      <trkpt lat="-9.1236579" lon="148.5015536"/>
      <trkpt lat="-9.1237067" lon="148.5016623"/>
      <trkpt lat="-9.1238215" lon="148.5017545"/>
      <trkpt lat="-9.1239301" lon="148.5018828"/>
      <trkpt lat="-9.1240064" lon="148.5019610"/>
      <trkpt lat="-9.1240350" lon="148.5019933"/>
    </trkseg>
    <trkseg>
      <trkpt lat="-9.1239467" lon="148.5020133"/>
      <trkpt lat="-9.1240549" lon="148.5021214"/>
      <trkpt lat="-9.1241613" lon="148.5021402"/>
      <trkpt lat="-9.1242619" lon="148.5021389"/>
      <trkpt lat="-9.1243738" lon="148.5021446"/>
      <trkpt lat="-9.1244205" lon="148.5022323"/>
      <trkpt lat="-9.1244893" lon="148.5022764"/>
      <trkpt lat="-9.1245750" lon="148.5022733"/>
    </trkseg>
    <trkseg>
      <trkpt lat="-9.1243267" lon="148.5023867"/>
      <trkpt lat="-9.1243770" lon="148.5023614"/>
      <trkpt lat="-9.1243658" lon="148.5024151"/>
      <trkpt lat="-9.1243050" lon="148.5025502"/>
      <trkpt lat="-9.1242632" lon="148.5027215"/>
      <trkpt lat="-9.1242474" lon="148.5028937"/>
      <trkpt lat="-9.1242653" lon="148.5030379"/>
      <trkpt lat="-9.1243117" lon="148.5031550"/>
    </trkseg>
    <trkseg>
      <trkpt lat="-9.1242433" lon="148.5030950"/>
      <trkpt lat="-9.1243638" lon="148.5032267"/>
      <trkpt lat="-9.1244221" lon="148.5033678"/>
      <trkpt lat="-9.1244183" lon="148.5035183"/>
    </trkseg>
    <trkseg>
      <trkpt lat="-9.1245133" lon="148.5034517"/>
      <trkpt lat="-9.1245824" lon="148.5036042"/>
      <trkpt lat="-9.1245723" lon="148.5037057"/>
      <trkpt lat="-9.1244791" lon="148.5037440"/>
      <trkpt lat="-9.1243381" lon="148.5037739"/>
      <trkpt lat="-9.1242811" lon="148.5038059"/>
      <trkpt lat="-9.1242320" lon="148.5038696"/>
      <trkpt lat="-9.1241888" lon="148.5039286"/>
      <trkpt lat="-9.1240822" lon="148.5040265"/>
      <trkpt lat="-9.1239990" lon="148.5041580"/>
      <trkpt lat="-9.1239072" lon="148.5042990"/>
      <trkpt lat="-9.1238208" lon="148.5044453"/>
      <trkpt lat="-9.1237610" lon="148.5044801"/>
      <trkpt lat="-9.1236979" lon="148.5045129"/>
      <trkpt lat="-9.1236078" lon="148.5045202"/>
      <trkpt lat="-9.1234686" lon="148.5046105"/>
      <trkpt lat="-9.1233639" lon="148.5046548"/>
      <trkpt lat="-9.1233067" lon="148.5046783"/>
    </trkseg>
    <trkseg>
      <trkpt lat="-9.1231383" lon="148.5048050"/>
      <trkpt lat="-9.1232483" lon="148.5048980"/>
      <trkpt lat="-9.1233361" lon="148.5050086"/>
      <trkpt lat="-9.1234017" lon="148.5051367"/>
    </trkseg>
    <trkseg>
      <trkpt lat="-9.1233633" lon="148.5049783"/>
      <trkpt lat="-9.1233677" lon="148.5050673"/>
      <trkpt lat="-9.1234059" lon="148.5051888"/>
      <trkpt lat="-9.1234975" lon="148.5053290"/>
      <trkpt lat="-9.1235734" lon="148.5054589"/>
      <trkpt lat="-9.1236892" lon="148.5055293"/>
      <trkpt lat="-9.1238191" lon="148.5055830"/>
      <trkpt lat="-9.1239863" lon="148.5056141"/>
      <trkpt lat="-9.1240694" lon="148.5056811"/>
      <trkpt lat="-9.1240746" lon="148.5057688"/>
      <trkpt lat="-9.1240079" lon="148.5059103"/>
      <trkpt lat="-9.1239551" lon="148.5060709"/>
      <trkpt lat="-9.1239440" lon="148.5062393"/>
      <trkpt lat="-9.1239645" lon="148.5064022"/>
      <trkpt lat="-9.1239807" lon="148.5065655"/>
      <trkpt lat="-9.1239850" lon="148.5067177"/>
      <trkpt lat="-9.1239908" lon="148.5068681"/>
      <trkpt lat="-9.1240252" lon="148.5070127"/>
      <trkpt lat="-9.1240722" lon="148.5071507"/>
      <trkpt lat="-9.1241133" lon="148.5072750"/>
    </trkseg>
    <trkseg>
      <trkpt lat="-9.1242100" lon="148.5072650"/>
      <trkpt lat="-9.1243863" lon="148.5072641"/>
      <trkpt lat="-9.1245096" lon="148.5072630"/>
      <trkpt lat="-9.1245800" lon="148.5072617"/>
    </trkseg>
    <trkseg>
      <trkpt lat="-9.1247000" lon="148.5072733"/>
      <trkpt lat="-9.1248646" lon="148.5073403"/>
      <trkpt lat="-9.1250335" lon="148.5073965"/>
      <trkpt lat="-9.1251969" lon="148.5074330"/>
      <trkpt lat="-9.1252534" lon="148.5074968"/>
      <trkpt lat="-9.1252462" lon="148.5075479"/>
      <trkpt lat="-9.1251850" lon="148.5075950"/>
    </trkseg>
    <trkseg>
      <trkpt lat="-9.1251000" lon="148.5076350"/>
      <trkpt lat="-9.1249704" lon="148.5076590"/>
      <trkpt lat="-9.1248657" lon="148.5077400"/>
      <trkpt lat="-9.1248492" lon="148.5078678"/>
      <trkpt lat="-9.1249042" lon="148.5080086"/>
      <trkpt lat="-9.1250052" lon="148.5081521"/>
      <trkpt lat="-9.1250815" lon="148.5083116"/>
      <trkpt lat="-9.1251684" lon="148.5084616"/>
      <trkpt lat="-9.1252703" lon="148.5086018"/>
      <trkpt lat="-9.1253864" lon="148.5087352"/>
      <trkpt lat="-9.1254775" lon="148.5088888"/>
      <trkpt lat="-9.1255580" lon="148.5090501"/>
      <trkpt lat="-9.1256428" lon="148.5092087"/>
      <trkpt lat="-9.1257503" lon="148.5093527"/>
      <trkpt lat="-9.1258531" lon="148.5094982"/>
      <trkpt lat="-9.1259183" lon="148.5096504"/>
      <trkpt lat="-9.1259399" lon="148.5097612"/>
      <trkpt lat="-9.1259367" lon="148.5098183"/>
    </trkseg>
    <trkseg>
      <trkpt lat="-9.1258800" lon="148.5098900"/>
      <trkpt lat="-9.1257332" lon="148.5099865"/>
      <trkpt lat="-9.1255864" lon="148.5100851"/>
      <trkpt lat="-9.1254349" lon="148.5101744"/>
      <trkpt lat="-9.1252651" lon="148.5102198"/>
      <trkpt lat="-9.1250911" lon="148.5102531"/>
      <trkpt lat="-9.1249276" lon="148.5103055"/>
      <trkpt lat="-9.1247650" lon="148.5103721"/>
      <trkpt lat="-9.1245999" lon="148.5104312"/>
      <trkpt lat="-9.1244218" lon="148.5104513"/>
      <trkpt lat="-9.1242472" lon="148.5104773"/>
      <trkpt lat="-9.1240917" lon="148.5105318"/>
      <trkpt lat="-9.1239537" lon="148.5106272"/>
      <trkpt lat="-9.1238238" lon="148.5107390"/>
      <trkpt lat="-9.1236867" lon="148.5108495"/>
      <trkpt lat="-9.1235381" lon="148.5109478"/>
      <trkpt lat="-9.1233774" lon="148.5110189"/>
      <trkpt lat="-9.1232083" lon="148.5110400"/>
      <trkpt lat="-9.1230679" lon="148.5110800"/>
      <trkpt lat="-9.1229357" lon="148.5111409"/>
      <trkpt lat="-9.1228015" lon="148.5112177"/>
      <trkpt lat="-9.1226505" lon="148.5112878"/>
      <trkpt lat="-9.1225083" lon="148.5113683"/>
    </trkseg>
    <trkseg>
      <trkpt lat="-9.1226067" lon="148.5113583"/>
      <trkpt lat="-9.1224759" lon="148.5114577"/>
      <trkpt lat="-9.1223754" lon="148.5115865"/>
      <trkpt lat="-9.1223083" lon="148.5117376"/>
      <trkpt lat="-9.1222404" lon="148.5118848"/>
      <trkpt lat="-9.1221986" lon="148.5119959"/>
      <trkpt lat="-9.1221800" lon="148.5120783"/>
    </trkseg>
    <trkseg>
      <trkpt lat="-9.1221750" lon="148.5119400"/>
      <trkpt lat="-9.1220372" lon="148.5118487"/>
      <trkpt lat="-9.1219220" lon="148.5118533"/>
      <trkpt lat="-9.1218323" lon="148.5119555"/>
      <trkpt lat="-9.1217453" lon="148.5121026"/>
      <trkpt lat="-9.1216638" lon="148.5122535"/>
      <trkpt lat="-9.1215825" lon="148.5123970"/>
      <trkpt lat="-9.1215614" lon="148.5125543"/>
      <trkpt lat="-9.1215244" lon="148.5127018"/>
      <trkpt lat="-9.1214736" lon="148.5128499"/>
      <trkpt lat="-9.1213748" lon="148.5129969"/>
      <trkpt lat="-9.1212925" lon="148.5131513"/>
      <trkpt lat="-9.1212785" lon="148.5133040"/>
      <trkpt lat="-9.1213073" lon="148.5134657"/>
      <trkpt lat="-9.1213597" lon="148.5136277"/>
      <trkpt lat="-9.1214067" lon="148.5137831"/>
      <trkpt lat="-9.1214590" lon="148.5139350"/>
      <trkpt lat="-9.1214922" lon="148.5140823"/>
      <trkpt lat="-9.1215394" lon="148.5142268"/>
      <trkpt lat="-9.1215749" lon="148.5143561"/>
      <trkpt lat="-9.1215852" lon="148.5144777"/>
      <trkpt lat="-9.1215688" lon="148.5146162"/>
      <trkpt lat="-9.1215388" lon="148.5147660"/>
      <trkpt lat="-9.1215356" lon="148.5149268"/>
      <trkpt lat="-9.1215221" lon="148.5150924"/>
      <trkpt lat="-9.1215295" lon="148.5152676"/>
      <trkpt lat="-9.1215492" lon="148.5154472"/>
      <trkpt lat="-9.1215927" lon="148.5156126"/>
      <trkpt lat="-9.1216448" lon="148.5157618"/>
      <trkpt lat="-9.1217117" lon="148.5158950"/>
    </trkseg>
    <trkseg>
      <trkpt lat="-9.1284767" lon="148.4999400"/>
      <trkpt lat="-9.1283697" lon="148.4999386"/>
      <trkpt lat="-9.1282635" lon="148.5000058"/>
      <trkpt lat="-9.1281724" lon="148.5001104"/>
      <trkpt lat="-9.1280783" lon="148.5001800"/>
    </trkseg>
    <trkseg>
      <trkpt lat="-9.1280250" lon="148.5002583"/>
      <trkpt lat="-9.1279127" lon="148.5004006"/>
      <trkpt lat="-9.1279433" lon="148.5003483"/>
    </trkseg>
    <trkseg>
      <trkpt lat="-9.1278767" lon="148.5001500"/>
      <trkpt lat="-9.1277426" lon="148.5002052"/>
      <trkpt lat="-9.1275898" lon="148.5002208"/>
      <trkpt lat="-9.1274412" lon="148.5001633"/>
      <trkpt lat="-9.1273380" lon="148.5000655"/>
      <trkpt lat="-9.1272697" lon="148.4999169"/>
      <trkpt lat="-9.1272044" lon="148.4997541"/>
      <trkpt lat="-9.1270960" lon="148.4996205"/>
      <trkpt lat="-9.1269581" lon="148.4995644"/>
      <trkpt lat="-9.1267969" lon="148.4995763"/>
      <trkpt lat="-9.1266255" lon="148.4996232"/>
      <trkpt lat="-9.1264713" lon="148.4996107"/>
      <trkpt lat="-9.1263491" lon="148.4995826"/>
      <trkpt lat="-9.1262390" lon="148.4995835"/>
      <trkpt lat="-9.1261594" lon="148.4996235"/>
      <trkpt lat="-9.1260983" lon="148.4996650"/>
    </trkseg>
    <trkseg>
      <trkpt lat="-9.1261433" lon="148.4995800"/>
      <trkpt lat="-9.1260448" lon="148.4994399"/>
      <trkpt lat="-9.1259118" lon="148.4993466"/>
      <trkpt lat="-9.1257459" lon="148.4992912"/>
      <trkpt lat="-9.1255745" lon="148.4992528"/>
      <trkpt lat="-9.1254073" lon="148.4992130"/>
      <trkpt lat="-9.1252373" lon="148.4991872"/>
      <trkpt lat="-9.1250722" lon="148.4991732"/>
      <trkpt lat="-9.1249100" lon="148.4991650"/>
    </trkseg>
    <trkseg>
      <trkpt lat="-9.1248733" lon="148.4990717"/>
      <trkpt lat="-9.1247154" lon="148.4990898"/>
      <trkpt lat="-9.1245608" lon="148.4990849"/>
      <trkpt lat="-9.1244124" lon="148.4991106"/>
      <trkpt lat="-9.1242922" lon="148.4991761"/>
      <trkpt lat="-9.1242172" lon="148.4993157"/>
      <trkpt lat="-9.1242126" lon="148.4994097"/>
      <trkpt lat="-9.1242532" lon="148.4995031"/>
      <trkpt lat="-9.1243419" lon="148.4995735"/>
      <trkpt lat="-9.1244044" lon="148.4996924"/>
      <trkpt lat="-9.1244479" lon="148.4997766"/>
      <trkpt lat="-9.1244418" lon="148.4998543"/>
      <trkpt lat="-9.1244842" lon="148.4999052"/>
      <trkpt lat="-9.1245633" lon="148.4999450"/>
    </trkseg>
    <trkseg>
      <trkpt lat="-9.1245850" lon="148.5000333"/>
      <trkpt lat="-9.1244703" lon="148.5001679"/>
      <trkpt lat="-9.1243301" lon="148.5002673"/>
      <trkpt lat="-9.1241641" lon="148.5003321"/>
      <trkpt lat="-9.1240069" lon="148.5004034"/>
      <trkpt lat="-9.1238485" lon="148.5004718"/>
      <trkpt lat="-9.1236882" lon="148.5005227"/>
      <trkpt lat="-9.1235110" lon="148.5005377"/>
      <trkpt lat="-9.1233696" lon="148.5005628"/>
      <trkpt lat="-9.1232650" lon="148.5006117"/>
    </trkseg>
    <trkseg>
      <trkpt lat="-9.1231600" lon="148.5007167"/>
      <trkpt lat="-9.1232373" lon="148.5008801"/>
      <trkpt lat="-9.1233279" lon="148.5010338"/>
      <trkpt lat="-9.1234338" lon="148.5011762"/>
      <trkpt lat="-9.1235470" lon="148.5013067"/>
      <trkpt lat="-9.1236061" lon="148.5014430"/>
      <trkpt lat="-9.1236579" lon="148.5015536"/>
      <trkpt lat="-9.1237067" lon="148.5016623"/>
      <trkpt lat="-9.1238215" lon="148.5017545"/>
      <trkpt lat="-9.1239301" lon="148.5018828"/>
      <trkpt lat="-9.1240064" lon="148.5019610"/>
      <trkpt lat="-9.1240350" lon="148.5019933"/>
    </trkseg>
    <trkseg>
      <trkpt lat="-9.1239467" lon="148.5020133"/>
      <trkpt lat="-9.1240549" lon="148.5021214"/>
      <trkpt lat="-9.1241613" lon="148.5021402"/>
      <trkpt lat="-9.1242619" lon="148.5021389"/>
      <trkpt lat="-9.1243738" lon="148.5021446"/>
      <trkpt lat="-9.1244205" lon="148.5022323"/>
      <trkpt lat="-9.1244893" lon="148.5022764"/>
      <trkpt lat="-9.1245750" lon="148.5022733"/>
    </trkseg>
    <trkseg>
      <trkpt lat="-9.1243267" lon="148.5023867"/>
      <trkpt lat="-9.1243770" lon="148.5023614"/>
      <trkpt lat="-9.1243658" lon="148.5024151"/>
      <trkpt lat="-9.1243050" lon="148.5025502"/>
      <trkpt lat="-9.1242632" lon="148.5027215"/>
      <trkpt lat="-9.1242474" lon="148.5028937"/>
      <trkpt lat="-9.1242653" lon="148.5030379"/>
      <trkpt lat="-9.1243117" lon="148.5031550"/>
    </trkseg>
    <trkseg>
      <trkpt lat="-9.1242433" lon="148.5030950"/>
      <trkpt lat="-9.1243638" lon="148.5032267"/>
      <trkpt lat="-9.1244221" lon="148.5033678"/>
      <trkpt lat="-9.1244183" lon="148.5035183"/>
    </trkseg>
    <trkseg>
      <trkpt lat="-9.1245133" lon="148.5034517"/>
      <trkpt lat="-9.1245824" lon="148.5036042"/>
      <trkpt lat="-9.1245723" lon="148.5037057"/>
      <trkpt lat="-9.1244791" lon="148.5037440"/>
      <trkpt lat="-9.1243381" lon="148.5037739"/>
      <trkpt lat="-9.1242811" lon="148.5038059"/>
      <trkpt lat="-9.1242320" lon="148.5038696"/>
      <trkpt lat="-9.1241888" lon="148.5039286"/>
      <trkpt lat="-9.1240822" lon="148.5040265"/>
      <trkpt lat="-9.1239990" lon="148.5041580"/>
      <trkpt lat="-9.1239072" lon="148.5042990"/>
      <trkpt lat="-9.1238208" lon="148.5044453"/>
      <trkpt lat="-9.1237610" lon="148.5044801"/>
      <trkpt lat="-9.1236979" lon="148.5045129"/>
      <trkpt lat="-9.1236078" lon="148.5045202"/>
      <trkpt lat="-9.1234686" lon="148.5046105"/>
      <trkpt lat="-9.1233639" lon="148.5046548"/>
      <trkpt lat="-9.1233067" lon="148.5046783"/>
    </trkseg>
    <trkseg>
      <trkpt lat="-9.1231383" lon="148.5048050"/>
      <trkpt lat="-9.1232483" lon="148.5048980"/>
      <trkpt lat="-9.1233361" lon="148.5050086"/>
      <trkpt lat="-9.1234017" lon="148.5051367"/>
    </trkseg>
    <trkseg>
      <trkpt lat="-9.1237133" lon="148.5200267"/>
      <trkpt lat="-9.1236379" lon="148.5200922"/>
      <trkpt lat="-9.1235635" lon="148.5201759"/>
      <trkpt lat="-9.1235244" lon="148.5203058"/>
      <trkpt lat="-9.1235381" lon="148.5204173"/>
      <trkpt lat="-9.1235894" lon="148.5205665"/>
      <trkpt lat="-9.1236652" lon="148.5207129"/>
      <trkpt lat="-9.1237048" lon="148.5208786"/>
      <trkpt lat="-9.1237873" lon="148.5209574"/>
      <trkpt lat="-9.1238464" lon="148.5210280"/>
      <trkpt lat="-9.1238666" lon="148.5210886"/>
      <trkpt lat="-9.1238545" lon="148.5212341"/>
      <trkpt lat="-9.1238349" lon="148.5213905"/>
      <trkpt lat="-9.1238180" lon="148.5215489"/>
      <trkpt lat="-9.1237757" lon="148.5216899"/>
      <trkpt lat="-9.1237127" lon="148.5218177"/>
      <trkpt lat="-9.1236645" lon="148.5219357"/>
      <trkpt lat="-9.1236503" lon="148.5220652"/>
      <trkpt lat="-9.1236966" lon="148.5221915"/>
      <trkpt lat="-9.1238004" lon="148.5223093"/>
      <trkpt lat="-9.1239287" lon="148.5223965"/>
      <trkpt lat="-9.1240264" lon="148.5224873"/>
      <trkpt lat="-9.1240680" lon="148.5225488"/>
      <trkpt lat="-9.1240809" lon="148.5226408"/>
      <trkpt lat="-9.1241058" lon="148.5227502"/>
      <trkpt lat="-9.1241203" lon="148.5228644"/>
      <trkpt lat="-9.1241025" lon="148.5229730"/>
      <trkpt lat="-9.1240070" lon="148.5230197"/>
      <trkpt lat="-9.1239045" lon="148.5230830"/>
      <trkpt lat="-9.1238347" lon="148.5231537"/>
      <trkpt lat="-9.1238152" lon="148.5232542"/>
      <trkpt lat="-9.1238183" lon="148.5233533"/>
    </trkseg>
    <trkseg>
      <trkpt lat="-9.1239217" lon="148.5234917"/>
      <trkpt lat="-9.1237564" lon="148.5235117"/>
      <trkpt lat="-9.1236049" lon="148.5235583"/>
      <trkpt lat="-9.1234808" lon="148.5236467"/>
      <trkpt lat="-9.1234254" lon="148.5237857"/>
      <trkpt lat="-9.1234276" lon="148.5239476"/>
      <trkpt lat="-9.1234557" lon="148.5241198"/>
      <trkpt lat="-9.1235023" lon="148.5242822"/>
      <trkpt lat="-9.1235188" lon="148.5244435"/>
      <trkpt lat="-9.1235294" lon="148.5246048"/>
      <trkpt lat="-9.1234806" lon="148.5247382"/>
      <trkpt lat="-9.1234139" lon="148.5247921"/>
      <trkpt lat="-9.1233248" lon="148.5248377"/>
      <trkpt lat="-9.1232147" lon="148.5249063"/>
      <trkpt lat="-9.1231455" lon="148.5250497"/>
      <trkpt lat="-9.1231556" lon="148.5251584"/>
      <trkpt lat="-9.1232005" lon="148.5252817"/>
      <trkpt lat="-9.1232204" lon="148.5254106"/>
      <trkpt lat="-9.1231938" lon="148.5255653"/>
      <trkpt lat="-9.1231660" lon="148.5256845"/>
      <trkpt lat="-9.1231132" lon="148.5257728"/>
      <trkpt lat="-9.1230500" lon="148.5258786"/>
      <trkpt lat="-9.1230092" lon="148.5260123"/>
      <trkpt lat="-9.1230068" lon="148.5261736"/>
      <trkpt lat="-9.1229919" lon="148.5263293"/>
      <trkpt lat="-9.1229470" lon="148.5264923"/>
      <trkpt lat="-9.1229033" lon="148.5266609"/>
      <trkpt lat="-9.1229103" lon="148.5268110"/>
      <trkpt lat="-9.1229918" lon="148.5268875"/>
      <trkpt lat="-9.1231030" lon="148.5269260"/>
      <trkpt lat="-9.1231608" lon="148.5269704"/>
      <trkpt lat="-9.1231514" lon="148.5270838"/>
      <trkpt lat="-9.1230864" lon="148.5272289"/>
      <trkpt lat="-9.1230038" lon="148.5273741"/>
      <trkpt lat="-9.1229201" lon="148.5275209"/>
      <trkpt lat="-9.1228756" lon="148.5276750"/>
      <trkpt lat="-9.1228816" lon="148.5278471"/>
      <trkpt lat="-9.1228757" lon="148.5280179"/>
      <trkpt lat="-9.1228364" lon="148.5281828"/>
      <trkpt lat="-9.1227500" lon="148.5283338"/>
      <trkpt lat="-9.1226907" lon="148.5284832"/>
      <trkpt lat="-9.1226524" lon="148.5286377"/>
      <trkpt lat="-9.1226366" lon="148.5287924"/>
      <trkpt lat="-9.1226457" lon="148.5289323"/>
      <trkpt lat="-9.1226521" lon="148.5290713"/>
      <trkpt lat="-9.1226656" lon="148.5292242"/>
      <trkpt lat="-9.1226311" lon="148.5293993"/>
      <trkpt lat="-9.1225510" lon="148.5295368"/>
      <trkpt lat="-9.1224622" lon="148.5296675"/>
      <trkpt lat="-9.1223538" lon="148.5297803"/>
      <trkpt lat="-9.1222526" lon="148.5299055"/>
      <trkpt lat="-9.1221574" lon="148.5300321"/>
      <trkpt lat="-9.1221205" lon="148.5301720"/>
      <trkpt lat="-9.1220821" lon="148.5303174"/>
      <trkpt lat="-9.1220435" lon="148.5304295"/>
      <trkpt lat="-9.1219733" lon="148.5305100"/>
    </trkseg>
    <trkseg>
      <trkpt lat="-9.1237133" lon="148.5200267"/>
      <trkpt lat="-9.1236379" lon="148.5200922"/>
      <trkpt lat="-9.1235635" lon="148.5201759"/>
      <trkpt lat="-9.1235244" lon="148.5203058"/>
      <trkpt lat="-9.1235381" lon="148.5204173"/>
      <trkpt lat="-9.1235894" lon="148.5205665"/>
      <trkpt lat="-9.1236652" lon="148.5207129"/>
      <trkpt lat="-9.1237048" lon="148.5208786"/>
      <trkpt lat="-9.1237873" lon="148.5209574"/>
      <trkpt lat="-9.1238464" lon="148.5210280"/>
      <trkpt lat="-9.1238666" lon="148.5210886"/>
      <trkpt lat="-9.1238545" lon="148.5212341"/>
      <trkpt lat="-9.1238349" lon="148.5213905"/>
      <trkpt lat="-9.1238180" lon="148.5215489"/>
      <trkpt lat="-9.1237757" lon="148.5216899"/>
      <trkpt lat="-9.1237127" lon="148.5218177"/>
      <trkpt lat="-9.1236645" lon="148.5219357"/>
      <trkpt lat="-9.1236503" lon="148.5220652"/>
      <trkpt lat="-9.1236966" lon="148.5221915"/>
      <trkpt lat="-9.1238004" lon="148.5223093"/>
      <trkpt lat="-9.1239287" lon="148.5223965"/>
      <trkpt lat="-9.1240264" lon="148.5224873"/>
      <trkpt lat="-9.1240680" lon="148.5225488"/>
      <trkpt lat="-9.1240809" lon="148.5226408"/>
      <trkpt lat="-9.1241058" lon="148.5227502"/>
      <trkpt lat="-9.1241203" lon="148.5228644"/>
      <trkpt lat="-9.1241025" lon="148.5229730"/>
      <trkpt lat="-9.1240070" lon="148.5230197"/>
      <trkpt lat="-9.1239045" lon="148.5230830"/>
      <trkpt lat="-9.1238347" lon="148.5231537"/>
      <trkpt lat="-9.1238152" lon="148.5232542"/>
      <trkpt lat="-9.1238183" lon="148.5233533"/>
    </trkseg>
    <trkseg>
      <trkpt lat="-9.1237133" lon="148.5200267"/>
      <trkpt lat="-9.1236379" lon="148.5200922"/>
      <trkpt lat="-9.1235635" lon="148.5201759"/>
      <trkpt lat="-9.1235244" lon="148.5203058"/>
      <trkpt lat="-9.1235381" lon="148.5204173"/>
      <trkpt lat="-9.1235894" lon="148.5205665"/>
      <trkpt lat="-9.1236652" lon="148.5207129"/>
      <trkpt lat="-9.1237048" lon="148.5208786"/>
      <trkpt lat="-9.1237873" lon="148.5209574"/>
      <trkpt lat="-9.1238464" lon="148.5210280"/>
      <trkpt lat="-9.1238666" lon="148.5210886"/>
      <trkpt lat="-9.1238545" lon="148.5212341"/>
      <trkpt lat="-9.1238349" lon="148.5213905"/>
      <trkpt lat="-9.1238180" lon="148.5215489"/>
      <trkpt lat="-9.1237757" lon="148.5216899"/>
      <trkpt lat="-9.1237127" lon="148.5218177"/>
      <trkpt lat="-9.1236645" lon="148.5219357"/>
      <trkpt lat="-9.1236503" lon="148.5220652"/>
      <trkpt lat="-9.1236966" lon="148.5221915"/>
      <trkpt lat="-9.1238004" lon="148.5223093"/>
      <trkpt lat="-9.1239287" lon="148.5223965"/>
      <trkpt lat="-9.1240264" lon="148.5224873"/>
      <trkpt lat="-9.1240680" lon="148.5225488"/>
      <trkpt lat="-9.1240809" lon="148.5226408"/>
      <trkpt lat="-9.1241058" lon="148.5227502"/>
      <trkpt lat="-9.1241203" lon="148.5228644"/>
      <trkpt lat="-9.1241025" lon="148.5229730"/>
      <trkpt lat="-9.1240070" lon="148.5230197"/>
      <trkpt lat="-9.1239045" lon="148.5230830"/>
      <trkpt lat="-9.1238347" lon="148.5231537"/>
      <trkpt lat="-9.1238152" lon="148.5232542"/>
      <trkpt lat="-9.1238183" lon="148.5233533"/>
    </trkseg>
    <trkseg>
      <trkpt lat="-9.1239217" lon="148.5234917"/>
      <trkpt lat="-9.1237564" lon="148.5235117"/>
      <trkpt lat="-9.1236049" lon="148.5235583"/>
      <trkpt lat="-9.1234808" lon="148.5236467"/>
      <trkpt lat="-9.1234254" lon="148.5237857"/>
      <trkpt lat="-9.1234276" lon="148.5239476"/>
      <trkpt lat="-9.1234557" lon="148.5241198"/>
      <trkpt lat="-9.1235023" lon="148.5242822"/>
      <trkpt lat="-9.1235188" lon="148.5244435"/>
      <trkpt lat="-9.1235294" lon="148.5246048"/>
      <trkpt lat="-9.1234806" lon="148.5247382"/>
      <trkpt lat="-9.1234139" lon="148.5247921"/>
      <trkpt lat="-9.1233248" lon="148.5248377"/>
      <trkpt lat="-9.1232147" lon="148.5249063"/>
      <trkpt lat="-9.1231455" lon="148.5250497"/>
      <trkpt lat="-9.1231556" lon="148.5251584"/>
      <trkpt lat="-9.1232005" lon="148.5252817"/>
      <trkpt lat="-9.1232204" lon="148.5254106"/>
      <trkpt lat="-9.1231938" lon="148.5255653"/>
      <trkpt lat="-9.1231660" lon="148.5256845"/>
      <trkpt lat="-9.1231132" lon="148.5257728"/>
      <trkpt lat="-9.1230500" lon="148.5258786"/>
      <trkpt lat="-9.1230092" lon="148.5260123"/>
      <trkpt lat="-9.1230068" lon="148.5261736"/>
      <trkpt lat="-9.1229919" lon="148.5263293"/>
      <trkpt lat="-9.1229470" lon="148.5264923"/>
      <trkpt lat="-9.1229033" lon="148.5266609"/>
      <trkpt lat="-9.1229103" lon="148.5268110"/>
      <trkpt lat="-9.1229918" lon="148.5268875"/>
      <trkpt lat="-9.1231030" lon="148.5269260"/>
      <trkpt lat="-9.1231608" lon="148.5269704"/>
      <trkpt lat="-9.1231514" lon="148.5270838"/>
      <trkpt lat="-9.1230864" lon="148.5272289"/>
      <trkpt lat="-9.1230038" lon="148.5273741"/>
      <trkpt lat="-9.1229201" lon="148.5275209"/>
      <trkpt lat="-9.1228756" lon="148.5276750"/>
      <trkpt lat="-9.1228816" lon="148.5278471"/>
      <trkpt lat="-9.1228757" lon="148.5280179"/>
      <trkpt lat="-9.1228364" lon="148.5281828"/>
      <trkpt lat="-9.1227500" lon="148.5283338"/>
      <trkpt lat="-9.1226907" lon="148.5284832"/>
      <trkpt lat="-9.1226524" lon="148.5286377"/>
      <trkpt lat="-9.1226366" lon="148.5287924"/>
      <trkpt lat="-9.1226457" lon="148.5289323"/>
      <trkpt lat="-9.1226521" lon="148.5290713"/>
      <trkpt lat="-9.1226656" lon="148.5292242"/>
      <trkpt lat="-9.1226311" lon="148.5293993"/>
      <trkpt lat="-9.1225510" lon="148.5295368"/>
      <trkpt lat="-9.1224622" lon="148.5296675"/>
      <trkpt lat="-9.1223538" lon="148.5297803"/>
      <trkpt lat="-9.1222526" lon="148.5299055"/>
      <trkpt lat="-9.1221574" lon="148.5300321"/>
      <trkpt lat="-9.1221205" lon="148.5301720"/>
      <trkpt lat="-9.1220821" lon="148.5303174"/>
      <trkpt lat="-9.1220435" lon="148.5304295"/>
      <trkpt lat="-9.1219733" lon="148.5305100"/>
    </trkseg>
  </trk>
</gpx>
