<?xml version="1.0" encoding="UTF-8"?>
<gpx version="1.1" creator="MCA Maps — Managalas clan boundary survey"
     xmlns="http://www.topografix.com/GPX/1/1"
     xmlns:xsi="http://www.w3.org/2001/XMLSchema-instance"
     xsi:schemaLocation="http://www.topografix.com/GPX/1/1 http://www.topografix.com/GPX/1/1/gpx.xsd">
  <metadata>
    <name>Manuvoora — clan land boundary</name>
    <desc>Manuvoora, Zone 6. 61.4 km walked; 11.4 km still to walk in 6 gaps</desc>
    <time>2026-08-23T00:00:00Z</time>
  </metadata>
  <wpt lat="-8.9886112" lon="148.4145253">
    <name>GAP 1 OF 6 START</name>
    <desc>3.40 km not walked. This straight line is not a boundary — it joins the two ends so the shape can be closed on paper. Manuvoora, Zone 6.</desc>
    <sym>Flag</sym>
  </wpt>
  <wpt lat="-9.0168233" lon="148.4023337">
    <name>GAP 1 OF 6 END</name>
    <desc>3.40 km not walked. This straight line is not a boundary — it joins the two ends so the shape can be closed on paper. Manuvoora, Zone 6.</desc>
    <sym>Flag</sym>
  </wpt>
  <wpt lat="-9.0171211" lon="148.4022642">
    <name>GAP 2 OF 6 START</name>
    <desc>4.52 km not walked. This straight line is not a boundary — it joins the two ends so the shape can be closed on paper. Manuvoora, Zone 6.</desc>
    <sym>Flag</sym>
  </wpt>
  <wpt lat="-9.0459752" lon="148.3731922">
    <name>GAP 2 OF 6 END</name>
    <desc>4.52 km not walked. This straight line is not a boundary — it joins the two ends so the shape can be closed on paper. Manuvoora, Zone 6.</desc>
    <sym>Flag</sym>
  </wpt>
  <wpt lat="-9.0459752" lon="148.3731922">
    <name>GAP 3 OF 6 START</name>
    <desc>0.97 km not walked. This straight line is not a boundary — it joins the two ends so the shape can be closed on paper. Manuvoora, Zone 6.</desc>
    <sym>Flag</sym>
  </wpt>
  <wpt lat="-9.0506721" lon="148.3657673">
    <name>GAP 3 OF 6 END</name>
    <desc>0.97 km not walked. This straight line is not a boundary — it joins the two ends so the shape can be closed on paper. Manuvoora, Zone 6.</desc>
    <sym>Flag</sym>
  </wpt>
  <wpt lat="-9.0506721" lon="148.3657673">
    <name>GAP 4 OF 6 START</name>
    <desc>1.19 km not walked. This straight line is not a boundary — it joins the two ends so the shape can be closed on paper. Manuvoora, Zone 6.</desc>
    <sym>Flag</sym>
  </wpt>
  <wpt lat="-9.0560203" lon="148.3751447">
    <name>GAP 4 OF 6 END</name>
    <desc>1.19 km not walked. This straight line is not a boundary — it joins the two ends so the shape can be closed on paper. Manuvoora, Zone 6.</desc>
    <sym>Flag</sym>
  </wpt>
  <wpt lat="-9.0560203" lon="148.3751447">
    <name>GAP 5 OF 6 START</name>
    <desc>0.92 km not walked. This straight line is not a boundary — it joins the two ends so the shape can be closed on paper. Manuvoora, Zone 6.</desc>
    <sym>Flag</sym>
  </wpt>
  <wpt lat="-9.0641251" lon="148.3770878">
    <name>GAP 5 OF 6 END</name>
    <desc>0.92 km not walked. This straight line is not a boundary — it joins the two ends so the shape can be closed on paper. Manuvoora, Zone 6.</desc>
    <sym>Flag</sym>
  </wpt>
  <wpt lat="-9.0641251" lon="148.3770878">
    <name>GAP 6 OF 6 START</name>
    <desc>0.39 km not walked. This straight line is not a boundary — it joins the two ends so the shape can be closed on paper. Manuvoora, Zone 6.</desc>
    <sym>Flag</sym>
  </wpt>
  <wpt lat="-9.0609089" lon="148.3756056">
    <name>GAP 6 OF 6 END</name>
    <desc>0.39 km not walked. This straight line is not a boundary — it joins the two ends so the shape can be closed on paper. Manuvoora, Zone 6.</desc>
    <sym>Flag</sym>
  </wpt>
  <trk>
    <name>GAP 1 OF 6 - NOT WALKED - 3.40 km</name>
    <desc>3.40 km not walked. This straight line is not a boundary — it joins the two ends so the shape can be closed on paper. Manuvoora, Zone 6.</desc>
    <type>not-walked</type>
    <trkseg>
      <trkpt lat="-8.9886112" lon="148.4145253"/>
      <trkpt lat="-9.0168233" lon="148.4023337"/>
    </trkseg>
  </trk>
  <trk>
    <name>GAP 2 OF 6 - NOT WALKED - 4.52 km</name>
    <desc>4.52 km not walked. This straight line is not a boundary — it joins the two ends so the shape can be closed on paper. Manuvoora, Zone 6.</desc>
    <type>not-walked</type>
    <trkseg>
      <trkpt lat="-9.0171211" lon="148.4022642"/>
      <trkpt lat="-9.0459752" lon="148.3731922"/>
    </trkseg>
  </trk>
  <trk>
    <name>GAP 3 OF 6 - NOT WALKED - 0.97 km</name>
    <desc>0.97 km not walked. This straight line is not a boundary — it joins the two ends so the shape can be closed on paper. Manuvoora, Zone 6.</desc>
    <type>not-walked</type>
    <trkseg>
      <trkpt lat="-9.0459752" lon="148.3731922"/>
      <trkpt lat="-9.0506721" lon="148.3657673"/>
    </trkseg>
  </trk>
  <trk>
    <name>GAP 4 OF 6 - NOT WALKED - 1.19 km</name>
    <desc>1.19 km not walked. This straight line is not a boundary — it joins the two ends so the shape can be closed on paper. Manuvoora, Zone 6.</desc>
    <type>not-walked</type>
    <trkseg>
      <trkpt lat="-9.0506721" lon="148.3657673"/>
      <trkpt lat="-9.0560203" lon="148.3751447"/>
    </trkseg>
  </trk>
  <trk>
    <name>GAP 5 OF 6 - NOT WALKED - 0.92 km</name>
    <desc>0.92 km not walked. This straight line is not a boundary — it joins the two ends so the shape can be closed on paper. Manuvoora, Zone 6.</desc>
    <type>not-walked</type>
    <trkseg>
      <trkpt lat="-9.0560203" lon="148.3751447"/>
      <trkpt lat="-9.0641251" lon="148.3770878"/>
    </trkseg>
  </trk>
  <trk>
    <name>GAP 6 OF 6 - NOT WALKED - 0.39 km</name>
    <desc>0.39 km not walked. This straight line is not a boundary — it joins the two ends so the shape can be closed on paper. Manuvoora, Zone 6.</desc>
    <type>not-walked</type>
    <trkseg>
      <trkpt lat="-9.0641251" lon="148.3770878"/>
      <trkpt lat="-9.0609089" lon="148.3756056"/>
    </trkseg>
  </trk>
  <trk>
    <name>Manuvoora - Egobeyas Kuarisi</name>
    <desc>Walked by Egobeyas Kuarisi. 31.2 km, 18 track(s), recorded on the ground. Manuvoora, Zone 6.</desc>
    <type>walked-boundary</type>
    <trkseg>
      <trkpt lat="-9.0413697" lon="148.3825334"/>
      <trkpt lat="-9.0412134" lon="148.3826015"/>
      <trkpt lat="-9.0410755" lon="148.3827019"/>
      <trkpt lat="-9.0409622" lon="148.3828301"/>
      <trkpt lat="-9.0408334" lon="148.3828867"/>
      <trkpt lat="-9.0407192" lon="148.3828963"/>
      <trkpt lat="-9.0406134" lon="148.3828634"/>
    </trkseg>
    <trkseg>
      <trkpt lat="-9.0551195" lon="148.3793000"/>
      <trkpt lat="-9.0551336" lon="148.3791357"/>
      <trkpt lat="-9.0551796" lon="148.3789769"/>
      <trkpt lat="-9.0552311" lon="148.3788179"/>
      <trkpt lat="-9.0552292" lon="148.3786729"/>
      <trkpt lat="-9.0551761" lon="148.3785413"/>
    </trkseg>
    <trkseg>
      <trkpt lat="-9.0551804" lon="148.3785995"/>
      <trkpt lat="-9.0551714" lon="148.3785021"/>
    </trkseg>
    <trkseg>
      <trkpt lat="-9.0560203" lon="148.3751447"/>
      <trkpt lat="-9.0560658" lon="148.3752268"/>
    </trkseg>
    <trkseg>
      <trkpt lat="-9.0469459" lon="148.3730661"/>
      <trkpt lat="-9.0467686" lon="148.3730303"/>
      <trkpt lat="-9.0466573" lon="148.3729903"/>
    </trkseg>
    <trkseg>
      <trkpt lat="-9.0459752" lon="148.3731922"/>
      <trkpt lat="-9.0458656" lon="148.3731707"/>
    </trkseg>
    <trkseg>
      <trkpt lat="-9.0484479" lon="148.3782520"/>
      <trkpt lat="-9.0485549" lon="148.3783873"/>
      <trkpt lat="-9.0486849" lon="148.3784925"/>
      <trkpt lat="-9.0488353" lon="148.3785328"/>
      <trkpt lat="-9.0489987" lon="148.3785197"/>
      <trkpt lat="-9.0491595" lon="148.3784866"/>
      <trkpt lat="-9.0493199" lon="148.3784419"/>
      <trkpt lat="-9.0494762" lon="148.3784126"/>
      <trkpt lat="-9.0496239" lon="148.3783460"/>
      <trkpt lat="-9.0497597" lon="148.3782641"/>
      <trkpt lat="-9.0498944" lon="148.3781632"/>
      <trkpt lat="-9.0500444" lon="148.3780976"/>
      <trkpt lat="-9.0502103" lon="148.3780730"/>
      <trkpt lat="-9.0503782" lon="148.3780496"/>
      <trkpt lat="-9.0505437" lon="148.3780124"/>
      <trkpt lat="-9.0507074" lon="148.3779530"/>
      <trkpt lat="-9.0508254" lon="148.3779043"/>
      <trkpt lat="-9.0508933" lon="148.3778711"/>
    </trkseg>
    <trkseg>
      <trkpt lat="-9.0641251" lon="148.3770878"/>
      <trkpt lat="-9.0641864" lon="148.3770175"/>
    </trkseg>
    <trkseg>
      <trkpt lat="-9.0609089" lon="148.3756056"/>
      <trkpt lat="-9.0610844" lon="148.3755768"/>
      <trkpt lat="-9.0612620" lon="148.3755586"/>
      <trkpt lat="-9.0614414" lon="148.3755514"/>
      <trkpt lat="-9.0616085" lon="148.3755246"/>
      <trkpt lat="-9.0617619" lon="148.3755065"/>
      <trkpt lat="-9.0618969" lon="148.3755095"/>
      <trkpt lat="-9.0620291" lon="148.3755235"/>
      <trkpt lat="-9.0621747" lon="148.3755382"/>
      <trkpt lat="-9.0623374" lon="148.3755520"/>
      <trkpt lat="-9.0625141" lon="148.3755806"/>
      <trkpt lat="-9.0626879" lon="148.3756256"/>
      <trkpt lat="-9.0628635" lon="148.3756597"/>
      <trkpt lat="-9.0630354" lon="148.3756967"/>
      <trkpt lat="-9.0632007" lon="148.3757245"/>
      <trkpt lat="-9.0633192" lon="148.3756943"/>
      <trkpt lat="-9.0633941" lon="148.3755907"/>
      <trkpt lat="-9.0633994" lon="148.3754272"/>
      <trkpt lat="-9.0633395" lon="148.3752897"/>
      <trkpt lat="-9.0632523" lon="148.3751570"/>
      <trkpt lat="-9.0631673" lon="148.3750246"/>
      <trkpt lat="-9.0631412" lon="148.3748629"/>
      <trkpt lat="-9.0631404" lon="148.3746968"/>
      <trkpt lat="-9.0631662" lon="148.3745219"/>
      <trkpt lat="-9.0631980" lon="148.3743463"/>
      <trkpt lat="-9.0632628" lon="148.3742216"/>
      <trkpt lat="-9.0633605" lon="148.3741978"/>
      <trkpt lat="-9.0634870" lon="148.3742751"/>
      <trkpt lat="-9.0636011" lon="148.3744116"/>
      <trkpt lat="-9.0637149" lon="148.3745493"/>
      <trkpt lat="-9.0638376" lon="148.3746750"/>
      <trkpt lat="-9.0639847" lon="148.3747351"/>
      <trkpt lat="-9.0641166" lon="148.3748011"/>
      <trkpt lat="-9.0641943" lon="148.3748962"/>
      <trkpt lat="-9.0642568" lon="148.3750380"/>
      <trkpt lat="-9.0643038" lon="148.3751878"/>
      <trkpt lat="-9.0643578" lon="148.3753313"/>
      <trkpt lat="-9.0644319" lon="148.3754448"/>
      <trkpt lat="-9.0645411" lon="148.3755263"/>
      <trkpt lat="-9.0646110" lon="148.3756035"/>
      <trkpt lat="-9.0645979" lon="148.3757333"/>
      <trkpt lat="-9.0645510" lon="148.3758919"/>
      <trkpt lat="-9.0645419" lon="148.3760615"/>
      <trkpt lat="-9.0645743" lon="148.3762332"/>
      <trkpt lat="-9.0646210" lon="148.3764035"/>
      <trkpt lat="-9.0646938" lon="148.3765640"/>
      <trkpt lat="-9.0647253" lon="148.3767231"/>
      <trkpt lat="-9.0647129" lon="148.3768856"/>
      <trkpt lat="-9.0646784" lon="148.3770572"/>
      <trkpt lat="-9.0646651" lon="148.3772256"/>
      <trkpt lat="-9.0646894" lon="148.3773871"/>
      <trkpt lat="-9.0647275" lon="148.3775405"/>
      <trkpt lat="-9.0647540" lon="148.3776924"/>
      <trkpt lat="-9.0647423" lon="148.3778462"/>
      <trkpt lat="-9.0647013" lon="148.3780062"/>
      <trkpt lat="-9.0646921" lon="148.3781726"/>
      <trkpt lat="-9.0647052" lon="148.3783448"/>
      <trkpt lat="-9.0647466" lon="148.3785168"/>
      <trkpt lat="-9.0647777" lon="148.3786899"/>
      <trkpt lat="-9.0647892" lon="148.3788613"/>
      <trkpt lat="-9.0647291" lon="148.3790015"/>
      <trkpt lat="-9.0646118" lon="148.3791103"/>
      <trkpt lat="-9.0644537" lon="148.3791770"/>
      <trkpt lat="-9.0642903" lon="148.3792214"/>
      <trkpt lat="-9.0641324" lon="148.3792400"/>
      <trkpt lat="-9.0640475" lon="148.3792342"/>
      <trkpt lat="-9.0639680" lon="148.3791976"/>
      <trkpt lat="-9.0639326" lon="148.3791009"/>
      <trkpt lat="-9.0638897" lon="148.3789571"/>
      <trkpt lat="-9.0638631" lon="148.3787924"/>
      <trkpt lat="-9.0637799" lon="148.3786696"/>
      <trkpt lat="-9.0636283" lon="148.3785916"/>
      <trkpt lat="-9.0634651" lon="148.3785269"/>
      <trkpt lat="-9.0633036" lon="148.3784600"/>
      <trkpt lat="-9.0631758" lon="148.3783510"/>
      <trkpt lat="-9.0630723" lon="148.3782212"/>
      <trkpt lat="-9.0629653" lon="148.3780985"/>
      <trkpt lat="-9.0628258" lon="148.3780351"/>
      <trkpt lat="-9.0626688" lon="148.3780408"/>
      <trkpt lat="-9.0625152" lon="148.3780507"/>
      <trkpt lat="-9.0623634" lon="148.3780672"/>
      <trkpt lat="-9.0621930" lon="148.3780764"/>
      <trkpt lat="-9.0620216" lon="148.3781101"/>
      <trkpt lat="-9.0618572" lon="148.3781684"/>
      <trkpt lat="-9.0617115" lon="148.3782644"/>
      <trkpt lat="-9.0616148" lon="148.3784034"/>
      <trkpt lat="-9.0615426" lon="148.3785620"/>
      <trkpt lat="-9.0614882" lon="148.3787322"/>
      <trkpt lat="-9.0614123" lon="148.3788794"/>
      <trkpt lat="-9.0613235" lon="148.3789273"/>
      <trkpt lat="-9.0612030" lon="148.3789309"/>
      <trkpt lat="-9.0610584" lon="148.3789226"/>
      <trkpt lat="-9.0609095" lon="148.3789883"/>
      <trkpt lat="-9.0608180" lon="148.3790859"/>
      <trkpt lat="-9.0607281" lon="148.3791312"/>
      <trkpt lat="-9.0606443" lon="148.3790977"/>
      <trkpt lat="-9.0605047" lon="148.3789935"/>
      <trkpt lat="-9.0603590" lon="148.3788986"/>
      <trkpt lat="-9.0602024" lon="148.3788181"/>
      <trkpt lat="-9.0600559" lon="148.3787235"/>
      <trkpt lat="-9.0599321" lon="148.3785983"/>
      <trkpt lat="-9.0598551" lon="148.3784596"/>
      <trkpt lat="-9.0597984" lon="148.3783121"/>
      <trkpt lat="-9.0598261" lon="148.3781858"/>
      <trkpt lat="-9.0598906" lon="148.3780627"/>
      <trkpt lat="-9.0600059" lon="148.3779406"/>
      <trkpt lat="-9.0600429" lon="148.3777952"/>
      <trkpt lat="-9.0600346" lon="148.3776359"/>
      <trkpt lat="-9.0599981" lon="148.3774659"/>
      <trkpt lat="-9.0599970" lon="148.3772870"/>
      <trkpt lat="-9.0600235" lon="148.3771096"/>
      <trkpt lat="-9.0600222" lon="148.3769517"/>
      <trkpt lat="-9.0599781" lon="148.3768044"/>
      <trkpt lat="-9.0599043" lon="148.3766587"/>
      <trkpt lat="-9.0598935" lon="148.3765104"/>
      <trkpt lat="-9.0599186" lon="148.3763506"/>
      <trkpt lat="-9.0599353" lon="148.3761956"/>
      <trkpt lat="-9.0599076" lon="148.3760349"/>
      <trkpt lat="-9.0598756" lon="148.3758821"/>
      <trkpt lat="-9.0598299" lon="148.3757304"/>
      <trkpt lat="-9.0597566" lon="148.3755835"/>
      <trkpt lat="-9.0596560" lon="148.3754379"/>
      <trkpt lat="-9.0595450" lon="148.3752998"/>
      <trkpt lat="-9.0594151" lon="148.3751901"/>
      <trkpt lat="-9.0592958" lon="148.3751392"/>
      <trkpt lat="-9.0591648" lon="148.3751192"/>
      <trkpt lat="-9.0590308" lon="148.3751158"/>
      <trkpt lat="-9.0588750" lon="148.3751067"/>
      <trkpt lat="-9.0587363" lon="148.3751402"/>
      <trkpt lat="-9.0586044" lon="148.3752038"/>
      <trkpt lat="-9.0584615" lon="148.3752878"/>
      <trkpt lat="-9.0583050" lon="148.3753590"/>
      <trkpt lat="-9.0581436" lon="148.3754180"/>
      <trkpt lat="-9.0579920" lon="148.3754960"/>
      <trkpt lat="-9.0578448" lon="148.3755942"/>
      <trkpt lat="-9.0577806" lon="148.3757274"/>
      <trkpt lat="-9.0577463" lon="148.3758758"/>
      <trkpt lat="-9.0577732" lon="148.3760400"/>
      <trkpt lat="-9.0577784" lon="148.3762068"/>
      <trkpt lat="-9.0578250" lon="148.3763695"/>
      <trkpt lat="-9.0578719" lon="148.3765323"/>
      <trkpt lat="-9.0579412" lon="148.3766897"/>
      <trkpt lat="-9.0579326" lon="148.3768251"/>
      <trkpt lat="-9.0578618" lon="148.3769431"/>
      <trkpt lat="-9.0577404" lon="148.3770643"/>
      <trkpt lat="-9.0576656" lon="148.3772078"/>
      <trkpt lat="-9.0576772" lon="148.3773601"/>
      <trkpt lat="-9.0577574" lon="148.3774979"/>
      <trkpt lat="-9.0578597" lon="148.3776339"/>
      <trkpt lat="-9.0579701" lon="148.3777617"/>
      <trkpt lat="-9.0580814" lon="148.3778891"/>
      <trkpt lat="-9.0582144" lon="148.3780092"/>
      <trkpt lat="-9.0583054" lon="148.3781519"/>
      <trkpt lat="-9.0583676" lon="148.3783105"/>
      <trkpt lat="-9.0583885" lon="148.3784861"/>
      <trkpt lat="-9.0584184" lon="148.3786591"/>
      <trkpt lat="-9.0584189" lon="148.3788351"/>
      <trkpt lat="-9.0583849" lon="148.3789983"/>
      <trkpt lat="-9.0583013" lon="148.3791431"/>
      <trkpt lat="-9.0582010" lon="148.3792621"/>
      <trkpt lat="-9.0581178" lon="148.3793860"/>
      <trkpt lat="-9.0580676" lon="148.3795285"/>
      <trkpt lat="-9.0580645" lon="148.3796921"/>
      <trkpt lat="-9.0580824" lon="148.3798605"/>
      <trkpt lat="-9.0581220" lon="148.3800279"/>
      <trkpt lat="-9.0581360" lon="148.3801905"/>
      <trkpt lat="-9.0581835" lon="148.3803258"/>
      <trkpt lat="-9.0581837" lon="148.3804576"/>
      <trkpt lat="-9.0581466" lon="148.3805784"/>
      <trkpt lat="-9.0580701" lon="148.3807260"/>
      <trkpt lat="-9.0580451" lon="148.3808748"/>
      <trkpt lat="-9.0581044" lon="148.3810297"/>
      <trkpt lat="-9.0581658" lon="148.3811855"/>
      <trkpt lat="-9.0582206" lon="148.3813440"/>
      <trkpt lat="-9.0582695" lon="148.3815086"/>
      <trkpt lat="-9.0583580" lon="148.3816576"/>
      <trkpt lat="-9.0584867" lon="148.3817354"/>
      <trkpt lat="-9.0586386" lon="148.3817512"/>
      <trkpt lat="-9.0588056" lon="148.3817333"/>
      <trkpt lat="-9.0589693" lon="148.3817037"/>
      <trkpt lat="-9.0591270" lon="148.3816552"/>
      <trkpt lat="-9.0592872" lon="148.3815834"/>
      <trkpt lat="-9.0594424" lon="148.3815033"/>
      <trkpt lat="-9.0596017" lon="148.3814417"/>
      <trkpt lat="-9.0597604" lon="148.3814139"/>
      <trkpt lat="-9.0599187" lon="148.3814527"/>
      <trkpt lat="-9.0600667" lon="148.3814717"/>
      <trkpt lat="-9.0601887" lon="148.3814186"/>
      <trkpt lat="-9.0603061" lon="148.3812940"/>
      <trkpt lat="-9.0604358" lon="148.3811911"/>
      <trkpt lat="-9.0605922" lon="148.3811640"/>
      <trkpt lat="-9.0607429" lon="148.3812216"/>
      <trkpt lat="-9.0608609" lon="148.3813421"/>
      <trkpt lat="-9.0609705" lon="148.3814763"/>
      <trkpt lat="-9.0611008" lon="148.3815765"/>
      <trkpt lat="-9.0612660" lon="148.3816254"/>
      <trkpt lat="-9.0614331" lon="148.3816047"/>
      <trkpt lat="-9.0615831" lon="148.3816152"/>
      <trkpt lat="-9.0617262" lon="148.3816544"/>
      <trkpt lat="-9.0618742" lon="148.3817395"/>
      <trkpt lat="-9.0620379" lon="148.3817934"/>
      <trkpt lat="-9.0622017" lon="148.3818472"/>
      <trkpt lat="-9.0623678" lon="148.3819077"/>
      <trkpt lat="-9.0624694" lon="148.3820068"/>
      <trkpt lat="-9.0624997" lon="148.3821340"/>
      <trkpt lat="-9.0624776" lon="148.3823012"/>
      <trkpt lat="-9.0624739" lon="148.3824769"/>
      <trkpt lat="-9.0624764" lon="148.3826547"/>
      <trkpt lat="-9.0624704" lon="148.3828330"/>
      <trkpt lat="-9.0624356" lon="148.3830069"/>
      <trkpt lat="-9.0623933" lon="148.3831760"/>
      <trkpt lat="-9.0623174" lon="148.3833320"/>
      <trkpt lat="-9.0622377" lon="148.3834883"/>
      <trkpt lat="-9.0621517" lon="148.3836447"/>
      <trkpt lat="-9.0620779" lon="148.3838089"/>
      <trkpt lat="-9.0620117" lon="148.3839737"/>
      <trkpt lat="-9.0619434" lon="148.3841229"/>
      <trkpt lat="-9.0618973" lon="148.3842779"/>
      <trkpt lat="-9.0618935" lon="148.3844302"/>
      <trkpt lat="-9.0619460" lon="148.3845894"/>
      <trkpt lat="-9.0619650" lon="148.3847320"/>
      <trkpt lat="-9.0619252" lon="148.3848653"/>
      <trkpt lat="-9.0618094" lon="148.3849841"/>
      <trkpt lat="-9.0616705" lon="148.3850634"/>
      <trkpt lat="-9.0615077" lon="148.3851242"/>
      <trkpt lat="-9.0613401" lon="148.3851666"/>
      <trkpt lat="-9.0611890" lon="148.3852344"/>
      <trkpt lat="-9.0610800" lon="148.3853355"/>
      <trkpt lat="-9.0610087" lon="148.3854789"/>
      <trkpt lat="-9.0609432" lon="148.3856397"/>
      <trkpt lat="-9.0608436" lon="148.3857760"/>
      <trkpt lat="-9.0607149" lon="148.3858972"/>
      <trkpt lat="-9.0605651" lon="148.3859713"/>
      <trkpt lat="-9.0604015" lon="148.3860140"/>
      <trkpt lat="-9.0602226" lon="148.3860164"/>
      <trkpt lat="-9.0600466" lon="148.3860391"/>
      <trkpt lat="-9.0598727" lon="148.3860722"/>
      <trkpt lat="-9.0597096" lon="148.3861290"/>
      <trkpt lat="-9.0595530" lon="148.3861979"/>
      <trkpt lat="-9.0594099" lon="148.3862850"/>
      <trkpt lat="-9.0592725" lon="148.3863774"/>
      <trkpt lat="-9.0591277" lon="148.3864487"/>
      <trkpt lat="-9.0589712" lon="148.3865074"/>
      <trkpt lat="-9.0588268" lon="148.3865822"/>
      <trkpt lat="-9.0586926" lon="148.3866762"/>
      <trkpt lat="-9.0585727" lon="148.3867786"/>
      <trkpt lat="-9.0584343" lon="148.3868662"/>
      <trkpt lat="-9.0582822" lon="148.3869240"/>
      <trkpt lat="-9.0581140" lon="148.3869390"/>
      <trkpt lat="-9.0579450" lon="148.3868929"/>
      <trkpt lat="-9.0577842" lon="148.3868268"/>
      <trkpt lat="-9.0576265" lon="148.3867734"/>
      <trkpt lat="-9.0574602" lon="148.3867515"/>
      <trkpt lat="-9.0572994" lon="148.3867249"/>
      <trkpt lat="-9.0571339" lon="148.3866981"/>
      <trkpt lat="-9.0569699" lon="148.3866874"/>
      <trkpt lat="-9.0568008" lon="148.3866866"/>
      <trkpt lat="-9.0566457" lon="148.3866590"/>
      <trkpt lat="-9.0565169" lon="148.3865654"/>
      <trkpt lat="-9.0564067" lon="148.3864383"/>
      <trkpt lat="-9.0563142" lon="148.3862950"/>
      <trkpt lat="-9.0562277" lon="148.3861486"/>
      <trkpt lat="-9.0561457" lon="148.3859961"/>
      <trkpt lat="-9.0560799" lon="148.3858302"/>
      <trkpt lat="-9.0560171" lon="148.3856621"/>
      <trkpt lat="-9.0559414" lon="148.3855077"/>
      <trkpt lat="-9.0558570" lon="148.3853664"/>
      <trkpt lat="-9.0557713" lon="148.3852261"/>
      <trkpt lat="-9.0557285" lon="148.3850668"/>
      <trkpt lat="-9.0557088" lon="148.3849533"/>
      <trkpt lat="-9.0556634" lon="148.3848791"/>
      <trkpt lat="-9.0555679" lon="148.3848288"/>
      <trkpt lat="-9.0554287" lon="148.3847356"/>
      <trkpt lat="-9.0553135" lon="148.3846102"/>
      <trkpt lat="-9.0552014" lon="148.3844910"/>
      <trkpt lat="-9.0551023" lon="148.3843618"/>
      <trkpt lat="-9.0549927" lon="148.3842451"/>
      <trkpt lat="-9.0548850" lon="148.3841151"/>
      <trkpt lat="-9.0547583" lon="148.3840020"/>
      <trkpt lat="-9.0546555" lon="148.3838742"/>
      <trkpt lat="-9.0545800" lon="148.3837315"/>
      <trkpt lat="-9.0545215" lon="148.3835742"/>
      <trkpt lat="-9.0544550" lon="148.3834108"/>
      <trkpt lat="-9.0543765" lon="148.3832584"/>
      <trkpt lat="-9.0543474" lon="148.3831526"/>
      <trkpt lat="-9.0543169" lon="148.3830863"/>
      <trkpt lat="-9.0543252" lon="148.3830593"/>
      <trkpt lat="-9.0543374" lon="148.3830292"/>
      <trkpt lat="-9.0543299" lon="148.3830305"/>
      <trkpt lat="-9.0543142" lon="148.3830473"/>
      <trkpt lat="-9.0542514" lon="148.3831249"/>
      <trkpt lat="-9.0542279" lon="148.3832469"/>
      <trkpt lat="-9.0542096" lon="148.3834190"/>
      <trkpt lat="-9.0542000" lon="148.3835944"/>
      <trkpt lat="-9.0541666" lon="148.3837616"/>
      <trkpt lat="-9.0541149" lon="148.3839109"/>
      <trkpt lat="-9.0540728" lon="148.3840074"/>
      <trkpt lat="-9.0540299" lon="148.3840842"/>
      <trkpt lat="-9.0539561" lon="148.3841610"/>
      <trkpt lat="-9.0538874" lon="148.3842579"/>
      <trkpt lat="-9.0538382" lon="148.3843161"/>
      <trkpt lat="-9.0538289" lon="148.3843186"/>
      <trkpt lat="-9.0538191" lon="148.3842771"/>
      <trkpt lat="-9.0537954" lon="148.3842764"/>
      <trkpt lat="-9.0537620" lon="148.3843103"/>
      <trkpt lat="-9.0537719" lon="148.3843741"/>
      <trkpt lat="-9.0537927" lon="148.3844626"/>
      <trkpt lat="-9.0538532" lon="148.3845793"/>
      <trkpt lat="-9.0539202" lon="148.3847218"/>
      <trkpt lat="-9.0540565" lon="148.3848089"/>
      <trkpt lat="-9.0542187" lon="148.3848687"/>
      <trkpt lat="-9.0543481" lon="148.3849438"/>
      <trkpt lat="-9.0543848" lon="148.3850641"/>
      <trkpt lat="-9.0543265" lon="148.3852072"/>
      <trkpt lat="-9.0542013" lon="148.3853325"/>
      <trkpt lat="-9.0540637" lon="148.3854476"/>
      <trkpt lat="-9.0539604" lon="148.3855760"/>
      <trkpt lat="-9.0539280" lon="148.3857256"/>
      <trkpt lat="-9.0539783" lon="148.3858849"/>
      <trkpt lat="-9.0540261" lon="148.3860310"/>
      <trkpt lat="-9.0540006" lon="148.3861469"/>
      <trkpt lat="-9.0538928" lon="148.3862053"/>
      <trkpt lat="-9.0537598" lon="148.3862677"/>
      <trkpt lat="-9.0536319" lon="148.3863429"/>
      <trkpt lat="-9.0535009" lon="148.3864635"/>
      <trkpt lat="-9.0533670" lon="148.3865757"/>
      <trkpt lat="-9.0532453" lon="148.3866990"/>
      <trkpt lat="-9.0531374" lon="148.3868119"/>
      <trkpt lat="-9.0530095" lon="148.3868984"/>
      <trkpt lat="-9.0528616" lon="148.3869374"/>
      <trkpt lat="-9.0526948" lon="148.3869695"/>
      <trkpt lat="-9.0525264" lon="148.3869945"/>
      <trkpt lat="-9.0523568" lon="148.3870361"/>
      <trkpt lat="-9.0521859" lon="148.3870821"/>
      <trkpt lat="-9.0520245" lon="148.3871193"/>
      <trkpt lat="-9.0519154" lon="148.3871463"/>
      <trkpt lat="-9.0518202" lon="148.3871941"/>
      <trkpt lat="-9.0517289" lon="148.3872829"/>
      <trkpt lat="-9.0516462" lon="148.3873835"/>
      <trkpt lat="-9.0515492" lon="148.3874187"/>
      <trkpt lat="-9.0514789" lon="148.3873618"/>
      <trkpt lat="-9.0514120" lon="148.3872354"/>
      <trkpt lat="-9.0513675" lon="148.3871293"/>
      <trkpt lat="-9.0513111" lon="148.3870255"/>
      <trkpt lat="-9.0512187" lon="148.3869287"/>
      <trkpt lat="-9.0511580" lon="148.3867728"/>
      <trkpt lat="-9.0510897" lon="148.3866297"/>
      <trkpt lat="-9.0510133" lon="148.3864931"/>
      <trkpt lat="-9.0509456" lon="148.3863613"/>
      <trkpt lat="-9.0508853" lon="148.3862589"/>
      <trkpt lat="-9.0508698" lon="148.3861884"/>
      <trkpt lat="-9.0508526" lon="148.3861317"/>
      <trkpt lat="-9.0508271" lon="148.3860398"/>
      <trkpt lat="-9.0507519" lon="148.3859139"/>
      <trkpt lat="-9.0506793" lon="148.3857708"/>
      <trkpt lat="-9.0506430" lon="148.3856176"/>
      <trkpt lat="-9.0506658" lon="148.3854538"/>
      <trkpt lat="-9.0506894" lon="148.3852916"/>
      <trkpt lat="-9.0507245" lon="148.3851272"/>
      <trkpt lat="-9.0507402" lon="148.3849558"/>
      <trkpt lat="-9.0507815" lon="148.3847926"/>
      <trkpt lat="-9.0508051" lon="148.3846865"/>
      <trkpt lat="-9.0508729" lon="148.3846132"/>
      <trkpt lat="-9.0509638" lon="148.3845737"/>
      <trkpt lat="-9.0511207" lon="148.3845165"/>
      <trkpt lat="-9.0512854" lon="148.3844534"/>
      <trkpt lat="-9.0514320" lon="148.3843675"/>
      <trkpt lat="-9.0515402" lon="148.3842462"/>
      <trkpt lat="-9.0515892" lon="148.3841655"/>
      <trkpt lat="-9.0516107" lon="148.3840976"/>
      <trkpt lat="-9.0516194" lon="148.3841102"/>
      <trkpt lat="-9.0516307" lon="148.3841201"/>
      <trkpt lat="-9.0516092" lon="148.3841014"/>
      <trkpt lat="-9.0516082" lon="148.3840010"/>
      <trkpt lat="-9.0516167" lon="148.3838340"/>
      <trkpt lat="-9.0516436" lon="148.3836629"/>
      <trkpt lat="-9.0516085" lon="148.3834982"/>
      <trkpt lat="-9.0515578" lon="148.3833343"/>
      <trkpt lat="-9.0515000" lon="148.3831690"/>
      <trkpt lat="-9.0514693" lon="148.3829917"/>
      <trkpt lat="-9.0514620" lon="148.3828153"/>
      <trkpt lat="-9.0514898" lon="148.3826436"/>
      <trkpt lat="-9.0515366" lon="148.3824714"/>
      <trkpt lat="-9.0515916" lon="148.3822997"/>
      <trkpt lat="-9.0516456" lon="148.3821273"/>
      <trkpt lat="-9.0517129" lon="148.3819589"/>
      <trkpt lat="-9.0517787" lon="148.3817899"/>
      <trkpt lat="-9.0518480" lon="148.3816228"/>
      <trkpt lat="-9.0519158" lon="148.3814563"/>
      <trkpt lat="-9.0520084" lon="148.3813047"/>
      <trkpt lat="-9.0521143" lon="148.3811657"/>
      <trkpt lat="-9.0522404" lon="148.3810463"/>
      <trkpt lat="-9.0523620" lon="148.3809290"/>
      <trkpt lat="-9.0524859" lon="148.3808550"/>
      <trkpt lat="-9.0525655" lon="148.3808103"/>
      <trkpt lat="-9.0526634" lon="148.3807950"/>
      <trkpt lat="-9.0527763" lon="148.3807679"/>
      <trkpt lat="-9.0529425" lon="148.3807758"/>
      <trkpt lat="-9.0531078" lon="148.3808190"/>
      <trkpt lat="-9.0532691" lon="148.3808578"/>
      <trkpt lat="-9.0534344" lon="148.3808538"/>
      <trkpt lat="-9.0536032" lon="148.3808220"/>
      <trkpt lat="-9.0537554" lon="148.3807951"/>
      <trkpt lat="-9.0538687" lon="148.3807269"/>
      <trkpt lat="-9.0539219" lon="148.3806031"/>
      <trkpt lat="-9.0539786" lon="148.3804574"/>
      <trkpt lat="-9.0540415" lon="148.3803111"/>
      <trkpt lat="-9.0541430" lon="148.3801776"/>
      <trkpt lat="-9.0542518" lon="148.3800521"/>
      <trkpt lat="-9.0543974" lon="148.3799939"/>
      <trkpt lat="-9.0545659" lon="148.3799841"/>
      <trkpt lat="-9.0547402" lon="148.3799909"/>
      <trkpt lat="-9.0549098" lon="148.3799976"/>
      <trkpt lat="-9.0550353" lon="148.3799901"/>
      <trkpt lat="-9.0551219" lon="148.3799757"/>
    </trkseg>
    <trkseg>
      <trkpt lat="-9.0551804" lon="148.3786354"/>
      <trkpt lat="-9.0550783" lon="148.3784901"/>
      <trkpt lat="-9.0549473" lon="148.3783827"/>
      <trkpt lat="-9.0547917" lon="148.3783014"/>
      <trkpt lat="-9.0546438" lon="148.3782119"/>
      <trkpt lat="-9.0545139" lon="148.3780925"/>
      <trkpt lat="-9.0543894" lon="148.3779635"/>
      <trkpt lat="-9.0542558" lon="148.3778436"/>
      <trkpt lat="-9.0541225" lon="148.3777261"/>
      <trkpt lat="-9.0539822" lon="148.3776225"/>
      <trkpt lat="-9.0538303" lon="148.3775692"/>
      <trkpt lat="-9.0536598" lon="148.3775484"/>
      <trkpt lat="-9.0534890" lon="148.3775257"/>
      <trkpt lat="-9.0533164" lon="148.3774962"/>
      <trkpt lat="-9.0531421" lon="148.3774798"/>
      <trkpt lat="-9.0529628" lon="148.3774831"/>
      <trkpt lat="-9.0527842" lon="148.3774892"/>
      <trkpt lat="-9.0526061" lon="148.3775050"/>
      <trkpt lat="-9.0524292" lon="148.3775394"/>
      <trkpt lat="-9.0522521" lon="148.3775755"/>
      <trkpt lat="-9.0520753" lon="148.3776130"/>
      <trkpt lat="-9.0518996" lon="148.3776549"/>
      <trkpt lat="-9.0517262" lon="148.3777061"/>
      <trkpt lat="-9.0515525" lon="148.3777550"/>
      <trkpt lat="-9.0513792" lon="148.3778048"/>
      <trkpt lat="-9.0512029" lon="148.3778403"/>
      <trkpt lat="-9.0510258" lon="148.3778685"/>
      <trkpt lat="-9.0508468" lon="148.3778668"/>
      <trkpt lat="-9.0506687" lon="148.3778494"/>
      <trkpt lat="-9.0504909" lon="148.3778221"/>
      <trkpt lat="-9.0503122" lon="148.3778108"/>
      <trkpt lat="-9.0501367" lon="148.3778317"/>
      <trkpt lat="-9.0499631" lon="148.3778750"/>
      <trkpt lat="-9.0497915" lon="148.3779301"/>
      <trkpt lat="-9.0496186" lon="148.3779800"/>
      <trkpt lat="-9.0494440" lon="148.3780200"/>
      <trkpt lat="-9.0492671" lon="148.3780476"/>
      <trkpt lat="-9.0490885" lon="148.3780711"/>
      <trkpt lat="-9.0489109" lon="148.3780825"/>
      <trkpt lat="-9.0487381" lon="148.3781086"/>
      <trkpt lat="-9.0485742" lon="148.3781553"/>
      <trkpt lat="-9.0484102" lon="148.3782205"/>
      <trkpt lat="-9.0482416" lon="148.3782615"/>
      <trkpt lat="-9.0480716" lon="148.3782965"/>
      <trkpt lat="-9.0479062" lon="148.3783447"/>
      <trkpt lat="-9.0477417" lon="148.3784023"/>
      <trkpt lat="-9.0475773" lon="148.3784093"/>
      <trkpt lat="-9.0474139" lon="148.3783859"/>
      <trkpt lat="-9.0472496" lon="148.3783595"/>
      <trkpt lat="-9.0470851" lon="148.3783809"/>
      <trkpt lat="-9.0469646" lon="148.3783845"/>
      <trkpt lat="-9.0469117" lon="148.3784054"/>
      <trkpt lat="-9.0469121" lon="148.3784042"/>
      <trkpt lat="-9.0468996" lon="148.3784408"/>
      <trkpt lat="-9.0468598" lon="148.3785159"/>
      <trkpt lat="-9.0468237" lon="148.3786412"/>
      <trkpt lat="-9.0467788" lon="148.3788006"/>
      <trkpt lat="-9.0467184" lon="148.3789456"/>
      <trkpt lat="-9.0466383" lon="148.3790669"/>
      <trkpt lat="-9.0465973" lon="148.3791822"/>
      <trkpt lat="-9.0465635" lon="148.3793084"/>
      <trkpt lat="-9.0465202" lon="148.3794612"/>
      <trkpt lat="-9.0464477" lon="148.3796264"/>
      <trkpt lat="-9.0463650" lon="148.3797848"/>
      <trkpt lat="-9.0462758" lon="148.3799381"/>
      <trkpt lat="-9.0461685" lon="148.3800774"/>
      <trkpt lat="-9.0460499" lon="148.3802022"/>
      <trkpt lat="-9.0459201" lon="148.3803191"/>
      <trkpt lat="-9.0457862" lon="148.3804334"/>
      <trkpt lat="-9.0457000" lon="148.3805430"/>
      <trkpt lat="-9.0456277" lon="148.3806229"/>
      <trkpt lat="-9.0455496" lon="148.3806970"/>
      <trkpt lat="-9.0454229" lon="148.3807721"/>
      <trkpt lat="-9.0452744" lon="148.3808619"/>
      <trkpt lat="-9.0451230" lon="148.3809481"/>
      <trkpt lat="-9.0449704" lon="148.3810375"/>
      <trkpt lat="-9.0448288" lon="148.3811457"/>
      <trkpt lat="-9.0446945" lon="148.3812639"/>
      <trkpt lat="-9.0445850" lon="148.3814035"/>
      <trkpt lat="-9.0444900" lon="148.3815244"/>
      <trkpt lat="-9.0444288" lon="148.3816619"/>
      <trkpt lat="-9.0443703" lon="148.3817931"/>
      <trkpt lat="-9.0443090" lon="148.3819405"/>
      <trkpt lat="-9.0442509" lon="148.3820900"/>
      <trkpt lat="-9.0442073" lon="148.3822521"/>
      <trkpt lat="-9.0441526" lon="148.3824133"/>
      <trkpt lat="-9.0440566" lon="148.3825380"/>
      <trkpt lat="-9.0439230" lon="148.3826366"/>
      <trkpt lat="-9.0437695" lon="148.3826908"/>
      <trkpt lat="-9.0436053" lon="148.3827099"/>
      <trkpt lat="-9.0434287" lon="148.3826946"/>
      <trkpt lat="-9.0432552" lon="148.3826602"/>
      <trkpt lat="-9.0430811" lon="148.3826388"/>
      <trkpt lat="-9.0429109" lon="148.3826059"/>
      <trkpt lat="-9.0427450" lon="148.3825629"/>
      <trkpt lat="-9.0425972" lon="148.3824870"/>
      <trkpt lat="-9.0424522" lon="148.3824036"/>
      <trkpt lat="-9.0423000" lon="148.3823403"/>
      <trkpt lat="-9.0421406" lon="148.3823238"/>
      <trkpt lat="-9.0419742" lon="148.3823211"/>
      <trkpt lat="-9.0418089" lon="148.3823098"/>
      <trkpt lat="-9.0416400" lon="148.3822881"/>
      <trkpt lat="-9.0415620" lon="148.3822881"/>
      <trkpt lat="-9.0415307" lon="148.3823003"/>
      <trkpt lat="-9.0415460" lon="148.3823131"/>
      <trkpt lat="-9.0414769" lon="148.3823236"/>
      <trkpt lat="-9.0414623" lon="148.3823196"/>
      <trkpt lat="-9.0414490" lon="148.3823068"/>
      <trkpt lat="-9.0415299" lon="148.3822698"/>
      <trkpt lat="-9.0415425" lon="148.3822356"/>
      <trkpt lat="-9.0415353" lon="148.3821861"/>
    </trkseg>
    <trkseg>
      <trkpt lat="-9.0392278" lon="148.3841951"/>
      <trkpt lat="-9.0392413" lon="148.3843494"/>
      <trkpt lat="-9.0392106" lon="148.3845083"/>
      <trkpt lat="-9.0391447" lon="148.3846747"/>
      <trkpt lat="-9.0390657" lon="148.3848308"/>
      <trkpt lat="-9.0389561" lon="148.3849594"/>
      <trkpt lat="-9.0388292" lon="148.3850776"/>
      <trkpt lat="-9.0387233" lon="148.3852093"/>
      <trkpt lat="-9.0386579" lon="148.3853711"/>
      <trkpt lat="-9.0386083" lon="148.3855411"/>
      <trkpt lat="-9.0385876" lon="148.3857175"/>
      <trkpt lat="-9.0385917" lon="148.3858942"/>
      <trkpt lat="-9.0386274" lon="148.3860704"/>
      <trkpt lat="-9.0387021" lon="148.3862259"/>
      <trkpt lat="-9.0388170" lon="148.3863511"/>
      <trkpt lat="-9.0389524" lon="148.3864621"/>
      <trkpt lat="-9.0390274" lon="148.3865874"/>
      <trkpt lat="-9.0390211" lon="148.3867247"/>
      <trkpt lat="-9.0389177" lon="148.3868101"/>
      <trkpt lat="-9.0387736" lon="148.3868220"/>
      <trkpt lat="-9.0385989" lon="148.3867804"/>
      <trkpt lat="-9.0384260" lon="148.3867304"/>
      <trkpt lat="-9.0382530" lon="148.3867003"/>
      <trkpt lat="-9.0381152" lon="148.3867230"/>
      <trkpt lat="-9.0380544" lon="148.3868157"/>
      <trkpt lat="-9.0381056" lon="148.3869307"/>
      <trkpt lat="-9.0382186" lon="148.3870522"/>
      <trkpt lat="-9.0383088" lon="148.3871772"/>
      <trkpt lat="-9.0383132" lon="148.3873310"/>
      <trkpt lat="-9.0382436" lon="148.3874846"/>
      <trkpt lat="-9.0381336" lon="148.3876237"/>
      <trkpt lat="-9.0380023" lon="148.3877422"/>
      <trkpt lat="-9.0378596" lon="148.3878509"/>
      <trkpt lat="-9.0377129" lon="148.3879550"/>
      <trkpt lat="-9.0375752" lon="148.3880691"/>
      <trkpt lat="-9.0374790" lon="148.3882047"/>
      <trkpt lat="-9.0374380" lon="148.3883612"/>
      <trkpt lat="-9.0374309" lon="148.3885317"/>
      <trkpt lat="-9.0374040" lon="148.3886989"/>
      <trkpt lat="-9.0373547" lon="148.3888665"/>
      <trkpt lat="-9.0373277" lon="148.3890384"/>
      <trkpt lat="-9.0373420" lon="148.3892136"/>
      <trkpt lat="-9.0373612" lon="148.3893899"/>
      <trkpt lat="-9.0373538" lon="148.3895665"/>
      <trkpt lat="-9.0373109" lon="148.3897416"/>
      <trkpt lat="-9.0372570" lon="148.3899142"/>
      <trkpt lat="-9.0371894" lon="148.3900818"/>
      <trkpt lat="-9.0371109" lon="148.3902405"/>
      <trkpt lat="-9.0370328" lon="148.3903993"/>
      <trkpt lat="-9.0369643" lon="148.3905619"/>
      <trkpt lat="-9.0369380" lon="148.3907332"/>
      <trkpt lat="-9.0369393" lon="148.3909060"/>
      <trkpt lat="-9.0369459" lon="148.3910801"/>
      <trkpt lat="-9.0369266" lon="148.3912564"/>
      <trkpt lat="-9.0368803" lon="148.3914310"/>
      <trkpt lat="-9.0368451" lon="148.3916069"/>
      <trkpt lat="-9.0368157" lon="148.3917838"/>
      <trkpt lat="-9.0368223" lon="148.3919610"/>
      <trkpt lat="-9.0368071" lon="148.3921254"/>
      <trkpt lat="-9.0367553" lon="148.3922680"/>
      <trkpt lat="-9.0366437" lon="148.3923941"/>
      <trkpt lat="-9.0365223" lon="148.3925167"/>
      <trkpt lat="-9.0364209" lon="148.3926538"/>
      <trkpt lat="-9.0363139" lon="148.3927843"/>
      <trkpt lat="-9.0361819" lon="148.3928890"/>
      <trkpt lat="-9.0360186" lon="148.3929616"/>
      <trkpt lat="-9.0358465" lon="148.3930170"/>
      <trkpt lat="-9.0356771" lon="148.3930790"/>
      <trkpt lat="-9.0355173" lon="148.3931546"/>
      <trkpt lat="-9.0353568" lon="148.3932273"/>
      <trkpt lat="-9.0351989" lon="148.3933049"/>
      <trkpt lat="-9.0350528" lon="148.3933970"/>
      <trkpt lat="-9.0349519" lon="148.3935331"/>
      <trkpt lat="-9.0348904" lon="148.3936984"/>
      <trkpt lat="-9.0348452" lon="148.3938719"/>
      <trkpt lat="-9.0347800" lon="148.3940375"/>
      <trkpt lat="-9.0347025" lon="148.3941990"/>
      <trkpt lat="-9.0346255" lon="148.3943608"/>
      <trkpt lat="-9.0345650" lon="148.3945307"/>
      <trkpt lat="-9.0344903" lon="148.3946892"/>
      <trkpt lat="-9.0344181" lon="148.3948488"/>
      <trkpt lat="-9.0343427" lon="148.3950066"/>
      <trkpt lat="-9.0343074" lon="148.3951812"/>
      <trkpt lat="-9.0342889" lon="148.3953584"/>
      <trkpt lat="-9.0343319" lon="148.3955235"/>
      <trkpt lat="-9.0344082" lon="148.3956776"/>
      <trkpt lat="-9.0344876" lon="148.3958316"/>
      <trkpt lat="-9.0345294" lon="148.3960020"/>
      <trkpt lat="-9.0345228" lon="148.3961819"/>
      <trkpt lat="-9.0344865" lon="148.3963558"/>
      <trkpt lat="-9.0344174" lon="148.3965221"/>
      <trkpt lat="-9.0343326" lon="148.3966823"/>
      <trkpt lat="-9.0342275" lon="148.3968256"/>
      <trkpt lat="-9.0340924" lon="148.3969240"/>
      <trkpt lat="-9.0339329" lon="148.3969423"/>
      <trkpt lat="-9.0337623" lon="148.3969073"/>
      <trkpt lat="-9.0335940" lon="148.3968457"/>
      <trkpt lat="-9.0334198" lon="148.3968063"/>
      <trkpt lat="-9.0332428" lon="148.3967807"/>
      <trkpt lat="-9.0330664" lon="148.3967598"/>
      <trkpt lat="-9.0328925" lon="148.3967249"/>
      <trkpt lat="-9.0327302" lon="148.3966578"/>
      <trkpt lat="-9.0325770" lon="148.3965672"/>
      <trkpt lat="-9.0324296" lon="148.3964646"/>
      <trkpt lat="-9.0322828" lon="148.3963594"/>
      <trkpt lat="-9.0321280" lon="148.3962694"/>
      <trkpt lat="-9.0319653" lon="148.3962137"/>
      <trkpt lat="-9.0317900" lon="148.3961950"/>
      <trkpt lat="-9.0316145" lon="148.3962184"/>
      <trkpt lat="-9.0314458" lon="148.3962684"/>
      <trkpt lat="-9.0312927" lon="148.3963584"/>
      <trkpt lat="-9.0311450" lon="148.3964549"/>
      <trkpt lat="-9.0309968" lon="148.3965474"/>
      <trkpt lat="-9.0308432" lon="148.3966313"/>
      <trkpt lat="-9.0306820" lon="148.3967055"/>
      <trkpt lat="-9.0305188" lon="148.3967771"/>
      <trkpt lat="-9.0303528" lon="148.3968464"/>
      <trkpt lat="-9.0301915" lon="148.3969255"/>
      <trkpt lat="-9.0300266" lon="148.3969907"/>
      <trkpt lat="-9.0298663" lon="148.3970613"/>
      <trkpt lat="-9.0297217" lon="148.3971505"/>
      <trkpt lat="-9.0296074" lon="148.3972820"/>
      <trkpt lat="-9.0295126" lon="148.3974288"/>
      <trkpt lat="-9.0294359" lon="148.3975873"/>
      <trkpt lat="-9.0293755" lon="148.3977534"/>
      <trkpt lat="-9.0293345" lon="148.3979253"/>
      <trkpt lat="-9.0292882" lon="148.3980908"/>
      <trkpt lat="-9.0292601" lon="148.3982520"/>
      <trkpt lat="-9.0292265" lon="148.3984112"/>
      <trkpt lat="-9.0292196" lon="148.3985804"/>
      <trkpt lat="-9.0292068" lon="148.3987550"/>
      <trkpt lat="-9.0292123" lon="148.3989350"/>
      <trkpt lat="-9.0292240" lon="148.3990775"/>
      <trkpt lat="-9.0292440" lon="148.3991825"/>
    </trkseg>
    <trkseg>
      <trkpt lat="-9.0292433" lon="148.3991938"/>
      <trkpt lat="-9.0292750" lon="148.3993712"/>
      <trkpt lat="-9.0292898" lon="148.3995508"/>
      <trkpt lat="-9.0292846" lon="148.3997324"/>
      <trkpt lat="-9.0292794" lon="148.3999139"/>
      <trkpt lat="-9.0293053" lon="148.4000865"/>
      <trkpt lat="-9.0293551" lon="148.4002560"/>
      <trkpt lat="-9.0294187" lon="148.4004239"/>
      <trkpt lat="-9.0294641" lon="148.4005997"/>
      <trkpt lat="-9.0295004" lon="148.4007778"/>
      <trkpt lat="-9.0295330" lon="148.4009566"/>
      <trkpt lat="-9.0295588" lon="148.4011325"/>
      <trkpt lat="-9.0295656" lon="148.4013087"/>
      <trkpt lat="-9.0295528" lon="148.4014851"/>
      <trkpt lat="-9.0295140" lon="148.4016617"/>
      <trkpt lat="-9.0294734" lon="148.4018379"/>
      <trkpt lat="-9.0294237" lon="148.4020115"/>
      <trkpt lat="-9.0293747" lon="148.4021852"/>
      <trkpt lat="-9.0293341" lon="148.4023597"/>
      <trkpt lat="-9.0293163" lon="148.4025370"/>
      <trkpt lat="-9.0292851" lon="148.4027074"/>
      <trkpt lat="-9.0292147" lon="148.4028613"/>
      <trkpt lat="-9.0290949" lon="148.4029958"/>
      <trkpt lat="-9.0289617" lon="148.4031185"/>
      <trkpt lat="-9.0288257" lon="148.4032381"/>
      <trkpt lat="-9.0286848" lon="148.4033511"/>
      <trkpt lat="-9.0285389" lon="148.4034563"/>
      <trkpt lat="-9.0283856" lon="148.4035278"/>
      <trkpt lat="-9.0282366" lon="148.4035252"/>
      <trkpt lat="-9.0280981" lon="148.4034485"/>
      <trkpt lat="-9.0279656" lon="148.4033262"/>
      <trkpt lat="-9.0278311" lon="148.4032071"/>
      <trkpt lat="-9.0276860" lon="148.4031010"/>
      <trkpt lat="-9.0275406" lon="148.4029945"/>
      <trkpt lat="-9.0273964" lon="148.4028859"/>
      <trkpt lat="-9.0272545" lon="148.4027739"/>
      <trkpt lat="-9.0271124" lon="148.4026620"/>
      <trkpt lat="-9.0269697" lon="148.4025506"/>
      <trkpt lat="-9.0268325" lon="148.4024324"/>
      <trkpt lat="-9.0267013" lon="148.4023080"/>
      <trkpt lat="-9.0265766" lon="148.4021770"/>
      <trkpt lat="-9.0264546" lon="148.4020433"/>
      <trkpt lat="-9.0263317" lon="148.4019101"/>
      <trkpt lat="-9.0261996" lon="148.4017874"/>
      <trkpt lat="-9.0260588" lon="148.4016750"/>
      <trkpt lat="-9.0259157" lon="148.4015664"/>
      <trkpt lat="-9.0257829" lon="148.4014462"/>
      <trkpt lat="-9.0256700" lon="148.4013073"/>
      <trkpt lat="-9.0255446" lon="148.4011879"/>
      <trkpt lat="-9.0254009" lon="148.4011074"/>
      <trkpt lat="-9.0252300" lon="148.4010980"/>
      <trkpt lat="-9.0250596" lon="148.4011318"/>
      <trkpt lat="-9.0248872" lon="148.4011831"/>
      <trkpt lat="-9.0247124" lon="148.4012188"/>
      <trkpt lat="-9.0245332" lon="148.4012253"/>
      <trkpt lat="-9.0243540" lon="148.4012264"/>
      <trkpt lat="-9.0241747" lon="148.4012252"/>
      <trkpt lat="-9.0240194" lon="148.4012679"/>
      <trkpt lat="-9.0238760" lon="148.4013221"/>
      <trkpt lat="-9.0237353" lon="148.4013609"/>
      <trkpt lat="-9.0235719" lon="148.4013755"/>
      <trkpt lat="-9.0233963" lon="148.4013708"/>
      <trkpt lat="-9.0232179" lon="148.4013879"/>
      <trkpt lat="-9.0230404" lon="148.4014075"/>
      <trkpt lat="-9.0228723" lon="148.4014628"/>
      <trkpt lat="-9.0227161" lon="148.4015467"/>
      <trkpt lat="-9.0225664" lon="148.4016468"/>
      <trkpt lat="-9.0224183" lon="148.4017498"/>
      <trkpt lat="-9.0222785" lon="148.4018619"/>
      <trkpt lat="-9.0221460" lon="148.4019825"/>
      <trkpt lat="-9.0220037" lon="148.4020818"/>
      <trkpt lat="-9.0218717" lon="148.4021873"/>
      <trkpt lat="-9.0217305" lon="148.4022600"/>
      <trkpt lat="-9.0216331" lon="148.4023693"/>
      <trkpt lat="-9.0215262" lon="148.4024530"/>
      <trkpt lat="-9.0214858" lon="148.4025220"/>
      <trkpt lat="-9.0214276" lon="148.4025388"/>
      <trkpt lat="-9.0214036" lon="148.4025306"/>
      <trkpt lat="-9.0214033" lon="148.4024969"/>
      <trkpt lat="-9.0213795" lon="148.4024546"/>
      <trkpt lat="-9.0213170" lon="148.4023820"/>
      <trkpt lat="-9.0211648" lon="148.4023149"/>
      <trkpt lat="-9.0210500" lon="148.4022034"/>
      <trkpt lat="-9.0209250" lon="148.4021158"/>
      <trkpt lat="-9.0208412" lon="148.4020160"/>
      <trkpt lat="-9.0207575" lon="148.4019394"/>
      <trkpt lat="-9.0207334" lon="148.4018608"/>
      <trkpt lat="-9.0206881" lon="148.4017710"/>
      <trkpt lat="-9.0206235" lon="148.4016698"/>
      <trkpt lat="-9.0205184" lon="148.4015768"/>
      <trkpt lat="-9.0204052" lon="148.4015037"/>
      <trkpt lat="-9.0202879" lon="148.4014843"/>
      <trkpt lat="-9.0201772" lon="148.4014167"/>
      <trkpt lat="-9.0200560" lon="148.4013503"/>
      <trkpt lat="-9.0199484" lon="148.4012348"/>
      <trkpt lat="-9.0198149" lon="148.4011427"/>
      <trkpt lat="-9.0197267" lon="148.4010518"/>
      <trkpt lat="-9.0196899" lon="148.4009496"/>
      <trkpt lat="-9.0197464" lon="148.4008303"/>
      <trkpt lat="-9.0198256" lon="148.4007360"/>
      <trkpt lat="-9.0198722" lon="148.4006565"/>
      <trkpt lat="-9.0198310" lon="148.4005996"/>
      <trkpt lat="-9.0197435" lon="148.4004956"/>
      <trkpt lat="-9.0196490" lon="148.4004178"/>
      <trkpt lat="-9.0195597" lon="148.4003739"/>
      <trkpt lat="-9.0195135" lon="148.4003748"/>
      <trkpt lat="-9.0194605" lon="148.4003799"/>
      <trkpt lat="-9.0194763" lon="148.4003567"/>
      <trkpt lat="-9.0194526" lon="148.4003877"/>
      <trkpt lat="-9.0194402" lon="148.4003633"/>
      <trkpt lat="-9.0194176" lon="148.4003991"/>
      <trkpt lat="-9.0194227" lon="148.4003839"/>
      <trkpt lat="-9.0194149" lon="148.4004034"/>
      <trkpt lat="-9.0193915" lon="148.4003546"/>
      <trkpt lat="-9.0193273" lon="148.4002682"/>
      <trkpt lat="-9.0192524" lon="148.4002400"/>
      <trkpt lat="-9.0191797" lon="148.4002586"/>
      <trkpt lat="-9.0190867" lon="148.4003277"/>
      <trkpt lat="-9.0189858" lon="148.4004035"/>
      <trkpt lat="-9.0188348" lon="148.4004341"/>
      <trkpt lat="-9.0186883" lon="148.4004466"/>
      <trkpt lat="-9.0185698" lon="148.4004653"/>
      <trkpt lat="-9.0184502" lon="148.4005286"/>
      <trkpt lat="-9.0183494" lon="148.4005990"/>
      <trkpt lat="-9.0182516" lon="148.4006138"/>
      <trkpt lat="-9.0181530" lon="148.4006336"/>
      <trkpt lat="-9.0180307" lon="148.4006443"/>
      <trkpt lat="-9.0178619" lon="148.4006541"/>
      <trkpt lat="-9.0177115" lon="148.4006782"/>
      <trkpt lat="-9.0175971" lon="148.4007079"/>
      <trkpt lat="-9.0175468" lon="148.4007052"/>
      <trkpt lat="-9.0175687" lon="148.4006750"/>
      <trkpt lat="-9.0175934" lon="148.4006289"/>
      <trkpt lat="-9.0176601" lon="148.4006008"/>
      <trkpt lat="-9.0176593" lon="148.4005914"/>
      <trkpt lat="-9.0176918" lon="148.4006604"/>
      <trkpt lat="-9.0176747" lon="148.4007573"/>
      <trkpt lat="-9.0176523" lon="148.4007824"/>
      <trkpt lat="-9.0176056" lon="148.4007481"/>
      <trkpt lat="-9.0175411" lon="148.4006800"/>
      <trkpt lat="-9.0174962" lon="148.4006999"/>
      <trkpt lat="-9.0174892" lon="148.4007749"/>
      <trkpt lat="-9.0175095" lon="148.4009168"/>
      <trkpt lat="-9.0175351" lon="148.4010598"/>
      <trkpt lat="-9.0175153" lon="148.4012053"/>
      <trkpt lat="-9.0174748" lon="148.4013299"/>
      <trkpt lat="-9.0174768" lon="148.4013995"/>
      <trkpt lat="-9.0174988" lon="148.4014364"/>
      <trkpt lat="-9.0175011" lon="148.4014868"/>
      <trkpt lat="-9.0174546" lon="148.4015970"/>
      <trkpt lat="-9.0174416" lon="148.4017292"/>
      <trkpt lat="-9.0174205" lon="148.4018708"/>
      <trkpt lat="-9.0173687" lon="148.4019964"/>
      <trkpt lat="-9.0172811" lon="148.4021332"/>
      <trkpt lat="-9.0171966" lon="148.4022673"/>
      <trkpt lat="-9.0171106" lon="148.4023973"/>
      <trkpt lat="-9.0169904" lon="148.4024507"/>
      <trkpt lat="-9.0169335" lon="148.4024539"/>
      <trkpt lat="-9.0169263" lon="148.4024299"/>
      <trkpt lat="-9.0169598" lon="148.4024190"/>
      <trkpt lat="-9.0169787" lon="148.4024221"/>
      <trkpt lat="-9.0169770" lon="148.4024304"/>
      <trkpt lat="-9.0169548" lon="148.4024071"/>
      <trkpt lat="-9.0169283" lon="148.4024067"/>
      <trkpt lat="-9.0169147" lon="148.4023713"/>
      <trkpt lat="-9.0169109" lon="148.4023822"/>
      <trkpt lat="-9.0169095" lon="148.4023832"/>
      <trkpt lat="-9.0169206" lon="148.4024014"/>
      <trkpt lat="-9.0169509" lon="148.4024064"/>
      <trkpt lat="-9.0169444" lon="148.4023779"/>
      <trkpt lat="-9.0169664" lon="148.4023987"/>
      <trkpt lat="-9.0169669" lon="148.4024130"/>
      <trkpt lat="-9.0169588" lon="148.4024049"/>
      <trkpt lat="-9.0169024" lon="148.4023476"/>
      <trkpt lat="-9.0168680" lon="148.4023547"/>
      <trkpt lat="-9.0168671" lon="148.4023500"/>
      <trkpt lat="-9.0168465" lon="148.4023937"/>
      <trkpt lat="-9.0168192" lon="148.4023528"/>
      <trkpt lat="-9.0168004" lon="148.4023701"/>
      <trkpt lat="-9.0168283" lon="148.4023454"/>
      <trkpt lat="-9.0168350" lon="148.4023226"/>
      <trkpt lat="-9.0168306" lon="148.4023188"/>
      <trkpt lat="-9.0168313" lon="148.4023288"/>
      <trkpt lat="-9.0168602" lon="148.4023436"/>
      <trkpt lat="-9.0169095" lon="148.4023613"/>
      <trkpt lat="-9.0169434" lon="148.4023551"/>
      <trkpt lat="-9.0169215" lon="148.4023882"/>
      <trkpt lat="-9.0168787" lon="148.4023702"/>
      <trkpt lat="-9.0168233" lon="148.4023337"/>
    </trkseg>
    <trkseg>
      <trkpt lat="-9.0169031" lon="148.4023250"/>
      <trkpt lat="-9.0169477" lon="148.4023554"/>
      <trkpt lat="-9.0169298" lon="148.4023570"/>
      <trkpt lat="-9.0168728" lon="148.4022920"/>
      <trkpt lat="-9.0167445" lon="148.4021877"/>
      <trkpt lat="-9.0166422" lon="148.4020408"/>
      <trkpt lat="-9.0165775" lon="148.4019370"/>
      <trkpt lat="-9.0165120" lon="148.4018496"/>
      <trkpt lat="-9.0164400" lon="148.4017678"/>
      <trkpt lat="-9.0163368" lon="148.4016367"/>
      <trkpt lat="-9.0162208" lon="148.4015020"/>
      <trkpt lat="-9.0160946" lon="148.4013782"/>
      <trkpt lat="-9.0159479" lon="148.4012724"/>
      <trkpt lat="-9.0157984" lon="148.4011701"/>
      <trkpt lat="-9.0156574" lon="148.4010890"/>
      <trkpt lat="-9.0155210" lon="148.4010544"/>
      <trkpt lat="-9.0153764" lon="148.4010379"/>
      <trkpt lat="-9.0152135" lon="148.4010255"/>
      <trkpt lat="-9.0150358" lon="148.4009948"/>
      <trkpt lat="-9.0148561" lon="148.4009754"/>
      <trkpt lat="-9.0146759" lon="148.4009598"/>
      <trkpt lat="-9.0144957" lon="148.4009452"/>
      <trkpt lat="-9.0143154" lon="148.4009306"/>
      <trkpt lat="-9.0141351" lon="148.4009159"/>
      <trkpt lat="-9.0139549" lon="148.4009013"/>
      <trkpt lat="-9.0137746" lon="148.4008867"/>
      <trkpt lat="-9.0135944" lon="148.4008721"/>
      <trkpt lat="-9.0134141" lon="148.4008575"/>
      <trkpt lat="-9.0132479" lon="148.4008270"/>
      <trkpt lat="-9.0131185" lon="148.4008299"/>
      <trkpt lat="-9.0130289" lon="148.4008888"/>
      <trkpt lat="-9.0129942" lon="148.4009560"/>
      <trkpt lat="-9.0129238" lon="148.4009992"/>
      <trkpt lat="-9.0128145" lon="148.4010018"/>
      <trkpt lat="-9.0126369" lon="148.4010274"/>
      <trkpt lat="-9.0124585" lon="148.4010529"/>
      <trkpt lat="-9.0123006" lon="148.4010258"/>
      <trkpt lat="-9.0121502" lon="148.4009691"/>
      <trkpt lat="-9.0119993" lon="148.4009060"/>
      <trkpt lat="-9.0118271" lon="148.4008808"/>
      <trkpt lat="-9.0116509" lon="148.4008532"/>
      <trkpt lat="-9.0114785" lon="148.4008063"/>
      <trkpt lat="-9.0113062" lon="148.4007587"/>
      <trkpt lat="-9.0111297" lon="148.4007281"/>
      <trkpt lat="-9.0109494" lon="148.4007147"/>
      <trkpt lat="-9.0107690" lon="148.4007018"/>
      <trkpt lat="-9.0105886" lon="148.4006889"/>
      <trkpt lat="-9.0104082" lon="148.4006760"/>
      <trkpt lat="-9.0102279" lon="148.4006631"/>
      <trkpt lat="-9.0100475" lon="148.4006502"/>
      <trkpt lat="-9.0098671" lon="148.4006373"/>
      <trkpt lat="-9.0096867" lon="148.4006244"/>
      <trkpt lat="-9.0095063" lon="148.4006115"/>
      <trkpt lat="-9.0093259" lon="148.4005986"/>
      <trkpt lat="-9.0091463" lon="148.4005903"/>
      <trkpt lat="-9.0089690" lon="148.4005897"/>
      <trkpt lat="-9.0087977" lon="148.4005670"/>
      <trkpt lat="-9.0086331" lon="148.4005206"/>
      <trkpt lat="-9.0084661" lon="148.4004665"/>
      <trkpt lat="-9.0082947" lon="148.4004495"/>
      <trkpt lat="-9.0081180" lon="148.4004695"/>
      <trkpt lat="-9.0079426" lon="148.4004997"/>
      <trkpt lat="-9.0077661" lon="148.4005241"/>
      <trkpt lat="-9.0075971" lon="148.4005477"/>
      <trkpt lat="-9.0074840" lon="148.4006258"/>
      <trkpt lat="-9.0074408" lon="148.4007583"/>
      <trkpt lat="-9.0073963" lon="148.4008715"/>
      <trkpt lat="-9.0072976" lon="148.4009055"/>
      <trkpt lat="-9.0071297" lon="148.4008819"/>
      <trkpt lat="-9.0069534" lon="148.4008661"/>
      <trkpt lat="-9.0067739" lon="148.4008677"/>
      <trkpt lat="-9.0065957" lon="148.4008530"/>
      <trkpt lat="-9.0064271" lon="148.4008675"/>
      <trkpt lat="-9.0062901" lon="148.4009370"/>
      <trkpt lat="-9.0061545" lon="148.4010308"/>
      <trkpt lat="-9.0060636" lon="148.4010588"/>
      <trkpt lat="-9.0060274" lon="148.4009812"/>
      <trkpt lat="-9.0060818" lon="148.4008540"/>
      <trkpt lat="-9.0061900" lon="148.4007314"/>
      <trkpt lat="-9.0062986" lon="148.4006378"/>
      <trkpt lat="-9.0063791" lon="148.4005272"/>
      <trkpt lat="-9.0063685" lon="148.4004303"/>
      <trkpt lat="-9.0063051" lon="148.4003347"/>
      <trkpt lat="-9.0061836" lon="148.4002700"/>
      <trkpt lat="-9.0060720" lon="148.4001740"/>
      <trkpt lat="-9.0059271" lon="148.4001015"/>
      <trkpt lat="-9.0057774" lon="148.4000348"/>
      <trkpt lat="-9.0056064" lon="148.4000055"/>
      <trkpt lat="-9.0054364" lon="148.3999891"/>
      <trkpt lat="-9.0052711" lon="148.3999697"/>
      <trkpt lat="-9.0051024" lon="148.3999740"/>
      <trkpt lat="-9.0049475" lon="148.4000037"/>
      <trkpt lat="-9.0048079" lon="148.4000111"/>
      <trkpt lat="-9.0046940" lon="148.3999555"/>
      <trkpt lat="-9.0045798" lon="148.3998318"/>
      <trkpt lat="-9.0044511" lon="148.3997831"/>
      <trkpt lat="-9.0043273" lon="148.3998325"/>
      <trkpt lat="-9.0042577" lon="148.3999656"/>
      <trkpt lat="-9.0042108" lon="148.4001220"/>
      <trkpt lat="-9.0041871" lon="148.4002866"/>
      <trkpt lat="-9.0041165" lon="148.4004398"/>
      <trkpt lat="-9.0040319" lon="148.4005613"/>
      <trkpt lat="-9.0039154" lon="148.4006321"/>
      <trkpt lat="-9.0037773" lon="148.4006508"/>
      <trkpt lat="-9.0036233" lon="148.4006397"/>
      <trkpt lat="-9.0034509" lon="148.4006485"/>
      <trkpt lat="-9.0032797" lon="148.4006524"/>
      <trkpt lat="-9.0031145" lon="148.4006880"/>
      <trkpt lat="-9.0029530" lon="148.4006791"/>
      <trkpt lat="-9.0028004" lon="148.4006488"/>
      <trkpt lat="-9.0026561" lon="148.4005675"/>
      <trkpt lat="-9.0025518" lon="148.4005647"/>
      <trkpt lat="-9.0024714" lon="148.4006431"/>
      <trkpt lat="-9.0024373" lon="148.4007466"/>
      <trkpt lat="-9.0023632" lon="148.4008232"/>
      <trkpt lat="-9.0022656" lon="148.4008816"/>
      <trkpt lat="-9.0021705" lon="148.4009086"/>
      <trkpt lat="-9.0021250" lon="148.4009040"/>
      <trkpt lat="-9.0021029" lon="148.4009224"/>
      <trkpt lat="-9.0020311" lon="148.4009968"/>
      <trkpt lat="-9.0019212" lon="148.4010829"/>
      <trkpt lat="-9.0018470" lon="148.4011766"/>
      <trkpt lat="-9.0017762" lon="148.4012282"/>
      <trkpt lat="-9.0017226" lon="148.4012945"/>
      <trkpt lat="-9.0016144" lon="148.4012826"/>
      <trkpt lat="-9.0014919" lon="148.4012743"/>
      <trkpt lat="-9.0013394" lon="148.4012628"/>
      <trkpt lat="-9.0011723" lon="148.4012813"/>
      <trkpt lat="-9.0010059" lon="148.4013052"/>
      <trkpt lat="-9.0008548" lon="148.4013435"/>
      <trkpt lat="-9.0007332" lon="148.4014221"/>
      <trkpt lat="-9.0006360" lon="148.4015620"/>
      <trkpt lat="-9.0005220" lon="148.4016846"/>
      <trkpt lat="-9.0003932" lon="148.4017407"/>
      <trkpt lat="-9.0003038" lon="148.4017164"/>
      <trkpt lat="-9.0002528" lon="148.4016920"/>
      <trkpt lat="-9.0002527" lon="148.4016229"/>
      <trkpt lat="-9.0002516" lon="148.4015237"/>
      <trkpt lat="-9.0002790" lon="148.4014219"/>
      <trkpt lat="-9.0003331" lon="148.4014006"/>
      <trkpt lat="-9.0004139" lon="148.4014599"/>
    </trkseg>
    <trkseg>
      <trkpt lat="-8.9886112" lon="148.4145253"/>
      <trkpt lat="-8.9885864" lon="148.4144845"/>
      <trkpt lat="-8.9886022" lon="148.4145356"/>
      <trkpt lat="-8.9886706" lon="148.4146781"/>
      <trkpt lat="-8.9887201" lon="148.4147946"/>
      <trkpt lat="-8.9886831" lon="148.4148651"/>
      <trkpt lat="-8.9885507" lon="148.4148723"/>
      <trkpt lat="-8.9883792" lon="148.4148365"/>
      <trkpt lat="-8.9883177" lon="148.4148093"/>
      <trkpt lat="-8.9882739" lon="148.4147707"/>
      <trkpt lat="-8.9882285" lon="148.4147459"/>
      <trkpt lat="-8.9880749" lon="148.4147159"/>
      <trkpt lat="-8.9879050" lon="148.4146910"/>
      <trkpt lat="-8.9877337" lon="148.4146771"/>
      <trkpt lat="-8.9875670" lon="148.4146854"/>
      <trkpt lat="-8.9873960" lon="148.4147219"/>
      <trkpt lat="-8.9872273" lon="148.4147759"/>
      <trkpt lat="-8.9870543" lon="148.4147976"/>
      <trkpt lat="-8.9868859" lon="148.4148042"/>
      <trkpt lat="-8.9867133" lon="148.4147870"/>
      <trkpt lat="-8.9865425" lon="148.4147785"/>
      <trkpt lat="-8.9863747" lon="148.4147840"/>
      <trkpt lat="-8.9862097" lon="148.4147815"/>
      <trkpt lat="-8.9860426" lon="148.4147855"/>
      <trkpt lat="-8.9858753" lon="148.4148128"/>
      <trkpt lat="-8.9857186" lon="148.4148793"/>
      <trkpt lat="-8.9856291" lon="148.4149455"/>
      <trkpt lat="-8.9856192" lon="148.4150377"/>
      <trkpt lat="-8.9856129" lon="148.4150601"/>
      <trkpt lat="-8.9855414" lon="148.4150576"/>
      <trkpt lat="-8.9854416" lon="148.4150450"/>
      <trkpt lat="-8.9853964" lon="148.4151298"/>
      <trkpt lat="-8.9853895" lon="148.4152845"/>
      <trkpt lat="-8.9853725" lon="148.4154545"/>
      <trkpt lat="-8.9853315" lon="148.4156242"/>
      <trkpt lat="-8.9852556" lon="148.4157406"/>
      <trkpt lat="-8.9851425" lon="148.4158281"/>
      <trkpt lat="-8.9850098" lon="148.4159109"/>
      <trkpt lat="-8.9848851" lon="148.4160229"/>
      <trkpt lat="-8.9847487" lon="148.4161043"/>
      <trkpt lat="-8.9845904" lon="148.4161483"/>
      <trkpt lat="-8.9844210" lon="148.4161478"/>
      <trkpt lat="-8.9842540" lon="148.4161315"/>
      <trkpt lat="-8.9840870" lon="148.4160734"/>
      <trkpt lat="-8.9839181" lon="148.4160234"/>
      <trkpt lat="-8.9837487" lon="148.4159835"/>
      <trkpt lat="-8.9835761" lon="148.4159605"/>
      <trkpt lat="-8.9834114" lon="148.4159102"/>
      <trkpt lat="-8.9832924" lon="148.4158095"/>
      <trkpt lat="-8.9832060" lon="148.4156641"/>
      <trkpt lat="-8.9831822" lon="148.4154954"/>
      <trkpt lat="-8.9831961" lon="148.4153327"/>
      <trkpt lat="-8.9832386" lon="148.4151675"/>
      <trkpt lat="-8.9832923" lon="148.4150028"/>
      <trkpt lat="-8.9833199" lon="148.4148353"/>
      <trkpt lat="-8.9833754" lon="148.4146906"/>
      <trkpt lat="-8.9834612" lon="148.4146095"/>
      <trkpt lat="-8.9836045" lon="148.4145958"/>
      <trkpt lat="-8.9837539" lon="148.4146518"/>
      <trkpt lat="-8.9839051" lon="148.4146823"/>
      <trkpt lat="-8.9839968" lon="148.4146598"/>
      <trkpt lat="-8.9840642" lon="148.4145814"/>
      <trkpt lat="-8.9841350" lon="148.4145090"/>
      <trkpt lat="-8.9842659" lon="148.4144578"/>
      <trkpt lat="-8.9843484" lon="148.4143873"/>
      <trkpt lat="-8.9844011" lon="148.4142888"/>
      <trkpt lat="-8.9844366" lon="148.4141711"/>
      <trkpt lat="-8.9845151" lon="148.4140643"/>
      <trkpt lat="-8.9846229" lon="148.4139816"/>
      <trkpt lat="-8.9847188" lon="148.4138936"/>
      <trkpt lat="-8.9848321" lon="148.4137992"/>
      <trkpt lat="-8.9849191" lon="148.4136706"/>
      <trkpt lat="-8.9849992" lon="148.4135322"/>
      <trkpt lat="-8.9850778" lon="148.4134218"/>
      <trkpt lat="-8.9851741" lon="148.4133324"/>
      <trkpt lat="-8.9852938" lon="148.4132557"/>
      <trkpt lat="-8.9854268" lon="148.4131409"/>
      <trkpt lat="-8.9855498" lon="148.4130086"/>
      <trkpt lat="-8.9856702" lon="148.4128731"/>
      <trkpt lat="-8.9857943" lon="148.4127409"/>
      <trkpt lat="-8.9859219" lon="148.4126120"/>
      <trkpt lat="-8.9860486" lon="148.4124823"/>
      <trkpt lat="-8.9861795" lon="148.4123577"/>
      <trkpt lat="-8.9863060" lon="148.4122292"/>
      <trkpt lat="-8.9864295" lon="148.4120981"/>
      <trkpt lat="-8.9865478" lon="148.4119614"/>
      <trkpt lat="-8.9866746" lon="148.4118360"/>
      <trkpt lat="-8.9868190" lon="148.4117345"/>
      <trkpt lat="-8.9869780" lon="148.4116554"/>
      <trkpt lat="-8.9871438" lon="148.4115836"/>
      <trkpt lat="-8.9873070" lon="148.4115064"/>
      <trkpt lat="-8.9874676" lon="148.4114228"/>
      <trkpt lat="-8.9876281" lon="148.4113390"/>
      <trkpt lat="-8.9877783" lon="148.4112734"/>
      <trkpt lat="-8.9878400" lon="148.4112606"/>
      <trkpt lat="-8.9878776" lon="148.4112399"/>
      <trkpt lat="-8.9879260" lon="148.4112022"/>
      <trkpt lat="-8.9880517" lon="148.4111025"/>
      <trkpt lat="-8.9881713" lon="148.4109839"/>
      <trkpt lat="-8.9882467" lon="148.4108348"/>
      <trkpt lat="-8.9883172" lon="148.4106751"/>
      <trkpt lat="-8.9884038" lon="148.4105245"/>
      <trkpt lat="-8.9885203" lon="148.4103855"/>
      <trkpt lat="-8.9886152" lon="148.4102427"/>
      <trkpt lat="-8.9886979" lon="148.4100929"/>
      <trkpt lat="-8.9887672" lon="148.4099343"/>
      <trkpt lat="-8.9888223" lon="148.4097684"/>
      <trkpt lat="-8.9888530" lon="148.4095953"/>
      <trkpt lat="-8.9888694" lon="148.4094173"/>
      <trkpt lat="-8.9888932" lon="148.4092386"/>
      <trkpt lat="-8.9889321" lon="148.4090625"/>
      <trkpt lat="-8.9889758" lon="148.4088885"/>
      <trkpt lat="-8.9890210" lon="148.4087145"/>
      <trkpt lat="-8.9890624" lon="148.4085387"/>
      <trkpt lat="-8.9891050" lon="148.4083631"/>
      <trkpt lat="-8.9891705" lon="148.4081968"/>
      <trkpt lat="-8.9892671" lon="148.4080496"/>
      <trkpt lat="-8.9893774" lon="148.4079091"/>
      <trkpt lat="-8.9894792" lon="148.4077638"/>
      <trkpt lat="-8.9895792" lon="148.4076187"/>
      <trkpt lat="-8.9896911" lon="148.4074823"/>
      <trkpt lat="-8.9898324" lon="148.4073745"/>
      <trkpt lat="-8.9899796" lon="148.4072728"/>
      <trkpt lat="-8.9901318" lon="148.4071767"/>
      <trkpt lat="-8.9902828" lon="148.4070806"/>
      <trkpt lat="-8.9904415" lon="148.4070077"/>
      <trkpt lat="-8.9906053" lon="148.4069984"/>
      <trkpt lat="-8.9907733" lon="148.4070233"/>
      <trkpt lat="-8.9908944" lon="148.4070750"/>
      <trkpt lat="-8.9910025" lon="148.4070549"/>
      <trkpt lat="-8.9910995" lon="148.4069894"/>
      <trkpt lat="-8.9912246" lon="148.4068665"/>
      <trkpt lat="-8.9913450" lon="148.4067436"/>
      <trkpt lat="-8.9914656" lon="148.4066212"/>
      <trkpt lat="-8.9915748" lon="148.4064871"/>
      <trkpt lat="-8.9916815" lon="148.4063476"/>
      <trkpt lat="-8.9917874" lon="148.4062054"/>
      <trkpt lat="-8.9919118" lon="148.4060762"/>
      <trkpt lat="-8.9920281" lon="148.4059458"/>
      <trkpt lat="-8.9921373" lon="148.4058091"/>
      <trkpt lat="-8.9922343" lon="148.4056625"/>
      <trkpt lat="-8.9923391" lon="148.4055182"/>
      <trkpt lat="-8.9924305" lon="148.4053663"/>
      <trkpt lat="-8.9924986" lon="148.4052052"/>
      <trkpt lat="-8.9925620" lon="148.4050401"/>
      <trkpt lat="-8.9926299" lon="148.4048767"/>
      <trkpt lat="-8.9927407" lon="148.4047437"/>
      <trkpt lat="-8.9928430" lon="148.4046067"/>
      <trkpt lat="-8.9929546" lon="148.4044764"/>
      <trkpt lat="-8.9930236" lon="148.4043237"/>
      <trkpt lat="-8.9931145" lon="148.4041894"/>
      <trkpt lat="-8.9931728" lon="148.4040659"/>
      <trkpt lat="-8.9932768" lon="148.4039843"/>
      <trkpt lat="-8.9933869" lon="148.4039054"/>
      <trkpt lat="-8.9935374" lon="148.4038310"/>
      <trkpt lat="-8.9936744" lon="148.4037285"/>
      <trkpt lat="-8.9938213" lon="148.4036455"/>
      <trkpt lat="-8.9939808" lon="148.4035974"/>
      <trkpt lat="-8.9941385" lon="148.4035461"/>
      <trkpt lat="-8.9942895" lon="148.4034841"/>
      <trkpt lat="-8.9944297" lon="148.4033826"/>
      <trkpt lat="-8.9945497" lon="148.4032669"/>
      <trkpt lat="-8.9946360" lon="148.4031209"/>
      <trkpt lat="-8.9947221" lon="148.4029825"/>
      <trkpt lat="-8.9948192" lon="148.4028495"/>
      <trkpt lat="-8.9949393" lon="148.4027311"/>
      <trkpt lat="-8.9950655" lon="148.4026167"/>
      <trkpt lat="-8.9952022" lon="148.4025093"/>
      <trkpt lat="-8.9953480" lon="148.4024093"/>
      <trkpt lat="-8.9954799" lon="148.4022897"/>
      <trkpt lat="-8.9955838" lon="148.4021538"/>
      <trkpt lat="-8.9956819" lon="148.4020108"/>
      <trkpt lat="-8.9957828" lon="148.4018686"/>
      <trkpt lat="-8.9959164" lon="148.4017477"/>
      <trkpt lat="-8.9960446" lon="148.4016218"/>
      <trkpt lat="-8.9961648" lon="148.4014891"/>
      <trkpt lat="-8.9962857" lon="148.4013558"/>
      <trkpt lat="-8.9964031" lon="148.4012205"/>
      <trkpt lat="-8.9965161" lon="148.4010820"/>
      <trkpt lat="-8.9966072" lon="148.4009263"/>
      <trkpt lat="-8.9966876" lon="148.4007648"/>
      <trkpt lat="-8.9967787" lon="148.4006121"/>
      <trkpt lat="-8.9968898" lon="148.4004740"/>
      <trkpt lat="-8.9970210" lon="148.4003496"/>
      <trkpt lat="-8.9971545" lon="148.4002270"/>
      <trkpt lat="-8.9972801" lon="148.4000971"/>
      <trkpt lat="-8.9974090" lon="148.3999746"/>
      <trkpt lat="-8.9975490" lon="148.3998750"/>
      <trkpt lat="-8.9977116" lon="148.3998246"/>
      <trkpt lat="-8.9978865" lon="148.3998002"/>
      <trkpt lat="-8.9980658" lon="148.3997871"/>
      <trkpt lat="-8.9982420" lon="148.3997523"/>
      <trkpt lat="-8.9984055" lon="148.3996885"/>
      <trkpt lat="-8.9985634" lon="148.3996053"/>
      <trkpt lat="-8.9987215" lon="148.3995232"/>
      <trkpt lat="-8.9988884" lon="148.3994586"/>
      <trkpt lat="-8.9990615" lon="148.3994174"/>
      <trkpt lat="-8.9992378" lon="148.3993918"/>
      <trkpt lat="-8.9994146" lon="148.3993715"/>
      <trkpt lat="-8.9995088" lon="148.3993456"/>
      <trkpt lat="-8.9995990" lon="148.3993007"/>
      <trkpt lat="-8.9995989" lon="148.3992674"/>
      <trkpt lat="-8.9996360" lon="148.3992730"/>
      <trkpt lat="-8.9996215" lon="148.3992936"/>
      <trkpt lat="-8.9997002" lon="148.3993275"/>
      <trkpt lat="-8.9998233" lon="148.3993419"/>
      <trkpt lat="-9.0000007" lon="148.3993695"/>
      <trkpt lat="-9.0001685" lon="148.3993533"/>
      <trkpt lat="-9.0003320" lon="148.3993062"/>
      <trkpt lat="-9.0004741" lon="148.3992075"/>
      <trkpt lat="-9.0006060" lon="148.3990966"/>
      <trkpt lat="-9.0007078" lon="148.3989525"/>
      <trkpt lat="-9.0008070" lon="148.3988057"/>
      <trkpt lat="-9.0008949" lon="148.3986528"/>
      <trkpt lat="-9.0009612" lon="148.3984928"/>
      <trkpt lat="-9.0010019" lon="148.3983215"/>
      <trkpt lat="-9.0010366" lon="148.3981452"/>
      <trkpt lat="-9.0010910" lon="148.3979732"/>
      <trkpt lat="-9.0011584" lon="148.3978045"/>
      <trkpt lat="-9.0012261" lon="148.3976359"/>
      <trkpt lat="-9.0012930" lon="148.3974669"/>
      <trkpt lat="-9.0013600" lon="148.3972979"/>
      <trkpt lat="-9.0014318" lon="148.3971319"/>
      <trkpt lat="-9.0014863" lon="148.3969662"/>
      <trkpt lat="-9.0015264" lon="148.3967968"/>
      <trkpt lat="-9.0015928" lon="148.3966781"/>
      <trkpt lat="-9.0016866" lon="148.3965651"/>
      <trkpt lat="-9.0017914" lon="148.3964546"/>
      <trkpt lat="-9.0018604" lon="148.3962887"/>
      <trkpt lat="-9.0019136" lon="148.3961149"/>
      <trkpt lat="-9.0019583" lon="148.3959392"/>
      <trkpt lat="-9.0020333" lon="148.3958011"/>
      <trkpt lat="-9.0021404" lon="148.3956951"/>
      <trkpt lat="-9.0022593" lon="148.3955933"/>
      <trkpt lat="-9.0023452" lon="148.3954530"/>
      <trkpt lat="-9.0024016" lon="148.3952853"/>
      <trkpt lat="-9.0024812" lon="148.3951333"/>
      <trkpt lat="-9.0025968" lon="148.3950146"/>
      <trkpt lat="-9.0027467" lon="148.3949270"/>
      <trkpt lat="-9.0029072" lon="148.3948610"/>
      <trkpt lat="-9.0030578" lon="148.3947764"/>
      <trkpt lat="-9.0031904" lon="148.3946655"/>
      <trkpt lat="-9.0032942" lon="148.3945208"/>
      <trkpt lat="-9.0033824" lon="148.3943657"/>
      <trkpt lat="-9.0034579" lon="148.3942100"/>
      <trkpt lat="-9.0035201" lon="148.3940487"/>
      <trkpt lat="-9.0035617" lon="148.3938831"/>
      <trkpt lat="-9.0035973" lon="148.3937086"/>
      <trkpt lat="-9.0036247" lon="148.3935348"/>
      <trkpt lat="-9.0036391" lon="148.3933617"/>
      <trkpt lat="-9.0036334" lon="148.3931871"/>
      <trkpt lat="-9.0036314" lon="148.3930096"/>
      <trkpt lat="-9.0036525" lon="148.3928314"/>
      <trkpt lat="-9.0036770" lon="148.3926529"/>
      <trkpt lat="-9.0036704" lon="148.3924813"/>
      <trkpt lat="-9.0036671" lon="148.3923108"/>
      <trkpt lat="-9.0036703" lon="148.3921699"/>
      <trkpt lat="-9.0037086" lon="148.3920640"/>
      <trkpt lat="-9.0037877" lon="148.3920037"/>
      <trkpt lat="-9.0039187" lon="148.3919613"/>
      <trkpt lat="-9.0040755" lon="148.3918919"/>
      <trkpt lat="-9.0042279" lon="148.3918110"/>
      <trkpt lat="-9.0043743" lon="148.3917195"/>
      <trkpt lat="-9.0045073" lon="148.3916182"/>
      <trkpt lat="-9.0046272" lon="148.3914970"/>
      <trkpt lat="-9.0047066" lon="148.3913406"/>
      <trkpt lat="-9.0047674" lon="148.3911785"/>
      <trkpt lat="-9.0047928" lon="148.3909998"/>
      <trkpt lat="-9.0048121" lon="148.3908190"/>
      <trkpt lat="-9.0048329" lon="148.3906384"/>
      <trkpt lat="-9.0048615" lon="148.3904599"/>
      <trkpt lat="-9.0049156" lon="148.3902906"/>
      <trkpt lat="-9.0049920" lon="148.3901316"/>
      <trkpt lat="-9.0050400" lon="148.3899734"/>
      <trkpt lat="-9.0050607" lon="148.3898093"/>
      <trkpt lat="-9.0050616" lon="148.3896356"/>
      <trkpt lat="-9.0050766" lon="148.3894591"/>
      <trkpt lat="-9.0050876" lon="148.3892793"/>
      <trkpt lat="-9.0051029" lon="148.3891011"/>
      <trkpt lat="-9.0051359" lon="148.3889275"/>
      <trkpt lat="-9.0051810" lon="148.3887553"/>
      <trkpt lat="-9.0052580" lon="148.3886042"/>
      <trkpt lat="-9.0053708" lon="148.3884859"/>
      <trkpt lat="-9.0055099" lon="148.3883885"/>
      <trkpt lat="-9.0056509" lon="148.3882978"/>
      <trkpt lat="-9.0057974" lon="148.3882394"/>
      <trkpt lat="-9.0059581" lon="148.3882427"/>
      <trkpt lat="-9.0061267" lon="148.3882856"/>
      <trkpt lat="-9.0062940" lon="148.3883279"/>
      <trkpt lat="-9.0064571" lon="148.3883818"/>
      <trkpt lat="-9.0066213" lon="148.3884417"/>
      <trkpt lat="-9.0067860" lon="148.3885098"/>
      <trkpt lat="-9.0069598" lon="148.3885553"/>
      <trkpt lat="-9.0071350" lon="148.3885945"/>
      <trkpt lat="-9.0073117" lon="148.3886088"/>
      <trkpt lat="-9.0074856" lon="148.3886169"/>
      <trkpt lat="-9.0076588" lon="148.3886033"/>
      <trkpt lat="-9.0078314" lon="148.3885868"/>
      <trkpt lat="-9.0079748" lon="148.3885253"/>
      <trkpt lat="-9.0081196" lon="148.3884798"/>
      <trkpt lat="-9.0082575" lon="148.3884697"/>
      <trkpt lat="-9.0084284" lon="148.3884865"/>
      <trkpt lat="-9.0085976" lon="148.3884934"/>
      <trkpt lat="-9.0087727" lon="148.3884613"/>
      <trkpt lat="-9.0089192" lon="148.3884034"/>
      <trkpt lat="-9.0090311" lon="148.3883232"/>
      <trkpt lat="-9.0091432" lon="148.3882557"/>
      <trkpt lat="-9.0092845" lon="148.3882350"/>
      <trkpt lat="-9.0094614" lon="148.3882371"/>
      <trkpt lat="-9.0096406" lon="148.3882404"/>
      <trkpt lat="-9.0098205" lon="148.3882339"/>
      <trkpt lat="-9.0099953" lon="148.3882129"/>
      <trkpt lat="-9.0101567" lon="148.3881553"/>
      <trkpt lat="-9.0103162" lon="148.3880935"/>
      <trkpt lat="-9.0104806" lon="148.3880427"/>
      <trkpt lat="-9.0106570" lon="148.3880255"/>
      <trkpt lat="-9.0108312" lon="148.3880327"/>
      <trkpt lat="-9.0110020" lon="148.3880581"/>
      <trkpt lat="-9.0111654" lon="148.3881184"/>
      <trkpt lat="-9.0112923" lon="148.3882129"/>
      <trkpt lat="-9.0114137" lon="148.3883232"/>
      <trkpt lat="-9.0115435" lon="148.3884000"/>
      <trkpt lat="-9.0117123" lon="148.3884279"/>
      <trkpt lat="-9.0118882" lon="148.3884218"/>
      <trkpt lat="-9.0120545" lon="148.3883863"/>
      <trkpt lat="-9.0122163" lon="148.3883629"/>
      <trkpt lat="-9.0123758" lon="148.3883367"/>
      <trkpt lat="-9.0125415" lon="148.3883580"/>
      <trkpt lat="-9.0127011" lon="148.3883974"/>
      <trkpt lat="-9.0128619" lon="148.3884364"/>
      <trkpt lat="-9.0130240" lon="148.3884415"/>
      <trkpt lat="-9.0131938" lon="148.3883899"/>
      <trkpt lat="-9.0133551" lon="148.3883140"/>
      <trkpt lat="-9.0135145" lon="148.3882330"/>
      <trkpt lat="-9.0136770" lon="148.3881632"/>
      <trkpt lat="-9.0138480" lon="148.3881102"/>
      <trkpt lat="-9.0140111" lon="148.3880467"/>
      <trkpt lat="-9.0141556" lon="148.3879527"/>
      <trkpt lat="-9.0142837" lon="148.3878340"/>
      <trkpt lat="-9.0143987" lon="148.3877045"/>
      <trkpt lat="-9.0145055" lon="148.3876091"/>
      <trkpt lat="-9.0146040" lon="148.3875517"/>
    </trkseg>
    <trkseg>
      <trkpt lat="-9.0146076" lon="148.3875284"/>
      <trkpt lat="-9.0146245" lon="148.3875262"/>
      <trkpt lat="-9.0146641" lon="148.3875530"/>
      <trkpt lat="-9.0147384" lon="148.3876039"/>
      <trkpt lat="-9.0148320" lon="148.3877527"/>
      <trkpt lat="-9.0149633" lon="148.3878554"/>
      <trkpt lat="-9.0151159" lon="148.3879306"/>
      <trkpt lat="-9.0152752" lon="148.3880027"/>
      <trkpt lat="-9.0154203" lon="148.3881054"/>
      <trkpt lat="-9.0155599" lon="148.3882198"/>
      <trkpt lat="-9.0157047" lon="148.3883277"/>
      <trkpt lat="-9.0158539" lon="148.3884305"/>
      <trkpt lat="-9.0160032" lon="148.3885332"/>
      <trkpt lat="-9.0161293" lon="148.3886523"/>
      <trkpt lat="-9.0162577" lon="148.3887672"/>
      <trkpt lat="-9.0163861" lon="148.3888820"/>
      <trkpt lat="-9.0165397" lon="148.3889769"/>
      <trkpt lat="-9.0166939" lon="148.3890714"/>
      <trkpt lat="-9.0168521" lon="148.3891592"/>
      <trkpt lat="-9.0170129" lon="148.3892418"/>
      <trkpt lat="-9.0171728" lon="148.3893260"/>
      <trkpt lat="-9.0173304" lon="148.3894147"/>
      <trkpt lat="-9.0174880" lon="148.3895010"/>
      <trkpt lat="-9.0176501" lon="148.3895379"/>
      <trkpt lat="-9.0178138" lon="148.3895141"/>
      <trkpt lat="-9.0179801" lon="148.3894510"/>
      <trkpt lat="-9.0181503" lon="148.3894120"/>
      <trkpt lat="-9.0183269" lon="148.3894122"/>
      <trkpt lat="-9.0185064" lon="148.3894318"/>
      <trkpt lat="-9.0186860" lon="148.3894450"/>
      <trkpt lat="-9.0188666" lon="148.3894450"/>
      <trkpt lat="-9.0190472" lon="148.3894385"/>
      <trkpt lat="-9.0192275" lon="148.3894260"/>
      <trkpt lat="-9.0194071" lon="148.3894064"/>
      <trkpt lat="-9.0195849" lon="148.3893752"/>
      <trkpt lat="-9.0197613" lon="148.3893357"/>
      <trkpt lat="-9.0199367" lon="148.3892913"/>
      <trkpt lat="-9.0201119" lon="148.3892463"/>
      <trkpt lat="-9.0202871" lon="148.3892012"/>
      <trkpt lat="-9.0204623" lon="148.3891560"/>
      <trkpt lat="-9.0206375" lon="148.3891109"/>
      <trkpt lat="-9.0208127" lon="148.3890657"/>
      <trkpt lat="-9.0209879" lon="148.3890206"/>
      <trkpt lat="-9.0211491" lon="148.3889608"/>
      <trkpt lat="-9.0212724" lon="148.3888591"/>
      <trkpt lat="-9.0213739" lon="148.3887260"/>
      <trkpt lat="-9.0214814" lon="148.3885905"/>
      <trkpt lat="-9.0216133" lon="148.3884714"/>
      <trkpt lat="-9.0217637" lon="148.3883935"/>
      <trkpt lat="-9.0219148" lon="148.3883156"/>
      <trkpt lat="-9.0220728" lon="148.3882470"/>
      <trkpt lat="-9.0222297" lon="148.3881571"/>
      <trkpt lat="-9.0223898" lon="148.3880727"/>
      <trkpt lat="-9.0225476" lon="148.3879852"/>
      <trkpt lat="-9.0226971" lon="148.3878855"/>
      <trkpt lat="-9.0228286" lon="148.3877639"/>
      <trkpt lat="-9.0229516" lon="148.3876323"/>
      <trkpt lat="-9.0230705" lon="148.3874956"/>
      <trkpt lat="-9.0231966" lon="148.3873655"/>
      <trkpt lat="-9.0233210" lon="148.3872339"/>
      <trkpt lat="-9.0234392" lon="148.3870970"/>
      <trkpt lat="-9.0235428" lon="148.3869491"/>
      <trkpt lat="-9.0236355" lon="148.3867938"/>
      <trkpt lat="-9.0237209" lon="148.3866340"/>
      <trkpt lat="-9.0238040" lon="148.3864728"/>
      <trkpt lat="-9.0238867" lon="148.3863113"/>
      <trkpt lat="-9.0239722" lon="148.3861525"/>
      <trkpt lat="-9.0240765" lon="148.3860087"/>
      <trkpt lat="-9.0241957" lon="148.3858761"/>
      <trkpt lat="-9.0243285" lon="148.3857536"/>
      <trkpt lat="-9.0244569" lon="148.3856275"/>
      <trkpt lat="-9.0245896" lon="148.3855063"/>
      <trkpt lat="-9.0247233" lon="148.3853859"/>
      <trkpt lat="-9.0248650" lon="148.3852862"/>
      <trkpt lat="-9.0250167" lon="148.3852103"/>
      <trkpt lat="-9.0251514" lon="148.3851276"/>
      <trkpt lat="-9.0252281" lon="148.3850072"/>
      <trkpt lat="-9.0252487" lon="148.3848691"/>
      <trkpt lat="-9.0252647" lon="148.3848331"/>
      <trkpt lat="-9.0253058" lon="148.3848779"/>
      <trkpt lat="-9.0253440" lon="148.3848937"/>
      <trkpt lat="-9.0253677" lon="148.3847947"/>
      <trkpt lat="-9.0253911" lon="148.3846163"/>
      <trkpt lat="-9.0254046" lon="148.3844411"/>
      <trkpt lat="-9.0253881" lon="148.3842682"/>
      <trkpt lat="-9.0253512" lon="148.3840954"/>
      <trkpt lat="-9.0253369" lon="148.3839203"/>
      <trkpt lat="-9.0253539" lon="148.3837426"/>
      <trkpt lat="-9.0253897" lon="148.3835651"/>
      <trkpt lat="-9.0253929" lon="148.3833919"/>
      <trkpt lat="-9.0253758" lon="148.3832185"/>
      <trkpt lat="-9.0253378" lon="148.3830436"/>
      <trkpt lat="-9.0253633" lon="148.3828982"/>
      <trkpt lat="-9.0254105" lon="148.3827604"/>
      <trkpt lat="-9.0254328" lon="148.3826330"/>
      <trkpt lat="-9.0254070" lon="148.3824738"/>
      <trkpt lat="-9.0254114" lon="148.3823375"/>
      <trkpt lat="-9.0254959" lon="148.3822392"/>
      <trkpt lat="-9.0256375" lon="148.3822171"/>
      <trkpt lat="-9.0257775" lon="148.3821916"/>
      <trkpt lat="-9.0258843" lon="148.3821205"/>
      <trkpt lat="-9.0259641" lon="148.3819763"/>
      <trkpt lat="-9.0260267" lon="148.3818110"/>
      <trkpt lat="-9.0260954" lon="148.3816476"/>
      <trkpt lat="-9.0261735" lon="148.3814919"/>
      <trkpt lat="-9.0262583" lon="148.3813402"/>
      <trkpt lat="-9.0263279" lon="148.3811844"/>
      <trkpt lat="-9.0263563" lon="148.3810204"/>
      <trkpt lat="-9.0263642" lon="148.3808587"/>
      <trkpt lat="-9.0263086" lon="148.3807365"/>
      <trkpt lat="-9.0262342" lon="148.3806186"/>
      <trkpt lat="-9.0261363" lon="148.3805379"/>
      <trkpt lat="-9.0261282" lon="148.3804863"/>
      <trkpt lat="-9.0261806" lon="148.3804352"/>
      <trkpt lat="-9.0262658" lon="148.3803374"/>
      <trkpt lat="-9.0263271" lon="148.3801702"/>
      <trkpt lat="-9.0263623" lon="148.3799930"/>
      <trkpt lat="-9.0263490" lon="148.3798405"/>
      <trkpt lat="-9.0262666" lon="148.3797504"/>
      <trkpt lat="-9.0261849" lon="148.3796646"/>
      <trkpt lat="-9.0261617" lon="148.3795606"/>
      <trkpt lat="-9.0262167" lon="148.3793998"/>
      <trkpt lat="-9.0263160" lon="148.3792652"/>
      <trkpt lat="-9.0264438" lon="148.3791688"/>
      <trkpt lat="-9.0266083" lon="148.3791031"/>
      <trkpt lat="-9.0267707" lon="148.3790342"/>
      <trkpt lat="-9.0269268" lon="148.3789458"/>
      <trkpt lat="-9.0270714" lon="148.3788395"/>
      <trkpt lat="-9.0272222" lon="148.3787458"/>
      <trkpt lat="-9.0273783" lon="148.3786616"/>
      <trkpt lat="-9.0275434" lon="148.3785894"/>
      <trkpt lat="-9.0277058" lon="148.3785109"/>
      <trkpt lat="-9.0278622" lon="148.3784214"/>
      <trkpt lat="-9.0280227" lon="148.3783407"/>
      <trkpt lat="-9.0281863" lon="148.3782676"/>
      <trkpt lat="-9.0283572" lon="148.3782093"/>
      <trkpt lat="-9.0285292" lon="148.3781529"/>
      <trkpt lat="-9.0287011" lon="148.3780964"/>
      <trkpt lat="-9.0288731" lon="148.3780481"/>
      <trkpt lat="-9.0290478" lon="148.3780213"/>
      <trkpt lat="-9.0292203" lon="148.3779909"/>
      <trkpt lat="-9.0293629" lon="148.3779296"/>
      <trkpt lat="-9.0294392" lon="148.3778053"/>
      <trkpt lat="-9.0294589" lon="148.3776428"/>
      <trkpt lat="-9.0294565" lon="148.3774619"/>
      <trkpt lat="-9.0294659" lon="148.3772831"/>
      <trkpt lat="-9.0294937" lon="148.3771128"/>
      <trkpt lat="-9.0295342" lon="148.3769447"/>
      <trkpt lat="-9.0295820" lon="148.3767754"/>
      <trkpt lat="-9.0296289" lon="148.3766001"/>
      <trkpt lat="-9.0296902" lon="148.3764341"/>
      <trkpt lat="-9.0297872" lon="148.3762914"/>
      <trkpt lat="-9.0298624" lon="148.3761591"/>
      <trkpt lat="-9.0298977" lon="148.3760251"/>
      <trkpt lat="-9.0298845" lon="148.3758664"/>
      <trkpt lat="-9.0299006" lon="148.3757057"/>
      <trkpt lat="-9.0299789" lon="148.3755845"/>
      <trkpt lat="-9.0301066" lon="148.3755338"/>
      <trkpt lat="-9.0302602" lon="148.3755605"/>
      <trkpt lat="-9.0304160" lon="148.3756179"/>
      <trkpt lat="-9.0305812" lon="148.3756784"/>
      <trkpt lat="-9.0307559" lon="148.3757237"/>
      <trkpt lat="-9.0309241" lon="148.3757791"/>
      <trkpt lat="-9.0310511" lon="148.3758776"/>
      <trkpt lat="-9.0311111" lon="148.3760199"/>
      <trkpt lat="-9.0310911" lon="148.3761699"/>
      <trkpt lat="-9.0310434" lon="148.3763234"/>
      <trkpt lat="-9.0310128" lon="148.3764771"/>
      <trkpt lat="-9.0310215" lon="148.3766506"/>
      <trkpt lat="-9.0310659" lon="148.3768153"/>
      <trkpt lat="-9.0311554" lon="148.3768996"/>
      <trkpt lat="-9.0312933" lon="148.3769143"/>
      <trkpt lat="-9.0314611" lon="148.3768560"/>
      <trkpt lat="-9.0316336" lon="148.3768140"/>
      <trkpt lat="-9.0317972" lon="148.3767531"/>
      <trkpt lat="-9.0319610" lon="148.3767209"/>
      <trkpt lat="-9.0321167" lon="148.3767274"/>
      <trkpt lat="-9.0322214" lon="148.3767478"/>
      <trkpt lat="-9.0322365" lon="148.3768006"/>
      <trkpt lat="-9.0321690" lon="148.3768734"/>
      <trkpt lat="-9.0320785" lon="148.3770175"/>
      <trkpt lat="-9.0320203" lon="148.3771830"/>
      <trkpt lat="-9.0319951" lon="148.3773569"/>
      <trkpt lat="-9.0320102" lon="148.3775353"/>
      <trkpt lat="-9.0320371" lon="148.3777123"/>
      <trkpt lat="-9.0320850" lon="148.3778846"/>
      <trkpt lat="-9.0321492" lon="148.3780494"/>
      <trkpt lat="-9.0322183" lon="148.3782136"/>
      <trkpt lat="-9.0322692" lon="148.3783833"/>
      <trkpt lat="-9.0322684" lon="148.3785594"/>
      <trkpt lat="-9.0322329" lon="148.3787344"/>
      <trkpt lat="-9.0321707" lon="148.3789050"/>
      <trkpt lat="-9.0320820" lon="148.3790525"/>
      <trkpt lat="-9.0319659" lon="148.3791783"/>
      <trkpt lat="-9.0318304" lon="148.3792906"/>
      <trkpt lat="-9.0317314" lon="148.3794065"/>
      <trkpt lat="-9.0316398" lon="148.3795123"/>
      <trkpt lat="-9.0315563" lon="148.3796230"/>
      <trkpt lat="-9.0314315" lon="148.3797239"/>
      <trkpt lat="-9.0314062" lon="148.3797929"/>
      <trkpt lat="-9.0314730" lon="148.3798217"/>
      <trkpt lat="-9.0316425" lon="148.3798529"/>
      <trkpt lat="-9.0318023" lon="148.3799244"/>
      <trkpt lat="-9.0319535" lon="148.3800237"/>
      <trkpt lat="-9.0321067" lon="148.3801191"/>
      <trkpt lat="-9.0322671" lon="148.3801989"/>
      <trkpt lat="-9.0324309" lon="148.3802729"/>
      <trkpt lat="-9.0325956" lon="148.3803449"/>
      <trkpt lat="-9.0327606" lon="148.3804167"/>
      <trkpt lat="-9.0329304" lon="148.3804777"/>
      <trkpt lat="-9.0331013" lon="148.3805368"/>
      <trkpt lat="-9.0332737" lon="148.3805801"/>
      <trkpt lat="-9.0334487" lon="148.3806015"/>
      <trkpt lat="-9.0336232" lon="148.3806235"/>
      <trkpt lat="-9.0337939" lon="148.3806672"/>
      <trkpt lat="-9.0339618" lon="148.3807309"/>
      <trkpt lat="-9.0341263" lon="148.3807498"/>
      <trkpt lat="-9.0342686" lon="148.3806942"/>
      <trkpt lat="-9.0343856" lon="148.3805708"/>
      <trkpt lat="-9.0344814" lon="148.3804166"/>
      <trkpt lat="-9.0345824" lon="148.3802667"/>
      <trkpt lat="-9.0346871" lon="148.3801194"/>
      <trkpt lat="-9.0347866" lon="148.3799705"/>
      <trkpt lat="-9.0348754" lon="148.3798141"/>
      <trkpt lat="-9.0349612" lon="148.3796563"/>
      <trkpt lat="-9.0350347" lon="148.3794973"/>
      <trkpt lat="-9.0350876" lon="148.3793328"/>
      <trkpt lat="-9.0351088" lon="148.3791585"/>
      <trkpt lat="-9.0351083" lon="148.3789805"/>
      <trkpt lat="-9.0350833" lon="148.3788061"/>
      <trkpt lat="-9.0350449" lon="148.3786415"/>
      <trkpt lat="-9.0349944" lon="148.3784800"/>
      <trkpt lat="-9.0349295" lon="148.3783226"/>
      <trkpt lat="-9.0348467" lon="148.3781630"/>
      <trkpt lat="-9.0347504" lon="148.3780104"/>
      <trkpt lat="-9.0346695" lon="148.3778512"/>
      <trkpt lat="-9.0346062" lon="148.3776877"/>
      <trkpt lat="-9.0345819" lon="148.3775149"/>
      <trkpt lat="-9.0345756" lon="148.3773431"/>
      <trkpt lat="-9.0345598" lon="148.3771739"/>
      <trkpt lat="-9.0345193" lon="148.3770055"/>
      <trkpt lat="-9.0344706" lon="148.3768362"/>
      <trkpt lat="-9.0344283" lon="148.3766629"/>
      <trkpt lat="-9.0343918" lon="148.3764881"/>
      <trkpt lat="-9.0343395" lon="148.3763162"/>
      <trkpt lat="-9.0343110" lon="148.3761477"/>
      <trkpt lat="-9.0342867" lon="148.3759782"/>
      <trkpt lat="-9.0342833" lon="148.3758058"/>
      <trkpt lat="-9.0342910" lon="148.3756325"/>
      <trkpt lat="-9.0343084" lon="148.3754615"/>
      <trkpt lat="-9.0343636" lon="148.3753008"/>
      <trkpt lat="-9.0344321" lon="148.3751446"/>
      <trkpt lat="-9.0345394" lon="148.3749996"/>
      <trkpt lat="-9.0346390" lon="148.3748493"/>
      <trkpt lat="-9.0347328" lon="148.3746968"/>
      <trkpt lat="-9.0348095" lon="148.3745349"/>
      <trkpt lat="-9.0348933" lon="148.3743773"/>
      <trkpt lat="-9.0349863" lon="148.3742244"/>
      <trkpt lat="-9.0350786" lon="148.3740719"/>
      <trkpt lat="-9.0351603" lon="148.3739144"/>
      <trkpt lat="-9.0352384" lon="148.3737549"/>
      <trkpt lat="-9.0353111" lon="148.3735926"/>
      <trkpt lat="-9.0353812" lon="148.3734312"/>
      <trkpt lat="-9.0354375" lon="148.3732630"/>
      <trkpt lat="-9.0355008" lon="148.3730989"/>
      <trkpt lat="-9.0355726" lon="148.3729359"/>
      <trkpt lat="-9.0356479" lon="148.3727741"/>
      <trkpt lat="-9.0357308" lon="148.3726191"/>
      <trkpt lat="-9.0358414" lon="148.3725166"/>
      <trkpt lat="-9.0359857" lon="148.3724877"/>
      <trkpt lat="-9.0361554" lon="148.3725287"/>
      <trkpt lat="-9.0363090" lon="148.3726011"/>
      <trkpt lat="-9.0364558" lon="148.3726897"/>
      <trkpt lat="-9.0366043" lon="148.3727679"/>
      <trkpt lat="-9.0367658" lon="148.3728369"/>
      <trkpt lat="-9.0369363" lon="148.3728653"/>
      <trkpt lat="-9.0370881" lon="148.3728346"/>
      <trkpt lat="-9.0372345" lon="148.3727476"/>
      <trkpt lat="-9.0373518" lon="148.3726159"/>
      <trkpt lat="-9.0374629" lon="148.3724796"/>
      <trkpt lat="-9.0375570" lon="148.3723265"/>
      <trkpt lat="-9.0376776" lon="148.3722182"/>
      <trkpt lat="-9.0378224" lon="148.3721737"/>
      <trkpt lat="-9.0379905" lon="148.3721586"/>
      <trkpt lat="-9.0381613" lon="148.3721348"/>
      <trkpt lat="-9.0383355" lon="148.3720941"/>
      <trkpt lat="-9.0385128" lon="148.3720651"/>
      <trkpt lat="-9.0386844" lon="148.3720235"/>
      <trkpt lat="-9.0388415" lon="148.3719462"/>
      <trkpt lat="-9.0389897" lon="148.3718468"/>
      <trkpt lat="-9.0391306" lon="148.3717395"/>
      <trkpt lat="-9.0392571" lon="148.3716210"/>
      <trkpt lat="-9.0393829" lon="148.3714994"/>
      <trkpt lat="-9.0395040" lon="148.3713694"/>
      <trkpt lat="-9.0396337" lon="148.3712449"/>
      <trkpt lat="-9.0397462" lon="148.3711036"/>
      <trkpt lat="-9.0398199" lon="148.3709479"/>
      <trkpt lat="-9.0398453" lon="148.3707778"/>
      <trkpt lat="-9.0398172" lon="148.3706072"/>
      <trkpt lat="-9.0398151" lon="148.3704431"/>
      <trkpt lat="-9.0398487" lon="148.3702849"/>
      <trkpt lat="-9.0399470" lon="148.3701376"/>
      <trkpt lat="-9.0400697" lon="148.3700122"/>
      <trkpt lat="-9.0402061" lon="148.3698963"/>
      <trkpt lat="-9.0403505" lon="148.3697898"/>
      <trkpt lat="-9.0405005" lon="148.3696991"/>
      <trkpt lat="-9.0406690" lon="148.3696554"/>
      <trkpt lat="-9.0408409" lon="148.3696477"/>
      <trkpt lat="-9.0410026" lon="148.3696292"/>
      <trkpt lat="-9.0411596" lon="148.3696167"/>
      <trkpt lat="-9.0413032" lon="148.3695616"/>
      <trkpt lat="-9.0414589" lon="148.3695255"/>
      <trkpt lat="-9.0416188" lon="148.3694751"/>
      <trkpt lat="-9.0417972" lon="148.3694602"/>
      <trkpt lat="-9.0419749" lon="148.3694379"/>
      <trkpt lat="-9.0421529" lon="148.3694098"/>
      <trkpt lat="-9.0423299" lon="148.3693731"/>
      <trkpt lat="-9.0425019" lon="148.3693223"/>
      <trkpt lat="-9.0426654" lon="148.3692512"/>
      <trkpt lat="-9.0428256" lon="148.3691735"/>
      <trkpt lat="-9.0429902" lon="148.3691074"/>
      <trkpt lat="-9.0431634" lon="148.3690626"/>
      <trkpt lat="-9.0433399" lon="148.3690245"/>
      <trkpt lat="-9.0435162" lon="148.3689853"/>
      <trkpt lat="-9.0436915" lon="148.3689499"/>
      <trkpt lat="-9.0438670" lon="148.3689351"/>
      <trkpt lat="-9.0440423" lon="148.3689209"/>
      <trkpt lat="-9.0442161" lon="148.3688944"/>
      <trkpt lat="-9.0443652" lon="148.3688129"/>
      <trkpt lat="-9.0444978" lon="148.3687133"/>
      <trkpt lat="-9.0446335" lon="148.3686366"/>
      <trkpt lat="-9.0447943" lon="148.3686055"/>
      <trkpt lat="-9.0449731" lon="148.3686218"/>
      <trkpt lat="-9.0451520" lon="148.3686367"/>
      <trkpt lat="-9.0453310" lon="148.3686464"/>
      <trkpt lat="-9.0455093" lon="148.3686302"/>
      <trkpt lat="-9.0456832" lon="148.3685885"/>
      <trkpt lat="-9.0458530" lon="148.3685288"/>
      <trkpt lat="-9.0460231" lon="148.3684946"/>
      <trkpt lat="-9.0461952" lon="148.3685014"/>
      <trkpt lat="-9.0463713" lon="148.3685286"/>
      <trkpt lat="-9.0465471" lon="148.3685581"/>
      <trkpt lat="-9.0467242" lon="148.3685830"/>
      <trkpt lat="-9.0469006" lon="148.3686040"/>
      <trkpt lat="-9.0470749" lon="148.3685988"/>
      <trkpt lat="-9.0472254" lon="148.3686219"/>
      <trkpt lat="-9.0473396" lon="148.3687074"/>
      <trkpt lat="-9.0474316" lon="148.3688542"/>
      <trkpt lat="-9.0475321" lon="148.3690017"/>
      <trkpt lat="-9.0476529" lon="148.3691340"/>
      <trkpt lat="-9.0477778" lon="148.3692636"/>
      <trkpt lat="-9.0479019" lon="148.3693942"/>
      <trkpt lat="-9.0480220" lon="148.3695298"/>
      <trkpt lat="-9.0481562" lon="148.3696459"/>
      <trkpt lat="-9.0482796" lon="148.3697659"/>
      <trkpt lat="-9.0483868" lon="148.3698953"/>
      <trkpt lat="-9.0484728" lon="148.3699874"/>
      <trkpt lat="-9.0485630" lon="148.3700811"/>
      <trkpt lat="-9.0486717" lon="148.3701620"/>
      <trkpt lat="-9.0487618" lon="148.3703079"/>
      <trkpt lat="-9.0488240" lon="148.3704625"/>
      <trkpt lat="-9.0488809" lon="148.3706227"/>
      <trkpt lat="-9.0489355" lon="148.3707858"/>
      <trkpt lat="-9.0490238" lon="148.3709313"/>
      <trkpt lat="-9.0491125" lon="148.3710761"/>
      <trkpt lat="-9.0492411" lon="148.3711958"/>
      <trkpt lat="-9.0493735" lon="148.3713151"/>
      <trkpt lat="-9.0495101" lon="148.3714294"/>
      <trkpt lat="-9.0496453" lon="148.3715217"/>
      <trkpt lat="-9.0497894" lon="148.3715503"/>
      <trkpt lat="-9.0499456" lon="148.3715088"/>
      <trkpt lat="-9.0501036" lon="148.3714247"/>
      <trkpt lat="-9.0502600" lon="148.3713364"/>
      <trkpt lat="-9.0504228" lon="148.3712700"/>
      <trkpt lat="-9.0505952" lon="148.3712369"/>
      <trkpt lat="-9.0507739" lon="148.3712417"/>
      <trkpt lat="-9.0509513" lon="148.3712695"/>
      <trkpt lat="-9.0511282" lon="148.3713042"/>
      <trkpt lat="-9.0513026" lon="148.3713485"/>
      <trkpt lat="-9.0514758" lon="148.3713958"/>
      <trkpt lat="-9.0516456" lon="148.3714547"/>
      <trkpt lat="-9.0518088" lon="148.3715281"/>
      <trkpt lat="-9.0519663" lon="148.3716138"/>
      <trkpt lat="-9.0521159" lon="148.3717158"/>
      <trkpt lat="-9.0522695" lon="148.3718064"/>
      <trkpt lat="-9.0524157" lon="148.3719018"/>
      <trkpt lat="-9.0525621" lon="148.3719966"/>
      <trkpt lat="-9.0527068" lon="148.3720984"/>
      <trkpt lat="-9.0528578" lon="148.3721967"/>
      <trkpt lat="-9.0530042" lon="148.3722657"/>
      <trkpt lat="-9.0531502" lon="148.3723160"/>
      <trkpt lat="-9.0533058" lon="148.3723433"/>
      <trkpt lat="-9.0534772" lon="148.3723624"/>
      <trkpt lat="-9.0536530" lon="148.3723529"/>
      <trkpt lat="-9.0538267" lon="148.3723425"/>
      <trkpt lat="-9.0539981" lon="148.3723492"/>
      <trkpt lat="-9.0541504" lon="148.3724178"/>
      <trkpt lat="-9.0542899" lon="148.3725152"/>
      <trkpt lat="-9.0544154" lon="148.3726389"/>
      <trkpt lat="-9.0545413" lon="148.3727665"/>
      <trkpt lat="-9.0546641" lon="148.3728993"/>
      <trkpt lat="-9.0547799" lon="148.3729782"/>
      <trkpt lat="-9.0548941" lon="148.3729978"/>
    </trkseg>
    <trkseg>
      <trkpt lat="-9.0609776" lon="148.3755987"/>
      <trkpt lat="-9.0609419" lon="148.3754343"/>
      <trkpt lat="-9.0609001" lon="148.3752668"/>
      <trkpt lat="-9.0608462" lon="148.3750986"/>
      <trkpt lat="-9.0607601" lon="148.3749403"/>
      <trkpt lat="-9.0606633" lon="148.3747871"/>
      <trkpt lat="-9.0605608" lon="148.3746372"/>
      <trkpt lat="-9.0604576" lon="148.3744878"/>
      <trkpt lat="-9.0603470" lon="148.3743446"/>
      <trkpt lat="-9.0602289" lon="148.3742077"/>
      <trkpt lat="-9.0601072" lon="148.3740736"/>
      <trkpt lat="-9.0599920" lon="148.3739340"/>
      <trkpt lat="-9.0598966" lon="148.3737817"/>
      <trkpt lat="-9.0598317" lon="148.3736166"/>
      <trkpt lat="-9.0597826" lon="148.3734526"/>
      <trkpt lat="-9.0596964" lon="148.3733493"/>
      <trkpt lat="-9.0595621" lon="148.3733013"/>
      <trkpt lat="-9.0594125" lon="148.3733490"/>
      <trkpt lat="-9.0592666" lon="148.3733977"/>
      <trkpt lat="-9.0591315" lon="148.3734372"/>
      <trkpt lat="-9.0589831" lon="148.3733970"/>
      <trkpt lat="-9.0588330" lon="148.3733416"/>
      <trkpt lat="-9.0586729" lon="148.3732949"/>
      <trkpt lat="-9.0585146" lon="148.3732893"/>
      <trkpt lat="-9.0583789" lon="148.3732631"/>
      <trkpt lat="-9.0582530" lon="148.3732815"/>
      <trkpt lat="-9.0581381" lon="148.3733402"/>
      <trkpt lat="-9.0579996" lon="148.3734161"/>
      <trkpt lat="-9.0578476" lon="148.3734654"/>
      <trkpt lat="-9.0576711" lon="148.3734667"/>
      <trkpt lat="-9.0574955" lon="148.3734888"/>
      <trkpt lat="-9.0573212" lon="148.3735051"/>
      <trkpt lat="-9.0571491" lon="148.3735124"/>
      <trkpt lat="-9.0569856" lon="148.3734764"/>
      <trkpt lat="-9.0568340" lon="148.3733931"/>
      <trkpt lat="-9.0566830" lon="148.3733002"/>
      <trkpt lat="-9.0565226" lon="148.3732278"/>
      <trkpt lat="-9.0563486" lon="148.3731887"/>
      <trkpt lat="-9.0561731" lon="148.3731787"/>
      <trkpt lat="-9.0559985" lon="148.3731980"/>
      <trkpt lat="-9.0558271" lon="148.3732190"/>
      <trkpt lat="-9.0556766" lon="148.3731863"/>
      <trkpt lat="-9.0555248" lon="148.3731284"/>
      <trkpt lat="-9.0553684" lon="148.3730713"/>
      <trkpt lat="-9.0551968" lon="148.3730829"/>
      <trkpt lat="-9.0550574" lon="148.3730863"/>
      <trkpt lat="-9.0549513" lon="148.3730752"/>
    </trkseg>
    <trkseg>
      <trkpt lat="-9.0506721" lon="148.3657673"/>
      <trkpt lat="-9.0505265" lon="148.3657842"/>
      <trkpt lat="-9.0503860" lon="148.3657361"/>
      <trkpt lat="-9.0502545" lon="148.3656434"/>
      <trkpt lat="-9.0501274" lon="148.3656280"/>
      <trkpt lat="-9.0500648" lon="148.3656950"/>
      <trkpt lat="-9.0500926" lon="148.3658151"/>
      <trkpt lat="-9.0502185" lon="148.3659020"/>
      <trkpt lat="-9.0503797" lon="148.3659237"/>
      <trkpt lat="-9.0505346" lon="148.3658717"/>
      <trkpt lat="-9.0506528" lon="148.3658450"/>
      <trkpt lat="-9.0507143" lon="148.3658866"/>
      <trkpt lat="-9.0507536" lon="148.3659457"/>
      <trkpt lat="-9.0507591" lon="148.3659314"/>
      <trkpt lat="-9.0507926" lon="148.3658677"/>
      <trkpt lat="-9.0507917" lon="148.3658638"/>
      <trkpt lat="-9.0507577" lon="148.3658679"/>
      <trkpt lat="-9.0506971" lon="148.3658571"/>
      <trkpt lat="-9.0506501" lon="148.3657502"/>
      <trkpt lat="-9.0506387" lon="148.3656476"/>
      <trkpt lat="-9.0506464" lon="148.3656083"/>
      <trkpt lat="-9.0506527" lon="148.3656319"/>
      <trkpt lat="-9.0506930" lon="148.3657298"/>
      <trkpt lat="-9.0507477" lon="148.3657816"/>
      <trkpt lat="-9.0507737" lon="148.3657959"/>
      <trkpt lat="-9.0507456" lon="148.3657272"/>
    </trkseg>
    <trkseg>
      <trkpt lat="-9.0609869" lon="148.3754539"/>
      <trkpt lat="-9.0609174" lon="148.3755229"/>
    </trkseg>
  </trk>
  <trk>
    <name>Manuvoora - Granville Nepo</name>
    <desc>Walked by Granville Nepo. 30.2 km, 11 track(s), recorded on the ground. Manuvoora, Zone 6.</desc>
    <type>walked-boundary</type>
    <trkseg>
      <trkpt lat="-9.0609410" lon="148.3755756"/>
      <trkpt lat="-9.0609691" lon="148.3756422"/>
      <trkpt lat="-9.0609653" lon="148.3756378"/>
      <trkpt lat="-9.0609294" lon="148.3755626"/>
    </trkseg>
    <trkseg>
      <trkpt lat="-9.0292647" lon="148.3992849"/>
      <trkpt lat="-9.0292661" lon="148.3994576"/>
      <trkpt lat="-9.0292684" lon="148.3996338"/>
      <trkpt lat="-9.0292864" lon="148.3998103"/>
      <trkpt lat="-9.0293242" lon="148.3999866"/>
      <trkpt lat="-9.0293661" lon="148.4001624"/>
      <trkpt lat="-9.0293896" lon="148.4003420"/>
      <trkpt lat="-9.0294025" lon="148.4005226"/>
      <trkpt lat="-9.0294063" lon="148.4007043"/>
      <trkpt lat="-9.0294099" lon="148.4008860"/>
      <trkpt lat="-9.0294186" lon="148.4010676"/>
      <trkpt lat="-9.0294260" lon="148.4012492"/>
      <trkpt lat="-9.0294245" lon="148.4014304"/>
      <trkpt lat="-9.0294159" lon="148.4016117"/>
      <trkpt lat="-9.0294057" lon="148.4017929"/>
      <trkpt lat="-9.0293979" lon="148.4019745"/>
      <trkpt lat="-9.0293716" lon="148.4021513"/>
      <trkpt lat="-9.0293023" lon="148.4023073"/>
      <trkpt lat="-9.0291839" lon="148.4024295"/>
      <trkpt lat="-9.0290293" lon="148.4025173"/>
      <trkpt lat="-9.0288619" lon="148.4025835"/>
      <trkpt lat="-9.0286890" lon="148.4026349"/>
      <trkpt lat="-9.0285128" lon="148.4026734"/>
      <trkpt lat="-9.0283341" lon="148.4027000"/>
      <trkpt lat="-9.0281544" lon="148.4027180"/>
      <trkpt lat="-9.0279743" lon="148.4027232"/>
      <trkpt lat="-9.0277956" lon="148.4027086"/>
      <trkpt lat="-9.0276207" lon="148.4026702"/>
      <trkpt lat="-9.0274562" lon="148.4026021"/>
      <trkpt lat="-9.0273035" lon="148.4025093"/>
      <trkpt lat="-9.0271591" lon="148.4024010"/>
      <trkpt lat="-9.0270136" lon="148.4022940"/>
      <trkpt lat="-9.0268643" lon="148.4021920"/>
      <trkpt lat="-9.0267124" lon="148.4020932"/>
      <trkpt lat="-9.0265681" lon="148.4019858"/>
      <trkpt lat="-9.0264348" lon="148.4018656"/>
      <trkpt lat="-9.0263065" lon="148.4017394"/>
      <trkpt lat="-9.0261706" lon="148.4016220"/>
      <trkpt lat="-9.0260261" lon="148.4015138"/>
      <trkpt lat="-9.0258734" lon="148.4014175"/>
      <trkpt lat="-9.0257159" lon="148.4013303"/>
      <trkpt lat="-9.0255496" lon="148.4012599"/>
      <trkpt lat="-9.0253783" lon="148.4012040"/>
      <trkpt lat="-9.0252024" lon="148.4011690"/>
      <trkpt lat="-9.0250252" lon="148.4011645"/>
      <trkpt lat="-9.0248475" lon="148.4011834"/>
      <trkpt lat="-9.0246703" lon="148.4012121"/>
      <trkpt lat="-9.0244921" lon="148.4012410"/>
      <trkpt lat="-9.0243183" lon="148.4012821"/>
      <trkpt lat="-9.0241444" lon="148.4013225"/>
      <trkpt lat="-9.0239759" lon="148.4013627"/>
      <trkpt lat="-9.0238200" lon="148.4014092"/>
      <trkpt lat="-9.0236640" lon="148.4014498"/>
      <trkpt lat="-9.0235042" lon="148.4014852"/>
      <trkpt lat="-9.0233317" lon="148.4015163"/>
      <trkpt lat="-9.0231647" lon="148.4015727"/>
      <trkpt lat="-9.0229970" lon="148.4016377"/>
      <trkpt lat="-9.0228259" lon="148.4016927"/>
      <trkpt lat="-9.0226537" lon="148.4017458"/>
      <trkpt lat="-9.0224833" lon="148.4018048"/>
      <trkpt lat="-9.0223167" lon="148.4018747"/>
      <trkpt lat="-9.0221527" lon="148.4019502"/>
      <trkpt lat="-9.0219959" lon="148.4020392"/>
      <trkpt lat="-9.0218452" lon="148.4021370"/>
      <trkpt lat="-9.0216976" lon="148.4022390"/>
      <trkpt lat="-9.0215431" lon="148.4023080"/>
      <trkpt lat="-9.0213867" lon="148.4023154"/>
      <trkpt lat="-9.0212339" lon="148.4022500"/>
      <trkpt lat="-9.0210885" lon="148.4021490"/>
      <trkpt lat="-9.0209379" lon="148.4020553"/>
      <trkpt lat="-9.0207815" lon="148.4019713"/>
      <trkpt lat="-9.0206253" lon="148.4018870"/>
      <trkpt lat="-9.0204797" lon="148.4017834"/>
      <trkpt lat="-9.0203474" lon="148.4016674"/>
      <trkpt lat="-9.0202548" lon="148.4015266"/>
      <trkpt lat="-9.0201828" lon="148.4013695"/>
      <trkpt lat="-9.0201210" lon="148.4012006"/>
      <trkpt lat="-9.0200361" lon="148.4010406"/>
      <trkpt lat="-9.0199359" lon="148.4008901"/>
      <trkpt lat="-9.0198193" lon="148.4007530"/>
      <trkpt lat="-9.0196939" lon="148.4006231"/>
      <trkpt lat="-9.0195534" lon="148.4005536"/>
      <trkpt lat="-9.0194004" lon="148.4005426"/>
      <trkpt lat="-9.0192285" lon="148.4005770"/>
      <trkpt lat="-9.0190551" lon="148.4005756"/>
      <trkpt lat="-9.0188798" lon="148.4005583"/>
      <trkpt lat="-9.0187072" lon="148.4005580"/>
      <trkpt lat="-9.0185307" lon="148.4005837"/>
      <trkpt lat="-9.0183592" lon="148.4006306"/>
      <trkpt lat="-9.0181857" lon="148.4006610"/>
      <trkpt lat="-9.0180489" lon="148.4007404"/>
      <trkpt lat="-9.0179349" lon="148.4008436"/>
      <trkpt lat="-9.0178568" lon="148.4010003"/>
      <trkpt lat="-9.0177657" lon="148.4011514"/>
      <trkpt lat="-9.0176709" lon="148.4013047"/>
      <trkpt lat="-9.0175655" lon="148.4014522"/>
      <trkpt lat="-9.0174633" lon="148.4016021"/>
      <trkpt lat="-9.0173699" lon="148.4017572"/>
      <trkpt lat="-9.0172904" lon="148.4019195"/>
      <trkpt lat="-9.0172150" lon="148.4020835"/>
      <trkpt lat="-9.0171606" lon="148.4021993"/>
      <trkpt lat="-9.0171211" lon="148.4022642"/>
    </trkseg>
    <trkseg>
      <trkpt lat="-9.0609247" lon="148.3755620"/>
      <trkpt lat="-9.0611046" lon="148.3755755"/>
      <trkpt lat="-9.0612825" lon="148.3755727"/>
      <trkpt lat="-9.0614543" lon="148.3755392"/>
      <trkpt lat="-9.0616241" lon="148.3754908"/>
      <trkpt lat="-9.0617881" lon="148.3754845"/>
      <trkpt lat="-9.0619541" lon="148.3755043"/>
      <trkpt lat="-9.0621197" lon="148.3755235"/>
      <trkpt lat="-9.0622902" lon="148.3755314"/>
      <trkpt lat="-9.0624628" lon="148.3755549"/>
      <trkpt lat="-9.0626338" lon="148.3756118"/>
      <trkpt lat="-9.0628062" lon="148.3756571"/>
      <trkpt lat="-9.0629794" lon="148.3756949"/>
      <trkpt lat="-9.0631488" lon="148.3757381"/>
      <trkpt lat="-9.0632873" lon="148.3757340"/>
      <trkpt lat="-9.0633737" lon="148.3756630"/>
      <trkpt lat="-9.0634054" lon="148.3755050"/>
      <trkpt lat="-9.0633579" lon="148.3753564"/>
      <trkpt lat="-9.0632784" lon="148.3752140"/>
      <trkpt lat="-9.0632055" lon="148.3751142"/>
      <trkpt lat="-9.0631504" lon="148.3750190"/>
      <trkpt lat="-9.0631306" lon="148.3749224"/>
      <trkpt lat="-9.0631164" lon="148.3747846"/>
      <trkpt lat="-9.0631448" lon="148.3746153"/>
      <trkpt lat="-9.0631760" lon="148.3744429"/>
      <trkpt lat="-9.0632129" lon="148.3742786"/>
      <trkpt lat="-9.0632968" lon="148.3741934"/>
      <trkpt lat="-9.0634098" lon="148.3742092"/>
      <trkpt lat="-9.0635423" lon="148.3743234"/>
      <trkpt lat="-9.0636486" lon="148.3744668"/>
      <trkpt lat="-9.0637588" lon="148.3746056"/>
      <trkpt lat="-9.0638911" lon="148.3747074"/>
      <trkpt lat="-9.0640407" lon="148.3747732"/>
      <trkpt lat="-9.0641516" lon="148.3748597"/>
      <trkpt lat="-9.0642360" lon="148.3749817"/>
      <trkpt lat="-9.0642986" lon="148.3751422"/>
      <trkpt lat="-9.0643499" lon="148.3752964"/>
      <trkpt lat="-9.0644284" lon="148.3754177"/>
      <trkpt lat="-9.0645396" lon="148.3754965"/>
      <trkpt lat="-9.0646307" lon="148.3755690"/>
      <trkpt lat="-9.0646408" lon="148.3756763"/>
      <trkpt lat="-9.0645877" lon="148.3758332"/>
      <trkpt lat="-9.0645589" lon="148.3760026"/>
      <trkpt lat="-9.0645820" lon="148.3761739"/>
      <trkpt lat="-9.0646225" lon="148.3763424"/>
      <trkpt lat="-9.0646911" lon="148.3764954"/>
      <trkpt lat="-9.0647220" lon="148.3766519"/>
      <trkpt lat="-9.0647175" lon="148.3768067"/>
      <trkpt lat="-9.0646850" lon="148.3769775"/>
      <trkpt lat="-9.0646659" lon="148.3771527"/>
      <trkpt lat="-9.0646684" lon="148.3773299"/>
      <trkpt lat="-9.0647062" lon="148.3774956"/>
      <trkpt lat="-9.0647257" lon="148.3776579"/>
      <trkpt lat="-9.0647325" lon="148.3778192"/>
      <trkpt lat="-9.0646841" lon="148.3779870"/>
      <trkpt lat="-9.0646625" lon="148.3781548"/>
      <trkpt lat="-9.0646662" lon="148.3783216"/>
      <trkpt lat="-9.0647039" lon="148.3784911"/>
      <trkpt lat="-9.0647320" lon="148.3786533"/>
      <trkpt lat="-9.0647658" lon="148.3788175"/>
      <trkpt lat="-9.0647392" lon="148.3789574"/>
      <trkpt lat="-9.0646546" lon="148.3790673"/>
      <trkpt lat="-9.0644955" lon="148.3791330"/>
      <trkpt lat="-9.0643242" lon="148.3791815"/>
      <trkpt lat="-9.0641500" lon="148.3792035"/>
      <trkpt lat="-9.0640078" lon="148.3791623"/>
      <trkpt lat="-9.0639309" lon="148.3790456"/>
      <trkpt lat="-9.0638904" lon="148.3788838"/>
      <trkpt lat="-9.0638299" lon="148.3787350"/>
      <trkpt lat="-9.0637039" lon="148.3786319"/>
      <trkpt lat="-9.0635543" lon="148.3785444"/>
      <trkpt lat="-9.0634011" lon="148.3784606"/>
      <trkpt lat="-9.0632582" lon="148.3783575"/>
      <trkpt lat="-9.0631256" lon="148.3782428"/>
      <trkpt lat="-9.0629849" lon="148.3781467"/>
      <trkpt lat="-9.0628326" lon="148.3780752"/>
      <trkpt lat="-9.0626584" lon="148.3780589"/>
      <trkpt lat="-9.0624843" lon="148.3780439"/>
      <trkpt lat="-9.0623112" lon="148.3780510"/>
      <trkpt lat="-9.0621362" lon="148.3780628"/>
      <trkpt lat="-9.0619631" lon="148.3781102"/>
      <trkpt lat="-9.0618048" lon="148.3781844"/>
      <trkpt lat="-9.0616694" lon="148.3782888"/>
      <trkpt lat="-9.0615816" lon="148.3784302"/>
      <trkpt lat="-9.0615142" lon="148.3785865"/>
      <trkpt lat="-9.0614629" lon="148.3787580"/>
      <trkpt lat="-9.0613766" lon="148.3788574"/>
      <trkpt lat="-9.0612633" lon="148.3788984"/>
      <trkpt lat="-9.0611174" lon="148.3789089"/>
      <trkpt lat="-9.0609626" lon="148.3789555"/>
      <trkpt lat="-9.0608435" lon="148.3790587"/>
      <trkpt lat="-9.0607349" lon="148.3791112"/>
      <trkpt lat="-9.0606446" lon="148.3790895"/>
      <trkpt lat="-9.0605191" lon="148.3789822"/>
      <trkpt lat="-9.0603794" lon="148.3788819"/>
      <trkpt lat="-9.0602252" lon="148.3788098"/>
      <trkpt lat="-9.0600797" lon="148.3787272"/>
      <trkpt lat="-9.0599563" lon="148.3786159"/>
      <trkpt lat="-9.0598659" lon="148.3784705"/>
      <trkpt lat="-9.0597963" lon="148.3783156"/>
      <trkpt lat="-9.0598155" lon="148.3781819"/>
      <trkpt lat="-9.0598914" lon="148.3780617"/>
      <trkpt lat="-9.0600097" lon="148.3779399"/>
      <trkpt lat="-9.0600499" lon="148.3777887"/>
      <trkpt lat="-9.0600336" lon="148.3776229"/>
      <trkpt lat="-9.0599946" lon="148.3774505"/>
      <trkpt lat="-9.0599845" lon="148.3772723"/>
      <trkpt lat="-9.0600036" lon="148.3770932"/>
      <trkpt lat="-9.0600027" lon="148.3769207"/>
      <trkpt lat="-9.0599670" lon="148.3767554"/>
      <trkpt lat="-9.0599317" lon="148.3766032"/>
      <trkpt lat="-9.0599381" lon="148.3764548"/>
      <trkpt lat="-9.0599682" lon="148.3763002"/>
      <trkpt lat="-9.0599526" lon="148.3761397"/>
      <trkpt lat="-9.0599295" lon="148.3759725"/>
      <trkpt lat="-9.0598871" lon="148.3758161"/>
      <trkpt lat="-9.0598286" lon="148.3756747"/>
      <trkpt lat="-9.0597068" lon="148.3755567"/>
      <trkpt lat="-9.0595657" lon="148.3754461"/>
      <trkpt lat="-9.0594528" lon="148.3753167"/>
      <trkpt lat="-9.0593388" lon="148.3751994"/>
      <trkpt lat="-9.0592432" lon="148.3751258"/>
      <trkpt lat="-9.0591086" lon="148.3751178"/>
      <trkpt lat="-9.0589652" lon="148.3751282"/>
      <trkpt lat="-9.0587951" lon="148.3751569"/>
      <trkpt lat="-9.0586303" lon="148.3752045"/>
      <trkpt lat="-9.0584722" lon="148.3752807"/>
      <trkpt lat="-9.0583127" lon="148.3753562"/>
      <trkpt lat="-9.0581510" lon="148.3754197"/>
      <trkpt lat="-9.0579880" lon="148.3754769"/>
      <trkpt lat="-9.0578384" lon="148.3755581"/>
      <trkpt lat="-9.0577434" lon="148.3756761"/>
      <trkpt lat="-9.0577176" lon="148.3758219"/>
      <trkpt lat="-9.0577348" lon="148.3759820"/>
      <trkpt lat="-9.0577633" lon="148.3761433"/>
      <trkpt lat="-9.0577928" lon="148.3763146"/>
      <trkpt lat="-9.0578508" lon="148.3764766"/>
      <trkpt lat="-9.0579122" lon="148.3766413"/>
      <trkpt lat="-9.0579477" lon="148.3767839"/>
      <trkpt lat="-9.0579001" lon="148.3769071"/>
      <trkpt lat="-9.0577998" lon="148.3770174"/>
      <trkpt lat="-9.0576997" lon="148.3771511"/>
      <trkpt lat="-9.0576623" lon="148.3773108"/>
      <trkpt lat="-9.0577139" lon="148.3774579"/>
      <trkpt lat="-9.0578083" lon="148.3775957"/>
      <trkpt lat="-9.0579225" lon="148.3777233"/>
      <trkpt lat="-9.0580344" lon="148.3778533"/>
      <trkpt lat="-9.0581623" lon="148.3779695"/>
      <trkpt lat="-9.0582702" lon="148.3780934"/>
      <trkpt lat="-9.0583429" lon="148.3782409"/>
      <trkpt lat="-9.0583693" lon="148.3784110"/>
      <trkpt lat="-9.0583890" lon="148.3785852"/>
      <trkpt lat="-9.0584046" lon="148.3787602"/>
      <trkpt lat="-9.0583779" lon="148.3789203"/>
      <trkpt lat="-9.0583189" lon="148.3790726"/>
      <trkpt lat="-9.0582188" lon="148.3792131"/>
      <trkpt lat="-9.0581278" lon="148.3793532"/>
      <trkpt lat="-9.0580710" lon="148.3795030"/>
      <trkpt lat="-9.0580632" lon="148.3796612"/>
      <trkpt lat="-9.0580859" lon="148.3798372"/>
      <trkpt lat="-9.0581198" lon="148.3800096"/>
      <trkpt lat="-9.0581075" lon="148.3801766"/>
      <trkpt lat="-9.0581499" lon="148.3802955"/>
      <trkpt lat="-9.0581543" lon="148.3804088"/>
      <trkpt lat="-9.0581484" lon="148.3805160"/>
      <trkpt lat="-9.0580646" lon="148.3806558"/>
      <trkpt lat="-9.0580179" lon="148.3808032"/>
      <trkpt lat="-9.0580403" lon="148.3809529"/>
      <trkpt lat="-9.0581178" lon="148.3810971"/>
      <trkpt lat="-9.0581651" lon="148.3812418"/>
      <trkpt lat="-9.0582006" lon="148.3813957"/>
      <trkpt lat="-9.0582504" lon="148.3815372"/>
      <trkpt lat="-9.0583457" lon="148.3816695"/>
      <trkpt lat="-9.0584813" lon="148.3817358"/>
      <trkpt lat="-9.0586291" lon="148.3817739"/>
      <trkpt lat="-9.0588055" lon="148.3817572"/>
      <trkpt lat="-9.0589432" lon="148.3817489"/>
      <trkpt lat="-9.0590555" lon="148.3817086"/>
      <trkpt lat="-9.0591612" lon="148.3816460"/>
      <trkpt lat="-9.0592961" lon="148.3815790"/>
      <trkpt lat="-9.0594354" lon="148.3814991"/>
      <trkpt lat="-9.0595778" lon="148.3814400"/>
      <trkpt lat="-9.0597284" lon="148.3814040"/>
      <trkpt lat="-9.0598846" lon="148.3814551"/>
      <trkpt lat="-9.0600354" lon="148.3814955"/>
      <trkpt lat="-9.0601633" lon="148.3814692"/>
      <trkpt lat="-9.0602779" lon="148.3813543"/>
      <trkpt lat="-9.0603970" lon="148.3812338"/>
      <trkpt lat="-9.0605405" lon="148.3811696"/>
      <trkpt lat="-9.0606860" lon="148.3812006"/>
      <trkpt lat="-9.0608107" lon="148.3812874"/>
      <trkpt lat="-9.0609067" lon="148.3814124"/>
      <trkpt lat="-9.0610272" lon="148.3815103"/>
      <trkpt lat="-9.0611707" lon="148.3815791"/>
      <trkpt lat="-9.0613385" lon="148.3816056"/>
      <trkpt lat="-9.0614969" lon="148.3816082"/>
      <trkpt lat="-9.0616488" lon="148.3816245"/>
      <trkpt lat="-9.0617966" lon="148.3816712"/>
      <trkpt lat="-9.0619559" lon="148.3817250"/>
      <trkpt lat="-9.0621172" lon="148.3817888"/>
      <trkpt lat="-9.0622796" lon="148.3818518"/>
      <trkpt lat="-9.0624327" lon="148.3819347"/>
      <trkpt lat="-9.0625077" lon="148.3820454"/>
      <trkpt lat="-9.0625204" lon="148.3821835"/>
      <trkpt lat="-9.0624942" lon="148.3823563"/>
      <trkpt lat="-9.0625010" lon="148.3825335"/>
      <trkpt lat="-9.0625086" lon="148.3827089"/>
      <trkpt lat="-9.0624960" lon="148.3828835"/>
      <trkpt lat="-9.0624466" lon="148.3830445"/>
      <trkpt lat="-9.0623735" lon="148.3831948"/>
      <trkpt lat="-9.0622777" lon="148.3833373"/>
      <trkpt lat="-9.0621959" lon="148.3834929"/>
      <trkpt lat="-9.0621229" lon="148.3836563"/>
      <trkpt lat="-9.0620564" lon="148.3838237"/>
      <trkpt lat="-9.0619900" lon="148.3839777"/>
      <trkpt lat="-9.0619271" lon="148.3841286"/>
      <trkpt lat="-9.0618922" lon="148.3842856"/>
      <trkpt lat="-9.0619002" lon="148.3844504"/>
      <trkpt lat="-9.0619439" lon="148.3846098"/>
      <trkpt lat="-9.0619468" lon="148.3847397"/>
      <trkpt lat="-9.0618824" lon="148.3848579"/>
      <trkpt lat="-9.0617496" lon="148.3849537"/>
      <trkpt lat="-9.0615993" lon="148.3850357"/>
      <trkpt lat="-9.0614314" lon="148.3850957"/>
      <trkpt lat="-9.0612639" lon="148.3851484"/>
      <trkpt lat="-9.0611411" lon="148.3852394"/>
      <trkpt lat="-9.0610410" lon="148.3853607"/>
      <trkpt lat="-9.0609745" lon="148.3855217"/>
      <trkpt lat="-9.0608738" lon="148.3856656"/>
      <trkpt lat="-9.0607631" lon="148.3858001"/>
      <trkpt lat="-9.0606160" lon="148.3858921"/>
      <trkpt lat="-9.0604556" lon="148.3859460"/>
      <trkpt lat="-9.0602791" lon="148.3859592"/>
      <trkpt lat="-9.0601019" lon="148.3859668"/>
      <trkpt lat="-9.0599349" lon="148.3860096"/>
      <trkpt lat="-9.0597693" lon="148.3860528"/>
      <trkpt lat="-9.0596205" lon="148.3861266"/>
      <trkpt lat="-9.0594665" lon="148.3861881"/>
      <trkpt lat="-9.0593254" lon="148.3862848"/>
      <trkpt lat="-9.0591705" lon="148.3863661"/>
      <trkpt lat="-9.0590170" lon="148.3864531"/>
      <trkpt lat="-9.0588573" lon="148.3865281"/>
      <trkpt lat="-9.0587201" lon="148.3866267"/>
      <trkpt lat="-9.0585853" lon="148.3867182"/>
      <trkpt lat="-9.0584575" lon="148.3868242"/>
      <trkpt lat="-9.0583026" lon="148.3868908"/>
      <trkpt lat="-9.0581420" lon="148.3869152"/>
      <trkpt lat="-9.0579708" lon="148.3868798"/>
      <trkpt lat="-9.0578033" lon="148.3868216"/>
      <trkpt lat="-9.0576334" lon="148.3867763"/>
      <trkpt lat="-9.0574635" lon="148.3867474"/>
      <trkpt lat="-9.0573190" lon="148.3867098"/>
      <trkpt lat="-9.0571737" lon="148.3866754"/>
      <trkpt lat="-9.0570289" lon="148.3866663"/>
      <trkpt lat="-9.0568627" lon="148.3866682"/>
      <trkpt lat="-9.0567008" lon="148.3866542"/>
      <trkpt lat="-9.0565570" lon="148.3865750"/>
      <trkpt lat="-9.0564287" lon="148.3864652"/>
      <trkpt lat="-9.0563336" lon="148.3863209"/>
      <trkpt lat="-9.0562440" lon="148.3861712"/>
      <trkpt lat="-9.0561708" lon="148.3860099"/>
      <trkpt lat="-9.0560965" lon="148.3858486"/>
      <trkpt lat="-9.0560370" lon="148.3856818"/>
      <trkpt lat="-9.0559553" lon="148.3855270"/>
      <trkpt lat="-9.0558494" lon="148.3853921"/>
      <trkpt lat="-9.0557607" lon="148.3852597"/>
      <trkpt lat="-9.0556994" lon="148.3851132"/>
      <trkpt lat="-9.0556832" lon="148.3849742"/>
      <trkpt lat="-9.0556826" lon="148.3848808"/>
      <trkpt lat="-9.0556706" lon="148.3848711"/>
      <trkpt lat="-9.0557010" lon="148.3849034"/>
      <trkpt lat="-9.0557125" lon="148.3849010"/>
      <trkpt lat="-9.0557231" lon="148.3849108"/>
      <trkpt lat="-9.0556950" lon="148.3848954"/>
      <trkpt lat="-9.0556550" lon="148.3848893"/>
      <trkpt lat="-9.0555929" lon="148.3848099"/>
      <trkpt lat="-9.0554893" lon="148.3846967"/>
      <trkpt lat="-9.0553537" lon="148.3845950"/>
      <trkpt lat="-9.0552637" lon="148.3845141"/>
      <trkpt lat="-9.0551953" lon="148.3844724"/>
      <trkpt lat="-9.0551507" lon="148.3844036"/>
      <trkpt lat="-9.0550775" lon="148.3843000"/>
      <trkpt lat="-9.0549811" lon="148.3841581"/>
      <trkpt lat="-9.0548617" lon="148.3840260"/>
      <trkpt lat="-9.0547388" lon="148.3838958"/>
      <trkpt lat="-9.0546583" lon="148.3837490"/>
      <trkpt lat="-9.0545852" lon="148.3835961"/>
      <trkpt lat="-9.0545200" lon="148.3834372"/>
      <trkpt lat="-9.0544286" lon="148.3832852"/>
      <trkpt lat="-9.0543492" lon="148.3831429"/>
      <trkpt lat="-9.0543017" lon="148.3830616"/>
      <trkpt lat="-9.0542426" lon="148.3830782"/>
      <trkpt lat="-9.0542042" lon="148.3831909"/>
      <trkpt lat="-9.0541754" lon="148.3833533"/>
      <trkpt lat="-9.0541775" lon="148.3835299"/>
      <trkpt lat="-9.0541547" lon="148.3836984"/>
      <trkpt lat="-9.0540895" lon="148.3838599"/>
      <trkpt lat="-9.0540593" lon="148.3839189"/>
      <trkpt lat="-9.0540508" lon="148.3839845"/>
      <trkpt lat="-9.0540798" lon="148.3839680"/>
      <trkpt lat="-9.0540403" lon="148.3840360"/>
      <trkpt lat="-9.0539620" lon="148.3840820"/>
      <trkpt lat="-9.0538700" lon="148.3841726"/>
      <trkpt lat="-9.0538052" lon="148.3842011"/>
      <trkpt lat="-9.0537951" lon="148.3842495"/>
      <trkpt lat="-9.0538047" lon="148.3843429"/>
      <trkpt lat="-9.0538326" lon="148.3845183"/>
      <trkpt lat="-9.0538808" lon="148.3846893"/>
      <trkpt lat="-9.0539603" lon="148.3848406"/>
      <trkpt lat="-9.0540857" lon="148.3849239"/>
      <trkpt lat="-9.0542309" lon="148.3849680"/>
      <trkpt lat="-9.0543081" lon="148.3850288"/>
      <trkpt lat="-9.0542952" lon="148.3851433"/>
      <trkpt lat="-9.0541832" lon="148.3852749"/>
      <trkpt lat="-9.0540442" lon="148.3853855"/>
      <trkpt lat="-9.0539100" lon="148.3854952"/>
      <trkpt lat="-9.0538384" lon="148.3856309"/>
      <trkpt lat="-9.0538542" lon="148.3857781"/>
      <trkpt lat="-9.0539349" lon="148.3859258"/>
      <trkpt lat="-9.0539577" lon="148.3860474"/>
      <trkpt lat="-9.0538845" lon="148.3861218"/>
      <trkpt lat="-9.0537550" lon="148.3861997"/>
      <trkpt lat="-9.0536381" lon="148.3862791"/>
      <trkpt lat="-9.0535238" lon="148.3863844"/>
      <trkpt lat="-9.0534065" lon="148.3864910"/>
      <trkpt lat="-9.0532721" lon="148.3865939"/>
      <trkpt lat="-9.0531686" lon="148.3867222"/>
      <trkpt lat="-9.0530510" lon="148.3868382"/>
      <trkpt lat="-9.0529290" lon="148.3869058"/>
      <trkpt lat="-9.0527792" lon="148.3869489"/>
      <trkpt lat="-9.0526143" lon="148.3869684"/>
      <trkpt lat="-9.0524484" lon="148.3870236"/>
      <trkpt lat="-9.0522773" lon="148.3870713"/>
      <trkpt lat="-9.0521071" lon="148.3871124"/>
      <trkpt lat="-9.0519650" lon="148.3871863"/>
      <trkpt lat="-9.0518415" lon="148.3872832"/>
      <trkpt lat="-9.0517841" lon="148.3873153"/>
      <trkpt lat="-9.0517835" lon="148.3872746"/>
      <trkpt lat="-9.0517786" lon="148.3872337"/>
      <trkpt lat="-9.0517257" lon="148.3872961"/>
      <trkpt lat="-9.0516010" lon="148.3874039"/>
      <trkpt lat="-9.0514807" lon="148.3874303"/>
      <trkpt lat="-9.0513831" lon="148.3873531"/>
      <trkpt lat="-9.0513270" lon="148.3872211"/>
      <trkpt lat="-9.0512795" lon="148.3870812"/>
      <trkpt lat="-9.0512271" lon="148.3869436"/>
      <trkpt lat="-9.0511703" lon="148.3867911"/>
      <trkpt lat="-9.0511073" lon="148.3866402"/>
      <trkpt lat="-9.0510230" lon="148.3865047"/>
      <trkpt lat="-9.0509582" lon="148.3863751"/>
      <trkpt lat="-9.0508880" lon="148.3863024"/>
      <trkpt lat="-9.0508962" lon="148.3862870"/>
      <trkpt lat="-9.0508869" lon="148.3862977"/>
      <trkpt lat="-9.0508928" lon="148.3862893"/>
      <trkpt lat="-9.0508850" lon="148.3862087"/>
      <trkpt lat="-9.0508474" lon="148.3861074"/>
      <trkpt lat="-9.0508012" lon="148.3859676"/>
      <trkpt lat="-9.0506935" lon="148.3858410"/>
      <trkpt lat="-9.0506432" lon="148.3857088"/>
      <trkpt lat="-9.0506308" lon="148.3855674"/>
      <trkpt lat="-9.0506684" lon="148.3854078"/>
      <trkpt lat="-9.0506949" lon="148.3852321"/>
      <trkpt lat="-9.0507164" lon="148.3850525"/>
      <trkpt lat="-9.0507448" lon="148.3848771"/>
      <trkpt lat="-9.0507997" lon="148.3847177"/>
      <trkpt lat="-9.0508491" lon="148.3846007"/>
      <trkpt lat="-9.0509240" lon="148.3845596"/>
      <trkpt lat="-9.0510162" lon="148.3845394"/>
      <trkpt lat="-9.0511698" lon="148.3845133"/>
      <trkpt lat="-9.0513287" lon="148.3844340"/>
      <trkpt lat="-9.0514848" lon="148.3843684"/>
      <trkpt lat="-9.0515844" lon="148.3842666"/>
      <trkpt lat="-9.0516361" lon="148.3841992"/>
      <trkpt lat="-9.0516190" lon="148.3841393"/>
      <trkpt lat="-9.0515986" lon="148.3840812"/>
      <trkpt lat="-9.0515893" lon="148.3839632"/>
      <trkpt lat="-9.0516154" lon="148.3837925"/>
      <trkpt lat="-9.0516296" lon="148.3836253"/>
      <trkpt lat="-9.0516087" lon="148.3834656"/>
      <trkpt lat="-9.0515530" lon="148.3833043"/>
      <trkpt lat="-9.0515067" lon="148.3831384"/>
      <trkpt lat="-9.0514742" lon="148.3829638"/>
      <trkpt lat="-9.0514775" lon="148.3827886"/>
      <trkpt lat="-9.0515092" lon="148.3826166"/>
      <trkpt lat="-9.0515655" lon="148.3824453"/>
      <trkpt lat="-9.0516218" lon="148.3822731"/>
      <trkpt lat="-9.0516838" lon="148.3821031"/>
      <trkpt lat="-9.0517483" lon="148.3819338"/>
      <trkpt lat="-9.0518106" lon="148.3817639"/>
      <trkpt lat="-9.0518805" lon="148.3815989"/>
      <trkpt lat="-9.0519516" lon="148.3814345"/>
      <trkpt lat="-9.0520492" lon="148.3812886"/>
      <trkpt lat="-9.0521611" lon="148.3811567"/>
      <trkpt lat="-9.0522945" lon="148.3810430"/>
      <trkpt lat="-9.0524213" lon="148.3809292"/>
      <trkpt lat="-9.0525287" lon="148.3808162"/>
      <trkpt lat="-9.0525506" lon="148.3807537"/>
      <trkpt lat="-9.0525807" lon="148.3807503"/>
      <trkpt lat="-9.0526411" lon="148.3807881"/>
      <trkpt lat="-9.0528052" lon="148.3808006"/>
      <trkpt lat="-9.0529685" lon="148.3808215"/>
      <trkpt lat="-9.0531280" lon="148.3808552"/>
      <trkpt lat="-9.0532856" lon="148.3808905"/>
      <trkpt lat="-9.0534495" lon="148.3808796"/>
      <trkpt lat="-9.0536150" lon="148.3808519"/>
      <trkpt lat="-9.0537726" lon="148.3808028"/>
      <trkpt lat="-9.0538894" lon="148.3807132"/>
      <trkpt lat="-9.0539511" lon="148.3805659"/>
      <trkpt lat="-9.0540064" lon="148.3804146"/>
      <trkpt lat="-9.0540812" lon="148.3802696"/>
      <trkpt lat="-9.0541870" lon="148.3801324"/>
      <trkpt lat="-9.0543059" lon="148.3800268"/>
      <trkpt lat="-9.0544538" lon="148.3799822"/>
      <trkpt lat="-9.0546281" lon="148.3799763"/>
      <trkpt lat="-9.0548027" lon="148.3799871"/>
      <trkpt lat="-9.0549684" lon="148.3799748"/>
      <trkpt lat="-9.0551237" lon="148.3799429"/>
      <trkpt lat="-9.0552055" lon="148.3798425"/>
      <trkpt lat="-9.0552139" lon="148.3797006"/>
      <trkpt lat="-9.0551454" lon="148.3795332"/>
      <trkpt lat="-9.0550972" lon="148.3793655"/>
      <trkpt lat="-9.0550600" lon="148.3791942"/>
      <trkpt lat="-9.0550523" lon="148.3790169"/>
      <trkpt lat="-9.0550640" lon="148.3788455"/>
      <trkpt lat="-9.0551006" lon="148.3786988"/>
      <trkpt lat="-9.0551491" lon="148.3785768"/>
    </trkseg>
    <trkseg>
      <trkpt lat="-9.0551408" lon="148.3785862"/>
      <trkpt lat="-9.0550229" lon="148.3784555"/>
      <trkpt lat="-9.0548826" lon="148.3783529"/>
      <trkpt lat="-9.0547242" lon="148.3782689"/>
      <trkpt lat="-9.0545751" lon="148.3781761"/>
      <trkpt lat="-9.0544539" lon="148.3780501"/>
      <trkpt lat="-9.0543371" lon="148.3779180"/>
      <trkpt lat="-9.0542204" lon="148.3777843"/>
      <trkpt lat="-9.0540971" lon="148.3777100"/>
      <trkpt lat="-9.0539887" lon="148.3776381"/>
      <trkpt lat="-9.0538603" lon="148.3776035"/>
      <trkpt lat="-9.0537092" lon="148.3775556"/>
      <trkpt lat="-9.0535329" lon="148.3775258"/>
      <trkpt lat="-9.0533563" lon="148.3774983"/>
      <trkpt lat="-9.0531778" lon="148.3774804"/>
      <trkpt lat="-9.0529979" lon="148.3774706"/>
      <trkpt lat="-9.0528179" lon="148.3774694"/>
      <trkpt lat="-9.0526383" lon="148.3774724"/>
      <trkpt lat="-9.0524622" lon="148.3775001"/>
      <trkpt lat="-9.0522866" lon="148.3775333"/>
      <trkpt lat="-9.0521121" lon="148.3775720"/>
      <trkpt lat="-9.0519365" lon="148.3776112"/>
      <trkpt lat="-9.0517626" lon="148.3776577"/>
      <trkpt lat="-9.0515902" lon="148.3777081"/>
      <trkpt lat="-9.0514166" lon="148.3777537"/>
      <trkpt lat="-9.0512413" lon="148.3777917"/>
      <trkpt lat="-9.0510635" lon="148.3778196"/>
      <trkpt lat="-9.0508847" lon="148.3778271"/>
      <trkpt lat="-9.0507081" lon="148.3778162"/>
      <trkpt lat="-9.0505323" lon="148.3777946"/>
      <trkpt lat="-9.0503558" lon="148.3777821"/>
      <trkpt lat="-9.0501799" lon="148.3777990"/>
      <trkpt lat="-9.0500076" lon="148.3778442"/>
      <trkpt lat="-9.0498363" lon="148.3778967"/>
      <trkpt lat="-9.0496666" lon="148.3779519"/>
      <trkpt lat="-9.0494924" lon="148.3779877"/>
      <trkpt lat="-9.0493176" lon="148.3780205"/>
      <trkpt lat="-9.0491382" lon="148.3780404"/>
      <trkpt lat="-9.0489590" lon="148.3780615"/>
      <trkpt lat="-9.0487802" lon="148.3780840"/>
      <trkpt lat="-9.0486130" lon="148.3781315"/>
      <trkpt lat="-9.0484513" lon="148.3781865"/>
      <trkpt lat="-9.0482902" lon="148.3782343"/>
      <trkpt lat="-9.0481314" lon="148.3782803"/>
      <trkpt lat="-9.0479735" lon="148.3783254"/>
      <trkpt lat="-9.0478190" lon="148.3783787"/>
      <trkpt lat="-9.0476507" lon="148.3783925"/>
      <trkpt lat="-9.0474779" lon="148.3783781"/>
      <trkpt lat="-9.0473020" lon="148.3783558"/>
      <trkpt lat="-9.0471626" lon="148.3783774"/>
      <trkpt lat="-9.0470499" lon="148.3783982"/>
      <trkpt lat="-9.0469938" lon="148.3784056"/>
      <trkpt lat="-9.0469454" lon="148.3783753"/>
      <trkpt lat="-9.0468980" lon="148.3784083"/>
      <trkpt lat="-9.0468464" lon="148.3785137"/>
      <trkpt lat="-9.0467925" lon="148.3786750"/>
      <trkpt lat="-9.0467339" lon="148.3788397"/>
      <trkpt lat="-9.0466919" lon="148.3789958"/>
      <trkpt lat="-9.0466499" lon="148.3791261"/>
      <trkpt lat="-9.0466166" lon="148.3792570"/>
      <trkpt lat="-9.0465454" lon="148.3793878"/>
      <trkpt lat="-9.0464720" lon="148.3795415"/>
      <trkpt lat="-9.0464078" lon="148.3796998"/>
      <trkpt lat="-9.0463327" lon="148.3798535"/>
      <trkpt lat="-9.0462382" lon="148.3800009"/>
      <trkpt lat="-9.0461186" lon="148.3801368"/>
      <trkpt lat="-9.0460008" lon="148.3802709"/>
      <trkpt lat="-9.0458682" lon="148.3803833"/>
      <trkpt lat="-9.0457565" lon="148.3804987"/>
      <trkpt lat="-9.0456522" lon="148.3805947"/>
      <trkpt lat="-9.0455472" lon="148.3806845"/>
      <trkpt lat="-9.0454222" lon="148.3807706"/>
      <trkpt lat="-9.0452745" lon="148.3808590"/>
      <trkpt lat="-9.0451394" lon="148.3809708"/>
      <trkpt lat="-9.0449917" lon="148.3810613"/>
      <trkpt lat="-9.0448620" lon="148.3811704"/>
      <trkpt lat="-9.0447296" lon="148.3812786"/>
      <trkpt lat="-9.0446237" lon="148.3814099"/>
      <trkpt lat="-9.0444978" lon="148.3815139"/>
      <trkpt lat="-9.0444294" lon="148.3816115"/>
      <trkpt lat="-9.0443837" lon="148.3816923"/>
      <trkpt lat="-9.0443688" lon="148.3818029"/>
      <trkpt lat="-9.0443321" lon="148.3819254"/>
      <trkpt lat="-9.0442630" lon="148.3820664"/>
      <trkpt lat="-9.0442248" lon="148.3822173"/>
      <trkpt lat="-9.0441890" lon="148.3823802"/>
      <trkpt lat="-9.0441410" lon="148.3825281"/>
      <trkpt lat="-9.0440283" lon="148.3826088"/>
      <trkpt lat="-9.0438666" lon="148.3826480"/>
      <trkpt lat="-9.0436961" lon="148.3826669"/>
      <trkpt lat="-9.0435296" lon="148.3826667"/>
      <trkpt lat="-9.0433621" lon="148.3826424"/>
      <trkpt lat="-9.0431980" lon="148.3825914"/>
      <trkpt lat="-9.0430390" lon="148.3825744"/>
      <trkpt lat="-9.0428782" lon="148.3825542"/>
      <trkpt lat="-9.0427204" lon="148.3825195"/>
      <trkpt lat="-9.0425634" lon="148.3824403"/>
      <trkpt lat="-9.0424134" lon="148.3823505"/>
      <trkpt lat="-9.0422584" lon="148.3822798"/>
      <trkpt lat="-9.0420999" lon="148.3822615"/>
      <trkpt lat="-9.0419368" lon="148.3822497"/>
      <trkpt lat="-9.0417720" lon="148.3822545"/>
      <trkpt lat="-9.0416615" lon="148.3822853"/>
      <trkpt lat="-9.0416587" lon="148.3823349"/>
      <trkpt lat="-9.0417149" lon="148.3823597"/>
      <trkpt lat="-9.0417493" lon="148.3823172"/>
      <trkpt lat="-9.0417464" lon="148.3822893"/>
      <trkpt lat="-9.0416992" lon="148.3823140"/>
      <trkpt lat="-9.0416331" lon="148.3823332"/>
      <trkpt lat="-9.0415576" lon="148.3823318"/>
      <trkpt lat="-9.0415838" lon="148.3823114"/>
      <trkpt lat="-9.0416082" lon="148.3822843"/>
      <trkpt lat="-9.0416221" lon="148.3822536"/>
      <trkpt lat="-9.0415711" lon="148.3822030"/>
    </trkseg>
    <trkseg>
      <trkpt lat="-9.0419544" lon="148.3832411"/>
      <trkpt lat="-9.0418111" lon="148.3831302"/>
      <trkpt lat="-9.0417142" lon="148.3830607"/>
      <trkpt lat="-9.0417075" lon="148.3830714"/>
      <trkpt lat="-9.0417087" lon="148.3830736"/>
      <trkpt lat="-9.0416741" lon="148.3830236"/>
      <trkpt lat="-9.0415602" lon="148.3828825"/>
      <trkpt lat="-9.0414513" lon="148.3827378"/>
      <trkpt lat="-9.0413266" lon="148.3826145"/>
      <trkpt lat="-9.0411873" lon="148.3825570"/>
      <trkpt lat="-9.0410487" lon="148.3825971"/>
      <trkpt lat="-9.0409508" lon="148.3827200"/>
      <trkpt lat="-9.0408528" lon="148.3828537"/>
      <trkpt lat="-9.0407891" lon="148.3829328"/>
      <trkpt lat="-9.0407181" lon="148.3829544"/>
      <trkpt lat="-9.0407251" lon="148.3829258"/>
      <trkpt lat="-9.0407585" lon="148.3828815"/>
    </trkseg>
    <trkseg>
      <trkpt lat="-9.0392751" lon="148.3842878"/>
      <trkpt lat="-9.0392973" lon="148.3844485"/>
      <trkpt lat="-9.0392747" lon="148.3846114"/>
      <trkpt lat="-9.0391931" lon="148.3847694"/>
      <trkpt lat="-9.0391114" lon="148.3849286"/>
      <trkpt lat="-9.0390419" lon="148.3850916"/>
      <trkpt lat="-9.0390001" lon="148.3852654"/>
      <trkpt lat="-9.0389539" lon="148.3854367"/>
      <trkpt lat="-9.0389195" lon="148.3856069"/>
      <trkpt lat="-9.0388886" lon="148.3857774"/>
      <trkpt lat="-9.0388757" lon="148.3859525"/>
      <trkpt lat="-9.0388102" lon="148.3861032"/>
      <trkpt lat="-9.0387245" lon="148.3862465"/>
      <trkpt lat="-9.0386342" lon="148.3863920"/>
      <trkpt lat="-9.0385690" lon="148.3865586"/>
      <trkpt lat="-9.0385024" lon="148.3867269"/>
      <trkpt lat="-9.0384255" lon="148.3868916"/>
      <trkpt lat="-9.0383473" lon="148.3870555"/>
      <trkpt lat="-9.0382770" lon="148.3872224"/>
      <trkpt lat="-9.0382171" lon="148.3873935"/>
      <trkpt lat="-9.0381659" lon="148.3875679"/>
      <trkpt lat="-9.0381101" lon="148.3877407"/>
      <trkpt lat="-9.0380483" lon="148.3879114"/>
      <trkpt lat="-9.0379724" lon="148.3880760"/>
      <trkpt lat="-9.0378917" lon="148.3882381"/>
      <trkpt lat="-9.0378064" lon="148.3883977"/>
      <trkpt lat="-9.0377400" lon="148.3885646"/>
      <trkpt lat="-9.0376774" lon="148.3887323"/>
      <trkpt lat="-9.0376131" lon="148.3888994"/>
      <trkpt lat="-9.0375477" lon="148.3890661"/>
      <trkpt lat="-9.0374824" lon="148.3892332"/>
      <trkpt lat="-9.0374219" lon="148.3894027"/>
      <trkpt lat="-9.0373461" lon="148.3895668"/>
      <trkpt lat="-9.0372810" lon="148.3897322"/>
      <trkpt lat="-9.0372661" lon="148.3898966"/>
      <trkpt lat="-9.0372689" lon="148.3900671"/>
      <trkpt lat="-9.0372658" lon="148.3902384"/>
      <trkpt lat="-9.0372202" lon="148.3904134"/>
      <trkpt lat="-9.0371709" lon="148.3905878"/>
      <trkpt lat="-9.0371261" lon="148.3907639"/>
      <trkpt lat="-9.0370841" lon="148.3909408"/>
      <trkpt lat="-9.0370455" lon="148.3911183"/>
      <trkpt lat="-9.0370237" lon="148.3912968"/>
      <trkpt lat="-9.0369868" lon="148.3914687"/>
      <trkpt lat="-9.0369315" lon="148.3916339"/>
      <trkpt lat="-9.0368449" lon="148.3917923"/>
      <trkpt lat="-9.0367570" lon="148.3919509"/>
      <trkpt lat="-9.0366718" lon="148.3921111"/>
      <trkpt lat="-9.0365844" lon="148.3922701"/>
      <trkpt lat="-9.0364880" lon="148.3924222"/>
      <trkpt lat="-9.0363713" lon="148.3925576"/>
      <trkpt lat="-9.0362277" lon="148.3926564"/>
      <trkpt lat="-9.0360655" lon="148.3927237"/>
      <trkpt lat="-9.0359008" lon="148.3927876"/>
      <trkpt lat="-9.0357583" lon="148.3928843"/>
      <trkpt lat="-9.0356252" lon="148.3930029"/>
      <trkpt lat="-9.0354927" lon="148.3931228"/>
      <trkpt lat="-9.0353477" lon="148.3932303"/>
      <trkpt lat="-9.0352280" lon="148.3933561"/>
      <trkpt lat="-9.0351375" lon="148.3935035"/>
      <trkpt lat="-9.0350802" lon="148.3936736"/>
      <trkpt lat="-9.0350128" lon="148.3938398"/>
      <trkpt lat="-9.0349317" lon="148.3939985"/>
      <trkpt lat="-9.0348233" lon="148.3941413"/>
      <trkpt lat="-9.0347219" lon="148.3942880"/>
      <trkpt lat="-9.0346200" lon="148.3944269"/>
      <trkpt lat="-9.0345529" lon="148.3945821"/>
      <trkpt lat="-9.0344758" lon="148.3947305"/>
      <trkpt lat="-9.0343899" lon="148.3948800"/>
      <trkpt lat="-9.0342932" lon="148.3950258"/>
      <trkpt lat="-9.0342466" lon="148.3951830"/>
      <trkpt lat="-9.0342458" lon="148.3953577"/>
      <trkpt lat="-9.0342648" lon="148.3955375"/>
      <trkpt lat="-9.0342739" lon="148.3957189"/>
      <trkpt lat="-9.0342826" lon="148.3959004"/>
      <trkpt lat="-9.0342909" lon="148.3960821"/>
      <trkpt lat="-9.0342847" lon="148.3962622"/>
      <trkpt lat="-9.0342486" lon="148.3964349"/>
      <trkpt lat="-9.0341707" lon="148.3965920"/>
      <trkpt lat="-9.0340523" lon="148.3967206"/>
      <trkpt lat="-9.0339021" lon="148.3968072"/>
      <trkpt lat="-9.0337340" lon="148.3968358"/>
      <trkpt lat="-9.0335578" lon="148.3968227"/>
      <trkpt lat="-9.0333805" lon="148.3967922"/>
      <trkpt lat="-9.0332016" lon="148.3967766"/>
      <trkpt lat="-9.0330260" lon="148.3967518"/>
      <trkpt lat="-9.0328532" lon="148.3967144"/>
      <trkpt lat="-9.0326907" lon="148.3966423"/>
      <trkpt lat="-9.0325344" lon="148.3965569"/>
      <trkpt lat="-9.0323891" lon="148.3964522"/>
      <trkpt lat="-9.0322416" lon="148.3963496"/>
      <trkpt lat="-9.0320872" lon="148.3962616"/>
      <trkpt lat="-9.0319189" lon="148.3962065"/>
      <trkpt lat="-9.0317442" lon="148.3961905"/>
      <trkpt lat="-9.0315689" lon="148.3962132"/>
      <trkpt lat="-9.0314013" lon="148.3962708"/>
      <trkpt lat="-9.0312394" lon="148.3963496"/>
      <trkpt lat="-9.0310822" lon="148.3964394"/>
      <trkpt lat="-9.0309272" lon="148.3965329"/>
      <trkpt lat="-9.0307716" lon="148.3966252"/>
      <trkpt lat="-9.0306150" lon="148.3967156"/>
      <trkpt lat="-9.0304544" lon="148.3967979"/>
      <trkpt lat="-9.0302927" lon="148.3968764"/>
      <trkpt lat="-9.0301262" lon="148.3969414"/>
      <trkpt lat="-9.0299595" lon="148.3970066"/>
      <trkpt lat="-9.0297986" lon="148.3970828"/>
      <trkpt lat="-9.0296577" lon="148.3971909"/>
      <trkpt lat="-9.0295505" lon="148.3973284"/>
      <trkpt lat="-9.0294669" lon="148.3974852"/>
      <trkpt lat="-9.0294143" lon="148.3976552"/>
      <trkpt lat="-9.0293626" lon="148.3978261"/>
      <trkpt lat="-9.0293260" lon="148.3979996"/>
      <trkpt lat="-9.0292760" lon="148.3981571"/>
      <trkpt lat="-9.0292431" lon="148.3983186"/>
      <trkpt lat="-9.0292131" lon="148.3984815"/>
      <trkpt lat="-9.0292004" lon="148.3986570"/>
      <trkpt lat="-9.0291877" lon="148.3988289"/>
      <trkpt lat="-9.0292001" lon="148.3989996"/>
      <trkpt lat="-9.0292161" lon="148.3991358"/>
      <trkpt lat="-9.0292353" lon="148.3992379"/>
    </trkseg>
    <trkseg>
      <trkpt lat="-9.0170998" lon="148.4021683"/>
      <trkpt lat="-9.0169907" lon="148.4022631"/>
      <trkpt lat="-9.0168706" lon="148.4022613"/>
      <trkpt lat="-9.0167588" lon="148.4021504"/>
      <trkpt lat="-9.0166678" lon="148.4019984"/>
      <trkpt lat="-9.0165695" lon="148.4018519"/>
      <trkpt lat="-9.0164366" lon="148.4017356"/>
      <trkpt lat="-9.0162910" lon="148.4016317"/>
      <trkpt lat="-9.0161449" lon="148.4015280"/>
      <trkpt lat="-9.0159972" lon="148.4014283"/>
      <trkpt lat="-9.0158448" lon="148.4013338"/>
      <trkpt lat="-9.0156898" lon="148.4012429"/>
      <trkpt lat="-9.0155350" lon="148.4011519"/>
      <trkpt lat="-9.0153738" lon="148.4010759"/>
      <trkpt lat="-9.0152057" lon="148.4010128"/>
      <trkpt lat="-9.0150330" lon="148.4009661"/>
      <trkpt lat="-9.0148573" lon="148.4009384"/>
      <trkpt lat="-9.0146773" lon="148.4009379"/>
      <trkpt lat="-9.0144969" lon="148.4009488"/>
      <trkpt lat="-9.0143168" lon="148.4009644"/>
      <trkpt lat="-9.0141367" lon="148.4009792"/>
      <trkpt lat="-9.0139568" lon="148.4009950"/>
      <trkpt lat="-9.0137802" lon="148.4010180"/>
      <trkpt lat="-9.0136038" lon="148.4010297"/>
      <trkpt lat="-9.0134273" lon="148.4010303"/>
      <trkpt lat="-9.0132514" lon="148.4010349"/>
      <trkpt lat="-9.0130788" lon="148.4010623"/>
      <trkpt lat="-9.0129074" lon="148.4010834"/>
      <trkpt lat="-9.0127390" lon="148.4010593"/>
      <trkpt lat="-9.0125812" lon="148.4009815"/>
      <trkpt lat="-9.0124267" lon="148.4008923"/>
      <trkpt lat="-9.0122653" lon="148.4008249"/>
      <trkpt lat="-9.0120897" lon="148.4007947"/>
      <trkpt lat="-9.0119093" lon="148.4007898"/>
      <trkpt lat="-9.0117286" lon="148.4007898"/>
      <trkpt lat="-9.0115479" lon="148.4007883"/>
      <trkpt lat="-9.0113672" lon="148.4007820"/>
      <trkpt lat="-9.0111867" lon="148.4007723"/>
      <trkpt lat="-9.0110069" lon="148.4007647"/>
      <trkpt lat="-9.0108290" lon="148.4007746"/>
      <trkpt lat="-9.0106522" lon="148.4007861"/>
      <trkpt lat="-9.0104830" lon="148.4007704"/>
      <trkpt lat="-9.0103185" lon="148.4007126"/>
      <trkpt lat="-9.0101564" lon="148.4006712"/>
      <trkpt lat="-9.0099862" lon="148.4006597"/>
      <trkpt lat="-9.0098116" lon="148.4006600"/>
      <trkpt lat="-9.0096352" lon="148.4006307"/>
      <trkpt lat="-9.0094642" lon="148.4005739"/>
      <trkpt lat="-9.0092998" lon="148.4005016"/>
      <trkpt lat="-9.0091449" lon="148.4004363"/>
      <trkpt lat="-9.0089861" lon="148.4004075"/>
      <trkpt lat="-9.0088213" lon="148.4004082"/>
      <trkpt lat="-9.0086469" lon="148.4004256"/>
      <trkpt lat="-9.0084720" lon="148.4004212"/>
      <trkpt lat="-9.0083216" lon="148.4003834"/>
      <trkpt lat="-9.0081947" lon="148.4002889"/>
      <trkpt lat="-9.0080825" lon="148.4002196"/>
      <trkpt lat="-9.0079857" lon="148.4002431"/>
      <trkpt lat="-9.0079041" lon="148.4003724"/>
      <trkpt lat="-9.0078311" lon="148.4005363"/>
      <trkpt lat="-9.0077434" lon="148.4006933"/>
      <trkpt lat="-9.0076325" lon="148.4008327"/>
      <trkpt lat="-9.0075186" lon="148.4009637"/>
      <trkpt lat="-9.0074047" lon="148.4010928"/>
      <trkpt lat="-9.0072901" lon="148.4012244"/>
      <trkpt lat="-9.0071762" lon="148.4013625"/>
      <trkpt lat="-9.0070432" lon="148.4014737"/>
      <trkpt lat="-9.0068997" lon="148.4015673"/>
      <trkpt lat="-9.0067345" lon="148.4016072"/>
      <trkpt lat="-9.0065637" lon="148.4016101"/>
      <trkpt lat="-9.0063883" lon="148.4015869"/>
      <trkpt lat="-9.0062352" lon="148.4015320"/>
      <trkpt lat="-9.0061079" lon="148.4014486"/>
      <trkpt lat="-9.0060255" lon="148.4013088"/>
      <trkpt lat="-9.0059961" lon="148.4011489"/>
      <trkpt lat="-9.0060121" lon="148.4009801"/>
      <trkpt lat="-9.0060898" lon="148.4008349"/>
      <trkpt lat="-9.0061857" lon="148.4007377"/>
      <trkpt lat="-9.0063120" lon="148.4006732"/>
      <trkpt lat="-9.0063664" lon="148.4006123"/>
      <trkpt lat="-9.0063537" lon="148.4005147"/>
      <trkpt lat="-9.0062743" lon="148.4003968"/>
      <trkpt lat="-9.0061666" lon="148.4002976"/>
      <trkpt lat="-9.0060542" lon="148.4001999"/>
      <trkpt lat="-9.0059222" lon="148.4001003"/>
      <trkpt lat="-9.0057838" lon="148.4000268"/>
      <trkpt lat="-9.0056241" lon="148.3999967"/>
      <trkpt lat="-9.0054466" lon="148.4000076"/>
      <trkpt lat="-9.0052684" lon="148.4000024"/>
      <trkpt lat="-9.0050925" lon="148.4000079"/>
      <trkpt lat="-9.0049236" lon="148.4000057"/>
      <trkpt lat="-9.0047847" lon="148.3999580"/>
      <trkpt lat="-9.0046857" lon="148.3998710"/>
      <trkpt lat="-9.0045978" lon="148.3998332"/>
      <trkpt lat="-9.0044850" lon="148.3998441"/>
      <trkpt lat="-9.0043580" lon="148.3999231"/>
      <trkpt lat="-9.0042794" lon="148.4000211"/>
      <trkpt lat="-9.0042345" lon="148.4001741"/>
      <trkpt lat="-9.0041928" lon="148.4003347"/>
      <trkpt lat="-9.0040876" lon="148.4004422"/>
      <trkpt lat="-9.0039660" lon="148.4005414"/>
      <trkpt lat="-9.0038349" lon="148.4005977"/>
      <trkpt lat="-9.0037023" lon="148.4006375"/>
      <trkpt lat="-9.0035470" lon="148.4006418"/>
      <trkpt lat="-9.0033832" lon="148.4006745"/>
      <trkpt lat="-9.0032194" lon="148.4007056"/>
      <trkpt lat="-9.0030556" lon="148.4007265"/>
      <trkpt lat="-9.0028785" lon="148.4007075"/>
      <trkpt lat="-9.0027225" lon="148.4006586"/>
      <trkpt lat="-9.0025736" lon="148.4005985"/>
      <trkpt lat="-9.0024479" lon="148.4005928"/>
      <trkpt lat="-9.0023372" lon="148.4006764"/>
      <trkpt lat="-9.0022745" lon="148.4007619"/>
      <trkpt lat="-9.0022074" lon="148.4008228"/>
      <trkpt lat="-9.0021329" lon="148.4008860"/>
      <trkpt lat="-9.0020252" lon="148.4009889"/>
      <trkpt lat="-9.0019283" lon="148.4011207"/>
      <trkpt lat="-9.0018154" lon="148.4012394"/>
      <trkpt lat="-9.0016975" lon="148.4013587"/>
      <trkpt lat="-9.0015697" lon="148.4014042"/>
      <trkpt lat="-9.0014312" lon="148.4014007"/>
      <trkpt lat="-9.0012760" lon="148.4013672"/>
      <trkpt lat="-9.0011103" lon="148.4013255"/>
      <trkpt lat="-9.0009701" lon="148.4012457"/>
      <trkpt lat="-9.0008944" lon="148.4011829"/>
      <trkpt lat="-9.0008221" lon="148.4011906"/>
      <trkpt lat="-9.0007519" lon="148.4013007"/>
      <trkpt lat="-9.0006222" lon="148.4014065"/>
      <trkpt lat="-9.0004968" lon="148.4015035"/>
      <trkpt lat="-9.0003832" lon="148.4015486"/>
      <trkpt lat="-9.0003719" lon="148.4016102"/>
      <trkpt lat="-9.0004132" lon="148.4016898"/>
      <trkpt lat="-9.0004646" lon="148.4017563"/>
      <trkpt lat="-9.0004674" lon="148.4017723"/>
      <trkpt lat="-9.0004632" lon="148.4017843"/>
      <trkpt lat="-9.0004695" lon="148.4018517"/>
    </trkseg>
    <trkseg>
      <trkpt lat="-8.9886951" lon="148.4147018"/>
      <trkpt lat="-8.9885918" lon="148.4146442"/>
      <trkpt lat="-8.9884511" lon="148.4146298"/>
      <trkpt lat="-8.9882724" lon="148.4146519"/>
      <trkpt lat="-8.9880923" lon="148.4146580"/>
      <trkpt lat="-8.9879127" lon="148.4146454"/>
      <trkpt lat="-8.9877346" lon="148.4146175"/>
      <trkpt lat="-8.9875574" lon="148.4145894"/>
      <trkpt lat="-8.9873994" lon="148.4146101"/>
      <trkpt lat="-8.9872418" lon="148.4146595"/>
      <trkpt lat="-8.9870836" lon="148.4147185"/>
      <trkpt lat="-8.9869052" lon="148.4147343"/>
      <trkpt lat="-8.9867251" lon="148.4147309"/>
      <trkpt lat="-8.9865449" lon="148.4147221"/>
      <trkpt lat="-8.9863644" lon="148.4147177"/>
      <trkpt lat="-8.9861847" lon="148.4147265"/>
      <trkpt lat="-8.9860085" lon="148.4147550"/>
      <trkpt lat="-8.9858369" lon="148.4148036"/>
      <trkpt lat="-8.9856885" lon="148.4148911"/>
      <trkpt lat="-8.9855616" lon="148.4150076"/>
      <trkpt lat="-8.9854519" lon="148.4151508"/>
      <trkpt lat="-8.9853413" lon="148.4152939"/>
      <trkpt lat="-8.9852385" lon="148.4154417"/>
      <trkpt lat="-8.9851348" lon="148.4155886"/>
      <trkpt lat="-8.9850248" lon="148.4157298"/>
      <trkpt lat="-8.9848905" lon="148.4158484"/>
      <trkpt lat="-8.9847411" lon="148.4159470"/>
      <trkpt lat="-8.9845772" lon="148.4160209"/>
      <trkpt lat="-8.9844061" lon="148.4160534"/>
      <trkpt lat="-8.9842336" lon="148.4160376"/>
      <trkpt lat="-8.9840613" lon="148.4159870"/>
      <trkpt lat="-8.9838974" lon="148.4159138"/>
      <trkpt lat="-8.9837530" lon="148.4158184"/>
      <trkpt lat="-8.9836426" lon="148.4156853"/>
      <trkpt lat="-8.9835700" lon="148.4155267"/>
      <trkpt lat="-8.9835299" lon="148.4153526"/>
      <trkpt lat="-8.9835097" lon="148.4151733"/>
      <trkpt lat="-8.9834966" lon="148.4149931"/>
      <trkpt lat="-8.9834728" lon="148.4148223"/>
      <trkpt lat="-8.9835116" lon="148.4147222"/>
      <trkpt lat="-8.9836126" lon="148.4146774"/>
      <trkpt lat="-8.9837779" lon="148.4146506"/>
      <trkpt lat="-8.9839371" lon="148.4145859"/>
      <trkpt lat="-8.9840939" lon="148.4145043"/>
      <trkpt lat="-8.9842425" lon="148.4144120"/>
      <trkpt lat="-8.9843803" lon="148.4143038"/>
      <trkpt lat="-8.9845030" lon="148.4141707"/>
      <trkpt lat="-8.9846173" lon="148.4140308"/>
      <trkpt lat="-8.9847229" lon="148.4138838"/>
      <trkpt lat="-8.9848196" lon="148.4137303"/>
      <trkpt lat="-8.9849205" lon="148.4135807"/>
      <trkpt lat="-8.9850406" lon="148.4134521"/>
      <trkpt lat="-8.9851766" lon="148.4133371"/>
      <trkpt lat="-8.9853166" lon="148.4132246"/>
      <trkpt lat="-8.9854557" lon="148.4131108"/>
      <trkpt lat="-8.9856014" lon="148.4130061"/>
      <trkpt lat="-8.9857581" lon="148.4129157"/>
      <trkpt lat="-8.9859156" lon="148.4128265"/>
      <trkpt lat="-8.9860732" lon="148.4127372"/>
      <trkpt lat="-8.9862308" lon="148.4126480"/>
      <trkpt lat="-8.9863884" lon="148.4125587"/>
      <trkpt lat="-8.9865460" lon="148.4124695"/>
      <trkpt lat="-8.9867035" lon="148.4123802"/>
      <trkpt lat="-8.9868611" lon="148.4122909"/>
      <trkpt lat="-8.9870187" lon="148.4122017"/>
      <trkpt lat="-8.9871763" lon="148.4121124"/>
      <trkpt lat="-8.9873338" lon="148.4120232"/>
      <trkpt lat="-8.9874914" lon="148.4119339"/>
      <trkpt lat="-8.9876490" lon="148.4118447"/>
      <trkpt lat="-8.9877509" lon="148.4117329"/>
      <trkpt lat="-8.9878343" lon="148.4116016"/>
      <trkpt lat="-8.9879039" lon="148.4114536"/>
      <trkpt lat="-8.9880079" lon="148.4113061"/>
      <trkpt lat="-8.9881070" lon="148.4111548"/>
      <trkpt lat="-8.9881968" lon="148.4109969"/>
      <trkpt lat="-8.9882844" lon="148.4108378"/>
      <trkpt lat="-8.9883719" lon="148.4106786"/>
      <trkpt lat="-8.9884600" lon="148.4105197"/>
      <trkpt lat="-8.9885487" lon="148.4103612"/>
      <trkpt lat="-8.9886372" lon="148.4102027"/>
      <trkpt lat="-8.9887175" lon="148.4100403"/>
      <trkpt lat="-8.9887887" lon="148.4098744"/>
      <trkpt lat="-8.9888246" lon="148.4097012"/>
      <trkpt lat="-8.9888348" lon="148.4095316"/>
      <trkpt lat="-8.9888368" lon="148.4093651"/>
      <trkpt lat="-8.9888593" lon="148.4092005"/>
      <trkpt lat="-8.9889142" lon="148.4090356"/>
      <trkpt lat="-8.9889708" lon="148.4088655"/>
      <trkpt lat="-8.9890370" lon="148.4086997"/>
      <trkpt lat="-8.9890841" lon="148.4085292"/>
      <trkpt lat="-8.9891159" lon="148.4083630"/>
      <trkpt lat="-8.9891732" lon="148.4082162"/>
      <trkpt lat="-8.9892688" lon="148.4080901"/>
      <trkpt lat="-8.9894002" lon="148.4079689"/>
      <trkpt lat="-8.9894957" lon="148.4078241"/>
      <trkpt lat="-8.9895812" lon="148.4076709"/>
      <trkpt lat="-8.9896791" lon="148.4075291"/>
      <trkpt lat="-8.9898083" lon="148.4074132"/>
      <trkpt lat="-8.9899531" lon="148.4073178"/>
      <trkpt lat="-8.9901040" lon="148.4072340"/>
      <trkpt lat="-8.9902602" lon="148.4071495"/>
      <trkpt lat="-8.9904178" lon="148.4070669"/>
      <trkpt lat="-8.9905776" lon="148.4070328"/>
      <trkpt lat="-8.9907389" lon="148.4070513"/>
      <trkpt lat="-8.9908966" lon="148.4070650"/>
      <trkpt lat="-8.9910483" lon="148.4070222"/>
      <trkpt lat="-8.9911815" lon="148.4069100"/>
      <trkpt lat="-8.9913145" lon="148.4067950"/>
      <trkpt lat="-8.9914379" lon="148.4066699"/>
      <trkpt lat="-8.9915743" lon="148.4065563"/>
      <trkpt lat="-8.9916705" lon="148.4064219"/>
      <trkpt lat="-8.9917611" lon="148.4062866"/>
      <trkpt lat="-8.9918539" lon="148.4061571"/>
      <trkpt lat="-8.9919703" lon="148.4060380"/>
      <trkpt lat="-8.9920503" lon="148.4059539"/>
      <trkpt lat="-8.9921140" lon="148.4058584"/>
      <trkpt lat="-8.9921790" lon="148.4057560"/>
      <trkpt lat="-8.9922847" lon="148.4056208"/>
      <trkpt lat="-8.9923801" lon="148.4054790"/>
      <trkpt lat="-8.9924617" lon="148.4053335"/>
      <trkpt lat="-8.9925260" lon="148.4051765"/>
      <trkpt lat="-8.9926002" lon="148.4050229"/>
      <trkpt lat="-8.9926825" lon="148.4048721"/>
      <trkpt lat="-8.9927921" lon="148.4047456"/>
      <trkpt lat="-8.9928995" lon="148.4046183"/>
      <trkpt lat="-8.9930145" lon="148.4044931"/>
      <trkpt lat="-8.9930829" lon="148.4043463"/>
      <trkpt lat="-8.9931670" lon="148.4042130"/>
      <trkpt lat="-8.9932628" lon="148.4040976"/>
      <trkpt lat="-8.9933999" lon="148.4039918"/>
      <trkpt lat="-8.9935437" lon="148.4038939"/>
      <trkpt lat="-8.9936785" lon="148.4037922"/>
      <trkpt lat="-8.9938184" lon="148.4037275"/>
      <trkpt lat="-8.9939643" lon="148.4036729"/>
      <trkpt lat="-8.9941208" lon="148.4036192"/>
      <trkpt lat="-8.9942823" lon="148.4035430"/>
      <trkpt lat="-8.9944380" lon="148.4034538"/>
      <trkpt lat="-8.9945731" lon="148.4033462"/>
      <trkpt lat="-8.9946640" lon="148.4032071"/>
      <trkpt lat="-8.9947377" lon="148.4030636"/>
      <trkpt lat="-8.9948215" lon="148.4029268"/>
      <trkpt lat="-8.9949347" lon="148.4028083"/>
      <trkpt lat="-8.9950677" lon="148.4026998"/>
      <trkpt lat="-8.9951922" lon="148.4025849"/>
      <trkpt lat="-8.9953228" lon="148.4024793"/>
      <trkpt lat="-8.9954522" lon="148.4023700"/>
      <trkpt lat="-8.9955768" lon="148.4022571"/>
      <trkpt lat="-8.9956826" lon="148.4021226"/>
      <trkpt lat="-8.9957813" lon="148.4019778"/>
      <trkpt lat="-8.9958944" lon="148.4018443"/>
      <trkpt lat="-8.9960131" lon="148.4017130"/>
      <trkpt lat="-8.9961266" lon="148.4015769"/>
      <trkpt lat="-8.9962340" lon="148.4014349"/>
      <trkpt lat="-8.9963571" lon="148.4013061"/>
      <trkpt lat="-8.9964613" lon="148.4011666"/>
      <trkpt lat="-8.9965608" lon="148.4010385"/>
      <trkpt lat="-8.9966381" lon="148.4009001"/>
      <trkpt lat="-8.9967103" lon="148.4007577"/>
      <trkpt lat="-8.9968011" lon="148.4006209"/>
      <trkpt lat="-8.9968955" lon="148.4004817"/>
      <trkpt lat="-8.9970123" lon="148.4003780"/>
      <trkpt lat="-8.9971196" lon="148.4002638"/>
      <trkpt lat="-8.9972408" lon="148.4001648"/>
      <trkpt lat="-8.9973443" lon="148.4000324"/>
      <trkpt lat="-8.9974509" lon="148.3999469"/>
      <trkpt lat="-8.9975322" lon="148.3998702"/>
      <trkpt lat="-8.9976484" lon="148.3998480"/>
      <trkpt lat="-8.9977798" lon="148.3998319"/>
      <trkpt lat="-8.9979490" lon="148.3998227"/>
      <trkpt lat="-8.9981178" lon="148.3998119"/>
      <trkpt lat="-8.9982623" lon="148.3997523"/>
      <trkpt lat="-8.9983745" lon="148.3996680"/>
      <trkpt lat="-8.9984718" lon="148.3995660"/>
      <trkpt lat="-8.9985930" lon="148.3995159"/>
      <trkpt lat="-8.9987436" lon="148.3994940"/>
      <trkpt lat="-8.9989014" lon="148.3995049"/>
      <trkpt lat="-8.9990351" lon="148.3995501"/>
      <trkpt lat="-8.9991663" lon="148.3995807"/>
      <trkpt lat="-8.9992885" lon="148.3995530"/>
      <trkpt lat="-8.9994097" lon="148.3994257"/>
      <trkpt lat="-8.9994915" lon="148.3992911"/>
      <trkpt lat="-8.9995138" lon="148.3992450"/>
      <trkpt lat="-8.9994853" lon="148.3992338"/>
      <trkpt lat="-8.9994004" lon="148.3992831"/>
      <trkpt lat="-8.9993428" lon="148.3993038"/>
      <trkpt lat="-8.9993054" lon="148.3993099"/>
      <trkpt lat="-8.9993157" lon="148.3993218"/>
      <trkpt lat="-8.9993237" lon="148.3993261"/>
      <trkpt lat="-8.9993170" lon="148.3993222"/>
      <trkpt lat="-8.9993023" lon="148.3993046"/>
      <trkpt lat="-8.9992853" lon="148.3992626"/>
      <trkpt lat="-8.9993353" lon="148.3992612"/>
      <trkpt lat="-8.9993635" lon="148.3992654"/>
      <trkpt lat="-8.9994444" lon="148.3993079"/>
      <trkpt lat="-8.9995168" lon="148.3993142"/>
      <trkpt lat="-8.9996740" lon="148.3993093"/>
      <trkpt lat="-8.9998161" lon="148.3993043"/>
      <trkpt lat="-8.9999682" lon="148.3993380"/>
      <trkpt lat="-9.0001100" lon="148.3993465"/>
      <trkpt lat="-9.0002400" lon="148.3993267"/>
      <trkpt lat="-9.0003323" lon="148.3992964"/>
      <trkpt lat="-9.0004224" lon="148.3992591"/>
      <trkpt lat="-9.0004998" lon="148.3991862"/>
      <trkpt lat="-9.0006181" lon="148.3991182"/>
      <trkpt lat="-9.0007003" lon="148.3990199"/>
      <trkpt lat="-9.0007859" lon="148.3989094"/>
      <trkpt lat="-9.0008555" lon="148.3987586"/>
      <trkpt lat="-9.0009533" lon="148.3986133"/>
      <trkpt lat="-9.0010669" lon="148.3984756"/>
      <trkpt lat="-9.0011880" lon="148.3983522"/>
      <trkpt lat="-9.0012725" lon="148.3982219"/>
      <trkpt lat="-9.0013345" lon="148.3980865"/>
      <trkpt lat="-9.0013540" lon="148.3979296"/>
      <trkpt lat="-9.0013614" lon="148.3977755"/>
      <trkpt lat="-9.0013597" lon="148.3976146"/>
      <trkpt lat="-9.0013635" lon="148.3974466"/>
      <trkpt lat="-9.0014056" lon="148.3972788"/>
      <trkpt lat="-9.0014662" lon="148.3971232"/>
      <trkpt lat="-9.0015117" lon="148.3969936"/>
      <trkpt lat="-9.0015428" lon="148.3968603"/>
      <trkpt lat="-9.0015918" lon="148.3967322"/>
      <trkpt lat="-9.0016128" lon="148.3966133"/>
      <trkpt lat="-9.0016390" lon="148.3964948"/>
      <trkpt lat="-9.0016523" lon="148.3963670"/>
      <trkpt lat="-9.0017088" lon="148.3962076"/>
      <trkpt lat="-9.0017730" lon="148.3960627"/>
      <trkpt lat="-9.0018591" lon="148.3959392"/>
      <trkpt lat="-9.0019266" lon="148.3958511"/>
      <trkpt lat="-9.0019785" lon="148.3957787"/>
      <trkpt lat="-9.0020300" lon="148.3957525"/>
      <trkpt lat="-9.0021323" lon="148.3957050"/>
      <trkpt lat="-9.0022373" lon="148.3956803"/>
      <trkpt lat="-9.0023078" lon="148.3955837"/>
      <trkpt lat="-9.0023443" lon="148.3954666"/>
      <trkpt lat="-9.0023596" lon="148.3953643"/>
      <trkpt lat="-9.0023834" lon="148.3952821"/>
      <trkpt lat="-9.0024031" lon="148.3952013"/>
      <trkpt lat="-9.0024798" lon="148.3950963"/>
      <trkpt lat="-9.0025910" lon="148.3950090"/>
      <trkpt lat="-9.0027486" lon="148.3949517"/>
      <trkpt lat="-9.0029136" lon="148.3948866"/>
      <trkpt lat="-9.0030496" lon="148.3948170"/>
      <trkpt lat="-9.0031527" lon="148.3947229"/>
      <trkpt lat="-9.0032376" lon="148.3946042"/>
      <trkpt lat="-9.0033050" lon="148.3944571"/>
      <trkpt lat="-9.0033883" lon="148.3943147"/>
      <trkpt lat="-9.0034494" lon="148.3941715"/>
      <trkpt lat="-9.0035045" lon="148.3940212"/>
      <trkpt lat="-9.0035378" lon="148.3938620"/>
      <trkpt lat="-9.0035380" lon="148.3936956"/>
      <trkpt lat="-9.0035462" lon="148.3935308"/>
      <trkpt lat="-9.0035353" lon="148.3933696"/>
      <trkpt lat="-9.0035546" lon="148.3932283"/>
      <trkpt lat="-9.0035693" lon="148.3930924"/>
      <trkpt lat="-9.0036029" lon="148.3929886"/>
      <trkpt lat="-9.0036426" lon="148.3928587"/>
      <trkpt lat="-9.0036684" lon="148.3927240"/>
      <trkpt lat="-9.0036838" lon="148.3925518"/>
      <trkpt lat="-9.0036815" lon="148.3923796"/>
      <trkpt lat="-9.0036915" lon="148.3922048"/>
      <trkpt lat="-9.0037338" lon="148.3920476"/>
      <trkpt lat="-9.0038295" lon="148.3919213"/>
      <trkpt lat="-9.0039715" lon="148.3918239"/>
      <trkpt lat="-9.0041345" lon="148.3917474"/>
      <trkpt lat="-9.0042872" lon="148.3917113"/>
      <trkpt lat="-9.0044358" lon="148.3916717"/>
      <trkpt lat="-9.0045537" lon="148.3915985"/>
      <trkpt lat="-9.0046679" lon="148.3914680"/>
      <trkpt lat="-9.0047573" lon="148.3913174"/>
      <trkpt lat="-9.0048406" lon="148.3911640"/>
      <trkpt lat="-9.0048828" lon="148.3910015"/>
      <trkpt lat="-9.0049209" lon="148.3908349"/>
      <trkpt lat="-9.0049419" lon="148.3906661"/>
      <trkpt lat="-9.0049367" lon="148.3904976"/>
      <trkpt lat="-9.0049493" lon="148.3903436"/>
      <trkpt lat="-9.0049852" lon="148.3901948"/>
      <trkpt lat="-9.0050583" lon="148.3900414"/>
      <trkpt lat="-9.0050869" lon="148.3898711"/>
      <trkpt lat="-9.0050814" lon="148.3896984"/>
      <trkpt lat="-9.0050718" lon="148.3895228"/>
      <trkpt lat="-9.0050671" lon="148.3893466"/>
      <trkpt lat="-9.0050790" lon="148.3891690"/>
      <trkpt lat="-9.0051192" lon="148.3890016"/>
      <trkpt lat="-9.0051773" lon="148.3888361"/>
      <trkpt lat="-9.0052404" lon="148.3886694"/>
      <trkpt lat="-9.0053144" lon="148.3885182"/>
      <trkpt lat="-9.0054260" lon="148.3884005"/>
      <trkpt lat="-9.0055817" lon="148.3883302"/>
      <trkpt lat="-9.0057325" lon="148.3882709"/>
      <trkpt lat="-9.0058885" lon="148.3882450"/>
      <trkpt lat="-9.0060419" lon="148.3882498"/>
      <trkpt lat="-9.0062089" lon="148.3883014"/>
      <trkpt lat="-9.0063759" lon="148.3883554"/>
      <trkpt lat="-9.0065420" lon="148.3884141"/>
      <trkpt lat="-9.0067129" lon="148.3884563"/>
      <trkpt lat="-9.0068817" lon="148.3885083"/>
      <trkpt lat="-9.0070545" lon="148.3885504"/>
      <trkpt lat="-9.0072295" lon="148.3885851"/>
      <trkpt lat="-9.0074055" lon="148.3885921"/>
      <trkpt lat="-9.0075821" lon="148.3885804"/>
      <trkpt lat="-9.0077558" lon="148.3885646"/>
      <trkpt lat="-9.0079253" lon="148.3885311"/>
      <trkpt lat="-9.0080342" lon="148.3885086"/>
      <trkpt lat="-9.0081452" lon="148.3884808"/>
      <trkpt lat="-9.0082621" lon="148.3884707"/>
      <trkpt lat="-9.0084392" lon="148.3884617"/>
      <trkpt lat="-9.0086138" lon="148.3884636"/>
      <trkpt lat="-9.0087824" lon="148.3884498"/>
      <trkpt lat="-9.0089347" lon="148.3883924"/>
      <trkpt lat="-9.0090875" lon="148.3883247"/>
      <trkpt lat="-9.0092469" lon="148.3882873"/>
      <trkpt lat="-9.0094243" lon="148.3882882"/>
      <trkpt lat="-9.0095993" lon="148.3882761"/>
      <trkpt lat="-9.0097728" lon="148.3882531"/>
      <trkpt lat="-9.0099435" lon="148.3882151"/>
      <trkpt lat="-9.0101132" lon="148.3881742"/>
      <trkpt lat="-9.0102828" lon="148.3881228"/>
      <trkpt lat="-9.0104550" lon="148.3880821"/>
      <trkpt lat="-9.0106297" lon="148.3880615"/>
      <trkpt lat="-9.0108061" lon="148.3880586"/>
      <trkpt lat="-9.0109819" lon="148.3880642"/>
      <trkpt lat="-9.0111455" lon="148.3881084"/>
      <trkpt lat="-9.0112697" lon="148.3882044"/>
      <trkpt lat="-9.0113839" lon="148.3883229"/>
      <trkpt lat="-9.0115131" lon="148.3884085"/>
      <trkpt lat="-9.0116793" lon="148.3884215"/>
      <trkpt lat="-9.0118558" lon="148.3884094"/>
      <trkpt lat="-9.0120315" lon="148.3883870"/>
      <trkpt lat="-9.0121513" lon="148.3883953"/>
      <trkpt lat="-9.0122632" lon="148.3883884"/>
      <trkpt lat="-9.0123727" lon="148.3883799"/>
      <trkpt lat="-9.0125367" lon="148.3883782"/>
      <trkpt lat="-9.0127049" lon="148.3884094"/>
      <trkpt lat="-9.0128680" lon="148.3884366"/>
      <trkpt lat="-9.0130309" lon="148.3884359"/>
      <trkpt lat="-9.0131845" lon="148.3883831"/>
      <trkpt lat="-9.0133343" lon="148.3883132"/>
      <trkpt lat="-9.0134842" lon="148.3882287"/>
      <trkpt lat="-9.0136428" lon="148.3881537"/>
      <trkpt lat="-9.0138104" lon="148.3880950"/>
      <trkpt lat="-9.0139730" lon="148.3880256"/>
      <trkpt lat="-9.0141115" lon="148.3879321"/>
      <trkpt lat="-9.0142449" lon="148.3878243"/>
      <trkpt lat="-9.0143712" lon="148.3877079"/>
      <trkpt lat="-9.0145205" lon="148.3876431"/>
      <trkpt lat="-9.0145889" lon="148.3875807"/>
      <trkpt lat="-9.0146112" lon="148.3875635"/>
      <trkpt lat="-9.0145829" lon="148.3875407"/>
      <trkpt lat="-9.0145880" lon="148.3875320"/>
      <trkpt lat="-9.0145992" lon="148.3875048"/>
    </trkseg>
    <trkseg>
      <trkpt lat="-9.0145031" lon="148.3873746"/>
      <trkpt lat="-9.0146039" lon="148.3874950"/>
      <trkpt lat="-9.0147354" lon="148.3875951"/>
      <trkpt lat="-9.0148958" lon="148.3876781"/>
      <trkpt lat="-9.0150518" lon="148.3877696"/>
      <trkpt lat="-9.0152017" lon="148.3878708"/>
      <trkpt lat="-9.0153513" lon="148.3879721"/>
      <trkpt lat="-9.0154997" lon="148.3880750"/>
      <trkpt lat="-9.0156487" lon="148.3881768"/>
      <trkpt lat="-9.0157959" lon="148.3882819"/>
      <trkpt lat="-9.0159394" lon="148.3883919"/>
      <trkpt lat="-9.0160796" lon="148.3885062"/>
      <trkpt lat="-9.0162150" lon="148.3886267"/>
      <trkpt lat="-9.0163552" lon="148.3887407"/>
      <trkpt lat="-9.0165011" lon="148.3888472"/>
      <trkpt lat="-9.0166478" lon="148.3889527"/>
      <trkpt lat="-9.0167930" lon="148.3890594"/>
      <trkpt lat="-9.0169361" lon="148.3891674"/>
      <trkpt lat="-9.0170749" lon="148.3892798"/>
      <trkpt lat="-9.0172207" lon="148.3893801"/>
      <trkpt lat="-9.0173685" lon="148.3894728"/>
      <trkpt lat="-9.0175337" lon="148.3895085"/>
      <trkpt lat="-9.0177014" lon="148.3895072"/>
      <trkpt lat="-9.0178723" lon="148.3894520"/>
      <trkpt lat="-9.0180423" lon="148.3893968"/>
      <trkpt lat="-9.0182139" lon="148.3893592"/>
      <trkpt lat="-9.0183908" lon="148.3893611"/>
      <trkpt lat="-9.0185695" lon="148.3893843"/>
      <trkpt lat="-9.0187476" lon="148.3894140"/>
      <trkpt lat="-9.0189259" lon="148.3894433"/>
      <trkpt lat="-9.0191040" lon="148.3894744"/>
      <trkpt lat="-9.0192819" lon="148.3894873"/>
      <trkpt lat="-9.0194589" lon="148.3894731"/>
      <trkpt lat="-9.0196299" lon="148.3894264"/>
      <trkpt lat="-9.0197902" lon="148.3893555"/>
      <trkpt lat="-9.0199478" lon="148.3892802"/>
      <trkpt lat="-9.0201053" lon="148.3892081"/>
      <trkpt lat="-9.0202671" lon="148.3891413"/>
      <trkpt lat="-9.0204284" lon="148.3890694"/>
      <trkpt lat="-9.0205914" lon="148.3889923"/>
      <trkpt lat="-9.0207556" lon="148.3889163"/>
      <trkpt lat="-9.0209181" lon="148.3888368"/>
      <trkpt lat="-9.0210718" lon="148.3887443"/>
      <trkpt lat="-9.0212197" lon="148.3886426"/>
      <trkpt lat="-9.0213657" lon="148.3885382"/>
      <trkpt lat="-9.0215040" lon="148.3884252"/>
      <trkpt lat="-9.0216383" lon="148.3883071"/>
      <trkpt lat="-9.0217737" lon="148.3881972"/>
      <trkpt lat="-9.0219304" lon="148.3881273"/>
      <trkpt lat="-9.0221001" lon="148.3880854"/>
      <trkpt lat="-9.0222667" lon="148.3880316"/>
      <trkpt lat="-9.0224209" lon="148.3879465"/>
      <trkpt lat="-9.0225644" lon="148.3878361"/>
      <trkpt lat="-9.0227046" lon="148.3877213"/>
      <trkpt lat="-9.0228431" lon="148.3876044"/>
      <trkpt lat="-9.0229824" lon="148.3874886"/>
      <trkpt lat="-9.0231165" lon="148.3873675"/>
      <trkpt lat="-9.0232405" lon="148.3872371"/>
      <trkpt lat="-9.0233567" lon="148.3870993"/>
      <trkpt lat="-9.0234581" lon="148.3869514"/>
      <trkpt lat="-9.0235524" lon="148.3867991"/>
      <trkpt lat="-9.0236348" lon="148.3866377"/>
      <trkpt lat="-9.0237251" lon="148.3864828"/>
      <trkpt lat="-9.0238353" lon="148.3863450"/>
      <trkpt lat="-9.0239608" lon="148.3862187"/>
      <trkpt lat="-9.0241022" lon="148.3861063"/>
      <trkpt lat="-9.0242457" lon="148.3859968"/>
      <trkpt lat="-9.0243751" lon="148.3858812"/>
      <trkpt lat="-9.0244893" lon="148.3857526"/>
      <trkpt lat="-9.0246016" lon="148.3856215"/>
      <trkpt lat="-9.0247231" lon="148.3854930"/>
      <trkpt lat="-9.0248287" lon="148.3853544"/>
      <trkpt lat="-9.0248976" lon="148.3851923"/>
      <trkpt lat="-9.0249438" lon="148.3850175"/>
      <trkpt lat="-9.0249994" lon="148.3848463"/>
      <trkpt lat="-9.0250421" lon="148.3846798"/>
      <trkpt lat="-9.0250684" lon="148.3845109"/>
      <trkpt lat="-9.0250721" lon="148.3843353"/>
      <trkpt lat="-9.0250887" lon="148.3841555"/>
      <trkpt lat="-9.0251291" lon="148.3839802"/>
      <trkpt lat="-9.0251777" lon="148.3838069"/>
      <trkpt lat="-9.0252191" lon="148.3836321"/>
      <trkpt lat="-9.0252408" lon="148.3834526"/>
      <trkpt lat="-9.0252525" lon="148.3832711"/>
      <trkpt lat="-9.0252626" lon="148.3830895"/>
      <trkpt lat="-9.0252799" lon="148.3829088"/>
      <trkpt lat="-9.0253218" lon="148.3827370"/>
      <trkpt lat="-9.0254093" lon="148.3825901"/>
      <trkpt lat="-9.0255359" lon="148.3824691"/>
      <trkpt lat="-9.0256694" lon="148.3823507"/>
      <trkpt lat="-9.0257813" lon="148.3822136"/>
      <trkpt lat="-9.0258671" lon="148.3820548"/>
      <trkpt lat="-9.0259428" lon="148.3818897"/>
      <trkpt lat="-9.0260177" lon="148.3817246"/>
      <trkpt lat="-9.0261055" lon="148.3815727"/>
      <trkpt lat="-9.0261934" lon="148.3814209"/>
      <trkpt lat="-9.0262773" lon="148.3812669"/>
      <trkpt lat="-9.0263218" lon="148.3810990"/>
      <trkpt lat="-9.0263412" lon="148.3809343"/>
      <trkpt lat="-9.0262892" lon="148.3807930"/>
      <trkpt lat="-9.0262618" lon="148.3806596"/>
      <trkpt lat="-9.0262623" lon="148.3805259"/>
      <trkpt lat="-9.0263201" lon="148.3803672"/>
      <trkpt lat="-9.0263586" lon="148.3801963"/>
      <trkpt lat="-9.0263492" lon="148.3800222"/>
      <trkpt lat="-9.0263258" lon="148.3798460"/>
      <trkpt lat="-9.0262899" lon="148.3796713"/>
      <trkpt lat="-9.0262567" lon="148.3794950"/>
      <trkpt lat="-9.0262571" lon="148.3793249"/>
      <trkpt lat="-9.0263031" lon="148.3791661"/>
      <trkpt lat="-9.0264180" lon="148.3790323"/>
      <trkpt lat="-9.0265547" lon="148.3789177"/>
      <trkpt lat="-9.0267086" lon="148.3788227"/>
      <trkpt lat="-9.0268651" lon="148.3787326"/>
      <trkpt lat="-9.0270271" lon="148.3786522"/>
      <trkpt lat="-9.0271921" lon="148.3785783"/>
      <trkpt lat="-9.0273600" lon="148.3785110"/>
      <trkpt lat="-9.0275266" lon="148.3784412"/>
      <trkpt lat="-9.0276936" lon="148.3783726"/>
      <trkpt lat="-9.0278608" lon="148.3783043"/>
      <trkpt lat="-9.0280312" lon="148.3782436"/>
      <trkpt lat="-9.0282033" lon="148.3781890"/>
      <trkpt lat="-9.0283786" lon="148.3781493"/>
      <trkpt lat="-9.0285564" lon="148.3781193"/>
      <trkpt lat="-9.0287352" lon="148.3780934"/>
      <trkpt lat="-9.0289139" lon="148.3780674"/>
      <trkpt lat="-9.0290933" lon="148.3780468"/>
      <trkpt lat="-9.0292735" lon="148.3780323"/>
      <trkpt lat="-9.0294242" lon="148.3779909"/>
      <trkpt lat="-9.0295076" lon="148.3778944"/>
      <trkpt lat="-9.0295211" lon="148.3777422"/>
      <trkpt lat="-9.0294876" lon="148.3775646"/>
      <trkpt lat="-9.0294404" lon="148.3773906"/>
      <trkpt lat="-9.0293833" lon="148.3772206"/>
      <trkpt lat="-9.0293638" lon="148.3770533"/>
      <trkpt lat="-9.0294046" lon="148.3768966"/>
      <trkpt lat="-9.0295043" lon="148.3767496"/>
      <trkpt lat="-9.0296174" lon="148.3766094"/>
      <trkpt lat="-9.0297143" lon="148.3764610"/>
      <trkpt lat="-9.0297879" lon="148.3763009"/>
      <trkpt lat="-9.0298295" lon="148.3761285"/>
      <trkpt lat="-9.0298623" lon="148.3759517"/>
      <trkpt lat="-9.0299153" lon="148.3758008"/>
      <trkpt lat="-9.0300254" lon="148.3757112"/>
      <trkpt lat="-9.0301808" lon="148.3756868"/>
      <trkpt lat="-9.0303605" lon="148.3756919"/>
      <trkpt lat="-9.0305402" lon="148.3757016"/>
      <trkpt lat="-9.0307191" lon="148.3757174"/>
      <trkpt lat="-9.0308874" lon="148.3757592"/>
      <trkpt lat="-9.0309992" lon="148.3758557"/>
      <trkpt lat="-9.0310466" lon="148.3759995"/>
      <trkpt lat="-9.0310285" lon="148.3761779"/>
      <trkpt lat="-9.0310108" lon="148.3763538"/>
      <trkpt lat="-9.0310403" lon="148.3765122"/>
      <trkpt lat="-9.0311346" lon="148.3766480"/>
      <trkpt lat="-9.0312831" lon="148.3767231"/>
      <trkpt lat="-9.0314489" lon="148.3767549"/>
      <trkpt lat="-9.0316215" lon="148.3767286"/>
      <trkpt lat="-9.0317953" lon="148.3767002"/>
      <trkpt lat="-9.0319703" lon="148.3766766"/>
      <trkpt lat="-9.0321424" lon="148.3767023"/>
      <trkpt lat="-9.0322186" lon="148.3767743"/>
      <trkpt lat="-9.0321921" lon="148.3768844"/>
      <trkpt lat="-9.0320875" lon="148.3770223"/>
      <trkpt lat="-9.0320049" lon="148.3771773"/>
      <trkpt lat="-9.0319646" lon="148.3773504"/>
      <trkpt lat="-9.0319638" lon="148.3775255"/>
      <trkpt lat="-9.0320085" lon="148.3776943"/>
      <trkpt lat="-9.0320797" lon="148.3778571"/>
      <trkpt lat="-9.0321620" lon="148.3780185"/>
      <trkpt lat="-9.0322185" lon="148.3781883"/>
      <trkpt lat="-9.0322444" lon="148.3783638"/>
      <trkpt lat="-9.0322353" lon="148.3785438"/>
      <trkpt lat="-9.0321988" lon="148.3787201"/>
      <trkpt lat="-9.0321338" lon="148.3788860"/>
      <trkpt lat="-9.0320275" lon="148.3790240"/>
      <trkpt lat="-9.0319622" lon="148.3791632"/>
      <trkpt lat="-9.0319757" lon="148.3792901"/>
      <trkpt lat="-9.0320867" lon="148.3794242"/>
      <trkpt lat="-9.0322252" lon="148.3795396"/>
      <trkpt lat="-9.0323625" lon="148.3796576"/>
      <trkpt lat="-9.0325007" lon="148.3797740"/>
      <trkpt lat="-9.0326377" lon="148.3798915"/>
      <trkpt lat="-9.0327798" lon="148.3800023"/>
      <trkpt lat="-9.0329293" lon="148.3801017"/>
      <trkpt lat="-9.0330878" lon="148.3801874"/>
      <trkpt lat="-9.0332480" lon="148.3802710"/>
      <trkpt lat="-9.0334051" lon="148.3803604"/>
      <trkpt lat="-9.0335595" lon="148.3804552"/>
      <trkpt lat="-9.0337139" lon="148.3805500"/>
      <trkpt lat="-9.0338666" lon="148.3806471"/>
      <trkpt lat="-9.0340236" lon="148.3807173"/>
      <trkpt lat="-9.0341738" lon="148.3807173"/>
      <trkpt lat="-9.0343055" lon="148.3806316"/>
      <trkpt lat="-9.0344155" lon="148.3804916"/>
      <trkpt lat="-9.0345126" lon="148.3803392"/>
      <trkpt lat="-9.0346214" lon="148.3801958"/>
      <trkpt lat="-9.0347222" lon="148.3800489"/>
      <trkpt lat="-9.0348161" lon="148.3798986"/>
      <trkpt lat="-9.0348976" lon="148.3797389"/>
      <trkpt lat="-9.0349706" lon="148.3795745"/>
      <trkpt lat="-9.0350247" lon="148.3794049"/>
      <trkpt lat="-9.0350392" lon="148.3792275"/>
      <trkpt lat="-9.0350320" lon="148.3790475"/>
      <trkpt lat="-9.0350142" lon="148.3788669"/>
      <trkpt lat="-9.0349853" lon="148.3786890"/>
      <trkpt lat="-9.0349496" lon="148.3785119"/>
      <trkpt lat="-9.0348931" lon="148.3783408"/>
      <trkpt lat="-9.0348268" lon="148.3781764"/>
      <trkpt lat="-9.0347346" lon="148.3780237"/>
      <trkpt lat="-9.0346545" lon="148.3778686"/>
      <trkpt lat="-9.0345858" lon="148.3777087"/>
      <trkpt lat="-9.0345611" lon="148.3775388"/>
      <trkpt lat="-9.0345488" lon="148.3773652"/>
      <trkpt lat="-9.0345555" lon="148.3771871"/>
      <trkpt lat="-9.0345276" lon="148.3770143"/>
      <trkpt lat="-9.0344906" lon="148.3768430"/>
      <trkpt lat="-9.0344295" lon="148.3766759"/>
      <trkpt lat="-9.0343860" lon="148.3765020"/>
      <trkpt lat="-9.0343254" lon="148.3763329"/>
      <trkpt lat="-9.0342827" lon="148.3761610"/>
      <trkpt lat="-9.0342523" lon="148.3759896"/>
      <trkpt lat="-9.0342503" lon="148.3758140"/>
      <trkpt lat="-9.0342705" lon="148.3756407"/>
      <trkpt lat="-9.0342962" lon="148.3754693"/>
      <trkpt lat="-9.0343548" lon="148.3753069"/>
      <trkpt lat="-9.0344297" lon="148.3751497"/>
      <trkpt lat="-9.0345275" lon="148.3749983"/>
      <trkpt lat="-9.0346244" lon="148.3748472"/>
      <trkpt lat="-9.0347136" lon="148.3746924"/>
      <trkpt lat="-9.0347975" lon="148.3745342"/>
      <trkpt lat="-9.0348777" lon="148.3743723"/>
      <trkpt lat="-9.0349680" lon="148.3742161"/>
      <trkpt lat="-9.0350542" lon="148.3740587"/>
      <trkpt lat="-9.0351377" lon="148.3739000"/>
      <trkpt lat="-9.0352126" lon="148.3737355"/>
      <trkpt lat="-9.0352747" lon="148.3735674"/>
      <trkpt lat="-9.0353439" lon="148.3734065"/>
      <trkpt lat="-9.0354023" lon="148.3732415"/>
      <trkpt lat="-9.0354867" lon="148.3730911"/>
      <trkpt lat="-9.0355651" lon="148.3729344"/>
      <trkpt lat="-9.0356505" lon="148.3727808"/>
      <trkpt lat="-9.0357244" lon="148.3726189"/>
      <trkpt lat="-9.0358291" lon="148.3725042"/>
      <trkpt lat="-9.0359662" lon="148.3724559"/>
      <trkpt lat="-9.0361343" lon="148.3724838"/>
      <trkpt lat="-9.0362891" lon="148.3725563"/>
      <trkpt lat="-9.0364397" lon="148.3726434"/>
      <trkpt lat="-9.0365944" lon="148.3727180"/>
      <trkpt lat="-9.0367435" lon="148.3727956"/>
      <trkpt lat="-9.0369005" lon="148.3728358"/>
      <trkpt lat="-9.0370509" lon="148.3728374"/>
      <trkpt lat="-9.0372138" lon="148.3727685"/>
      <trkpt lat="-9.0373409" lon="148.3726635"/>
      <trkpt lat="-9.0374257" lon="148.3726043"/>
      <trkpt lat="-9.0374617" lon="148.3725590"/>
      <trkpt lat="-9.0374748" lon="148.3725044"/>
      <trkpt lat="-9.0375162" lon="148.3723883"/>
      <trkpt lat="-9.0375952" lon="148.3722484"/>
      <trkpt lat="-9.0377334" lon="148.3721759"/>
      <trkpt lat="-9.0378924" lon="148.3721427"/>
      <trkpt lat="-9.0380655" lon="148.3721246"/>
      <trkpt lat="-9.0382352" lon="148.3720817"/>
      <trkpt lat="-9.0383936" lon="148.3720531"/>
      <trkpt lat="-9.0385533" lon="148.3720378"/>
      <trkpt lat="-9.0387010" lon="148.3719959"/>
      <trkpt lat="-9.0388494" lon="148.3719114"/>
      <trkpt lat="-9.0389936" lon="148.3718084"/>
      <trkpt lat="-9.0391421" lon="148.3717166"/>
      <trkpt lat="-9.0392634" lon="148.3716014"/>
      <trkpt lat="-9.0393807" lon="148.3714799"/>
      <trkpt lat="-9.0394883" lon="148.3713428"/>
      <trkpt lat="-9.0396159" lon="148.3712187"/>
      <trkpt lat="-9.0397317" lon="148.3710818"/>
      <trkpt lat="-9.0397999" lon="148.3709307"/>
      <trkpt lat="-9.0398216" lon="148.3707632"/>
      <trkpt lat="-9.0397898" lon="148.3705937"/>
      <trkpt lat="-9.0397776" lon="148.3704761"/>
      <trkpt lat="-9.0397794" lon="148.3703590"/>
      <trkpt lat="-9.0398290" lon="148.3702404"/>
      <trkpt lat="-9.0399190" lon="148.3700975"/>
      <trkpt lat="-9.0400475" lon="148.3699771"/>
      <trkpt lat="-9.0401857" lon="148.3698635"/>
      <trkpt lat="-9.0403246" lon="148.3697520"/>
      <trkpt lat="-9.0404709" lon="148.3696541"/>
      <trkpt lat="-9.0406366" lon="148.3695964"/>
      <trkpt lat="-9.0408069" lon="148.3695862"/>
      <trkpt lat="-9.0409824" lon="148.3696074"/>
      <trkpt lat="-9.0411462" lon="148.3696081"/>
      <trkpt lat="-9.0413047" lon="148.3695664"/>
      <trkpt lat="-9.0414553" lon="148.3694907"/>
      <trkpt lat="-9.0416163" lon="148.3694416"/>
      <trkpt lat="-9.0417855" lon="148.3694118"/>
      <trkpt lat="-9.0419622" lon="148.3693955"/>
      <trkpt lat="-9.0421363" lon="148.3693585"/>
      <trkpt lat="-9.0423113" lon="148.3693204"/>
      <trkpt lat="-9.0424845" lon="148.3692761"/>
      <trkpt lat="-9.0426543" lon="148.3692216"/>
      <trkpt lat="-9.0428216" lon="148.3691560"/>
      <trkpt lat="-9.0429881" lon="148.3690880"/>
      <trkpt lat="-9.0431589" lon="148.3690303"/>
      <trkpt lat="-9.0433303" lon="148.3689743"/>
      <trkpt lat="-9.0435047" lon="148.3689304"/>
      <trkpt lat="-9.0436795" lon="148.3688941"/>
      <trkpt lat="-9.0438551" lon="148.3688854"/>
      <trkpt lat="-9.0440287" lon="148.3688704"/>
      <trkpt lat="-9.0442007" lon="148.3688449"/>
      <trkpt lat="-9.0443545" lon="148.3687644"/>
      <trkpt lat="-9.0445004" lon="148.3686803"/>
      <trkpt lat="-9.0446502" lon="148.3686123"/>
      <trkpt lat="-9.0448194" lon="148.3685953"/>
      <trkpt lat="-9.0449990" lon="148.3685996"/>
      <trkpt lat="-9.0451791" lon="148.3686142"/>
      <trkpt lat="-9.0453594" lon="148.3686151"/>
      <trkpt lat="-9.0455346" lon="148.3685915"/>
      <trkpt lat="-9.0457083" lon="148.3685490"/>
      <trkpt lat="-9.0458806" lon="148.3685020"/>
      <trkpt lat="-9.0460570" lon="148.3684865"/>
      <trkpt lat="-9.0462320" lon="148.3685039"/>
      <trkpt lat="-9.0464085" lon="148.3685379"/>
      <trkpt lat="-9.0465849" lon="148.3685695"/>
      <trkpt lat="-9.0467621" lon="148.3685909"/>
      <trkpt lat="-9.0469387" lon="148.3685976"/>
      <trkpt lat="-9.0471105" lon="148.3686097"/>
      <trkpt lat="-9.0472642" lon="148.3686589"/>
      <trkpt lat="-9.0473907" lon="148.3687683"/>
      <trkpt lat="-9.0475030" lon="148.3689099"/>
      <trkpt lat="-9.0476165" lon="148.3690506"/>
      <trkpt lat="-9.0477376" lon="148.3691855"/>
      <trkpt lat="-9.0478618" lon="148.3693170"/>
      <trkpt lat="-9.0479836" lon="148.3694504"/>
      <trkpt lat="-9.0481160" lon="148.3695689"/>
      <trkpt lat="-9.0482559" lon="148.3696764"/>
      <trkpt lat="-9.0483700" lon="148.3697950"/>
      <trkpt lat="-9.0484687" lon="148.3699179"/>
      <trkpt lat="-9.0485191" lon="148.3700188"/>
      <trkpt lat="-9.0486035" lon="148.3701004"/>
      <trkpt lat="-9.0486993" lon="148.3701857"/>
      <trkpt lat="-9.0488222" lon="148.3703111"/>
      <trkpt lat="-9.0489135" lon="148.3704559"/>
      <trkpt lat="-9.0489581" lon="148.3706203"/>
      <trkpt lat="-9.0489814" lon="148.3707945"/>
      <trkpt lat="-9.0490344" lon="148.3709459"/>
      <trkpt lat="-9.0491263" lon="148.3710855"/>
      <trkpt lat="-9.0492603" lon="148.3711996"/>
      <trkpt lat="-9.0494015" lon="148.3713095"/>
      <trkpt lat="-9.0495482" lon="148.3714122"/>
      <trkpt lat="-9.0497032" lon="148.3714859"/>
      <trkpt lat="-9.0498589" lon="148.3715004"/>
      <trkpt lat="-9.0500188" lon="148.3714399"/>
      <trkpt lat="-9.0501713" lon="148.3713428"/>
      <trkpt lat="-9.0503275" lon="148.3712574"/>
      <trkpt lat="-9.0504951" lon="148.3712059"/>
      <trkpt lat="-9.0506702" lon="148.3711985"/>
      <trkpt lat="-9.0508485" lon="148.3712164"/>
      <trkpt lat="-9.0510236" lon="148.3712546"/>
      <trkpt lat="-9.0511996" lon="148.3712914"/>
      <trkpt lat="-9.0513736" lon="148.3713374"/>
      <trkpt lat="-9.0515451" lon="148.3713847"/>
      <trkpt lat="-9.0517083" lon="148.3714539"/>
      <trkpt lat="-9.0518661" lon="148.3715359"/>
      <trkpt lat="-9.0520229" lon="148.3716248"/>
      <trkpt lat="-9.0521806" lon="148.3717119"/>
      <trkpt lat="-9.0523370" lon="148.3717805"/>
      <trkpt lat="-9.0524781" lon="148.3718689"/>
      <trkpt lat="-9.0526152" lon="148.3719639"/>
      <trkpt lat="-9.0527565" lon="148.3720682"/>
      <trkpt lat="-9.0529114" lon="148.3721537"/>
      <trkpt lat="-9.0530685" lon="148.3722338"/>
      <trkpt lat="-9.0532306" lon="148.3722916"/>
      <trkpt lat="-9.0534010" lon="148.3723230"/>
      <trkpt lat="-9.0535793" lon="148.3723109"/>
      <trkpt lat="-9.0537540" lon="148.3722941"/>
      <trkpt lat="-9.0539245" lon="148.3722987"/>
      <trkpt lat="-9.0540900" lon="148.3723441"/>
      <trkpt lat="-9.0542416" lon="148.3724365"/>
      <trkpt lat="-9.0543842" lon="148.3725442"/>
      <trkpt lat="-9.0545140" lon="148.3726679"/>
      <trkpt lat="-9.0546413" lon="148.3727950"/>
      <trkpt lat="-9.0547615" lon="148.3729268"/>
      <trkpt lat="-9.0548439" lon="148.3730117"/>
      <trkpt lat="-9.0548765" lon="148.3730255"/>
      <trkpt lat="-9.0548921" lon="148.3730173"/>
      <trkpt lat="-9.0549282" lon="148.3730317"/>
    </trkseg>
    <trkseg>
      <trkpt lat="-9.0609388" lon="148.3755880"/>
      <trkpt lat="-9.0608837" lon="148.3754283"/>
      <trkpt lat="-9.0608324" lon="148.3752616"/>
      <trkpt lat="-9.0607789" lon="148.3750905"/>
      <trkpt lat="-9.0607012" lon="148.3749267"/>
      <trkpt lat="-9.0606104" lon="148.3747699"/>
      <trkpt lat="-9.0605059" lon="148.3746225"/>
      <trkpt lat="-9.0603925" lon="148.3744813"/>
      <trkpt lat="-9.0602738" lon="148.3743442"/>
      <trkpt lat="-9.0601561" lon="148.3742062"/>
      <trkpt lat="-9.0600415" lon="148.3740658"/>
      <trkpt lat="-9.0599306" lon="148.3739226"/>
      <trkpt lat="-9.0598375" lon="148.3737690"/>
      <trkpt lat="-9.0597745" lon="148.3736048"/>
      <trkpt lat="-9.0597180" lon="148.3734557"/>
      <trkpt lat="-9.0596232" lon="148.3733584"/>
      <trkpt lat="-9.0594741" lon="148.3733179"/>
      <trkpt lat="-9.0593266" lon="148.3733597"/>
      <trkpt lat="-9.0591853" lon="148.3734164"/>
      <trkpt lat="-9.0590906" lon="148.3734523"/>
      <trkpt lat="-9.0589839" lon="148.3734559"/>
      <trkpt lat="-9.0589148" lon="148.3734315"/>
      <trkpt lat="-9.0588032" lon="148.3734534"/>
      <trkpt lat="-9.0587279" lon="148.3734541"/>
      <trkpt lat="-9.0586278" lon="148.3734584"/>
      <trkpt lat="-9.0585242" lon="148.3734377"/>
      <trkpt lat="-9.0583651" lon="148.3734216"/>
      <trkpt lat="-9.0581871" lon="148.3734198"/>
      <trkpt lat="-9.0580130" lon="148.3733970"/>
      <trkpt lat="-9.0578424" lon="148.3733527"/>
      <trkpt lat="-9.0576772" lon="148.3732821"/>
      <trkpt lat="-9.0575069" lon="148.3732358"/>
      <trkpt lat="-9.0573360" lon="148.3732154"/>
      <trkpt lat="-9.0571612" lon="148.3732356"/>
      <trkpt lat="-9.0569918" lon="148.3732704"/>
      <trkpt lat="-9.0568234" lon="148.3733043"/>
      <trkpt lat="-9.0566552" lon="148.3733106"/>
      <trkpt lat="-9.0564835" lon="148.3732929"/>
      <trkpt lat="-9.0563084" lon="148.3732703"/>
      <trkpt lat="-9.0561320" lon="148.3732572"/>
      <trkpt lat="-9.0559576" lon="148.3732578"/>
      <trkpt lat="-9.0557838" lon="148.3732566"/>
      <trkpt lat="-9.0556134" lon="148.3732406"/>
      <trkpt lat="-9.0554416" lon="148.3732321"/>
      <trkpt lat="-9.0552789" lon="148.3731916"/>
      <trkpt lat="-9.0551190" lon="148.3731406"/>
      <trkpt lat="-9.0549886" lon="148.3730875"/>
      <trkpt lat="-9.0549182" lon="148.3730689"/>
      <trkpt lat="-9.0549002" lon="148.3730417"/>
      <trkpt lat="-9.0548903" lon="148.3730210"/>
      <trkpt lat="-9.0548493" lon="148.3730176"/>
    </trkseg>
    <trkseg>
      <trkpt lat="-9.0506830" lon="148.3658001"/>
      <trkpt lat="-9.0505316" lon="148.3657893"/>
      <trkpt lat="-9.0503847" lon="148.3657322"/>
      <trkpt lat="-9.0502435" lon="148.3656471"/>
      <trkpt lat="-9.0501128" lon="148.3656338"/>
      <trkpt lat="-9.0500561" lon="148.3657100"/>
      <trkpt lat="-9.0501009" lon="148.3658261"/>
      <trkpt lat="-9.0502413" lon="148.3659055"/>
      <trkpt lat="-9.0504115" lon="148.3659163"/>
      <trkpt lat="-9.0505346" lon="148.3658659"/>
      <trkpt lat="-9.0506578" lon="148.3658246"/>
      <trkpt lat="-9.0507444" lon="148.3658493"/>
      <trkpt lat="-9.0508802" lon="148.3659152"/>
      <trkpt lat="-9.0510161" lon="148.3659471"/>
      <trkpt lat="-9.0511238" lon="148.3659366"/>
      <trkpt lat="-9.0511176" lon="148.3659007"/>
      <trkpt lat="-9.0509998" lon="148.3658889"/>
      <trkpt lat="-9.0508730" lon="148.3658470"/>
      <trkpt lat="-9.0508263" lon="148.3658473"/>
      <trkpt lat="-9.0508251" lon="148.3658372"/>
      <trkpt lat="-9.0508872" lon="148.3658733"/>
      <trkpt lat="-9.0509355" lon="148.3658612"/>
      <trkpt lat="-9.0510422" lon="148.3658191"/>
      <trkpt lat="-9.0511368" lon="148.3657367"/>
      <trkpt lat="-9.0511888" lon="148.3657293"/>
      <trkpt lat="-9.0511719" lon="148.3658135"/>
      <trkpt lat="-9.0510682" lon="148.3659356"/>
      <trkpt lat="-9.0510191" lon="148.3659859"/>
      <trkpt lat="-9.0510342" lon="148.3659605"/>
      <trkpt lat="-9.0511454" lon="148.3658959"/>
    </trkseg>
  </trk>
</gpx>
