<?xml version="1.0" encoding="UTF-8"?>
<gpx version="1.1" creator="MCA Maps — Managalas clan boundary survey"
     xmlns="http://www.topografix.com/GPX/1/1"
     xmlns:xsi="http://www.w3.org/2001/XMLSchema-instance"
     xsi:schemaLocation="http://www.topografix.com/GPX/1/1 http://www.topografix.com/GPX/1/1/gpx.xsd">
  <metadata>
    <name>Mariura — clan land boundary</name>
    <desc>Mariura, Zone 6. 33.7 km walked; 14.1 km still to walk in 11 gaps. 2 join(s) under the marking threshold are not shown.</desc>
    <time>2026-08-16T11:44:03Z</time>
  </metadata>
  <wpt lat="-9.0766300" lon="148.4374190">
    <name>GAP 1 OF 11 START</name>
    <desc>0.24 km not walked. This straight line is not a boundary — it joins the two ends so the shape can be closed on paper. Mariura, Zone 6.</desc>
    <sym>Flag</sym>
  </wpt>
  <wpt lat="-9.0772141" lon="148.4395439">
    <name>GAP 1 OF 11 END</name>
    <desc>0.24 km not walked. This straight line is not a boundary — it joins the two ends so the shape can be closed on paper. Mariura, Zone 6.</desc>
    <sym>Flag</sym>
  </wpt>
  <wpt lat="-9.0781085" lon="148.4403361">
    <name>GAP 2 OF 11 START</name>
    <desc>0.69 km not walked. This straight line is not a boundary — it joins the two ends so the shape can be closed on paper. Mariura, Zone 6.</desc>
    <sym>Flag</sym>
  </wpt>
  <wpt lat="-9.0721162" lon="148.4419652">
    <name>GAP 2 OF 11 END</name>
    <desc>0.69 km not walked. This straight line is not a boundary — it joins the two ends so the shape can be closed on paper. Mariura, Zone 6.</desc>
    <sym>Flag</sym>
  </wpt>
  <wpt lat="-9.0682229" lon="148.4443727">
    <name>GAP 3 OF 11 START</name>
    <desc>0.38 km not walked. This straight line is not a boundary — it joins the two ends so the shape can be closed on paper. Mariura, Zone 6.</desc>
    <sym>Flag</sym>
  </wpt>
  <wpt lat="-9.0662203" lon="148.4471830">
    <name>GAP 3 OF 11 END</name>
    <desc>0.38 km not walked. This straight line is not a boundary — it joins the two ends so the shape can be closed on paper. Mariura, Zone 6.</desc>
    <sym>Flag</sym>
  </wpt>
  <wpt lat="-9.0690149" lon="148.4525556">
    <name>GAP 4 OF 11 START</name>
    <desc>0.96 km not walked. This straight line is not a boundary — it joins the two ends so the shape can be closed on paper. Mariura, Zone 6.</desc>
    <sym>Flag</sym>
  </wpt>
  <wpt lat="-9.0603274" lon="148.4524153">
    <name>GAP 4 OF 11 END</name>
    <desc>0.96 km not walked. This straight line is not a boundary — it joins the two ends so the shape can be closed on paper. Mariura, Zone 6.</desc>
    <sym>Flag</sym>
  </wpt>
  <wpt lat="-9.0602227" lon="148.4519357">
    <name>GAP 5 OF 11 START</name>
    <desc>1.71 km not walked. This straight line is not a boundary — it joins the two ends so the shape can be closed on paper. Mariura, Zone 6.</desc>
    <sym>Flag</sym>
  </wpt>
  <wpt lat="-9.0538680" lon="148.4377675">
    <name>GAP 5 OF 11 END</name>
    <desc>1.71 km not walked. This straight line is not a boundary — it joins the two ends so the shape can be closed on paper. Mariura, Zone 6.</desc>
    <sym>Flag</sym>
  </wpt>
  <wpt lat="-9.0648138" lon="148.4232634">
    <name>GAP 6 OF 11 START</name>
    <desc>0.11 km not walked. This straight line is not a boundary — it joins the two ends so the shape can be closed on paper. Mariura, Zone 6.</desc>
    <sym>Flag</sym>
  </wpt>
  <wpt lat="-9.0655133" lon="148.4240170">
    <name>GAP 6 OF 11 END</name>
    <desc>0.11 km not walked. This straight line is not a boundary — it joins the two ends so the shape can be closed on paper. Mariura, Zone 6.</desc>
    <sym>Flag</sym>
  </wpt>
  <wpt lat="-9.0727960" lon="148.4276007">
    <name>GAP 7 OF 11 START</name>
    <desc>0.16 km not walked. This straight line is not a boundary — it joins the two ends so the shape can be closed on paper. Mariura, Zone 6.</desc>
    <sym>Flag</sym>
  </wpt>
  <wpt lat="-9.0736325" lon="148.4287766">
    <name>GAP 7 OF 11 END</name>
    <desc>0.16 km not walked. This straight line is not a boundary — it joins the two ends so the shape can be closed on paper. Mariura, Zone 6.</desc>
    <sym>Flag</sym>
  </wpt>
  <wpt lat="-9.0689511" lon="148.4249369">
    <name>GAP 8 OF 11 START</name>
    <desc>0.24 km not walked. This straight line is not a boundary — it joins the two ends so the shape can be closed on paper. Mariura, Zone 6.</desc>
    <sym>Flag</sym>
  </wpt>
  <wpt lat="-9.0710773" lon="148.4250026">
    <name>GAP 8 OF 11 END</name>
    <desc>0.24 km not walked. This straight line is not a boundary — it joins the two ends so the shape can be closed on paper. Mariura, Zone 6.</desc>
    <sym>Flag</sym>
  </wpt>
  <wpt lat="-9.0715428" lon="148.4261755">
    <name>GAP 9 OF 11 START</name>
    <desc>0.68 km not walked. This straight line is not a boundary — it joins the two ends so the shape can be closed on paper. Mariura, Zone 6.</desc>
    <sym>Flag</sym>
  </wpt>
  <wpt lat="-9.0657674" lon="148.4239771">
    <name>GAP 9 OF 11 END</name>
    <desc>0.68 km not walked. This straight line is not a boundary — it joins the two ends so the shape can be closed on paper. Mariura, Zone 6.</desc>
    <sym>Flag</sym>
  </wpt>
  <wpt lat="-9.0610606" lon="148.4274162">
    <name>GAP 10 OF 11 START</name>
    <desc>4.75 km not walked. This straight line is not a boundary — it joins the two ends so the shape can be closed on paper. Mariura, Zone 6.</desc>
    <sym>Flag</sym>
  </wpt>
  <wpt lat="-9.0669909" lon="148.3846528">
    <name>GAP 10 OF 11 END</name>
    <desc>4.75 km not walked. This straight line is not a boundary — it joins the two ends so the shape can be closed on paper. Mariura, Zone 6.</desc>
    <sym>Flag</sym>
  </wpt>
  <wpt lat="-9.0669909" lon="148.3846528">
    <name>GAP 11 OF 11 START</name>
    <desc>4.21 km not walked. This straight line is not a boundary — it joins the two ends so the shape can be closed on paper. Mariura, Zone 6.</desc>
    <sym>Flag</sym>
  </wpt>
  <wpt lat="-9.0702899" lon="148.4228475">
    <name>GAP 11 OF 11 END</name>
    <desc>4.21 km not walked. This straight line is not a boundary — it joins the two ends so the shape can be closed on paper. Mariura, Zone 6.</desc>
    <sym>Flag</sym>
  </wpt>
  <trk>
    <name>GAP 1 OF 11 - NOT WALKED - 0.24 km</name>
    <desc>0.24 km not walked. This straight line is not a boundary — it joins the two ends so the shape can be closed on paper. Mariura, Zone 6.</desc>
    <type>not-walked</type>
    <trkseg>
      <trkpt lat="-9.0766300" lon="148.4374190"/>
      <trkpt lat="-9.0772141" lon="148.4395439"/>
    </trkseg>
  </trk>
  <trk>
    <name>GAP 2 OF 11 - NOT WALKED - 0.69 km</name>
    <desc>0.69 km not walked. This straight line is not a boundary — it joins the two ends so the shape can be closed on paper. Mariura, Zone 6.</desc>
    <type>not-walked</type>
    <trkseg>
      <trkpt lat="-9.0781085" lon="148.4403361"/>
      <trkpt lat="-9.0721162" lon="148.4419652"/>
    </trkseg>
  </trk>
  <trk>
    <name>GAP 3 OF 11 - NOT WALKED - 0.38 km</name>
    <desc>0.38 km not walked. This straight line is not a boundary — it joins the two ends so the shape can be closed on paper. Mariura, Zone 6.</desc>
    <type>not-walked</type>
    <trkseg>
      <trkpt lat="-9.0682229" lon="148.4443727"/>
      <trkpt lat="-9.0662203" lon="148.4471830"/>
    </trkseg>
  </trk>
  <trk>
    <name>GAP 4 OF 11 - NOT WALKED - 0.96 km</name>
    <desc>0.96 km not walked. This straight line is not a boundary — it joins the two ends so the shape can be closed on paper. Mariura, Zone 6.</desc>
    <type>not-walked</type>
    <trkseg>
      <trkpt lat="-9.0690149" lon="148.4525556"/>
      <trkpt lat="-9.0603274" lon="148.4524153"/>
    </trkseg>
  </trk>
  <trk>
    <name>GAP 5 OF 11 - NOT WALKED - 1.71 km</name>
    <desc>1.71 km not walked. This straight line is not a boundary — it joins the two ends so the shape can be closed on paper. Mariura, Zone 6.</desc>
    <type>not-walked</type>
    <trkseg>
      <trkpt lat="-9.0602227" lon="148.4519357"/>
      <trkpt lat="-9.0538680" lon="148.4377675"/>
    </trkseg>
  </trk>
  <trk>
    <name>GAP 6 OF 11 - NOT WALKED - 0.11 km</name>
    <desc>0.11 km not walked. This straight line is not a boundary — it joins the two ends so the shape can be closed on paper. Mariura, Zone 6.</desc>
    <type>not-walked</type>
    <trkseg>
      <trkpt lat="-9.0648138" lon="148.4232634"/>
      <trkpt lat="-9.0655133" lon="148.4240170"/>
    </trkseg>
  </trk>
  <trk>
    <name>GAP 7 OF 11 - NOT WALKED - 0.16 km</name>
    <desc>0.16 km not walked. This straight line is not a boundary — it joins the two ends so the shape can be closed on paper. Mariura, Zone 6.</desc>
    <type>not-walked</type>
    <trkseg>
      <trkpt lat="-9.0727960" lon="148.4276007"/>
      <trkpt lat="-9.0736325" lon="148.4287766"/>
    </trkseg>
  </trk>
  <trk>
    <name>GAP 8 OF 11 - NOT WALKED - 0.24 km</name>
    <desc>0.24 km not walked. This straight line is not a boundary — it joins the two ends so the shape can be closed on paper. Mariura, Zone 6.</desc>
    <type>not-walked</type>
    <trkseg>
      <trkpt lat="-9.0689511" lon="148.4249369"/>
      <trkpt lat="-9.0710773" lon="148.4250026"/>
    </trkseg>
  </trk>
  <trk>
    <name>GAP 9 OF 11 - NOT WALKED - 0.68 km</name>
    <desc>0.68 km not walked. This straight line is not a boundary — it joins the two ends so the shape can be closed on paper. Mariura, Zone 6.</desc>
    <type>not-walked</type>
    <trkseg>
      <trkpt lat="-9.0715428" lon="148.4261755"/>
      <trkpt lat="-9.0657674" lon="148.4239771"/>
    </trkseg>
  </trk>
  <trk>
    <name>GAP 10 OF 11 - NOT WALKED - 4.75 km</name>
    <desc>4.75 km not walked. This straight line is not a boundary — it joins the two ends so the shape can be closed on paper. Mariura, Zone 6.</desc>
    <type>not-walked</type>
    <trkseg>
      <trkpt lat="-9.0610606" lon="148.4274162"/>
      <trkpt lat="-9.0669909" lon="148.3846528"/>
    </trkseg>
  </trk>
  <trk>
    <name>GAP 11 OF 11 - NOT WALKED - 4.21 km</name>
    <desc>4.21 km not walked. This straight line is not a boundary — it joins the two ends so the shape can be closed on paper. Mariura, Zone 6.</desc>
    <type>not-walked</type>
    <trkseg>
      <trkpt lat="-9.0669909" lon="148.3846528"/>
      <trkpt lat="-9.0702899" lon="148.4228475"/>
    </trkseg>
  </trk>
  <trk>
    <name>Mariura - Fabian Justin</name>
    <desc>Walked by Fabian Justin. 17.8 km, 22 track(s), recorded on the ground. Mariura, Zone 6.</desc>
    <type>walked-boundary</type>
    <trkseg>
      <trkpt lat="-9.0807412" lon="148.4256666"/>
      <trkpt lat="-9.0806825" lon="148.4255294"/>
      <trkpt lat="-9.0805913" lon="148.4254027"/>
      <trkpt lat="-9.0804544" lon="148.4253064"/>
      <trkpt lat="-9.0802951" lon="148.4252397"/>
      <trkpt lat="-9.0801240" lon="148.4251881"/>
      <trkpt lat="-9.0799537" lon="148.4251424"/>
      <trkpt lat="-9.0797852" lon="148.4250964"/>
      <trkpt lat="-9.0796160" lon="148.4250522"/>
      <trkpt lat="-9.0794519" lon="148.4249877"/>
      <trkpt lat="-9.0792853" lon="148.4249200"/>
      <trkpt lat="-9.0791348" lon="148.4248373"/>
      <trkpt lat="-9.0789937" lon="148.4247472"/>
      <trkpt lat="-9.0788530" lon="148.4246711"/>
      <trkpt lat="-9.0786943" lon="148.4246367"/>
      <trkpt lat="-9.0785197" lon="148.4246499"/>
      <trkpt lat="-9.0783543" lon="148.4247044"/>
      <trkpt lat="-9.0782149" lon="148.4247999"/>
      <trkpt lat="-9.0781057" lon="148.4249328"/>
      <trkpt lat="-9.0779911" lon="148.4250613"/>
      <trkpt lat="-9.0778532" lon="148.4251555"/>
      <trkpt lat="-9.0776883" lon="148.4251924"/>
      <trkpt lat="-9.0775180" lon="148.4252129"/>
      <trkpt lat="-9.0773452" lon="148.4252174"/>
      <trkpt lat="-9.0771695" lon="148.4252314"/>
      <trkpt lat="-9.0770092" lon="148.4252164"/>
      <trkpt lat="-9.0768502" lon="148.4251935"/>
      <trkpt lat="-9.0766981" lon="148.4251406"/>
      <trkpt lat="-9.0765355" lon="148.4250745"/>
      <trkpt lat="-9.0763842" lon="148.4249779"/>
      <trkpt lat="-9.0762307" lon="148.4248845"/>
      <trkpt lat="-9.0760859" lon="148.4247797"/>
      <trkpt lat="-9.0759496" lon="148.4246678"/>
      <trkpt lat="-9.0758329" lon="148.4245352"/>
      <trkpt lat="-9.0757204" lon="148.4243980"/>
      <trkpt lat="-9.0755906" lon="148.4242862"/>
      <trkpt lat="-9.0754589" lon="148.4241747"/>
      <trkpt lat="-9.0753319" lon="148.4240622"/>
      <trkpt lat="-9.0752010" lon="148.4239708"/>
      <trkpt lat="-9.0750625" lon="148.4238861"/>
      <trkpt lat="-9.0749059" lon="148.4238223"/>
      <trkpt lat="-9.0747527" lon="148.4237348"/>
      <trkpt lat="-9.0745883" lon="148.4236640"/>
      <trkpt lat="-9.0744281" lon="148.4235894"/>
      <trkpt lat="-9.0742751" lon="148.4235045"/>
      <trkpt lat="-9.0741571" lon="148.4233882"/>
      <trkpt lat="-9.0740713" lon="148.4232430"/>
      <trkpt lat="-9.0739951" lon="148.4230848"/>
      <trkpt lat="-9.0738982" lon="148.4229366"/>
      <trkpt lat="-9.0737834" lon="148.4227969"/>
      <trkpt lat="-9.0736728" lon="148.4226544"/>
      <trkpt lat="-9.0735799" lon="148.4225211"/>
      <trkpt lat="-9.0734933" lon="148.4223861"/>
      <trkpt lat="-9.0734004" lon="148.4222564"/>
      <trkpt lat="-9.0732926" lon="148.4221164"/>
      <trkpt lat="-9.0731854" lon="148.4219763"/>
      <trkpt lat="-9.0730746" lon="148.4218388"/>
      <trkpt lat="-9.0729768" lon="148.4216927"/>
      <trkpt lat="-9.0728783" lon="148.4215499"/>
      <trkpt lat="-9.0728218" lon="148.4214397"/>
      <trkpt lat="-9.0727961" lon="148.4213243"/>
      <trkpt lat="-9.0728014" lon="148.4211977"/>
      <trkpt lat="-9.0727944" lon="148.4210217"/>
      <trkpt lat="-9.0727446" lon="148.4208889"/>
      <trkpt lat="-9.0727057" lon="148.4208138"/>
      <trkpt lat="-9.0726674" lon="148.4207983"/>
      <trkpt lat="-9.0726751" lon="148.4207842"/>
      <trkpt lat="-9.0726559" lon="148.4207762"/>
      <trkpt lat="-9.0726433" lon="148.4207687"/>
      <trkpt lat="-9.0726329" lon="148.4207714"/>
      <trkpt lat="-9.0726361" lon="148.4207704"/>
      <trkpt lat="-9.0725908" lon="148.4207806"/>
      <trkpt lat="-9.0724837" lon="148.4208218"/>
      <trkpt lat="-9.0723306" lon="148.4208710"/>
      <trkpt lat="-9.0721892" lon="148.4209289"/>
      <trkpt lat="-9.0720485" lon="148.4209836"/>
      <trkpt lat="-9.0719090" lon="148.4210689"/>
      <trkpt lat="-9.0717828" lon="148.4211529"/>
      <trkpt lat="-9.0716631" lon="148.4212536"/>
      <trkpt lat="-9.0715700" lon="148.4213326"/>
      <trkpt lat="-9.0714566" lon="148.4214205"/>
      <trkpt lat="-9.0713356" lon="148.4214691"/>
      <trkpt lat="-9.0711817" lon="148.4214836"/>
      <trkpt lat="-9.0710705" lon="148.4214458"/>
      <trkpt lat="-9.0710185" lon="148.4214294"/>
      <trkpt lat="-9.0709984" lon="148.4214183"/>
      <trkpt lat="-9.0709784" lon="148.4214171"/>
      <trkpt lat="-9.0709712" lon="148.4213980"/>
      <trkpt lat="-9.0709754" lon="148.4213971"/>
      <trkpt lat="-9.0710080" lon="148.4214260"/>
      <trkpt lat="-9.0709897" lon="148.4214167"/>
      <trkpt lat="-9.0709600" lon="148.4214213"/>
      <trkpt lat="-9.0708911" lon="148.4214326"/>
      <trkpt lat="-9.0708187" lon="148.4214951"/>
      <trkpt lat="-9.0707164" lon="148.4215365"/>
      <trkpt lat="-9.0706197" lon="148.4215960"/>
      <trkpt lat="-9.0705659" lon="148.4216089"/>
      <trkpt lat="-9.0705704" lon="148.4216215"/>
      <trkpt lat="-9.0705573" lon="148.4215822"/>
      <trkpt lat="-9.0705602" lon="148.4215914"/>
      <trkpt lat="-9.0705653" lon="148.4216088"/>
      <trkpt lat="-9.0705782" lon="148.4216037"/>
      <trkpt lat="-9.0706062" lon="148.4215940"/>
      <trkpt lat="-9.0706368" lon="148.4215691"/>
      <trkpt lat="-9.0707029" lon="148.4215548"/>
      <trkpt lat="-9.0707131" lon="148.4215535"/>
      <trkpt lat="-9.0707012" lon="148.4215705"/>
      <trkpt lat="-9.0706985" lon="148.4216362"/>
      <trkpt lat="-9.0706804" lon="148.4216527"/>
      <trkpt lat="-9.0706491" lon="148.4216825"/>
      <trkpt lat="-9.0706110" lon="148.4217124"/>
      <trkpt lat="-9.0706106" lon="148.4217474"/>
      <trkpt lat="-9.0706331" lon="148.4217501"/>
      <trkpt lat="-9.0706245" lon="148.4217195"/>
      <trkpt lat="-9.0706122" lon="148.4217275"/>
      <trkpt lat="-9.0705844" lon="148.4217533"/>
      <trkpt lat="-9.0705751" lon="148.4217909"/>
      <trkpt lat="-9.0706152" lon="148.4218187"/>
      <trkpt lat="-9.0706588" lon="148.4218911"/>
      <trkpt lat="-9.0706546" lon="148.4219665"/>
      <trkpt lat="-9.0705882" lon="148.4219956"/>
      <trkpt lat="-9.0705643" lon="148.4219674"/>
      <trkpt lat="-9.0706360" lon="148.4219176"/>
      <trkpt lat="-9.0707499" lon="148.4219094"/>
      <trkpt lat="-9.0707887" lon="148.4219061"/>
      <trkpt lat="-9.0708141" lon="148.4219010"/>
      <trkpt lat="-9.0708151" lon="148.4218922"/>
      <trkpt lat="-9.0708044" lon="148.4219070"/>
      <trkpt lat="-9.0706997" lon="148.4219354"/>
      <trkpt lat="-9.0705985" lon="148.4219327"/>
      <trkpt lat="-9.0705610" lon="148.4219318"/>
      <trkpt lat="-9.0705780" lon="148.4219226"/>
      <trkpt lat="-9.0706039" lon="148.4219964"/>
      <trkpt lat="-9.0705886" lon="148.4220662"/>
      <trkpt lat="-9.0705958" lon="148.4221871"/>
      <trkpt lat="-9.0705809" lon="148.4223025"/>
      <trkpt lat="-9.0706034" lon="148.4224161"/>
      <trkpt lat="-9.0706148" lon="148.4224704"/>
      <trkpt lat="-9.0706106" lon="148.4225102"/>
      <trkpt lat="-9.0706109" lon="148.4225301"/>
      <trkpt lat="-9.0705648" lon="148.4226017"/>
      <trkpt lat="-9.0705080" lon="148.4226355"/>
      <trkpt lat="-9.0703885" lon="148.4226863"/>
      <trkpt lat="-9.0703525" lon="148.4227110"/>
      <trkpt lat="-9.0703816" lon="148.4227778"/>
      <trkpt lat="-9.0705036" lon="148.4227851"/>
      <trkpt lat="-9.0706057" lon="148.4227955"/>
      <trkpt lat="-9.0706404" lon="148.4227950"/>
      <trkpt lat="-9.0706435" lon="148.4228017"/>
      <trkpt lat="-9.0706226" lon="148.4227964"/>
      <trkpt lat="-9.0705989" lon="148.4227831"/>
      <trkpt lat="-9.0705332" lon="148.4227984"/>
      <trkpt lat="-9.0704166" lon="148.4228352"/>
      <trkpt lat="-9.0703614" lon="148.4228288"/>
      <trkpt lat="-9.0703395" lon="148.4228377"/>
      <trkpt lat="-9.0703352" lon="148.4228778"/>
      <trkpt lat="-9.0702667" lon="148.4229631"/>
      <trkpt lat="-9.0702560" lon="148.4230539"/>
      <trkpt lat="-9.0703354" lon="148.4230830"/>
      <trkpt lat="-9.0705114" lon="148.4230871"/>
      <trkpt lat="-9.0706893" lon="148.4230715"/>
      <trkpt lat="-9.0708630" lon="148.4230872"/>
      <trkpt lat="-9.0709635" lon="148.4231150"/>
      <trkpt lat="-9.0709456" lon="148.4231307"/>
      <trkpt lat="-9.0708637" lon="148.4231146"/>
      <trkpt lat="-9.0708051" lon="148.4230971"/>
      <trkpt lat="-9.0707581" lon="148.4231233"/>
      <trkpt lat="-9.0706729" lon="148.4231879"/>
      <trkpt lat="-9.0705963" lon="148.4232070"/>
      <trkpt lat="-9.0706212" lon="148.4231868"/>
      <trkpt lat="-9.0707034" lon="148.4231291"/>
      <trkpt lat="-9.0707097" lon="148.4231093"/>
      <trkpt lat="-9.0706359" lon="148.4230774"/>
      <trkpt lat="-9.0705630" lon="148.4230605"/>
      <trkpt lat="-9.0705566" lon="148.4230469"/>
    </trkseg>
    <trkseg>
      <trkpt lat="-9.0660811" lon="148.4247113"/>
      <trkpt lat="-9.0660226" lon="148.4247280"/>
      <trkpt lat="-9.0660215" lon="148.4247178"/>
      <trkpt lat="-9.0660384" lon="148.4246663"/>
      <trkpt lat="-9.0660252" lon="148.4245403"/>
      <trkpt lat="-9.0659360" lon="148.4244098"/>
      <trkpt lat="-9.0658057" lon="148.4243232"/>
      <trkpt lat="-9.0657456" lon="148.4242390"/>
      <trkpt lat="-9.0657541" lon="148.4241922"/>
      <trkpt lat="-9.0657542" lon="148.4241789"/>
      <trkpt lat="-9.0656957" lon="148.4242228"/>
      <trkpt lat="-9.0656209" lon="148.4242285"/>
      <trkpt lat="-9.0655648" lon="148.4241625"/>
      <trkpt lat="-9.0655133" lon="148.4240170"/>
    </trkseg>
    <trkseg>
      <trkpt lat="-9.0603274" lon="148.4524153"/>
      <trkpt lat="-9.0603001" lon="148.4522354"/>
      <trkpt lat="-9.0602728" lon="148.4520556"/>
      <trkpt lat="-9.0602470" lon="148.4519557"/>
      <trkpt lat="-9.0602227" lon="148.4519357"/>
    </trkseg>
    <trkseg>
      <trkpt lat="-9.0690149" lon="148.4525556"/>
      <trkpt lat="-9.0689956" lon="148.4524370"/>
      <trkpt lat="-9.0689488" lon="148.4522968"/>
      <trkpt lat="-9.0688878" lon="148.4521333"/>
      <trkpt lat="-9.0688277" lon="148.4519840"/>
      <trkpt lat="-9.0687432" lon="148.4518573"/>
      <trkpt lat="-9.0686264" lon="148.4517657"/>
      <trkpt lat="-9.0685218" lon="148.4516623"/>
      <trkpt lat="-9.0684314" lon="148.4515524"/>
      <trkpt lat="-9.0683804" lon="148.4514214"/>
      <trkpt lat="-9.0683450" lon="148.4512832"/>
      <trkpt lat="-9.0683397" lon="148.4511344"/>
      <trkpt lat="-9.0683021" lon="148.4510004"/>
      <trkpt lat="-9.0682241" lon="148.4508809"/>
      <trkpt lat="-9.0681314" lon="148.4507619"/>
      <trkpt lat="-9.0680657" lon="148.4506375"/>
      <trkpt lat="-9.0680092" lon="148.4505027"/>
      <trkpt lat="-9.0679494" lon="148.4503617"/>
      <trkpt lat="-9.0678841" lon="148.4502226"/>
      <trkpt lat="-9.0678245" lon="148.4500859"/>
      <trkpt lat="-9.0677566" lon="148.4499606"/>
      <trkpt lat="-9.0676777" lon="148.4498292"/>
      <trkpt lat="-9.0675917" lon="148.4497223"/>
      <trkpt lat="-9.0675303" lon="148.4496360"/>
      <trkpt lat="-9.0674833" lon="148.4495385"/>
      <trkpt lat="-9.0674787" lon="148.4494270"/>
      <trkpt lat="-9.0674566" lon="148.4492993"/>
      <trkpt lat="-9.0674532" lon="148.4491729"/>
      <trkpt lat="-9.0674174" lon="148.4490889"/>
      <trkpt lat="-9.0673637" lon="148.4490100"/>
      <trkpt lat="-9.0672712" lon="148.4489579"/>
      <trkpt lat="-9.0671608" lon="148.4488896"/>
      <trkpt lat="-9.0670377" lon="148.4488521"/>
      <trkpt lat="-9.0669016" lon="148.4487968"/>
      <trkpt lat="-9.0667936" lon="148.4487026"/>
      <trkpt lat="-9.0667317" lon="148.4486036"/>
      <trkpt lat="-9.0666907" lon="148.4485118"/>
      <trkpt lat="-9.0666468" lon="148.4484477"/>
      <trkpt lat="-9.0665939" lon="148.4484380"/>
      <trkpt lat="-9.0665498" lon="148.4484562"/>
      <trkpt lat="-9.0665427" lon="148.4484484"/>
      <trkpt lat="-9.0665483" lon="148.4483374"/>
      <trkpt lat="-9.0665363" lon="148.4481792"/>
      <trkpt lat="-9.0664559" lon="148.4480374"/>
      <trkpt lat="-9.0663260" lon="148.4479451"/>
      <trkpt lat="-9.0662125" lon="148.4478482"/>
      <trkpt lat="-9.0661430" lon="148.4477711"/>
      <trkpt lat="-9.0661439" lon="148.4476968"/>
      <trkpt lat="-9.0661690" lon="148.4476169"/>
      <trkpt lat="-9.0661866" lon="148.4474989"/>
      <trkpt lat="-9.0661970" lon="148.4473335"/>
      <trkpt lat="-9.0662056" lon="148.4471986"/>
      <trkpt lat="-9.0662285" lon="148.4471246"/>
      <trkpt lat="-9.0662714" lon="148.4471556"/>
      <trkpt lat="-9.0663048" lon="148.4472273"/>
      <trkpt lat="-9.0662928" lon="148.4472522"/>
      <trkpt lat="-9.0662203" lon="148.4471830"/>
    </trkseg>
    <trkseg>
      <trkpt lat="-9.0669909" lon="148.3846528"/>
      <trkpt lat="-9.0669565" lon="148.3845947"/>
    </trkseg>
    <trkseg>
      <trkpt lat="-9.0807412" lon="148.4256666"/>
      <trkpt lat="-9.0806825" lon="148.4255294"/>
      <trkpt lat="-9.0805913" lon="148.4254027"/>
      <trkpt lat="-9.0804544" lon="148.4253064"/>
      <trkpt lat="-9.0802951" lon="148.4252397"/>
      <trkpt lat="-9.0801240" lon="148.4251881"/>
      <trkpt lat="-9.0799537" lon="148.4251424"/>
      <trkpt lat="-9.0797852" lon="148.4250964"/>
      <trkpt lat="-9.0796160" lon="148.4250522"/>
      <trkpt lat="-9.0794519" lon="148.4249877"/>
      <trkpt lat="-9.0792853" lon="148.4249200"/>
      <trkpt lat="-9.0791348" lon="148.4248373"/>
      <trkpt lat="-9.0789937" lon="148.4247472"/>
      <trkpt lat="-9.0788530" lon="148.4246711"/>
      <trkpt lat="-9.0786943" lon="148.4246367"/>
      <trkpt lat="-9.0785197" lon="148.4246499"/>
      <trkpt lat="-9.0783543" lon="148.4247044"/>
      <trkpt lat="-9.0782149" lon="148.4247999"/>
      <trkpt lat="-9.0781057" lon="148.4249328"/>
      <trkpt lat="-9.0779911" lon="148.4250613"/>
      <trkpt lat="-9.0778532" lon="148.4251555"/>
      <trkpt lat="-9.0776883" lon="148.4251924"/>
      <trkpt lat="-9.0775180" lon="148.4252129"/>
      <trkpt lat="-9.0773452" lon="148.4252174"/>
      <trkpt lat="-9.0771695" lon="148.4252314"/>
      <trkpt lat="-9.0770092" lon="148.4252164"/>
      <trkpt lat="-9.0768502" lon="148.4251935"/>
      <trkpt lat="-9.0766981" lon="148.4251406"/>
      <trkpt lat="-9.0765355" lon="148.4250745"/>
      <trkpt lat="-9.0763842" lon="148.4249779"/>
      <trkpt lat="-9.0762307" lon="148.4248845"/>
      <trkpt lat="-9.0760859" lon="148.4247797"/>
      <trkpt lat="-9.0759496" lon="148.4246678"/>
      <trkpt lat="-9.0758329" lon="148.4245352"/>
      <trkpt lat="-9.0757204" lon="148.4243980"/>
      <trkpt lat="-9.0755906" lon="148.4242862"/>
      <trkpt lat="-9.0754589" lon="148.4241747"/>
      <trkpt lat="-9.0753319" lon="148.4240622"/>
      <trkpt lat="-9.0752010" lon="148.4239708"/>
      <trkpt lat="-9.0750625" lon="148.4238861"/>
      <trkpt lat="-9.0749059" lon="148.4238223"/>
      <trkpt lat="-9.0747527" lon="148.4237348"/>
      <trkpt lat="-9.0745883" lon="148.4236640"/>
      <trkpt lat="-9.0744281" lon="148.4235894"/>
      <trkpt lat="-9.0742751" lon="148.4235045"/>
      <trkpt lat="-9.0741571" lon="148.4233882"/>
      <trkpt lat="-9.0740713" lon="148.4232430"/>
      <trkpt lat="-9.0739951" lon="148.4230848"/>
      <trkpt lat="-9.0738982" lon="148.4229366"/>
      <trkpt lat="-9.0737834" lon="148.4227969"/>
      <trkpt lat="-9.0736728" lon="148.4226544"/>
      <trkpt lat="-9.0735799" lon="148.4225211"/>
      <trkpt lat="-9.0734933" lon="148.4223861"/>
      <trkpt lat="-9.0734004" lon="148.4222564"/>
      <trkpt lat="-9.0732926" lon="148.4221164"/>
      <trkpt lat="-9.0731854" lon="148.4219763"/>
      <trkpt lat="-9.0730746" lon="148.4218388"/>
      <trkpt lat="-9.0729768" lon="148.4216927"/>
      <trkpt lat="-9.0728783" lon="148.4215499"/>
      <trkpt lat="-9.0728218" lon="148.4214397"/>
      <trkpt lat="-9.0727961" lon="148.4213243"/>
      <trkpt lat="-9.0728014" lon="148.4211977"/>
      <trkpt lat="-9.0727944" lon="148.4210217"/>
      <trkpt lat="-9.0727446" lon="148.4208889"/>
      <trkpt lat="-9.0727057" lon="148.4208138"/>
      <trkpt lat="-9.0726674" lon="148.4207983"/>
      <trkpt lat="-9.0726751" lon="148.4207842"/>
      <trkpt lat="-9.0726559" lon="148.4207762"/>
      <trkpt lat="-9.0726433" lon="148.4207687"/>
      <trkpt lat="-9.0726329" lon="148.4207714"/>
      <trkpt lat="-9.0726361" lon="148.4207704"/>
      <trkpt lat="-9.0725908" lon="148.4207806"/>
      <trkpt lat="-9.0724837" lon="148.4208218"/>
      <trkpt lat="-9.0723306" lon="148.4208710"/>
      <trkpt lat="-9.0721892" lon="148.4209289"/>
      <trkpt lat="-9.0720485" lon="148.4209836"/>
      <trkpt lat="-9.0719090" lon="148.4210689"/>
      <trkpt lat="-9.0717828" lon="148.4211529"/>
      <trkpt lat="-9.0716631" lon="148.4212536"/>
      <trkpt lat="-9.0715700" lon="148.4213326"/>
      <trkpt lat="-9.0714566" lon="148.4214205"/>
      <trkpt lat="-9.0713356" lon="148.4214691"/>
      <trkpt lat="-9.0711817" lon="148.4214836"/>
      <trkpt lat="-9.0710705" lon="148.4214458"/>
      <trkpt lat="-9.0710185" lon="148.4214294"/>
      <trkpt lat="-9.0709984" lon="148.4214183"/>
      <trkpt lat="-9.0709784" lon="148.4214171"/>
      <trkpt lat="-9.0709712" lon="148.4213980"/>
      <trkpt lat="-9.0709754" lon="148.4213971"/>
      <trkpt lat="-9.0710080" lon="148.4214260"/>
      <trkpt lat="-9.0709897" lon="148.4214167"/>
      <trkpt lat="-9.0709600" lon="148.4214213"/>
      <trkpt lat="-9.0708911" lon="148.4214326"/>
      <trkpt lat="-9.0708187" lon="148.4214951"/>
      <trkpt lat="-9.0707164" lon="148.4215365"/>
      <trkpt lat="-9.0706197" lon="148.4215960"/>
      <trkpt lat="-9.0705659" lon="148.4216089"/>
      <trkpt lat="-9.0705704" lon="148.4216215"/>
      <trkpt lat="-9.0705573" lon="148.4215822"/>
      <trkpt lat="-9.0705602" lon="148.4215914"/>
      <trkpt lat="-9.0705653" lon="148.4216088"/>
      <trkpt lat="-9.0705782" lon="148.4216037"/>
      <trkpt lat="-9.0706062" lon="148.4215940"/>
      <trkpt lat="-9.0706368" lon="148.4215691"/>
      <trkpt lat="-9.0707029" lon="148.4215548"/>
      <trkpt lat="-9.0707131" lon="148.4215535"/>
      <trkpt lat="-9.0707012" lon="148.4215705"/>
      <trkpt lat="-9.0706985" lon="148.4216362"/>
      <trkpt lat="-9.0706804" lon="148.4216527"/>
      <trkpt lat="-9.0706491" lon="148.4216825"/>
      <trkpt lat="-9.0706110" lon="148.4217124"/>
      <trkpt lat="-9.0706106" lon="148.4217474"/>
      <trkpt lat="-9.0706331" lon="148.4217501"/>
      <trkpt lat="-9.0706245" lon="148.4217195"/>
      <trkpt lat="-9.0706122" lon="148.4217275"/>
      <trkpt lat="-9.0705844" lon="148.4217533"/>
      <trkpt lat="-9.0705751" lon="148.4217909"/>
      <trkpt lat="-9.0706152" lon="148.4218187"/>
      <trkpt lat="-9.0706588" lon="148.4218911"/>
      <trkpt lat="-9.0706546" lon="148.4219665"/>
      <trkpt lat="-9.0705882" lon="148.4219956"/>
      <trkpt lat="-9.0705643" lon="148.4219674"/>
      <trkpt lat="-9.0706360" lon="148.4219176"/>
      <trkpt lat="-9.0707499" lon="148.4219094"/>
      <trkpt lat="-9.0707887" lon="148.4219061"/>
      <trkpt lat="-9.0708141" lon="148.4219010"/>
      <trkpt lat="-9.0708151" lon="148.4218922"/>
      <trkpt lat="-9.0708044" lon="148.4219070"/>
      <trkpt lat="-9.0706997" lon="148.4219354"/>
      <trkpt lat="-9.0705985" lon="148.4219327"/>
      <trkpt lat="-9.0705610" lon="148.4219318"/>
      <trkpt lat="-9.0705780" lon="148.4219226"/>
      <trkpt lat="-9.0706039" lon="148.4219964"/>
      <trkpt lat="-9.0705886" lon="148.4220662"/>
      <trkpt lat="-9.0705958" lon="148.4221871"/>
      <trkpt lat="-9.0705809" lon="148.4223025"/>
      <trkpt lat="-9.0706034" lon="148.4224161"/>
      <trkpt lat="-9.0706148" lon="148.4224704"/>
      <trkpt lat="-9.0706106" lon="148.4225102"/>
      <trkpt lat="-9.0706109" lon="148.4225301"/>
      <trkpt lat="-9.0705648" lon="148.4226017"/>
      <trkpt lat="-9.0705080" lon="148.4226355"/>
      <trkpt lat="-9.0703885" lon="148.4226863"/>
      <trkpt lat="-9.0703525" lon="148.4227110"/>
      <trkpt lat="-9.0703816" lon="148.4227778"/>
      <trkpt lat="-9.0705036" lon="148.4227851"/>
      <trkpt lat="-9.0706057" lon="148.4227955"/>
      <trkpt lat="-9.0706404" lon="148.4227950"/>
      <trkpt lat="-9.0706435" lon="148.4228017"/>
      <trkpt lat="-9.0706226" lon="148.4227964"/>
      <trkpt lat="-9.0705989" lon="148.4227831"/>
      <trkpt lat="-9.0705332" lon="148.4227984"/>
      <trkpt lat="-9.0704166" lon="148.4228352"/>
      <trkpt lat="-9.0703614" lon="148.4228288"/>
      <trkpt lat="-9.0703395" lon="148.4228377"/>
      <trkpt lat="-9.0703352" lon="148.4228778"/>
      <trkpt lat="-9.0702667" lon="148.4229631"/>
      <trkpt lat="-9.0702560" lon="148.4230539"/>
      <trkpt lat="-9.0703354" lon="148.4230830"/>
      <trkpt lat="-9.0705114" lon="148.4230871"/>
      <trkpt lat="-9.0706893" lon="148.4230715"/>
      <trkpt lat="-9.0708630" lon="148.4230872"/>
      <trkpt lat="-9.0709635" lon="148.4231150"/>
      <trkpt lat="-9.0709456" lon="148.4231307"/>
      <trkpt lat="-9.0708637" lon="148.4231146"/>
      <trkpt lat="-9.0708051" lon="148.4230971"/>
      <trkpt lat="-9.0707581" lon="148.4231233"/>
      <trkpt lat="-9.0706729" lon="148.4231879"/>
      <trkpt lat="-9.0705963" lon="148.4232070"/>
      <trkpt lat="-9.0706212" lon="148.4231868"/>
      <trkpt lat="-9.0707034" lon="148.4231291"/>
      <trkpt lat="-9.0707097" lon="148.4231093"/>
      <trkpt lat="-9.0706359" lon="148.4230774"/>
      <trkpt lat="-9.0705630" lon="148.4230605"/>
      <trkpt lat="-9.0705566" lon="148.4230469"/>
    </trkseg>
    <trkseg>
      <trkpt lat="-9.0735401" lon="148.4291171"/>
      <trkpt lat="-9.0735870" lon="148.4291991"/>
      <trkpt lat="-9.0736481" lon="148.4292815"/>
      <trkpt lat="-9.0736620" lon="148.4293010"/>
      <trkpt lat="-9.0737217" lon="148.4293307"/>
      <trkpt lat="-9.0737192" lon="148.4293090"/>
      <trkpt lat="-9.0737461" lon="148.4293627"/>
      <trkpt lat="-9.0737006" lon="148.4293533"/>
      <trkpt lat="-9.0737035" lon="148.4293950"/>
      <trkpt lat="-9.0737016" lon="148.4294054"/>
      <trkpt lat="-9.0737175" lon="148.4293991"/>
      <trkpt lat="-9.0736573" lon="148.4293527"/>
      <trkpt lat="-9.0735491" lon="148.4293280"/>
      <trkpt lat="-9.0734335" lon="148.4294067"/>
      <trkpt lat="-9.0733173" lon="148.4295205"/>
      <trkpt lat="-9.0732133" lon="148.4296508"/>
      <trkpt lat="-9.0731128" lon="148.4297829"/>
      <trkpt lat="-9.0730113" lon="148.4298513"/>
      <trkpt lat="-9.0729827" lon="148.4298460"/>
      <trkpt lat="-9.0730159" lon="148.4298150"/>
      <trkpt lat="-9.0730385" lon="148.4298315"/>
      <trkpt lat="-9.0729580" lon="148.4298749"/>
      <trkpt lat="-9.0728045" lon="148.4298803"/>
      <trkpt lat="-9.0726680" lon="148.4298604"/>
    </trkseg>
    <trkseg>
      <trkpt lat="-9.0721525" lon="148.4296670"/>
      <trkpt lat="-9.0720464" lon="148.4296931"/>
      <trkpt lat="-9.0719158" lon="148.4297155"/>
      <trkpt lat="-9.0718240" lon="148.4296716"/>
      <trkpt lat="-9.0717959" lon="148.4296858"/>
      <trkpt lat="-9.0718419" lon="148.4296911"/>
      <trkpt lat="-9.0718649" lon="148.4297364"/>
      <trkpt lat="-9.0718427" lon="148.4297418"/>
      <trkpt lat="-9.0718004" lon="148.4297882"/>
      <trkpt lat="-9.0717222" lon="148.4298692"/>
      <trkpt lat="-9.0716384" lon="148.4299885"/>
      <trkpt lat="-9.0715275" lon="148.4300429"/>
      <trkpt lat="-9.0714640" lon="148.4300374"/>
      <trkpt lat="-9.0714484" lon="148.4300058"/>
      <trkpt lat="-9.0714845" lon="148.4300168"/>
      <trkpt lat="-9.0715710" lon="148.4300197"/>
      <trkpt lat="-9.0716545" lon="148.4299696"/>
      <trkpt lat="-9.0717161" lon="148.4298751"/>
      <trkpt lat="-9.0717569" lon="148.4298223"/>
      <trkpt lat="-9.0718402" lon="148.4298007"/>
      <trkpt lat="-9.0719762" lon="148.4297922"/>
      <trkpt lat="-9.0720360" lon="148.4297510"/>
      <trkpt lat="-9.0719930" lon="148.4296851"/>
      <trkpt lat="-9.0718837" lon="148.4295613"/>
      <trkpt lat="-9.0718279" lon="148.4294265"/>
      <trkpt lat="-9.0717737" lon="148.4292937"/>
      <trkpt lat="-9.0717223" lon="148.4292049"/>
      <trkpt lat="-9.0716435" lon="148.4291631"/>
      <trkpt lat="-9.0716336" lon="148.4291448"/>
      <trkpt lat="-9.0716171" lon="148.4291538"/>
      <trkpt lat="-9.0716424" lon="148.4291986"/>
      <trkpt lat="-9.0716414" lon="148.4292330"/>
      <trkpt lat="-9.0716984" lon="148.4292156"/>
      <trkpt lat="-9.0717875" lon="148.4291200"/>
      <trkpt lat="-9.0719146" lon="148.4290143"/>
      <trkpt lat="-9.0719511" lon="148.4289201"/>
      <trkpt lat="-9.0719119" lon="148.4288457"/>
      <trkpt lat="-9.0718455" lon="148.4288406"/>
      <trkpt lat="-9.0717955" lon="148.4288218"/>
      <trkpt lat="-9.0717546" lon="148.4287599"/>
      <trkpt lat="-9.0717017" lon="148.4286693"/>
      <trkpt lat="-9.0716779" lon="148.4286051"/>
      <trkpt lat="-9.0716227" lon="148.4286276"/>
      <trkpt lat="-9.0715277" lon="148.4286830"/>
      <trkpt lat="-9.0713937" lon="148.4287909"/>
      <trkpt lat="-9.0712831" lon="148.4288894"/>
      <trkpt lat="-9.0712314" lon="148.4289163"/>
      <trkpt lat="-9.0712273" lon="148.4288865"/>
      <trkpt lat="-9.0712277" lon="148.4288456"/>
      <trkpt lat="-9.0711833" lon="148.4288195"/>
      <trkpt lat="-9.0710905" lon="148.4287755"/>
      <trkpt lat="-9.0709863" lon="148.4286708"/>
      <trkpt lat="-9.0708708" lon="148.4285668"/>
      <trkpt lat="-9.0707461" lon="148.4285289"/>
      <trkpt lat="-9.0705982" lon="148.4285210"/>
      <trkpt lat="-9.0704402" lon="148.4285210"/>
      <trkpt lat="-9.0703136" lon="148.4284492"/>
      <trkpt lat="-9.0701962" lon="148.4283785"/>
      <trkpt lat="-9.0700865" lon="148.4282783"/>
      <trkpt lat="-9.0700020" lon="148.4281671"/>
      <trkpt lat="-9.0699492" lon="148.4280256"/>
      <trkpt lat="-9.0699401" lon="148.4278729"/>
      <trkpt lat="-9.0698877" lon="148.4277923"/>
      <trkpt lat="-9.0698217" lon="148.4277817"/>
      <trkpt lat="-9.0697503" lon="148.4277879"/>
      <trkpt lat="-9.0697120" lon="148.4277876"/>
      <trkpt lat="-9.0697157" lon="148.4277618"/>
      <trkpt lat="-9.0697109" lon="148.4277466"/>
      <trkpt lat="-9.0696954" lon="148.4276973"/>
      <trkpt lat="-9.0696488" lon="148.4276754"/>
      <trkpt lat="-9.0696150" lon="148.4277062"/>
      <trkpt lat="-9.0695551" lon="148.4277188"/>
      <trkpt lat="-9.0694652" lon="148.4276733"/>
      <trkpt lat="-9.0694008" lon="148.4275541"/>
      <trkpt lat="-9.0694228" lon="148.4274427"/>
      <trkpt lat="-9.0695300" lon="148.4273273"/>
      <trkpt lat="-9.0695810" lon="148.4272589"/>
      <trkpt lat="-9.0696083" lon="148.4272078"/>
      <trkpt lat="-9.0695859" lon="148.4272157"/>
      <trkpt lat="-9.0695819" lon="148.4272146"/>
      <trkpt lat="-9.0695243" lon="148.4272656"/>
      <trkpt lat="-9.0694914" lon="148.4272830"/>
      <trkpt lat="-9.0694592" lon="148.4273270"/>
      <trkpt lat="-9.0694961" lon="148.4273134"/>
      <trkpt lat="-9.0695369" lon="148.4272678"/>
      <trkpt lat="-9.0695898" lon="148.4271433"/>
      <trkpt lat="-9.0695736" lon="148.4269912"/>
      <trkpt lat="-9.0695234" lon="148.4268296"/>
      <trkpt lat="-9.0694637" lon="148.4266716"/>
      <trkpt lat="-9.0694414" lon="148.4265074"/>
      <trkpt lat="-9.0694696" lon="148.4263500"/>
      <trkpt lat="-9.0695440" lon="148.4262049"/>
      <trkpt lat="-9.0695977" lon="148.4260579"/>
      <trkpt lat="-9.0695857" lon="148.4259143"/>
      <trkpt lat="-9.0694974" lon="148.4257716"/>
      <trkpt lat="-9.0693731" lon="148.4256619"/>
      <trkpt lat="-9.0692232" lon="148.4255869"/>
      <trkpt lat="-9.0690984" lon="148.4255034"/>
      <trkpt lat="-9.0690205" lon="148.4253946"/>
      <trkpt lat="-9.0689977" lon="148.4252432"/>
      <trkpt lat="-9.0690065" lon="148.4250875"/>
      <trkpt lat="-9.0689903" lon="148.4249350"/>
      <trkpt lat="-9.0689306" lon="148.4248015"/>
      <trkpt lat="-9.0687996" lon="148.4246966"/>
      <trkpt lat="-9.0686491" lon="148.4246046"/>
      <trkpt lat="-9.0684925" lon="148.4245248"/>
      <trkpt lat="-9.0683384" lon="148.4244443"/>
      <trkpt lat="-9.0681874" lon="148.4243636"/>
      <trkpt lat="-9.0680320" lon="148.4243226"/>
      <trkpt lat="-9.0678833" lon="148.4243346"/>
      <trkpt lat="-9.0677301" lon="148.4243869"/>
      <trkpt lat="-9.0675902" lon="148.4244446"/>
      <trkpt lat="-9.0674473" lon="148.4245069"/>
      <trkpt lat="-9.0673113" lon="148.4245806"/>
      <trkpt lat="-9.0672215" lon="148.4246172"/>
      <trkpt lat="-9.0671795" lon="148.4246006"/>
      <trkpt lat="-9.0671884" lon="148.4245111"/>
      <trkpt lat="-9.0671659" lon="148.4244647"/>
      <trkpt lat="-9.0670901" lon="148.4244638"/>
      <trkpt lat="-9.0669630" lon="148.4245573"/>
      <trkpt lat="-9.0668264" lon="148.4246690"/>
      <trkpt lat="-9.0667120" lon="148.4248063"/>
      <trkpt lat="-9.0665907" lon="148.4248943"/>
      <trkpt lat="-9.0664576" lon="148.4249186"/>
      <trkpt lat="-9.0663181" lon="148.4248490"/>
      <trkpt lat="-9.0661933" lon="148.4247662"/>
      <trkpt lat="-9.0660946" lon="148.4246467"/>
      <trkpt lat="-9.0659890" lon="148.4245408"/>
      <trkpt lat="-9.0658752" lon="148.4244722"/>
      <trkpt lat="-9.0657433" lon="148.4244937"/>
      <trkpt lat="-9.0656987" lon="148.4245214"/>
      <trkpt lat="-9.0657041" lon="148.4245360"/>
      <trkpt lat="-9.0657433" lon="148.4245122"/>
      <trkpt lat="-9.0657202" lon="148.4245627"/>
      <trkpt lat="-9.0657103" lon="148.4246020"/>
      <trkpt lat="-9.0657437" lon="148.4245957"/>
      <trkpt lat="-9.0658353" lon="148.4244959"/>
      <trkpt lat="-9.0659648" lon="148.4244062"/>
      <trkpt lat="-9.0661193" lon="148.4243720"/>
      <trkpt lat="-9.0662948" lon="148.4243868"/>
      <trkpt lat="-9.0664744" lon="148.4244079"/>
      <trkpt lat="-9.0666331" lon="148.4244189"/>
      <trkpt lat="-9.0666891" lon="148.4243802"/>
      <trkpt lat="-9.0666425" lon="148.4242918"/>
      <trkpt lat="-9.0665321" lon="148.4242509"/>
      <trkpt lat="-9.0664424" lon="148.4243091"/>
      <trkpt lat="-9.0663733" lon="148.4244664"/>
      <trkpt lat="-9.0663067" lon="148.4246356"/>
      <trkpt lat="-9.0662400" lon="148.4248047"/>
      <trkpt lat="-9.0661734" lon="148.4249738"/>
      <trkpt lat="-9.0661202" lon="148.4251087"/>
      <trkpt lat="-9.0660806" lon="148.4252093"/>
    </trkseg>
    <trkseg>
      <trkpt lat="-9.0657674" lon="148.4239771"/>
      <trkpt lat="-9.0656069" lon="148.4239296"/>
      <trkpt lat="-9.0654801" lon="148.4238340"/>
      <trkpt lat="-9.0653880" lon="148.4236897"/>
      <trkpt lat="-9.0653088" lon="148.4235270"/>
      <trkpt lat="-9.0652621" lon="148.4234233"/>
      <trkpt lat="-9.0652837" lon="148.4234135"/>
      <trkpt lat="-9.0653558" lon="148.4235034"/>
      <trkpt lat="-9.0653900" lon="148.4236041"/>
      <trkpt lat="-9.0654292" lon="148.4236395"/>
      <trkpt lat="-9.0654971" lon="148.4236464"/>
      <trkpt lat="-9.0656093" lon="148.4236557"/>
      <trkpt lat="-9.0656145" lon="148.4236991"/>
      <trkpt lat="-9.0655585" lon="148.4236728"/>
      <trkpt lat="-9.0654415" lon="148.4236078"/>
      <trkpt lat="-9.0654038" lon="148.4234966"/>
      <trkpt lat="-9.0653843" lon="148.4234759"/>
      <trkpt lat="-9.0653591" lon="148.4234926"/>
      <trkpt lat="-9.0652849" lon="148.4235147"/>
      <trkpt lat="-9.0651693" lon="148.4234590"/>
      <trkpt lat="-9.0651275" lon="148.4233701"/>
      <trkpt lat="-9.0651253" lon="148.4233162"/>
      <trkpt lat="-9.0651546" lon="148.4232877"/>
      <trkpt lat="-9.0651759" lon="148.4232975"/>
      <trkpt lat="-9.0651317" lon="148.4232805"/>
      <trkpt lat="-9.0650689" lon="148.4232319"/>
      <trkpt lat="-9.0650047" lon="148.4231503"/>
      <trkpt lat="-9.0650088" lon="148.4231499"/>
      <trkpt lat="-9.0650190" lon="148.4232236"/>
      <trkpt lat="-9.0650241" lon="148.4233591"/>
      <trkpt lat="-9.0650112" lon="148.4234925"/>
      <trkpt lat="-9.0649882" lon="148.4235816"/>
      <trkpt lat="-9.0649798" lon="148.4235727"/>
      <trkpt lat="-9.0649548" lon="148.4235661"/>
      <trkpt lat="-9.0649396" lon="148.4236318"/>
      <trkpt lat="-9.0649445" lon="148.4237856"/>
      <trkpt lat="-9.0649547" lon="148.4239089"/>
      <trkpt lat="-9.0649549" lon="148.4240030"/>
      <trkpt lat="-9.0649474" lon="148.4240939"/>
      <trkpt lat="-9.0649563" lon="148.4241276"/>
      <trkpt lat="-9.0649928" lon="148.4241278"/>
      <trkpt lat="-9.0649809" lon="148.4241208"/>
      <trkpt lat="-9.0649221" lon="148.4241809"/>
      <trkpt lat="-9.0648616" lon="148.4242809"/>
      <trkpt lat="-9.0647872" lon="148.4243714"/>
      <trkpt lat="-9.0647750" lon="148.4244376"/>
      <trkpt lat="-9.0647627" lon="148.4244611"/>
      <trkpt lat="-9.0647429" lon="148.4244768"/>
      <trkpt lat="-9.0646552" lon="148.4245062"/>
      <trkpt lat="-9.0645097" lon="148.4245669"/>
      <trkpt lat="-9.0643469" lon="148.4246374"/>
      <trkpt lat="-9.0641824" lon="148.4247109"/>
      <trkpt lat="-9.0640228" lon="148.4247663"/>
      <trkpt lat="-9.0638709" lon="148.4248288"/>
      <trkpt lat="-9.0637485" lon="148.4249103"/>
      <trkpt lat="-9.0636289" lon="148.4249977"/>
      <trkpt lat="-9.0635093" lon="148.4250848"/>
      <trkpt lat="-9.0633811" lon="148.4251525"/>
      <trkpt lat="-9.0632898" lon="148.4252163"/>
      <trkpt lat="-9.0632203" lon="148.4252926"/>
      <trkpt lat="-9.0631749" lon="148.4253578"/>
      <trkpt lat="-9.0631087" lon="148.4254062"/>
      <trkpt lat="-9.0630318" lon="148.4254540"/>
      <trkpt lat="-9.0629461" lon="148.4255357"/>
      <trkpt lat="-9.0628560" lon="148.4256644"/>
      <trkpt lat="-9.0627767" lon="148.4257928"/>
      <trkpt lat="-9.0627106" lon="148.4259252"/>
      <trkpt lat="-9.0626627" lon="148.4260714"/>
      <trkpt lat="-9.0625864" lon="148.4261964"/>
      <trkpt lat="-9.0624909" lon="148.4262784"/>
      <trkpt lat="-9.0624088" lon="148.4263271"/>
      <trkpt lat="-9.0623892" lon="148.4263356"/>
      <trkpt lat="-9.0623579" lon="148.4263600"/>
      <trkpt lat="-9.0622957" lon="148.4263863"/>
      <trkpt lat="-9.0621966" lon="148.4264698"/>
      <trkpt lat="-9.0621233" lon="148.4265469"/>
      <trkpt lat="-9.0620788" lon="148.4266072"/>
      <trkpt lat="-9.0620379" lon="148.4266748"/>
      <trkpt lat="-9.0619845" lon="148.4267081"/>
      <trkpt lat="-9.0619060" lon="148.4267887"/>
      <trkpt lat="-9.0618218" lon="148.4268437"/>
      <trkpt lat="-9.0617427" lon="148.4269602"/>
      <trkpt lat="-9.0616630" lon="148.4270598"/>
      <trkpt lat="-9.0615869" lon="148.4271428"/>
      <trkpt lat="-9.0614826" lon="148.4272025"/>
      <trkpt lat="-9.0613969" lon="148.4272379"/>
      <trkpt lat="-9.0612891" lon="148.4272876"/>
      <trkpt lat="-9.0612067" lon="148.4273306"/>
      <trkpt lat="-9.0611350" lon="148.4273838"/>
      <trkpt lat="-9.0611059" lon="148.4274298"/>
      <trkpt lat="-9.0610945" lon="148.4274488"/>
      <trkpt lat="-9.0610803" lon="148.4274439"/>
      <trkpt lat="-9.0610780" lon="148.4274218"/>
      <trkpt lat="-9.0610697" lon="148.4274138"/>
      <trkpt lat="-9.0610606" lon="148.4274162"/>
    </trkseg>
    <trkseg>
      <trkpt lat="-9.0705357" lon="148.4229280"/>
      <trkpt lat="-9.0705193" lon="148.4228789"/>
      <trkpt lat="-9.0704969" lon="148.4228401"/>
      <trkpt lat="-9.0704388" lon="148.4228589"/>
      <trkpt lat="-9.0703928" lon="148.4229420"/>
      <trkpt lat="-9.0703598" lon="148.4230622"/>
      <trkpt lat="-9.0703726" lon="148.4231794"/>
      <trkpt lat="-9.0703988" lon="148.4233157"/>
      <trkpt lat="-9.0703824" lon="148.4234720"/>
      <trkpt lat="-9.0703221" lon="148.4236399"/>
      <trkpt lat="-9.0702822" lon="148.4238124"/>
      <trkpt lat="-9.0702835" lon="148.4239852"/>
      <trkpt lat="-9.0703151" lon="148.4241592"/>
      <trkpt lat="-9.0703969" lon="148.4242921"/>
      <trkpt lat="-9.0705148" lon="148.4243894"/>
      <trkpt lat="-9.0706778" lon="148.4244512"/>
      <trkpt lat="-9.0708440" lon="148.4245186"/>
      <trkpt lat="-9.0709126" lon="148.4245867"/>
      <trkpt lat="-9.0708710" lon="148.4246610"/>
      <trkpt lat="-9.0707351" lon="148.4247333"/>
      <trkpt lat="-9.0705993" lon="148.4248062"/>
    </trkseg>
    <trkseg>
      <trkpt lat="-9.0736325" lon="148.4287766"/>
      <trkpt lat="-9.0736834" lon="148.4289202"/>
      <trkpt lat="-9.0736821" lon="148.4290212"/>
      <trkpt lat="-9.0736275" lon="148.4291141"/>
      <trkpt lat="-9.0735341" lon="148.4291689"/>
      <trkpt lat="-9.0735044" lon="148.4291964"/>
      <trkpt lat="-9.0734964" lon="148.4291717"/>
      <trkpt lat="-9.0734879" lon="148.4291993"/>
      <trkpt lat="-9.0734072" lon="148.4292874"/>
      <trkpt lat="-9.0733125" lon="148.4294356"/>
      <trkpt lat="-9.0732403" lon="148.4295975"/>
      <trkpt lat="-9.0731641" lon="148.4297503"/>
      <trkpt lat="-9.0730514" lon="148.4298402"/>
      <trkpt lat="-9.0728904" lon="148.4298659"/>
      <trkpt lat="-9.0727165" lon="148.4298306"/>
      <trkpt lat="-9.0725514" lon="148.4297698"/>
      <trkpt lat="-9.0723894" lon="148.4297243"/>
      <trkpt lat="-9.0722299" lon="148.4297315"/>
      <trkpt lat="-9.0720777" lon="148.4297714"/>
      <trkpt lat="-9.0720161" lon="148.4298104"/>
      <trkpt lat="-9.0719927" lon="148.4297768"/>
      <trkpt lat="-9.0719656" lon="148.4297055"/>
      <trkpt lat="-9.0719110" lon="148.4295700"/>
      <trkpt lat="-9.0718971" lon="148.4294240"/>
      <trkpt lat="-9.0719593" lon="148.4292644"/>
      <trkpt lat="-9.0720109" lon="148.4291000"/>
      <trkpt lat="-9.0720128" lon="148.4289336"/>
      <trkpt lat="-9.0719593" lon="148.4287637"/>
      <trkpt lat="-9.0718838" lon="148.4285987"/>
      <trkpt lat="-9.0717980" lon="148.4285226"/>
      <trkpt lat="-9.0717015" lon="148.4285490"/>
      <trkpt lat="-9.0715831" lon="148.4286648"/>
      <trkpt lat="-9.0714419" lon="148.4287690"/>
      <trkpt lat="-9.0712837" lon="148.4288024"/>
      <trkpt lat="-9.0711149" lon="148.4287971"/>
      <trkpt lat="-9.0709585" lon="148.4287409"/>
      <trkpt lat="-9.0708297" lon="148.4286547"/>
      <trkpt lat="-9.0707216" lon="148.4285275"/>
      <trkpt lat="-9.0705995" lon="148.4284152"/>
      <trkpt lat="-9.0704586" lon="148.4283175"/>
      <trkpt lat="-9.0703208" lon="148.4282190"/>
      <trkpt lat="-9.0701901" lon="148.4281057"/>
      <trkpt lat="-9.0700576" lon="148.4279955"/>
      <trkpt lat="-9.0699072" lon="148.4279035"/>
      <trkpt lat="-9.0697666" lon="148.4277993"/>
      <trkpt lat="-9.0696157" lon="148.4277357"/>
      <trkpt lat="-9.0694623" lon="148.4277111"/>
      <trkpt lat="-9.0693348" lon="148.4276927"/>
      <trkpt lat="-9.0692965" lon="148.4276382"/>
      <trkpt lat="-9.0693441" lon="148.4275746"/>
      <trkpt lat="-9.0693599" lon="148.4275426"/>
      <trkpt lat="-9.0693091" lon="148.4274939"/>
      <trkpt lat="-9.0692471" lon="148.4273906"/>
      <trkpt lat="-9.0692640" lon="148.4272503"/>
      <trkpt lat="-9.0692979" lon="148.4271064"/>
      <trkpt lat="-9.0692780" lon="148.4269650"/>
      <trkpt lat="-9.0691731" lon="148.4268433"/>
      <trkpt lat="-9.0690447" lon="148.4267289"/>
      <trkpt lat="-9.0689321" lon="148.4266077"/>
      <trkpt lat="-9.0688784" lon="148.4264603"/>
      <trkpt lat="-9.0688966" lon="148.4263549"/>
      <trkpt lat="-9.0689891" lon="148.4262825"/>
      <trkpt lat="-9.0691299" lon="148.4262302"/>
      <trkpt lat="-9.0692928" lon="148.4261521"/>
      <trkpt lat="-9.0693747" lon="148.4260491"/>
      <trkpt lat="-9.0693461" lon="148.4259532"/>
      <trkpt lat="-9.0692261" lon="148.4258389"/>
      <trkpt lat="-9.0690997" lon="148.4257227"/>
      <trkpt lat="-9.0689949" lon="148.4255776"/>
      <trkpt lat="-9.0689147" lon="148.4254245"/>
      <trkpt lat="-9.0689083" lon="148.4252781"/>
      <trkpt lat="-9.0689610" lon="148.4251322"/>
      <trkpt lat="-9.0690048" lon="148.4250172"/>
      <trkpt lat="-9.0689964" lon="148.4249526"/>
      <trkpt lat="-9.0689449" lon="148.4249721"/>
      <trkpt lat="-9.0689465" lon="148.4249936"/>
      <trkpt lat="-9.0689376" lon="148.4250318"/>
      <trkpt lat="-9.0689810" lon="148.4250018"/>
      <trkpt lat="-9.0689684" lon="148.4249852"/>
      <trkpt lat="-9.0689511" lon="148.4249369"/>
    </trkseg>
    <trkseg>
      <trkpt lat="-9.0648138" lon="148.4232634"/>
      <trkpt lat="-9.0648707" lon="148.4231937"/>
      <trkpt lat="-9.0649084" lon="148.4232079"/>
      <trkpt lat="-9.0649112" lon="148.4233083"/>
      <trkpt lat="-9.0649170" lon="148.4234802"/>
      <trkpt lat="-9.0649070" lon="148.4236568"/>
      <trkpt lat="-9.0648880" lon="148.4238348"/>
      <trkpt lat="-9.0648573" lon="148.4240135"/>
      <trkpt lat="-9.0648176" lon="148.4241910"/>
      <trkpt lat="-9.0647576" lon="148.4243537"/>
      <trkpt lat="-9.0646619" lon="148.4244851"/>
      <trkpt lat="-9.0645215" lon="148.4245730"/>
      <trkpt lat="-9.0643580" lon="148.4246370"/>
      <trkpt lat="-9.0641912" lon="148.4247026"/>
      <trkpt lat="-9.0640279" lon="148.4247763"/>
      <trkpt lat="-9.0638767" lon="148.4248561"/>
      <trkpt lat="-9.0637486" lon="148.4249580"/>
      <trkpt lat="-9.0636327" lon="148.4250243"/>
      <trkpt lat="-9.0635052" lon="148.4250865"/>
      <trkpt lat="-9.0633822" lon="148.4251345"/>
      <trkpt lat="-9.0632502" lon="148.4252118"/>
      <trkpt lat="-9.0631475" lon="148.4253121"/>
      <trkpt lat="-9.0630244" lon="148.4254029"/>
      <trkpt lat="-9.0629382" lon="148.4255285"/>
      <trkpt lat="-9.0628450" lon="148.4256509"/>
      <trkpt lat="-9.0627683" lon="148.4257919"/>
      <trkpt lat="-9.0626937" lon="148.4259333"/>
      <trkpt lat="-9.0626357" lon="148.4260843"/>
      <trkpt lat="-9.0625499" lon="148.4262092"/>
      <trkpt lat="-9.0624517" lon="148.4262928"/>
      <trkpt lat="-9.0623770" lon="148.4263221"/>
      <trkpt lat="-9.0623653" lon="148.4263284"/>
    </trkseg>
    <trkseg>
      <trkpt lat="-9.0623638" lon="148.4263489"/>
      <trkpt lat="-9.0622690" lon="148.4263951"/>
      <trkpt lat="-9.0621631" lon="148.4264835"/>
      <trkpt lat="-9.0620722" lon="148.4266248"/>
      <trkpt lat="-9.0620363" lon="148.4267830"/>
      <trkpt lat="-9.0619853" lon="148.4269056"/>
      <trkpt lat="-9.0619038" lon="148.4269862"/>
      <trkpt lat="-9.0617702" lon="148.4270524"/>
      <trkpt lat="-9.0616273" lon="148.4271148"/>
      <trkpt lat="-9.0614797" lon="148.4271870"/>
      <trkpt lat="-9.0613254" lon="148.4272253"/>
      <trkpt lat="-9.0611972" lon="148.4272897"/>
      <trkpt lat="-9.0610613" lon="148.4273555"/>
      <trkpt lat="-9.0609243" lon="148.4274080"/>
      <trkpt lat="-9.0607914" lon="148.4274327"/>
      <trkpt lat="-9.0607327" lon="148.4274595"/>
      <trkpt lat="-9.0607177" lon="148.4275090"/>
      <trkpt lat="-9.0607307" lon="148.4275518"/>
      <trkpt lat="-9.0607203" lon="148.4275649"/>
    </trkseg>
    <trkseg>
      <trkpt lat="-9.0606777" lon="148.4274924"/>
      <trkpt lat="-9.0606344" lon="148.4275291"/>
      <trkpt lat="-9.0605244" lon="148.4275614"/>
      <trkpt lat="-9.0603487" lon="148.4275944"/>
      <trkpt lat="-9.0601817" lon="148.4276531"/>
      <trkpt lat="-9.0600223" lon="148.4277283"/>
      <trkpt lat="-9.0598665" lon="148.4278065"/>
      <trkpt lat="-9.0597102" lon="148.4278871"/>
      <trkpt lat="-9.0595513" lon="148.4279667"/>
      <trkpt lat="-9.0593900" lon="148.4280411"/>
      <trkpt lat="-9.0592228" lon="148.4280907"/>
      <trkpt lat="-9.0590595" lon="148.4280778"/>
      <trkpt lat="-9.0588977" lon="148.4280239"/>
      <trkpt lat="-9.0587341" lon="148.4279638"/>
      <trkpt lat="-9.0585602" lon="148.4279421"/>
      <trkpt lat="-9.0583810" lon="148.4279473"/>
      <trkpt lat="-9.0582096" lon="148.4279313"/>
      <trkpt lat="-9.0580402" lon="148.4279046"/>
      <trkpt lat="-9.0578708" lon="148.4278711"/>
      <trkpt lat="-9.0576955" lon="148.4278432"/>
      <trkpt lat="-9.0575680" lon="148.4278148"/>
      <trkpt lat="-9.0574411" lon="148.4277951"/>
      <trkpt lat="-9.0573163" lon="148.4277937"/>
      <trkpt lat="-9.0571850" lon="148.4277925"/>
      <trkpt lat="-9.0570563" lon="148.4277802"/>
      <trkpt lat="-9.0569238" lon="148.4277595"/>
      <trkpt lat="-9.0567833" lon="148.4277132"/>
      <trkpt lat="-9.0566410" lon="148.4276719"/>
      <trkpt lat="-9.0565224" lon="148.4276074"/>
      <trkpt lat="-9.0563681" lon="148.4275788"/>
      <trkpt lat="-9.0562151" lon="148.4275469"/>
      <trkpt lat="-9.0560387" lon="148.4275520"/>
      <trkpt lat="-9.0558629" lon="148.4275660"/>
      <trkpt lat="-9.0556847" lon="148.4275890"/>
      <trkpt lat="-9.0555342" lon="148.4275640"/>
      <trkpt lat="-9.0554362" lon="148.4275757"/>
      <trkpt lat="-9.0553990" lon="148.4275663"/>
      <trkpt lat="-9.0553979" lon="148.4275979"/>
      <trkpt lat="-9.0554041" lon="148.4275941"/>
      <trkpt lat="-9.0553639" lon="148.4276456"/>
      <trkpt lat="-9.0552724" lon="148.4277340"/>
      <trkpt lat="-9.0551499" lon="148.4278561"/>
      <trkpt lat="-9.0550413" lon="148.4279920"/>
      <trkpt lat="-9.0549789" lon="148.4281213"/>
      <trkpt lat="-9.0549901" lon="148.4282170"/>
      <trkpt lat="-9.0550511" lon="148.4282513"/>
      <trkpt lat="-9.0551161" lon="148.4282814"/>
      <trkpt lat="-9.0551760" lon="148.4283386"/>
      <trkpt lat="-9.0551915" lon="148.4284444"/>
      <trkpt lat="-9.0551899" lon="148.4285517"/>
      <trkpt lat="-9.0552094" lon="148.4286178"/>
      <trkpt lat="-9.0552532" lon="148.4286944"/>
      <trkpt lat="-9.0553002" lon="148.4287831"/>
      <trkpt lat="-9.0552729" lon="148.4289148"/>
      <trkpt lat="-9.0552618" lon="148.4290177"/>
      <trkpt lat="-9.0552972" lon="148.4291156"/>
      <trkpt lat="-9.0553408" lon="148.4292186"/>
      <trkpt lat="-9.0554051" lon="148.4292849"/>
      <trkpt lat="-9.0554005" lon="148.4293530"/>
      <trkpt lat="-9.0553931" lon="148.4294191"/>
      <trkpt lat="-9.0553325" lon="148.4295429"/>
      <trkpt lat="-9.0553345" lon="148.4296478"/>
      <trkpt lat="-9.0553546" lon="148.4296788"/>
      <trkpt lat="-9.0553560" lon="148.4296560"/>
      <trkpt lat="-9.0553688" lon="148.4296250"/>
      <trkpt lat="-9.0554134" lon="148.4296403"/>
      <trkpt lat="-9.0554745" lon="148.4296785"/>
      <trkpt lat="-9.0555034" lon="148.4297402"/>
      <trkpt lat="-9.0554751" lon="148.4297320"/>
      <trkpt lat="-9.0554166" lon="148.4297190"/>
      <trkpt lat="-9.0553013" lon="148.4297040"/>
      <trkpt lat="-9.0551774" lon="148.4297709"/>
      <trkpt lat="-9.0550810" lon="148.4298505"/>
      <trkpt lat="-9.0550129" lon="148.4299525"/>
      <trkpt lat="-9.0549564" lon="148.4300574"/>
      <trkpt lat="-9.0549263" lon="148.4301597"/>
      <trkpt lat="-9.0548909" lon="148.4301871"/>
      <trkpt lat="-9.0548872" lon="148.4301929"/>
      <trkpt lat="-9.0548442" lon="148.4302289"/>
      <trkpt lat="-9.0548583" lon="148.4303244"/>
      <trkpt lat="-9.0548342" lon="148.4304462"/>
      <trkpt lat="-9.0548786" lon="148.4305582"/>
      <trkpt lat="-9.0548665" lon="148.4306701"/>
      <trkpt lat="-9.0548882" lon="148.4308033"/>
      <trkpt lat="-9.0549050" lon="148.4309418"/>
      <trkpt lat="-9.0549845" lon="148.4310725"/>
      <trkpt lat="-9.0550219" lon="148.4311707"/>
      <trkpt lat="-9.0550666" lon="148.4312648"/>
      <trkpt lat="-9.0550663" lon="148.4313125"/>
      <trkpt lat="-9.0551009" lon="148.4313587"/>
      <trkpt lat="-9.0550947" lon="148.4313648"/>
      <trkpt lat="-9.0550886" lon="148.4313546"/>
      <trkpt lat="-9.0551000" lon="148.4313375"/>
      <trkpt lat="-9.0551630" lon="148.4313630"/>
      <trkpt lat="-9.0552884" lon="148.4314337"/>
      <trkpt lat="-9.0554291" lon="148.4314717"/>
      <trkpt lat="-9.0555713" lon="148.4315028"/>
      <trkpt lat="-9.0557113" lon="148.4315482"/>
      <trkpt lat="-9.0558625" lon="148.4316402"/>
      <trkpt lat="-9.0560088" lon="148.4317284"/>
      <trkpt lat="-9.0561144" lon="148.4317968"/>
      <trkpt lat="-9.0562215" lon="148.4318481"/>
      <trkpt lat="-9.0563079" lon="148.4318749"/>
      <trkpt lat="-9.0564300" lon="148.4319282"/>
      <trkpt lat="-9.0564838" lon="148.4319477"/>
      <trkpt lat="-9.0565090" lon="148.4319611"/>
      <trkpt lat="-9.0564820" lon="148.4319311"/>
      <trkpt lat="-9.0564658" lon="148.4319473"/>
      <trkpt lat="-9.0564668" lon="148.4319661"/>
      <trkpt lat="-9.0564600" lon="148.4319917"/>
      <trkpt lat="-9.0564748" lon="148.4320215"/>
      <trkpt lat="-9.0564746" lon="148.4320781"/>
      <trkpt lat="-9.0564430" lon="148.4321577"/>
      <trkpt lat="-9.0563969" lon="148.4322512"/>
      <trkpt lat="-9.0563358" lon="148.4323660"/>
      <trkpt lat="-9.0563131" lon="148.4325148"/>
      <trkpt lat="-9.0563003" lon="148.4326732"/>
      <trkpt lat="-9.0563198" lon="148.4328419"/>
      <trkpt lat="-9.0563755" lon="148.4329961"/>
      <trkpt lat="-9.0563908" lon="148.4331151"/>
      <trkpt lat="-9.0564252" lon="148.4332262"/>
      <trkpt lat="-9.0564512" lon="148.4333528"/>
      <trkpt lat="-9.0565166" lon="148.4335181"/>
      <trkpt lat="-9.0565793" lon="148.4336826"/>
      <trkpt lat="-9.0566339" lon="148.4338497"/>
      <trkpt lat="-9.0567045" lon="148.4340125"/>
      <trkpt lat="-9.0567807" lon="148.4341682"/>
      <trkpt lat="-9.0568444" lon="148.4342874"/>
      <trkpt lat="-9.0568705" lon="148.4343519"/>
      <trkpt lat="-9.0568776" lon="148.4344093"/>
      <trkpt lat="-9.0568957" lon="148.4344254"/>
      <trkpt lat="-9.0569027" lon="148.4344300"/>
      <trkpt lat="-9.0568873" lon="148.4343673"/>
      <trkpt lat="-9.0568498" lon="148.4343311"/>
      <trkpt lat="-9.0568383" lon="148.4343263"/>
      <trkpt lat="-9.0568299" lon="148.4343497"/>
      <trkpt lat="-9.0568450" lon="148.4343689"/>
      <trkpt lat="-9.0568607" lon="148.4343658"/>
      <trkpt lat="-9.0568798" lon="148.4343635"/>
      <trkpt lat="-9.0568691" lon="148.4343636"/>
      <trkpt lat="-9.0568622" lon="148.4343547"/>
      <trkpt lat="-9.0568655" lon="148.4343357"/>
    </trkseg>
    <trkseg>
      <trkpt lat="-9.0569131" lon="148.4343703"/>
      <trkpt lat="-9.0570913" lon="148.4344016"/>
      <trkpt lat="-9.0571742" lon="148.4344280"/>
      <trkpt lat="-9.0571377" lon="148.4344485"/>
      <trkpt lat="-9.0569817" lon="148.4344628"/>
      <trkpt lat="-9.0568799" lon="148.4344655"/>
      <trkpt lat="-9.0568975" lon="148.4344523"/>
      <trkpt lat="-9.0569889" lon="148.4344433"/>
      <trkpt lat="-9.0570157" lon="148.4344509"/>
      <trkpt lat="-9.0569729" lon="148.4344431"/>
      <trkpt lat="-9.0568918" lon="148.4344248"/>
      <trkpt lat="-9.0567995" lon="148.4343962"/>
      <trkpt lat="-9.0566781" lon="148.4344382"/>
      <trkpt lat="-9.0565615" lon="148.4345322"/>
      <trkpt lat="-9.0564573" lon="148.4346627"/>
      <trkpt lat="-9.0563565" lon="148.4347953"/>
      <trkpt lat="-9.0562933" lon="148.4349050"/>
      <trkpt lat="-9.0562546" lon="148.4350273"/>
      <trkpt lat="-9.0562175" lon="148.4351442"/>
      <trkpt lat="-9.0561036" lon="148.4352339"/>
      <trkpt lat="-9.0559524" lon="148.4352714"/>
      <trkpt lat="-9.0558343" lon="148.4352830"/>
      <trkpt lat="-9.0557210" lon="148.4352965"/>
      <trkpt lat="-9.0556056" lon="148.4353185"/>
      <trkpt lat="-9.0554388" lon="148.4353407"/>
      <trkpt lat="-9.0552856" lon="148.4354019"/>
      <trkpt lat="-9.0551472" lon="148.4354971"/>
      <trkpt lat="-9.0550097" lon="148.4356052"/>
      <trkpt lat="-9.0548527" lon="148.4356751"/>
      <trkpt lat="-9.0546810" lon="148.4357150"/>
      <trkpt lat="-9.0545355" lon="148.4357625"/>
      <trkpt lat="-9.0544760" lon="148.4358502"/>
      <trkpt lat="-9.0544666" lon="148.4359840"/>
      <trkpt lat="-9.0544443" lon="148.4361188"/>
      <trkpt lat="-9.0543479" lon="148.4362461"/>
      <trkpt lat="-9.0542030" lon="148.4363344"/>
      <trkpt lat="-9.0540394" lon="148.4363769"/>
      <trkpt lat="-9.0539303" lon="148.4364361"/>
      <trkpt lat="-9.0538719" lon="148.4365124"/>
      <trkpt lat="-9.0538241" lon="148.4366294"/>
      <trkpt lat="-9.0537565" lon="148.4366355"/>
      <trkpt lat="-9.0537376" lon="148.4366382"/>
      <trkpt lat="-9.0537735" lon="148.4365928"/>
      <trkpt lat="-9.0538221" lon="148.4366176"/>
      <trkpt lat="-9.0538756" lon="148.4366292"/>
      <trkpt lat="-9.0538628" lon="148.4366562"/>
      <trkpt lat="-9.0538485" lon="148.4367202"/>
      <trkpt lat="-9.0538288" lon="148.4367994"/>
      <trkpt lat="-9.0538834" lon="148.4368934"/>
      <trkpt lat="-9.0538820" lon="148.4369537"/>
      <trkpt lat="-9.0538671" lon="148.4370173"/>
      <trkpt lat="-9.0538602" lon="148.4370578"/>
      <trkpt lat="-9.0539124" lon="148.4370910"/>
      <trkpt lat="-9.0539515" lon="148.4370965"/>
      <trkpt lat="-9.0540082" lon="148.4371556"/>
      <trkpt lat="-9.0540880" lon="148.4372305"/>
      <trkpt lat="-9.0541777" lon="148.4373210"/>
    </trkseg>
    <trkseg>
      <trkpt lat="-9.0541348" lon="148.4374403"/>
      <trkpt lat="-9.0540201" lon="148.4375810"/>
      <trkpt lat="-9.0539312" lon="148.4376900"/>
      <trkpt lat="-9.0538680" lon="148.4377675"/>
    </trkseg>
    <trkseg>
      <trkpt lat="-9.0602227" lon="148.4519357"/>
      <trkpt lat="-9.0602735" lon="148.4520280"/>
    </trkseg>
    <trkseg>
      <trkpt lat="-9.0682229" lon="148.4443727"/>
      <trkpt lat="-9.0681850" lon="148.4443735"/>
      <trkpt lat="-9.0681221" lon="148.4443895"/>
      <trkpt lat="-9.0681245" lon="148.4443926"/>
      <trkpt lat="-9.0682023" lon="148.4443678"/>
      <trkpt lat="-9.0683170" lon="148.4442887"/>
      <trkpt lat="-9.0683900" lon="148.4441787"/>
      <trkpt lat="-9.0684265" lon="148.4440220"/>
      <trkpt lat="-9.0684721" lon="148.4438750"/>
      <trkpt lat="-9.0685421" lon="148.4437444"/>
      <trkpt lat="-9.0686205" lon="148.4436308"/>
      <trkpt lat="-9.0687327" lon="148.4435217"/>
      <trkpt lat="-9.0688172" lon="148.4433934"/>
      <trkpt lat="-9.0689190" lon="148.4432748"/>
      <trkpt lat="-9.0690020" lon="148.4431397"/>
      <trkpt lat="-9.0690918" lon="148.4430074"/>
      <trkpt lat="-9.0691486" lon="148.4428435"/>
      <trkpt lat="-9.0691912" lon="148.4426715"/>
      <trkpt lat="-9.0692527" lon="148.4425089"/>
      <trkpt lat="-9.0693225" lon="148.4423509"/>
      <trkpt lat="-9.0694164" lon="148.4422077"/>
      <trkpt lat="-9.0694900" lon="148.4420710"/>
      <trkpt lat="-9.0695812" lon="148.4419464"/>
      <trkpt lat="-9.0696712" lon="148.4418503"/>
      <trkpt lat="-9.0697941" lon="148.4418056"/>
      <trkpt lat="-9.0699343" lon="148.4417915"/>
      <trkpt lat="-9.0700882" lon="148.4418144"/>
      <trkpt lat="-9.0702428" lon="148.4418145"/>
      <trkpt lat="-9.0703863" lon="148.4418113"/>
      <trkpt lat="-9.0705243" lon="148.4418075"/>
      <trkpt lat="-9.0706530" lon="148.4418113"/>
      <trkpt lat="-9.0707815" lon="148.4418350"/>
      <trkpt lat="-9.0709079" lon="148.4418213"/>
      <trkpt lat="-9.0710116" lon="148.4418120"/>
      <trkpt lat="-9.0711168" lon="148.4418158"/>
      <trkpt lat="-9.0712134" lon="148.4418237"/>
      <trkpt lat="-9.0713145" lon="148.4418605"/>
      <trkpt lat="-9.0714122" lon="148.4418858"/>
      <trkpt lat="-9.0715093" lon="148.4419218"/>
      <trkpt lat="-9.0716150" lon="148.4419325"/>
      <trkpt lat="-9.0716969" lon="148.4419519"/>
      <trkpt lat="-9.0718038" lon="148.4419764"/>
      <trkpt lat="-9.0719044" lon="148.4419716"/>
      <trkpt lat="-9.0719978" lon="148.4419546"/>
      <trkpt lat="-9.0720476" lon="148.4419696"/>
      <trkpt lat="-9.0720758" lon="148.4419736"/>
      <trkpt lat="-9.0721146" lon="148.4419791"/>
      <trkpt lat="-9.0721246" lon="148.4419534"/>
      <trkpt lat="-9.0721162" lon="148.4419652"/>
    </trkseg>
    <trkseg>
      <trkpt lat="-9.0781085" lon="148.4403361"/>
      <trkpt lat="-9.0780173" lon="148.4403597"/>
      <trkpt lat="-9.0779854" lon="148.4403799"/>
      <trkpt lat="-9.0779716" lon="148.4404155"/>
      <trkpt lat="-9.0779134" lon="148.4404182"/>
      <trkpt lat="-9.0777941" lon="148.4403820"/>
      <trkpt lat="-9.0776882" lon="148.4402678"/>
      <trkpt lat="-9.0776273" lon="148.4401142"/>
      <trkpt lat="-9.0775930" lon="148.4399402"/>
      <trkpt lat="-9.0775321" lon="148.4397760"/>
      <trkpt lat="-9.0774231" lon="148.4396559"/>
      <trkpt lat="-9.0773606" lon="148.4395986"/>
      <trkpt lat="-9.0773660" lon="148.4395803"/>
      <trkpt lat="-9.0773809" lon="148.4395818"/>
      <trkpt lat="-9.0773594" lon="148.4395660"/>
      <trkpt lat="-9.0772780" lon="148.4395582"/>
      <trkpt lat="-9.0772141" lon="148.4395439"/>
    </trkseg>
    <trkseg>
      <trkpt lat="-9.0734779" lon="148.4293125"/>
      <trkpt lat="-9.0735474" lon="148.4292261"/>
      <trkpt lat="-9.0735990" lon="148.4291878"/>
      <trkpt lat="-9.0736122" lon="148.4291668"/>
      <trkpt lat="-9.0735680" lon="148.4291245"/>
      <trkpt lat="-9.0734766" lon="148.4290257"/>
      <trkpt lat="-9.0733562" lon="148.4289138"/>
      <trkpt lat="-9.0732656" lon="148.4287787"/>
      <trkpt lat="-9.0732053" lon="148.4286423"/>
      <trkpt lat="-9.0731338" lon="148.4285496"/>
      <trkpt lat="-9.0730421" lon="148.4284754"/>
      <trkpt lat="-9.0729570" lon="148.4283901"/>
      <trkpt lat="-9.0729235" lon="148.4282369"/>
      <trkpt lat="-9.0728955" lon="148.4280687"/>
      <trkpt lat="-9.0728322" lon="148.4279117"/>
      <trkpt lat="-9.0727888" lon="148.4277624"/>
      <trkpt lat="-9.0727748" lon="148.4276588"/>
      <trkpt lat="-9.0727960" lon="148.4276007"/>
    </trkseg>
    <trkseg>
      <trkpt lat="-9.0715428" lon="148.4261755"/>
      <trkpt lat="-9.0715867" lon="148.4260300"/>
      <trkpt lat="-9.0716715" lon="148.4259468"/>
      <trkpt lat="-9.0717219" lon="148.4259525"/>
      <trkpt lat="-9.0717138" lon="148.4259864"/>
      <trkpt lat="-9.0716125" lon="148.4259707"/>
      <trkpt lat="-9.0714985" lon="148.4258742"/>
      <trkpt lat="-9.0713806" lon="148.4257369"/>
      <trkpt lat="-9.0712810" lon="148.4255892"/>
      <trkpt lat="-9.0711970" lon="148.4254320"/>
      <trkpt lat="-9.0711260" lon="148.4252682"/>
      <trkpt lat="-9.0710869" lon="148.4251239"/>
      <trkpt lat="-9.0710773" lon="148.4250026"/>
    </trkseg>
    <trkseg>
      <trkpt lat="-9.0702899" lon="148.4228475"/>
      <trkpt lat="-9.0701597" lon="148.4227614"/>
      <trkpt lat="-9.0700526" lon="148.4226430"/>
      <trkpt lat="-9.0700021" lon="148.4224919"/>
      <trkpt lat="-9.0699791" lon="148.4223257"/>
      <trkpt lat="-9.0699614" lon="148.4221564"/>
      <trkpt lat="-9.0699064" lon="148.4219869"/>
      <trkpt lat="-9.0699134" lon="148.4218681"/>
      <trkpt lat="-9.0699910" lon="148.4217998"/>
      <trkpt lat="-9.0700611" lon="148.4217658"/>
      <trkpt lat="-9.0701361" lon="148.4217194"/>
      <trkpt lat="-9.0702027" lon="148.4217064"/>
      <trkpt lat="-9.0703513" lon="148.4217475"/>
      <trkpt lat="-9.0705046" lon="148.4218205"/>
      <trkpt lat="-9.0706674" lon="148.4218491"/>
      <trkpt lat="-9.0708298" lon="148.4218095"/>
      <trkpt lat="-9.0709870" lon="148.4217256"/>
      <trkpt lat="-9.0711399" lon="148.4216517"/>
      <trkpt lat="-9.0712972" lon="148.4215851"/>
      <trkpt lat="-9.0714504" lon="148.4215138"/>
      <trkpt lat="-9.0715953" lon="148.4214105"/>
      <trkpt lat="-9.0717253" lon="148.4212917"/>
      <trkpt lat="-9.0718486" lon="148.4211757"/>
      <trkpt lat="-9.0719870" lon="148.4210861"/>
      <trkpt lat="-9.0721407" lon="148.4210169"/>
      <trkpt lat="-9.0723084" lon="148.4209638"/>
      <trkpt lat="-9.0724754" lon="148.4209355"/>
      <trkpt lat="-9.0726196" lon="148.4209801"/>
      <trkpt lat="-9.0727088" lon="148.4211014"/>
      <trkpt lat="-9.0727536" lon="148.4212651"/>
      <trkpt lat="-9.0727924" lon="148.4214329"/>
      <trkpt lat="-9.0728574" lon="148.4215938"/>
      <trkpt lat="-9.0729566" lon="148.4217366"/>
      <trkpt lat="-9.0730607" lon="148.4218751"/>
      <trkpt lat="-9.0731743" lon="148.4220098"/>
      <trkpt lat="-9.0732757" lon="148.4221576"/>
      <trkpt lat="-9.0733695" lon="148.4223106"/>
      <trkpt lat="-9.0734624" lon="148.4224637"/>
      <trkpt lat="-9.0735419" lon="148.4226245"/>
      <trkpt lat="-9.0736298" lon="148.4227812"/>
      <trkpt lat="-9.0737336" lon="148.4229225"/>
      <trkpt lat="-9.0738464" lon="148.4230542"/>
      <trkpt lat="-9.0739499" lon="148.4231869"/>
      <trkpt lat="-9.0740397" lon="148.4233338"/>
      <trkpt lat="-9.0741510" lon="148.4234608"/>
      <trkpt lat="-9.0742931" lon="148.4235636"/>
      <trkpt lat="-9.0744556" lon="148.4236394"/>
      <trkpt lat="-9.0746172" lon="148.4237180"/>
      <trkpt lat="-9.0747677" lon="148.4238094"/>
      <trkpt lat="-9.0749131" lon="148.4239066"/>
      <trkpt lat="-9.0750619" lon="148.4239823"/>
      <trkpt lat="-9.0752074" lon="148.4240624"/>
      <trkpt lat="-9.0753467" lon="148.4241501"/>
      <trkpt lat="-9.0754818" lon="148.4242585"/>
      <trkpt lat="-9.0756017" lon="148.4243759"/>
      <trkpt lat="-9.0757219" lon="148.4244959"/>
      <trkpt lat="-9.0758315" lon="148.4246302"/>
      <trkpt lat="-9.0759631" lon="148.4247418"/>
      <trkpt lat="-9.0760974" lon="148.4248495"/>
      <trkpt lat="-9.0762383" lon="148.4249511"/>
      <trkpt lat="-9.0763893" lon="148.4250450"/>
      <trkpt lat="-9.0765448" lon="148.4251314"/>
      <trkpt lat="-9.0767101" lon="148.4251886"/>
      <trkpt lat="-9.0768717" lon="148.4252361"/>
      <trkpt lat="-9.0770401" lon="148.4252512"/>
      <trkpt lat="-9.0772105" lon="148.4252598"/>
      <trkpt lat="-9.0773883" lon="148.4252457"/>
      <trkpt lat="-9.0775662" lon="148.4252389"/>
      <trkpt lat="-9.0777376" lon="148.4252264"/>
      <trkpt lat="-9.0778953" lon="148.4251970"/>
      <trkpt lat="-9.0779981" lon="148.4251074"/>
      <trkpt lat="-9.0780860" lon="148.4249793"/>
      <trkpt lat="-9.0781649" lon="148.4248357"/>
      <trkpt lat="-9.0782973" lon="148.4247383"/>
      <trkpt lat="-9.0784489" lon="148.4246732"/>
      <trkpt lat="-9.0786200" lon="148.4246445"/>
      <trkpt lat="-9.0787654" lon="148.4246582"/>
      <trkpt lat="-9.0788401" lon="148.4247110"/>
      <trkpt lat="-9.0789056" lon="148.4247810"/>
      <trkpt lat="-9.0789960" lon="148.4248367"/>
      <trkpt lat="-9.0791522" lon="148.4248932"/>
      <trkpt lat="-9.0793128" lon="148.4249625"/>
      <trkpt lat="-9.0794722" lon="148.4250326"/>
      <trkpt lat="-9.0796320" lon="148.4250947"/>
      <trkpt lat="-9.0797948" lon="148.4251488"/>
      <trkpt lat="-9.0799550" lon="148.4251930"/>
      <trkpt lat="-9.0801080" lon="148.4252457"/>
      <trkpt lat="-9.0802621" lon="148.4252809"/>
      <trkpt lat="-9.0803875" lon="148.4253191"/>
      <trkpt lat="-9.0804951" lon="148.4253766"/>
      <trkpt lat="-9.0805797" lon="148.4254815"/>
      <trkpt lat="-9.0806712" lon="148.4255841"/>
      <trkpt lat="-9.0807361" lon="148.4256225"/>
      <trkpt lat="-9.0807556" lon="148.4256183"/>
      <trkpt lat="-9.0807272" lon="148.4256199"/>
      <trkpt lat="-9.0806818" lon="148.4256492"/>
    </trkseg>
    <trkseg>
      <trkpt lat="-9.0766300" lon="148.4374190"/>
      <trkpt lat="-9.0766106" lon="148.4373981"/>
      <trkpt lat="-9.0766405" lon="148.4373166"/>
      <trkpt lat="-9.0767141" lon="148.4371724"/>
      <trkpt lat="-9.0768090" lon="148.4370252"/>
      <trkpt lat="-9.0768921" lon="148.4369082"/>
      <trkpt lat="-9.0769888" lon="148.4368191"/>
      <trkpt lat="-9.0770431" lon="148.4367210"/>
      <trkpt lat="-9.0770917" lon="148.4366081"/>
      <trkpt lat="-9.0771214" lon="148.4364943"/>
      <trkpt lat="-9.0771699" lon="148.4364497"/>
      <trkpt lat="-9.0772117" lon="148.4364098"/>
      <trkpt lat="-9.0772503" lon="148.4364220"/>
      <trkpt lat="-9.0773102" lon="148.4363747"/>
      <trkpt lat="-9.0773593" lon="148.4363440"/>
      <trkpt lat="-9.0774306" lon="148.4362963"/>
      <trkpt lat="-9.0774513" lon="148.4362640"/>
      <trkpt lat="-9.0774803" lon="148.4361901"/>
      <trkpt lat="-9.0774800" lon="148.4360971"/>
      <trkpt lat="-9.0775187" lon="148.4359983"/>
      <trkpt lat="-9.0775894" lon="148.4359380"/>
      <trkpt lat="-9.0776932" lon="148.4359103"/>
      <trkpt lat="-9.0777171" lon="148.4358768"/>
      <trkpt lat="-9.0776755" lon="148.4358845"/>
      <trkpt lat="-9.0776047" lon="148.4358414"/>
      <trkpt lat="-9.0776172" lon="148.4357839"/>
      <trkpt lat="-9.0776958" lon="148.4356718"/>
      <trkpt lat="-9.0777942" lon="148.4355595"/>
      <trkpt lat="-9.0779144" lon="148.4354860"/>
      <trkpt lat="-9.0780499" lon="148.4354265"/>
      <trkpt lat="-9.0782015" lon="148.4353645"/>
      <trkpt lat="-9.0783348" lon="148.4352723"/>
      <trkpt lat="-9.0784560" lon="148.4351547"/>
      <trkpt lat="-9.0785692" lon="148.4350253"/>
      <trkpt lat="-9.0786528" lon="148.4349229"/>
      <trkpt lat="-9.0787432" lon="148.4348525"/>
      <trkpt lat="-9.0788347" lon="148.4347866"/>
      <trkpt lat="-9.0789477" lon="148.4347010"/>
      <trkpt lat="-9.0790513" lon="148.4345919"/>
      <trkpt lat="-9.0791257" lon="148.4344691"/>
      <trkpt lat="-9.0792128" lon="148.4343393"/>
      <trkpt lat="-9.0793143" lon="148.4342131"/>
      <trkpt lat="-9.0794435" lon="148.4340955"/>
      <trkpt lat="-9.0795722" lon="148.4339970"/>
      <trkpt lat="-9.0796599" lon="148.4339370"/>
      <trkpt lat="-9.0797476" lon="148.4338923"/>
      <trkpt lat="-9.0798360" lon="148.4338356"/>
      <trkpt lat="-9.0799619" lon="148.4337499"/>
      <trkpt lat="-9.0800988" lon="148.4336726"/>
      <trkpt lat="-9.0802529" lon="148.4336285"/>
      <trkpt lat="-9.0804177" lon="148.4335883"/>
      <trkpt lat="-9.0805895" lon="148.4335617"/>
      <trkpt lat="-9.0807597" lon="148.4335230"/>
      <trkpt lat="-9.0809242" lon="148.4334806"/>
      <trkpt lat="-9.0810335" lon="148.4334520"/>
      <trkpt lat="-9.0810820" lon="148.4334467"/>
      <trkpt lat="-9.0810831" lon="148.4334528"/>
      <trkpt lat="-9.0810836" lon="148.4334488"/>
      <trkpt lat="-9.0810908" lon="148.4334379"/>
      <trkpt lat="-9.0811312" lon="148.4334002"/>
      <trkpt lat="-9.0812193" lon="148.4333355"/>
      <trkpt lat="-9.0813580" lon="148.4332531"/>
      <trkpt lat="-9.0815125" lon="148.4332267"/>
      <trkpt lat="-9.0816786" lon="148.4332335"/>
      <trkpt lat="-9.0818455" lon="148.4332601"/>
      <trkpt lat="-9.0819992" lon="148.4332576"/>
      <trkpt lat="-9.0821312" lon="148.4332407"/>
      <trkpt lat="-9.0822599" lon="148.4331955"/>
      <trkpt lat="-9.0824025" lon="148.4331608"/>
      <trkpt lat="-9.0825293" lon="148.4331903"/>
      <trkpt lat="-9.0826575" lon="148.4332692"/>
      <trkpt lat="-9.0827679" lon="148.4333945"/>
      <trkpt lat="-9.0828934" lon="148.4335118"/>
      <trkpt lat="-9.0830186" lon="148.4336281"/>
      <trkpt lat="-9.0831646" lon="148.4337206"/>
      <trkpt lat="-9.0833286" lon="148.4337932"/>
      <trkpt lat="-9.0834948" lon="148.4338607"/>
      <trkpt lat="-9.0836657" lon="148.4339023"/>
      <trkpt lat="-9.0838397" lon="148.4339103"/>
      <trkpt lat="-9.0840179" lon="148.4338931"/>
      <trkpt lat="-9.0841908" lon="148.4338557"/>
      <trkpt lat="-9.0843552" lon="148.4338087"/>
      <trkpt lat="-9.0844896" lon="148.4337330"/>
      <trkpt lat="-9.0846151" lon="148.4336783"/>
      <trkpt lat="-9.0847275" lon="148.4335966"/>
      <trkpt lat="-9.0848385" lon="148.4335002"/>
      <trkpt lat="-9.0849293" lon="148.4333520"/>
      <trkpt lat="-9.0850195" lon="148.4332025"/>
      <trkpt lat="-9.0851072" lon="148.4330476"/>
      <trkpt lat="-9.0851988" lon="148.4329242"/>
      <trkpt lat="-9.0852990" lon="148.4328117"/>
      <trkpt lat="-9.0854108" lon="148.4327048"/>
      <trkpt lat="-9.0855375" lon="148.4325813"/>
      <trkpt lat="-9.0856789" lon="148.4324944"/>
      <trkpt lat="-9.0858422" lon="148.4324471"/>
      <trkpt lat="-9.0860178" lon="148.4324221"/>
      <trkpt lat="-9.0861793" lon="148.4323590"/>
      <trkpt lat="-9.0863367" lon="148.4322803"/>
      <trkpt lat="-9.0864769" lon="148.4322202"/>
      <trkpt lat="-9.0865784" lon="148.4321929"/>
      <trkpt lat="-9.0866356" lon="148.4321364"/>
      <trkpt lat="-9.0866272" lon="148.4320245"/>
      <trkpt lat="-9.0865653" lon="148.4318811"/>
      <trkpt lat="-9.0864634" lon="148.4317381"/>
      <trkpt lat="-9.0863397" lon="148.4316125"/>
      <trkpt lat="-9.0862249" lon="148.4314780"/>
      <trkpt lat="-9.0861162" lon="148.4313399"/>
      <trkpt lat="-9.0860429" lon="148.4311814"/>
      <trkpt lat="-9.0859732" lon="148.4310204"/>
      <trkpt lat="-9.0859128" lon="148.4308610"/>
      <trkpt lat="-9.0858212" lon="148.4307226"/>
      <trkpt lat="-9.0857413" lon="148.4305780"/>
      <trkpt lat="-9.0856415" lon="148.4304372"/>
      <trkpt lat="-9.0855383" lon="148.4302948"/>
      <trkpt lat="-9.0854077" lon="148.4301752"/>
      <trkpt lat="-9.0852531" lon="148.4300877"/>
      <trkpt lat="-9.0850976" lon="148.4300029"/>
      <trkpt lat="-9.0849481" lon="148.4299093"/>
      <trkpt lat="-9.0848245" lon="148.4297838"/>
      <trkpt lat="-9.0847056" lon="148.4296513"/>
      <trkpt lat="-9.0845746" lon="148.4295380"/>
      <trkpt lat="-9.0844211" lon="148.4294504"/>
      <trkpt lat="-9.0842718" lon="148.4293594"/>
      <trkpt lat="-9.0841250" lon="148.4292774"/>
      <trkpt lat="-9.0839789" lon="148.4291916"/>
      <trkpt lat="-9.0838231" lon="148.4291225"/>
      <trkpt lat="-9.0836705" lon="148.4290355"/>
      <trkpt lat="-9.0835483" lon="148.4289454"/>
      <trkpt lat="-9.0834465" lon="148.4288537"/>
      <trkpt lat="-9.0833709" lon="148.4287745"/>
      <trkpt lat="-9.0832717" lon="148.4286933"/>
      <trkpt lat="-9.0831653" lon="148.4285966"/>
      <trkpt lat="-9.0830252" lon="148.4285041"/>
      <trkpt lat="-9.0828814" lon="148.4284224"/>
      <trkpt lat="-9.0827245" lon="148.4283517"/>
      <trkpt lat="-9.0825741" lon="148.4282637"/>
      <trkpt lat="-9.0824198" lon="148.4281721"/>
      <trkpt lat="-9.0822609" lon="148.4281054"/>
      <trkpt lat="-9.0821956" lon="148.4280810"/>
      <trkpt lat="-9.0821408" lon="148.4280443"/>
      <trkpt lat="-9.0820929" lon="148.4280517"/>
      <trkpt lat="-9.0819485" lon="148.4280289"/>
      <trkpt lat="-9.0817993" lon="148.4280189"/>
      <trkpt lat="-9.0816570" lon="148.4279337"/>
      <trkpt lat="-9.0815103" lon="148.4278561"/>
      <trkpt lat="-9.0813662" lon="148.4277658"/>
      <trkpt lat="-9.0812173" lon="148.4276758"/>
      <trkpt lat="-9.0810760" lon="148.4275666"/>
      <trkpt lat="-9.0809317" lon="148.4274600"/>
      <trkpt lat="-9.0807838" lon="148.4273576"/>
      <trkpt lat="-9.0806437" lon="148.4272441"/>
      <trkpt lat="-9.0805119" lon="148.4271221"/>
      <trkpt lat="-9.0803867" lon="148.4269932"/>
      <trkpt lat="-9.0802818" lon="148.4268510"/>
      <trkpt lat="-9.0802192" lon="148.4266940"/>
      <trkpt lat="-9.0802056" lon="148.4265272"/>
      <trkpt lat="-9.0802611" lon="148.4263766"/>
      <trkpt lat="-9.0803498" lon="148.4262380"/>
      <trkpt lat="-9.0804719" lon="148.4261142"/>
      <trkpt lat="-9.0805847" lon="148.4259814"/>
      <trkpt lat="-9.0806872" lon="148.4258403"/>
      <trkpt lat="-9.0807476" lon="148.4257193"/>
      <trkpt lat="-9.0807808" lon="148.4256563"/>
      <trkpt lat="-9.0807794" lon="148.4256532"/>
      <trkpt lat="-9.0807693" lon="148.4256732"/>
    </trkseg>
  </trk>
  <trk>
    <name>Mariura - Livingstone Nisavora</name>
    <desc>Walked by Livingstone Nisavora. 15.9 km, 21 track(s), recorded on the ground. Mariura, Zone 6.</desc>
    <type>walked-boundary</type>
    <trkseg>
      <trkpt lat="-9.0807412" lon="148.4256666"/>
      <trkpt lat="-9.0806825" lon="148.4255294"/>
      <trkpt lat="-9.0805913" lon="148.4254027"/>
      <trkpt lat="-9.0804544" lon="148.4253064"/>
      <trkpt lat="-9.0802951" lon="148.4252397"/>
      <trkpt lat="-9.0801240" lon="148.4251881"/>
      <trkpt lat="-9.0799537" lon="148.4251424"/>
      <trkpt lat="-9.0797852" lon="148.4250964"/>
      <trkpt lat="-9.0796160" lon="148.4250522"/>
      <trkpt lat="-9.0794519" lon="148.4249877"/>
      <trkpt lat="-9.0792853" lon="148.4249200"/>
      <trkpt lat="-9.0791348" lon="148.4248373"/>
      <trkpt lat="-9.0789937" lon="148.4247472"/>
      <trkpt lat="-9.0788530" lon="148.4246711"/>
      <trkpt lat="-9.0786943" lon="148.4246367"/>
      <trkpt lat="-9.0785197" lon="148.4246499"/>
      <trkpt lat="-9.0783543" lon="148.4247044"/>
      <trkpt lat="-9.0782149" lon="148.4247999"/>
      <trkpt lat="-9.0781057" lon="148.4249328"/>
      <trkpt lat="-9.0779911" lon="148.4250613"/>
      <trkpt lat="-9.0778532" lon="148.4251555"/>
      <trkpt lat="-9.0776883" lon="148.4251924"/>
      <trkpt lat="-9.0775180" lon="148.4252129"/>
      <trkpt lat="-9.0773452" lon="148.4252174"/>
      <trkpt lat="-9.0771695" lon="148.4252314"/>
      <trkpt lat="-9.0770092" lon="148.4252164"/>
      <trkpt lat="-9.0768502" lon="148.4251935"/>
      <trkpt lat="-9.0766981" lon="148.4251406"/>
      <trkpt lat="-9.0765355" lon="148.4250745"/>
      <trkpt lat="-9.0763842" lon="148.4249779"/>
      <trkpt lat="-9.0762307" lon="148.4248845"/>
      <trkpt lat="-9.0760859" lon="148.4247797"/>
      <trkpt lat="-9.0759496" lon="148.4246678"/>
      <trkpt lat="-9.0758329" lon="148.4245352"/>
      <trkpt lat="-9.0757204" lon="148.4243980"/>
      <trkpt lat="-9.0755906" lon="148.4242862"/>
      <trkpt lat="-9.0754589" lon="148.4241747"/>
      <trkpt lat="-9.0753319" lon="148.4240622"/>
      <trkpt lat="-9.0752010" lon="148.4239708"/>
      <trkpt lat="-9.0750625" lon="148.4238861"/>
      <trkpt lat="-9.0749059" lon="148.4238223"/>
      <trkpt lat="-9.0747527" lon="148.4237348"/>
      <trkpt lat="-9.0745883" lon="148.4236640"/>
      <trkpt lat="-9.0744281" lon="148.4235894"/>
      <trkpt lat="-9.0742751" lon="148.4235045"/>
      <trkpt lat="-9.0741571" lon="148.4233882"/>
      <trkpt lat="-9.0740713" lon="148.4232430"/>
      <trkpt lat="-9.0739951" lon="148.4230848"/>
      <trkpt lat="-9.0738982" lon="148.4229366"/>
      <trkpt lat="-9.0737834" lon="148.4227969"/>
      <trkpt lat="-9.0736728" lon="148.4226544"/>
      <trkpt lat="-9.0735799" lon="148.4225211"/>
      <trkpt lat="-9.0734933" lon="148.4223861"/>
      <trkpt lat="-9.0734004" lon="148.4222564"/>
      <trkpt lat="-9.0732926" lon="148.4221164"/>
      <trkpt lat="-9.0731854" lon="148.4219763"/>
      <trkpt lat="-9.0730746" lon="148.4218388"/>
      <trkpt lat="-9.0729768" lon="148.4216927"/>
      <trkpt lat="-9.0728783" lon="148.4215499"/>
      <trkpt lat="-9.0728218" lon="148.4214397"/>
      <trkpt lat="-9.0727961" lon="148.4213243"/>
      <trkpt lat="-9.0728014" lon="148.4211977"/>
      <trkpt lat="-9.0727944" lon="148.4210217"/>
      <trkpt lat="-9.0727446" lon="148.4208889"/>
      <trkpt lat="-9.0727057" lon="148.4208138"/>
      <trkpt lat="-9.0726674" lon="148.4207983"/>
      <trkpt lat="-9.0726751" lon="148.4207842"/>
      <trkpt lat="-9.0726559" lon="148.4207762"/>
      <trkpt lat="-9.0726433" lon="148.4207687"/>
      <trkpt lat="-9.0726329" lon="148.4207714"/>
      <trkpt lat="-9.0726361" lon="148.4207704"/>
      <trkpt lat="-9.0725908" lon="148.4207806"/>
      <trkpt lat="-9.0724837" lon="148.4208218"/>
      <trkpt lat="-9.0723306" lon="148.4208710"/>
      <trkpt lat="-9.0721892" lon="148.4209289"/>
      <trkpt lat="-9.0720485" lon="148.4209836"/>
      <trkpt lat="-9.0719090" lon="148.4210689"/>
      <trkpt lat="-9.0717828" lon="148.4211529"/>
      <trkpt lat="-9.0716631" lon="148.4212536"/>
      <trkpt lat="-9.0715700" lon="148.4213326"/>
      <trkpt lat="-9.0714566" lon="148.4214205"/>
      <trkpt lat="-9.0713356" lon="148.4214691"/>
      <trkpt lat="-9.0711817" lon="148.4214836"/>
      <trkpt lat="-9.0710705" lon="148.4214458"/>
      <trkpt lat="-9.0710185" lon="148.4214294"/>
      <trkpt lat="-9.0709984" lon="148.4214183"/>
      <trkpt lat="-9.0709784" lon="148.4214171"/>
      <trkpt lat="-9.0709712" lon="148.4213980"/>
      <trkpt lat="-9.0709754" lon="148.4213971"/>
      <trkpt lat="-9.0710080" lon="148.4214260"/>
      <trkpt lat="-9.0709897" lon="148.4214167"/>
      <trkpt lat="-9.0709600" lon="148.4214213"/>
      <trkpt lat="-9.0708911" lon="148.4214326"/>
      <trkpt lat="-9.0708187" lon="148.4214951"/>
      <trkpt lat="-9.0707164" lon="148.4215365"/>
      <trkpt lat="-9.0706197" lon="148.4215960"/>
      <trkpt lat="-9.0705659" lon="148.4216089"/>
      <trkpt lat="-9.0705704" lon="148.4216215"/>
      <trkpt lat="-9.0705573" lon="148.4215822"/>
      <trkpt lat="-9.0705602" lon="148.4215914"/>
      <trkpt lat="-9.0705653" lon="148.4216088"/>
      <trkpt lat="-9.0705782" lon="148.4216037"/>
      <trkpt lat="-9.0706062" lon="148.4215940"/>
      <trkpt lat="-9.0706368" lon="148.4215691"/>
      <trkpt lat="-9.0707029" lon="148.4215548"/>
      <trkpt lat="-9.0707131" lon="148.4215535"/>
      <trkpt lat="-9.0707012" lon="148.4215705"/>
      <trkpt lat="-9.0706985" lon="148.4216362"/>
      <trkpt lat="-9.0706804" lon="148.4216527"/>
      <trkpt lat="-9.0706491" lon="148.4216825"/>
      <trkpt lat="-9.0706110" lon="148.4217124"/>
      <trkpt lat="-9.0706106" lon="148.4217474"/>
      <trkpt lat="-9.0706331" lon="148.4217501"/>
      <trkpt lat="-9.0706245" lon="148.4217195"/>
      <trkpt lat="-9.0706122" lon="148.4217275"/>
      <trkpt lat="-9.0705844" lon="148.4217533"/>
      <trkpt lat="-9.0705751" lon="148.4217909"/>
      <trkpt lat="-9.0706152" lon="148.4218187"/>
      <trkpt lat="-9.0706588" lon="148.4218911"/>
      <trkpt lat="-9.0706546" lon="148.4219665"/>
      <trkpt lat="-9.0705882" lon="148.4219956"/>
      <trkpt lat="-9.0705643" lon="148.4219674"/>
      <trkpt lat="-9.0706360" lon="148.4219176"/>
      <trkpt lat="-9.0707499" lon="148.4219094"/>
      <trkpt lat="-9.0707887" lon="148.4219061"/>
      <trkpt lat="-9.0708141" lon="148.4219010"/>
      <trkpt lat="-9.0708151" lon="148.4218922"/>
      <trkpt lat="-9.0708044" lon="148.4219070"/>
      <trkpt lat="-9.0706997" lon="148.4219354"/>
      <trkpt lat="-9.0705985" lon="148.4219327"/>
      <trkpt lat="-9.0705610" lon="148.4219318"/>
      <trkpt lat="-9.0705780" lon="148.4219226"/>
      <trkpt lat="-9.0706039" lon="148.4219964"/>
      <trkpt lat="-9.0705886" lon="148.4220662"/>
      <trkpt lat="-9.0705958" lon="148.4221871"/>
      <trkpt lat="-9.0705809" lon="148.4223025"/>
      <trkpt lat="-9.0706034" lon="148.4224161"/>
      <trkpt lat="-9.0706148" lon="148.4224704"/>
      <trkpt lat="-9.0706106" lon="148.4225102"/>
      <trkpt lat="-9.0706109" lon="148.4225301"/>
      <trkpt lat="-9.0705648" lon="148.4226017"/>
      <trkpt lat="-9.0705080" lon="148.4226355"/>
      <trkpt lat="-9.0703885" lon="148.4226863"/>
      <trkpt lat="-9.0703525" lon="148.4227110"/>
      <trkpt lat="-9.0703816" lon="148.4227778"/>
      <trkpt lat="-9.0705036" lon="148.4227851"/>
      <trkpt lat="-9.0706057" lon="148.4227955"/>
      <trkpt lat="-9.0706404" lon="148.4227950"/>
      <trkpt lat="-9.0706435" lon="148.4228017"/>
      <trkpt lat="-9.0706226" lon="148.4227964"/>
      <trkpt lat="-9.0705989" lon="148.4227831"/>
      <trkpt lat="-9.0705332" lon="148.4227984"/>
      <trkpt lat="-9.0704166" lon="148.4228352"/>
      <trkpt lat="-9.0703614" lon="148.4228288"/>
      <trkpt lat="-9.0703395" lon="148.4228377"/>
      <trkpt lat="-9.0703352" lon="148.4228778"/>
      <trkpt lat="-9.0702667" lon="148.4229631"/>
      <trkpt lat="-9.0702560" lon="148.4230539"/>
      <trkpt lat="-9.0703354" lon="148.4230830"/>
      <trkpt lat="-9.0705114" lon="148.4230871"/>
      <trkpt lat="-9.0706893" lon="148.4230715"/>
      <trkpt lat="-9.0708630" lon="148.4230872"/>
      <trkpt lat="-9.0709635" lon="148.4231150"/>
      <trkpt lat="-9.0709456" lon="148.4231307"/>
      <trkpt lat="-9.0708637" lon="148.4231146"/>
      <trkpt lat="-9.0708051" lon="148.4230971"/>
      <trkpt lat="-9.0707581" lon="148.4231233"/>
      <trkpt lat="-9.0706729" lon="148.4231879"/>
      <trkpt lat="-9.0705963" lon="148.4232070"/>
      <trkpt lat="-9.0706212" lon="148.4231868"/>
      <trkpt lat="-9.0707034" lon="148.4231291"/>
      <trkpt lat="-9.0707097" lon="148.4231093"/>
      <trkpt lat="-9.0706359" lon="148.4230774"/>
      <trkpt lat="-9.0705630" lon="148.4230605"/>
      <trkpt lat="-9.0705566" lon="148.4230469"/>
    </trkseg>
    <trkseg>
      <trkpt lat="-9.0735401" lon="148.4291171"/>
      <trkpt lat="-9.0735870" lon="148.4291991"/>
      <trkpt lat="-9.0736481" lon="148.4292815"/>
      <trkpt lat="-9.0736620" lon="148.4293010"/>
      <trkpt lat="-9.0737217" lon="148.4293307"/>
      <trkpt lat="-9.0737192" lon="148.4293090"/>
      <trkpt lat="-9.0737461" lon="148.4293627"/>
      <trkpt lat="-9.0737006" lon="148.4293533"/>
      <trkpt lat="-9.0737035" lon="148.4293950"/>
      <trkpt lat="-9.0737016" lon="148.4294054"/>
      <trkpt lat="-9.0737175" lon="148.4293991"/>
      <trkpt lat="-9.0736573" lon="148.4293527"/>
      <trkpt lat="-9.0735491" lon="148.4293280"/>
      <trkpt lat="-9.0734335" lon="148.4294067"/>
      <trkpt lat="-9.0733173" lon="148.4295205"/>
      <trkpt lat="-9.0732133" lon="148.4296508"/>
      <trkpt lat="-9.0731128" lon="148.4297829"/>
      <trkpt lat="-9.0730113" lon="148.4298513"/>
      <trkpt lat="-9.0729827" lon="148.4298460"/>
      <trkpt lat="-9.0730159" lon="148.4298150"/>
      <trkpt lat="-9.0730385" lon="148.4298315"/>
      <trkpt lat="-9.0729580" lon="148.4298749"/>
      <trkpt lat="-9.0728045" lon="148.4298803"/>
      <trkpt lat="-9.0726680" lon="148.4298604"/>
    </trkseg>
    <trkseg>
      <trkpt lat="-9.0721525" lon="148.4296670"/>
      <trkpt lat="-9.0720464" lon="148.4296931"/>
      <trkpt lat="-9.0719158" lon="148.4297155"/>
      <trkpt lat="-9.0718240" lon="148.4296716"/>
      <trkpt lat="-9.0717959" lon="148.4296858"/>
      <trkpt lat="-9.0718419" lon="148.4296911"/>
      <trkpt lat="-9.0718649" lon="148.4297364"/>
      <trkpt lat="-9.0718427" lon="148.4297418"/>
      <trkpt lat="-9.0718004" lon="148.4297882"/>
      <trkpt lat="-9.0717222" lon="148.4298692"/>
      <trkpt lat="-9.0716384" lon="148.4299885"/>
      <trkpt lat="-9.0715275" lon="148.4300429"/>
      <trkpt lat="-9.0714640" lon="148.4300374"/>
      <trkpt lat="-9.0714484" lon="148.4300058"/>
      <trkpt lat="-9.0714845" lon="148.4300168"/>
      <trkpt lat="-9.0715710" lon="148.4300197"/>
      <trkpt lat="-9.0716545" lon="148.4299696"/>
      <trkpt lat="-9.0717161" lon="148.4298751"/>
      <trkpt lat="-9.0717569" lon="148.4298223"/>
      <trkpt lat="-9.0718402" lon="148.4298007"/>
      <trkpt lat="-9.0719762" lon="148.4297922"/>
      <trkpt lat="-9.0720360" lon="148.4297510"/>
      <trkpt lat="-9.0719930" lon="148.4296851"/>
      <trkpt lat="-9.0718837" lon="148.4295613"/>
      <trkpt lat="-9.0718279" lon="148.4294265"/>
      <trkpt lat="-9.0717737" lon="148.4292937"/>
      <trkpt lat="-9.0717223" lon="148.4292049"/>
      <trkpt lat="-9.0716435" lon="148.4291631"/>
      <trkpt lat="-9.0716336" lon="148.4291448"/>
      <trkpt lat="-9.0716171" lon="148.4291538"/>
      <trkpt lat="-9.0716424" lon="148.4291986"/>
      <trkpt lat="-9.0716414" lon="148.4292330"/>
      <trkpt lat="-9.0716984" lon="148.4292156"/>
      <trkpt lat="-9.0717875" lon="148.4291200"/>
      <trkpt lat="-9.0719146" lon="148.4290143"/>
      <trkpt lat="-9.0719511" lon="148.4289201"/>
      <trkpt lat="-9.0719119" lon="148.4288457"/>
      <trkpt lat="-9.0718455" lon="148.4288406"/>
      <trkpt lat="-9.0717955" lon="148.4288218"/>
      <trkpt lat="-9.0717546" lon="148.4287599"/>
      <trkpt lat="-9.0717017" lon="148.4286693"/>
      <trkpt lat="-9.0716779" lon="148.4286051"/>
      <trkpt lat="-9.0716227" lon="148.4286276"/>
      <trkpt lat="-9.0715277" lon="148.4286830"/>
      <trkpt lat="-9.0713937" lon="148.4287909"/>
      <trkpt lat="-9.0712831" lon="148.4288894"/>
      <trkpt lat="-9.0712314" lon="148.4289163"/>
      <trkpt lat="-9.0712273" lon="148.4288865"/>
      <trkpt lat="-9.0712277" lon="148.4288456"/>
      <trkpt lat="-9.0711833" lon="148.4288195"/>
      <trkpt lat="-9.0710905" lon="148.4287755"/>
      <trkpt lat="-9.0709863" lon="148.4286708"/>
      <trkpt lat="-9.0708708" lon="148.4285668"/>
      <trkpt lat="-9.0707461" lon="148.4285289"/>
      <trkpt lat="-9.0705982" lon="148.4285210"/>
      <trkpt lat="-9.0704402" lon="148.4285210"/>
      <trkpt lat="-9.0703136" lon="148.4284492"/>
      <trkpt lat="-9.0701962" lon="148.4283785"/>
      <trkpt lat="-9.0700865" lon="148.4282783"/>
      <trkpt lat="-9.0700020" lon="148.4281671"/>
      <trkpt lat="-9.0699492" lon="148.4280256"/>
      <trkpt lat="-9.0699401" lon="148.4278729"/>
      <trkpt lat="-9.0698877" lon="148.4277923"/>
      <trkpt lat="-9.0698217" lon="148.4277817"/>
      <trkpt lat="-9.0697503" lon="148.4277879"/>
      <trkpt lat="-9.0697120" lon="148.4277876"/>
      <trkpt lat="-9.0697157" lon="148.4277618"/>
      <trkpt lat="-9.0697109" lon="148.4277466"/>
      <trkpt lat="-9.0696954" lon="148.4276973"/>
      <trkpt lat="-9.0696488" lon="148.4276754"/>
      <trkpt lat="-9.0696150" lon="148.4277062"/>
      <trkpt lat="-9.0695551" lon="148.4277188"/>
      <trkpt lat="-9.0694652" lon="148.4276733"/>
      <trkpt lat="-9.0694008" lon="148.4275541"/>
      <trkpt lat="-9.0694228" lon="148.4274427"/>
      <trkpt lat="-9.0695300" lon="148.4273273"/>
      <trkpt lat="-9.0695810" lon="148.4272589"/>
      <trkpt lat="-9.0696083" lon="148.4272078"/>
      <trkpt lat="-9.0695859" lon="148.4272157"/>
      <trkpt lat="-9.0695819" lon="148.4272146"/>
      <trkpt lat="-9.0695243" lon="148.4272656"/>
      <trkpt lat="-9.0694914" lon="148.4272830"/>
      <trkpt lat="-9.0694592" lon="148.4273270"/>
      <trkpt lat="-9.0694961" lon="148.4273134"/>
      <trkpt lat="-9.0695369" lon="148.4272678"/>
      <trkpt lat="-9.0695898" lon="148.4271433"/>
      <trkpt lat="-9.0695736" lon="148.4269912"/>
      <trkpt lat="-9.0695234" lon="148.4268296"/>
      <trkpt lat="-9.0694637" lon="148.4266716"/>
      <trkpt lat="-9.0694414" lon="148.4265074"/>
      <trkpt lat="-9.0694696" lon="148.4263500"/>
      <trkpt lat="-9.0695440" lon="148.4262049"/>
      <trkpt lat="-9.0695977" lon="148.4260579"/>
      <trkpt lat="-9.0695857" lon="148.4259143"/>
      <trkpt lat="-9.0694974" lon="148.4257716"/>
      <trkpt lat="-9.0693731" lon="148.4256619"/>
      <trkpt lat="-9.0692232" lon="148.4255869"/>
      <trkpt lat="-9.0690984" lon="148.4255034"/>
      <trkpt lat="-9.0690205" lon="148.4253946"/>
      <trkpt lat="-9.0689977" lon="148.4252432"/>
      <trkpt lat="-9.0690065" lon="148.4250875"/>
      <trkpt lat="-9.0689903" lon="148.4249350"/>
      <trkpt lat="-9.0689306" lon="148.4248015"/>
      <trkpt lat="-9.0687996" lon="148.4246966"/>
      <trkpt lat="-9.0686491" lon="148.4246046"/>
      <trkpt lat="-9.0684925" lon="148.4245248"/>
      <trkpt lat="-9.0683384" lon="148.4244443"/>
      <trkpt lat="-9.0681874" lon="148.4243636"/>
      <trkpt lat="-9.0680320" lon="148.4243226"/>
      <trkpt lat="-9.0678833" lon="148.4243346"/>
      <trkpt lat="-9.0677301" lon="148.4243869"/>
      <trkpt lat="-9.0675902" lon="148.4244446"/>
      <trkpt lat="-9.0674473" lon="148.4245069"/>
      <trkpt lat="-9.0673113" lon="148.4245806"/>
      <trkpt lat="-9.0672215" lon="148.4246172"/>
      <trkpt lat="-9.0671795" lon="148.4246006"/>
      <trkpt lat="-9.0671884" lon="148.4245111"/>
      <trkpt lat="-9.0671659" lon="148.4244647"/>
      <trkpt lat="-9.0670901" lon="148.4244638"/>
      <trkpt lat="-9.0669630" lon="148.4245573"/>
      <trkpt lat="-9.0668264" lon="148.4246690"/>
      <trkpt lat="-9.0667120" lon="148.4248063"/>
      <trkpt lat="-9.0665907" lon="148.4248943"/>
      <trkpt lat="-9.0664576" lon="148.4249186"/>
      <trkpt lat="-9.0663181" lon="148.4248490"/>
      <trkpt lat="-9.0661933" lon="148.4247662"/>
      <trkpt lat="-9.0660946" lon="148.4246467"/>
      <trkpt lat="-9.0659890" lon="148.4245408"/>
      <trkpt lat="-9.0658752" lon="148.4244722"/>
      <trkpt lat="-9.0657433" lon="148.4244937"/>
      <trkpt lat="-9.0656987" lon="148.4245214"/>
      <trkpt lat="-9.0657041" lon="148.4245360"/>
      <trkpt lat="-9.0657433" lon="148.4245122"/>
      <trkpt lat="-9.0657202" lon="148.4245627"/>
      <trkpt lat="-9.0657103" lon="148.4246020"/>
      <trkpt lat="-9.0657437" lon="148.4245957"/>
      <trkpt lat="-9.0658353" lon="148.4244959"/>
      <trkpt lat="-9.0659648" lon="148.4244062"/>
      <trkpt lat="-9.0661193" lon="148.4243720"/>
      <trkpt lat="-9.0662948" lon="148.4243868"/>
      <trkpt lat="-9.0664744" lon="148.4244079"/>
      <trkpt lat="-9.0666331" lon="148.4244189"/>
      <trkpt lat="-9.0666891" lon="148.4243802"/>
      <trkpt lat="-9.0666425" lon="148.4242918"/>
      <trkpt lat="-9.0665321" lon="148.4242509"/>
      <trkpt lat="-9.0664424" lon="148.4243091"/>
      <trkpt lat="-9.0663733" lon="148.4244664"/>
      <trkpt lat="-9.0663067" lon="148.4246356"/>
      <trkpt lat="-9.0662400" lon="148.4248047"/>
      <trkpt lat="-9.0661734" lon="148.4249738"/>
      <trkpt lat="-9.0661202" lon="148.4251087"/>
      <trkpt lat="-9.0660806" lon="148.4252093"/>
    </trkseg>
    <trkseg>
      <trkpt lat="-9.0660811" lon="148.4247113"/>
      <trkpt lat="-9.0660226" lon="148.4247280"/>
      <trkpt lat="-9.0660215" lon="148.4247178"/>
      <trkpt lat="-9.0660384" lon="148.4246663"/>
      <trkpt lat="-9.0660252" lon="148.4245403"/>
      <trkpt lat="-9.0659360" lon="148.4244098"/>
      <trkpt lat="-9.0658057" lon="148.4243232"/>
      <trkpt lat="-9.0657456" lon="148.4242390"/>
      <trkpt lat="-9.0657541" lon="148.4241922"/>
      <trkpt lat="-9.0657542" lon="148.4241789"/>
      <trkpt lat="-9.0656957" lon="148.4242228"/>
      <trkpt lat="-9.0656209" lon="148.4242285"/>
      <trkpt lat="-9.0655648" lon="148.4241625"/>
      <trkpt lat="-9.0655133" lon="148.4240170"/>
    </trkseg>
    <trkseg>
      <trkpt lat="-9.0657674" lon="148.4239771"/>
      <trkpt lat="-9.0656069" lon="148.4239296"/>
      <trkpt lat="-9.0654801" lon="148.4238340"/>
      <trkpt lat="-9.0653880" lon="148.4236897"/>
      <trkpt lat="-9.0653088" lon="148.4235270"/>
      <trkpt lat="-9.0652621" lon="148.4234233"/>
      <trkpt lat="-9.0652837" lon="148.4234135"/>
      <trkpt lat="-9.0653558" lon="148.4235034"/>
      <trkpt lat="-9.0653900" lon="148.4236041"/>
      <trkpt lat="-9.0654292" lon="148.4236395"/>
      <trkpt lat="-9.0654971" lon="148.4236464"/>
      <trkpt lat="-9.0656093" lon="148.4236557"/>
      <trkpt lat="-9.0656145" lon="148.4236991"/>
      <trkpt lat="-9.0655585" lon="148.4236728"/>
      <trkpt lat="-9.0654415" lon="148.4236078"/>
      <trkpt lat="-9.0654038" lon="148.4234966"/>
      <trkpt lat="-9.0653843" lon="148.4234759"/>
      <trkpt lat="-9.0653591" lon="148.4234926"/>
      <trkpt lat="-9.0652849" lon="148.4235147"/>
      <trkpt lat="-9.0651693" lon="148.4234590"/>
      <trkpt lat="-9.0651275" lon="148.4233701"/>
      <trkpt lat="-9.0651253" lon="148.4233162"/>
      <trkpt lat="-9.0651546" lon="148.4232877"/>
      <trkpt lat="-9.0651759" lon="148.4232975"/>
      <trkpt lat="-9.0651317" lon="148.4232805"/>
      <trkpt lat="-9.0650689" lon="148.4232319"/>
      <trkpt lat="-9.0650047" lon="148.4231503"/>
      <trkpt lat="-9.0650088" lon="148.4231499"/>
      <trkpt lat="-9.0650190" lon="148.4232236"/>
      <trkpt lat="-9.0650241" lon="148.4233591"/>
      <trkpt lat="-9.0650112" lon="148.4234925"/>
      <trkpt lat="-9.0649882" lon="148.4235816"/>
      <trkpt lat="-9.0649798" lon="148.4235727"/>
      <trkpt lat="-9.0649548" lon="148.4235661"/>
      <trkpt lat="-9.0649396" lon="148.4236318"/>
      <trkpt lat="-9.0649445" lon="148.4237856"/>
      <trkpt lat="-9.0649547" lon="148.4239089"/>
      <trkpt lat="-9.0649549" lon="148.4240030"/>
      <trkpt lat="-9.0649474" lon="148.4240939"/>
      <trkpt lat="-9.0649563" lon="148.4241276"/>
      <trkpt lat="-9.0649928" lon="148.4241278"/>
      <trkpt lat="-9.0649809" lon="148.4241208"/>
      <trkpt lat="-9.0649221" lon="148.4241809"/>
      <trkpt lat="-9.0648616" lon="148.4242809"/>
      <trkpt lat="-9.0647872" lon="148.4243714"/>
      <trkpt lat="-9.0647750" lon="148.4244376"/>
      <trkpt lat="-9.0647627" lon="148.4244611"/>
      <trkpt lat="-9.0647429" lon="148.4244768"/>
      <trkpt lat="-9.0646552" lon="148.4245062"/>
      <trkpt lat="-9.0645097" lon="148.4245669"/>
      <trkpt lat="-9.0643469" lon="148.4246374"/>
      <trkpt lat="-9.0641824" lon="148.4247109"/>
      <trkpt lat="-9.0640228" lon="148.4247663"/>
      <trkpt lat="-9.0638709" lon="148.4248288"/>
      <trkpt lat="-9.0637485" lon="148.4249103"/>
      <trkpt lat="-9.0636289" lon="148.4249977"/>
      <trkpt lat="-9.0635093" lon="148.4250848"/>
      <trkpt lat="-9.0633811" lon="148.4251525"/>
      <trkpt lat="-9.0632898" lon="148.4252163"/>
      <trkpt lat="-9.0632203" lon="148.4252926"/>
      <trkpt lat="-9.0631749" lon="148.4253578"/>
      <trkpt lat="-9.0631087" lon="148.4254062"/>
      <trkpt lat="-9.0630318" lon="148.4254540"/>
      <trkpt lat="-9.0629461" lon="148.4255357"/>
      <trkpt lat="-9.0628560" lon="148.4256644"/>
      <trkpt lat="-9.0627767" lon="148.4257928"/>
      <trkpt lat="-9.0627106" lon="148.4259252"/>
      <trkpt lat="-9.0626627" lon="148.4260714"/>
      <trkpt lat="-9.0625864" lon="148.4261964"/>
      <trkpt lat="-9.0624909" lon="148.4262784"/>
      <trkpt lat="-9.0624088" lon="148.4263271"/>
      <trkpt lat="-9.0623892" lon="148.4263356"/>
      <trkpt lat="-9.0623579" lon="148.4263600"/>
      <trkpt lat="-9.0622957" lon="148.4263863"/>
      <trkpt lat="-9.0621966" lon="148.4264698"/>
      <trkpt lat="-9.0621233" lon="148.4265469"/>
      <trkpt lat="-9.0620788" lon="148.4266072"/>
      <trkpt lat="-9.0620379" lon="148.4266748"/>
      <trkpt lat="-9.0619845" lon="148.4267081"/>
      <trkpt lat="-9.0619060" lon="148.4267887"/>
      <trkpt lat="-9.0618218" lon="148.4268437"/>
      <trkpt lat="-9.0617427" lon="148.4269602"/>
      <trkpt lat="-9.0616630" lon="148.4270598"/>
      <trkpt lat="-9.0615869" lon="148.4271428"/>
      <trkpt lat="-9.0614826" lon="148.4272025"/>
      <trkpt lat="-9.0613969" lon="148.4272379"/>
      <trkpt lat="-9.0612891" lon="148.4272876"/>
      <trkpt lat="-9.0612067" lon="148.4273306"/>
      <trkpt lat="-9.0611350" lon="148.4273838"/>
      <trkpt lat="-9.0611059" lon="148.4274298"/>
      <trkpt lat="-9.0610945" lon="148.4274488"/>
      <trkpt lat="-9.0610803" lon="148.4274439"/>
      <trkpt lat="-9.0610780" lon="148.4274218"/>
      <trkpt lat="-9.0610697" lon="148.4274138"/>
      <trkpt lat="-9.0610606" lon="148.4274162"/>
    </trkseg>
    <trkseg>
      <trkpt lat="-9.0603274" lon="148.4524153"/>
      <trkpt lat="-9.0603001" lon="148.4522354"/>
      <trkpt lat="-9.0602728" lon="148.4520556"/>
      <trkpt lat="-9.0602470" lon="148.4519557"/>
      <trkpt lat="-9.0602227" lon="148.4519357"/>
    </trkseg>
    <trkseg>
      <trkpt lat="-9.0602227" lon="148.4519357"/>
      <trkpt lat="-9.0602735" lon="148.4520280"/>
    </trkseg>
    <trkseg>
      <trkpt lat="-9.0669909" lon="148.3846528"/>
      <trkpt lat="-9.0669565" lon="148.3845947"/>
    </trkseg>
    <trkseg>
      <trkpt lat="-9.0734779" lon="148.4293125"/>
      <trkpt lat="-9.0735474" lon="148.4292261"/>
      <trkpt lat="-9.0735990" lon="148.4291878"/>
      <trkpt lat="-9.0736122" lon="148.4291668"/>
      <trkpt lat="-9.0735680" lon="148.4291245"/>
      <trkpt lat="-9.0734766" lon="148.4290257"/>
      <trkpt lat="-9.0733562" lon="148.4289138"/>
      <trkpt lat="-9.0732656" lon="148.4287787"/>
      <trkpt lat="-9.0732053" lon="148.4286423"/>
      <trkpt lat="-9.0731338" lon="148.4285496"/>
      <trkpt lat="-9.0730421" lon="148.4284754"/>
      <trkpt lat="-9.0729570" lon="148.4283901"/>
      <trkpt lat="-9.0729235" lon="148.4282369"/>
      <trkpt lat="-9.0728955" lon="148.4280687"/>
      <trkpt lat="-9.0728322" lon="148.4279117"/>
      <trkpt lat="-9.0727888" lon="148.4277624"/>
      <trkpt lat="-9.0727748" lon="148.4276588"/>
      <trkpt lat="-9.0727960" lon="148.4276007"/>
    </trkseg>
    <trkseg>
      <trkpt lat="-9.0682229" lon="148.4443727"/>
      <trkpt lat="-9.0681850" lon="148.4443735"/>
      <trkpt lat="-9.0681221" lon="148.4443895"/>
      <trkpt lat="-9.0681245" lon="148.4443926"/>
      <trkpt lat="-9.0682023" lon="148.4443678"/>
      <trkpt lat="-9.0683170" lon="148.4442887"/>
      <trkpt lat="-9.0683900" lon="148.4441787"/>
      <trkpt lat="-9.0684265" lon="148.4440220"/>
      <trkpt lat="-9.0684721" lon="148.4438750"/>
      <trkpt lat="-9.0685421" lon="148.4437444"/>
      <trkpt lat="-9.0686205" lon="148.4436308"/>
      <trkpt lat="-9.0687327" lon="148.4435217"/>
      <trkpt lat="-9.0688172" lon="148.4433934"/>
      <trkpt lat="-9.0689190" lon="148.4432748"/>
      <trkpt lat="-9.0690020" lon="148.4431397"/>
      <trkpt lat="-9.0690918" lon="148.4430074"/>
      <trkpt lat="-9.0691486" lon="148.4428435"/>
      <trkpt lat="-9.0691912" lon="148.4426715"/>
      <trkpt lat="-9.0692527" lon="148.4425089"/>
      <trkpt lat="-9.0693225" lon="148.4423509"/>
      <trkpt lat="-9.0694164" lon="148.4422077"/>
      <trkpt lat="-9.0694900" lon="148.4420710"/>
      <trkpt lat="-9.0695812" lon="148.4419464"/>
      <trkpt lat="-9.0696712" lon="148.4418503"/>
      <trkpt lat="-9.0697941" lon="148.4418056"/>
      <trkpt lat="-9.0699343" lon="148.4417915"/>
      <trkpt lat="-9.0700882" lon="148.4418144"/>
      <trkpt lat="-9.0702428" lon="148.4418145"/>
      <trkpt lat="-9.0703863" lon="148.4418113"/>
      <trkpt lat="-9.0705243" lon="148.4418075"/>
      <trkpt lat="-9.0706530" lon="148.4418113"/>
      <trkpt lat="-9.0707815" lon="148.4418350"/>
      <trkpt lat="-9.0709079" lon="148.4418213"/>
      <trkpt lat="-9.0710116" lon="148.4418120"/>
      <trkpt lat="-9.0711168" lon="148.4418158"/>
      <trkpt lat="-9.0712134" lon="148.4418237"/>
      <trkpt lat="-9.0713145" lon="148.4418605"/>
      <trkpt lat="-9.0714122" lon="148.4418858"/>
      <trkpt lat="-9.0715093" lon="148.4419218"/>
      <trkpt lat="-9.0716150" lon="148.4419325"/>
      <trkpt lat="-9.0716969" lon="148.4419519"/>
      <trkpt lat="-9.0718038" lon="148.4419764"/>
      <trkpt lat="-9.0719044" lon="148.4419716"/>
      <trkpt lat="-9.0719978" lon="148.4419546"/>
      <trkpt lat="-9.0720476" lon="148.4419696"/>
      <trkpt lat="-9.0720758" lon="148.4419736"/>
      <trkpt lat="-9.0721146" lon="148.4419791"/>
      <trkpt lat="-9.0721246" lon="148.4419534"/>
      <trkpt lat="-9.0721162" lon="148.4419652"/>
    </trkseg>
    <trkseg>
      <trkpt lat="-9.0705357" lon="148.4229280"/>
      <trkpt lat="-9.0705193" lon="148.4228789"/>
      <trkpt lat="-9.0704969" lon="148.4228401"/>
      <trkpt lat="-9.0704388" lon="148.4228589"/>
      <trkpt lat="-9.0703928" lon="148.4229420"/>
      <trkpt lat="-9.0703598" lon="148.4230622"/>
      <trkpt lat="-9.0703726" lon="148.4231794"/>
      <trkpt lat="-9.0703988" lon="148.4233157"/>
      <trkpt lat="-9.0703824" lon="148.4234720"/>
      <trkpt lat="-9.0703221" lon="148.4236399"/>
      <trkpt lat="-9.0702822" lon="148.4238124"/>
      <trkpt lat="-9.0702835" lon="148.4239852"/>
      <trkpt lat="-9.0703151" lon="148.4241592"/>
      <trkpt lat="-9.0703969" lon="148.4242921"/>
      <trkpt lat="-9.0705148" lon="148.4243894"/>
      <trkpt lat="-9.0706778" lon="148.4244512"/>
      <trkpt lat="-9.0708440" lon="148.4245186"/>
      <trkpt lat="-9.0709126" lon="148.4245867"/>
      <trkpt lat="-9.0708710" lon="148.4246610"/>
      <trkpt lat="-9.0707351" lon="148.4247333"/>
      <trkpt lat="-9.0705993" lon="148.4248062"/>
    </trkseg>
    <trkseg>
      <trkpt lat="-9.0736325" lon="148.4287766"/>
      <trkpt lat="-9.0736834" lon="148.4289202"/>
      <trkpt lat="-9.0736821" lon="148.4290212"/>
      <trkpt lat="-9.0736275" lon="148.4291141"/>
      <trkpt lat="-9.0735341" lon="148.4291689"/>
      <trkpt lat="-9.0735044" lon="148.4291964"/>
      <trkpt lat="-9.0734964" lon="148.4291717"/>
      <trkpt lat="-9.0734879" lon="148.4291993"/>
      <trkpt lat="-9.0734072" lon="148.4292874"/>
      <trkpt lat="-9.0733125" lon="148.4294356"/>
      <trkpt lat="-9.0732403" lon="148.4295975"/>
      <trkpt lat="-9.0731641" lon="148.4297503"/>
      <trkpt lat="-9.0730514" lon="148.4298402"/>
      <trkpt lat="-9.0728904" lon="148.4298659"/>
      <trkpt lat="-9.0727165" lon="148.4298306"/>
      <trkpt lat="-9.0725514" lon="148.4297698"/>
      <trkpt lat="-9.0723894" lon="148.4297243"/>
      <trkpt lat="-9.0722299" lon="148.4297315"/>
      <trkpt lat="-9.0720777" lon="148.4297714"/>
      <trkpt lat="-9.0720161" lon="148.4298104"/>
      <trkpt lat="-9.0719927" lon="148.4297768"/>
      <trkpt lat="-9.0719656" lon="148.4297055"/>
      <trkpt lat="-9.0719110" lon="148.4295700"/>
      <trkpt lat="-9.0718971" lon="148.4294240"/>
      <trkpt lat="-9.0719593" lon="148.4292644"/>
      <trkpt lat="-9.0720109" lon="148.4291000"/>
      <trkpt lat="-9.0720128" lon="148.4289336"/>
      <trkpt lat="-9.0719593" lon="148.4287637"/>
      <trkpt lat="-9.0718838" lon="148.4285987"/>
      <trkpt lat="-9.0717980" lon="148.4285226"/>
      <trkpt lat="-9.0717015" lon="148.4285490"/>
      <trkpt lat="-9.0715831" lon="148.4286648"/>
      <trkpt lat="-9.0714419" lon="148.4287690"/>
      <trkpt lat="-9.0712837" lon="148.4288024"/>
      <trkpt lat="-9.0711149" lon="148.4287971"/>
      <trkpt lat="-9.0709585" lon="148.4287409"/>
      <trkpt lat="-9.0708297" lon="148.4286547"/>
      <trkpt lat="-9.0707216" lon="148.4285275"/>
      <trkpt lat="-9.0705995" lon="148.4284152"/>
      <trkpt lat="-9.0704586" lon="148.4283175"/>
      <trkpt lat="-9.0703208" lon="148.4282190"/>
      <trkpt lat="-9.0701901" lon="148.4281057"/>
      <trkpt lat="-9.0700576" lon="148.4279955"/>
      <trkpt lat="-9.0699072" lon="148.4279035"/>
      <trkpt lat="-9.0697666" lon="148.4277993"/>
      <trkpt lat="-9.0696157" lon="148.4277357"/>
      <trkpt lat="-9.0694623" lon="148.4277111"/>
      <trkpt lat="-9.0693348" lon="148.4276927"/>
      <trkpt lat="-9.0692965" lon="148.4276382"/>
      <trkpt lat="-9.0693441" lon="148.4275746"/>
      <trkpt lat="-9.0693599" lon="148.4275426"/>
      <trkpt lat="-9.0693091" lon="148.4274939"/>
      <trkpt lat="-9.0692471" lon="148.4273906"/>
      <trkpt lat="-9.0692640" lon="148.4272503"/>
      <trkpt lat="-9.0692979" lon="148.4271064"/>
      <trkpt lat="-9.0692780" lon="148.4269650"/>
      <trkpt lat="-9.0691731" lon="148.4268433"/>
      <trkpt lat="-9.0690447" lon="148.4267289"/>
      <trkpt lat="-9.0689321" lon="148.4266077"/>
      <trkpt lat="-9.0688784" lon="148.4264603"/>
      <trkpt lat="-9.0688966" lon="148.4263549"/>
      <trkpt lat="-9.0689891" lon="148.4262825"/>
      <trkpt lat="-9.0691299" lon="148.4262302"/>
      <trkpt lat="-9.0692928" lon="148.4261521"/>
      <trkpt lat="-9.0693747" lon="148.4260491"/>
      <trkpt lat="-9.0693461" lon="148.4259532"/>
      <trkpt lat="-9.0692261" lon="148.4258389"/>
      <trkpt lat="-9.0690997" lon="148.4257227"/>
      <trkpt lat="-9.0689949" lon="148.4255776"/>
      <trkpt lat="-9.0689147" lon="148.4254245"/>
      <trkpt lat="-9.0689083" lon="148.4252781"/>
      <trkpt lat="-9.0689610" lon="148.4251322"/>
      <trkpt lat="-9.0690048" lon="148.4250172"/>
      <trkpt lat="-9.0689964" lon="148.4249526"/>
      <trkpt lat="-9.0689449" lon="148.4249721"/>
      <trkpt lat="-9.0689465" lon="148.4249936"/>
      <trkpt lat="-9.0689376" lon="148.4250318"/>
      <trkpt lat="-9.0689810" lon="148.4250018"/>
      <trkpt lat="-9.0689684" lon="148.4249852"/>
      <trkpt lat="-9.0689511" lon="148.4249369"/>
    </trkseg>
    <trkseg>
      <trkpt lat="-9.0648138" lon="148.4232634"/>
      <trkpt lat="-9.0648707" lon="148.4231937"/>
      <trkpt lat="-9.0649084" lon="148.4232079"/>
      <trkpt lat="-9.0649112" lon="148.4233083"/>
      <trkpt lat="-9.0649170" lon="148.4234802"/>
      <trkpt lat="-9.0649070" lon="148.4236568"/>
      <trkpt lat="-9.0648880" lon="148.4238348"/>
      <trkpt lat="-9.0648573" lon="148.4240135"/>
      <trkpt lat="-9.0648176" lon="148.4241910"/>
      <trkpt lat="-9.0647576" lon="148.4243537"/>
      <trkpt lat="-9.0646619" lon="148.4244851"/>
      <trkpt lat="-9.0645215" lon="148.4245730"/>
      <trkpt lat="-9.0643580" lon="148.4246370"/>
      <trkpt lat="-9.0641912" lon="148.4247026"/>
      <trkpt lat="-9.0640279" lon="148.4247763"/>
      <trkpt lat="-9.0638767" lon="148.4248561"/>
      <trkpt lat="-9.0637486" lon="148.4249580"/>
      <trkpt lat="-9.0636327" lon="148.4250243"/>
      <trkpt lat="-9.0635052" lon="148.4250865"/>
      <trkpt lat="-9.0633822" lon="148.4251345"/>
      <trkpt lat="-9.0632502" lon="148.4252118"/>
      <trkpt lat="-9.0631475" lon="148.4253121"/>
      <trkpt lat="-9.0630244" lon="148.4254029"/>
      <trkpt lat="-9.0629382" lon="148.4255285"/>
      <trkpt lat="-9.0628450" lon="148.4256509"/>
      <trkpt lat="-9.0627683" lon="148.4257919"/>
      <trkpt lat="-9.0626937" lon="148.4259333"/>
      <trkpt lat="-9.0626357" lon="148.4260843"/>
      <trkpt lat="-9.0625499" lon="148.4262092"/>
      <trkpt lat="-9.0624517" lon="148.4262928"/>
      <trkpt lat="-9.0623770" lon="148.4263221"/>
      <trkpt lat="-9.0623653" lon="148.4263284"/>
    </trkseg>
    <trkseg>
      <trkpt lat="-9.0623638" lon="148.4263489"/>
      <trkpt lat="-9.0622690" lon="148.4263951"/>
      <trkpt lat="-9.0621631" lon="148.4264835"/>
      <trkpt lat="-9.0620722" lon="148.4266248"/>
      <trkpt lat="-9.0620363" lon="148.4267830"/>
      <trkpt lat="-9.0619853" lon="148.4269056"/>
      <trkpt lat="-9.0619038" lon="148.4269862"/>
      <trkpt lat="-9.0617702" lon="148.4270524"/>
      <trkpt lat="-9.0616273" lon="148.4271148"/>
      <trkpt lat="-9.0614797" lon="148.4271870"/>
      <trkpt lat="-9.0613254" lon="148.4272253"/>
      <trkpt lat="-9.0611972" lon="148.4272897"/>
      <trkpt lat="-9.0610613" lon="148.4273555"/>
      <trkpt lat="-9.0609243" lon="148.4274080"/>
      <trkpt lat="-9.0607914" lon="148.4274327"/>
      <trkpt lat="-9.0607327" lon="148.4274595"/>
      <trkpt lat="-9.0607177" lon="148.4275090"/>
      <trkpt lat="-9.0607307" lon="148.4275518"/>
      <trkpt lat="-9.0607203" lon="148.4275649"/>
    </trkseg>
    <trkseg>
      <trkpt lat="-9.0569131" lon="148.4343703"/>
      <trkpt lat="-9.0570913" lon="148.4344016"/>
      <trkpt lat="-9.0571742" lon="148.4344280"/>
      <trkpt lat="-9.0571377" lon="148.4344485"/>
      <trkpt lat="-9.0569817" lon="148.4344628"/>
      <trkpt lat="-9.0568799" lon="148.4344655"/>
      <trkpt lat="-9.0568975" lon="148.4344523"/>
      <trkpt lat="-9.0569889" lon="148.4344433"/>
      <trkpt lat="-9.0570157" lon="148.4344509"/>
      <trkpt lat="-9.0569729" lon="148.4344431"/>
      <trkpt lat="-9.0568918" lon="148.4344248"/>
      <trkpt lat="-9.0567995" lon="148.4343962"/>
      <trkpt lat="-9.0566781" lon="148.4344382"/>
      <trkpt lat="-9.0565615" lon="148.4345322"/>
      <trkpt lat="-9.0564573" lon="148.4346627"/>
      <trkpt lat="-9.0563565" lon="148.4347953"/>
      <trkpt lat="-9.0562933" lon="148.4349050"/>
      <trkpt lat="-9.0562546" lon="148.4350273"/>
      <trkpt lat="-9.0562175" lon="148.4351442"/>
      <trkpt lat="-9.0561036" lon="148.4352339"/>
      <trkpt lat="-9.0559524" lon="148.4352714"/>
      <trkpt lat="-9.0558343" lon="148.4352830"/>
      <trkpt lat="-9.0557210" lon="148.4352965"/>
      <trkpt lat="-9.0556056" lon="148.4353185"/>
      <trkpt lat="-9.0554388" lon="148.4353407"/>
      <trkpt lat="-9.0552856" lon="148.4354019"/>
      <trkpt lat="-9.0551472" lon="148.4354971"/>
      <trkpt lat="-9.0550097" lon="148.4356052"/>
      <trkpt lat="-9.0548527" lon="148.4356751"/>
      <trkpt lat="-9.0546810" lon="148.4357150"/>
      <trkpt lat="-9.0545355" lon="148.4357625"/>
      <trkpt lat="-9.0544760" lon="148.4358502"/>
      <trkpt lat="-9.0544666" lon="148.4359840"/>
      <trkpt lat="-9.0544443" lon="148.4361188"/>
      <trkpt lat="-9.0543479" lon="148.4362461"/>
      <trkpt lat="-9.0542030" lon="148.4363344"/>
      <trkpt lat="-9.0540394" lon="148.4363769"/>
      <trkpt lat="-9.0539303" lon="148.4364361"/>
      <trkpt lat="-9.0538719" lon="148.4365124"/>
      <trkpt lat="-9.0538241" lon="148.4366294"/>
      <trkpt lat="-9.0537565" lon="148.4366355"/>
      <trkpt lat="-9.0537376" lon="148.4366382"/>
      <trkpt lat="-9.0537735" lon="148.4365928"/>
      <trkpt lat="-9.0538221" lon="148.4366176"/>
      <trkpt lat="-9.0538756" lon="148.4366292"/>
      <trkpt lat="-9.0538628" lon="148.4366562"/>
      <trkpt lat="-9.0538485" lon="148.4367202"/>
      <trkpt lat="-9.0538288" lon="148.4367994"/>
      <trkpt lat="-9.0538834" lon="148.4368934"/>
      <trkpt lat="-9.0538820" lon="148.4369537"/>
      <trkpt lat="-9.0538671" lon="148.4370173"/>
      <trkpt lat="-9.0538602" lon="148.4370578"/>
      <trkpt lat="-9.0539124" lon="148.4370910"/>
      <trkpt lat="-9.0539515" lon="148.4370965"/>
      <trkpt lat="-9.0540082" lon="148.4371556"/>
      <trkpt lat="-9.0540880" lon="148.4372305"/>
      <trkpt lat="-9.0541777" lon="148.4373210"/>
    </trkseg>
    <trkseg>
      <trkpt lat="-9.0541348" lon="148.4374403"/>
      <trkpt lat="-9.0540201" lon="148.4375810"/>
      <trkpt lat="-9.0539312" lon="148.4376900"/>
      <trkpt lat="-9.0538680" lon="148.4377675"/>
    </trkseg>
    <trkseg>
      <trkpt lat="-9.0781085" lon="148.4403361"/>
      <trkpt lat="-9.0780173" lon="148.4403597"/>
      <trkpt lat="-9.0779854" lon="148.4403799"/>
      <trkpt lat="-9.0779716" lon="148.4404155"/>
      <trkpt lat="-9.0779134" lon="148.4404182"/>
      <trkpt lat="-9.0777941" lon="148.4403820"/>
      <trkpt lat="-9.0776882" lon="148.4402678"/>
      <trkpt lat="-9.0776273" lon="148.4401142"/>
      <trkpt lat="-9.0775930" lon="148.4399402"/>
      <trkpt lat="-9.0775321" lon="148.4397760"/>
      <trkpt lat="-9.0774231" lon="148.4396559"/>
      <trkpt lat="-9.0773606" lon="148.4395986"/>
      <trkpt lat="-9.0773660" lon="148.4395803"/>
      <trkpt lat="-9.0773809" lon="148.4395818"/>
      <trkpt lat="-9.0773594" lon="148.4395660"/>
      <trkpt lat="-9.0772780" lon="148.4395582"/>
      <trkpt lat="-9.0772141" lon="148.4395439"/>
    </trkseg>
    <trkseg>
      <trkpt lat="-9.0715428" lon="148.4261755"/>
      <trkpt lat="-9.0715867" lon="148.4260300"/>
      <trkpt lat="-9.0716715" lon="148.4259468"/>
      <trkpt lat="-9.0717219" lon="148.4259525"/>
      <trkpt lat="-9.0717138" lon="148.4259864"/>
      <trkpt lat="-9.0716125" lon="148.4259707"/>
      <trkpt lat="-9.0714985" lon="148.4258742"/>
      <trkpt lat="-9.0713806" lon="148.4257369"/>
      <trkpt lat="-9.0712810" lon="148.4255892"/>
      <trkpt lat="-9.0711970" lon="148.4254320"/>
      <trkpt lat="-9.0711260" lon="148.4252682"/>
      <trkpt lat="-9.0710869" lon="148.4251239"/>
      <trkpt lat="-9.0710773" lon="148.4250026"/>
    </trkseg>
    <trkseg>
      <trkpt lat="-9.0766300" lon="148.4374190"/>
      <trkpt lat="-9.0766106" lon="148.4373981"/>
      <trkpt lat="-9.0766405" lon="148.4373166"/>
      <trkpt lat="-9.0767141" lon="148.4371724"/>
      <trkpt lat="-9.0768090" lon="148.4370252"/>
      <trkpt lat="-9.0768921" lon="148.4369082"/>
      <trkpt lat="-9.0769888" lon="148.4368191"/>
      <trkpt lat="-9.0770431" lon="148.4367210"/>
      <trkpt lat="-9.0770917" lon="148.4366081"/>
      <trkpt lat="-9.0771214" lon="148.4364943"/>
      <trkpt lat="-9.0771699" lon="148.4364497"/>
      <trkpt lat="-9.0772117" lon="148.4364098"/>
      <trkpt lat="-9.0772503" lon="148.4364220"/>
      <trkpt lat="-9.0773102" lon="148.4363747"/>
      <trkpt lat="-9.0773593" lon="148.4363440"/>
      <trkpt lat="-9.0774306" lon="148.4362963"/>
      <trkpt lat="-9.0774513" lon="148.4362640"/>
      <trkpt lat="-9.0774803" lon="148.4361901"/>
      <trkpt lat="-9.0774800" lon="148.4360971"/>
      <trkpt lat="-9.0775187" lon="148.4359983"/>
      <trkpt lat="-9.0775894" lon="148.4359380"/>
      <trkpt lat="-9.0776932" lon="148.4359103"/>
      <trkpt lat="-9.0777171" lon="148.4358768"/>
      <trkpt lat="-9.0776755" lon="148.4358845"/>
      <trkpt lat="-9.0776047" lon="148.4358414"/>
      <trkpt lat="-9.0776172" lon="148.4357839"/>
      <trkpt lat="-9.0776958" lon="148.4356718"/>
      <trkpt lat="-9.0777942" lon="148.4355595"/>
      <trkpt lat="-9.0779144" lon="148.4354860"/>
      <trkpt lat="-9.0780499" lon="148.4354265"/>
      <trkpt lat="-9.0782015" lon="148.4353645"/>
      <trkpt lat="-9.0783348" lon="148.4352723"/>
      <trkpt lat="-9.0784560" lon="148.4351547"/>
      <trkpt lat="-9.0785692" lon="148.4350253"/>
      <trkpt lat="-9.0786528" lon="148.4349229"/>
      <trkpt lat="-9.0787432" lon="148.4348525"/>
      <trkpt lat="-9.0788347" lon="148.4347866"/>
      <trkpt lat="-9.0789477" lon="148.4347010"/>
      <trkpt lat="-9.0790513" lon="148.4345919"/>
      <trkpt lat="-9.0791257" lon="148.4344691"/>
      <trkpt lat="-9.0792128" lon="148.4343393"/>
      <trkpt lat="-9.0793143" lon="148.4342131"/>
      <trkpt lat="-9.0794435" lon="148.4340955"/>
      <trkpt lat="-9.0795722" lon="148.4339970"/>
      <trkpt lat="-9.0796599" lon="148.4339370"/>
      <trkpt lat="-9.0797476" lon="148.4338923"/>
      <trkpt lat="-9.0798360" lon="148.4338356"/>
      <trkpt lat="-9.0799619" lon="148.4337499"/>
      <trkpt lat="-9.0800988" lon="148.4336726"/>
      <trkpt lat="-9.0802529" lon="148.4336285"/>
      <trkpt lat="-9.0804177" lon="148.4335883"/>
      <trkpt lat="-9.0805895" lon="148.4335617"/>
      <trkpt lat="-9.0807597" lon="148.4335230"/>
      <trkpt lat="-9.0809242" lon="148.4334806"/>
      <trkpt lat="-9.0810335" lon="148.4334520"/>
      <trkpt lat="-9.0810820" lon="148.4334467"/>
      <trkpt lat="-9.0810831" lon="148.4334528"/>
      <trkpt lat="-9.0810836" lon="148.4334488"/>
      <trkpt lat="-9.0810908" lon="148.4334379"/>
      <trkpt lat="-9.0811312" lon="148.4334002"/>
      <trkpt lat="-9.0812193" lon="148.4333355"/>
      <trkpt lat="-9.0813580" lon="148.4332531"/>
      <trkpt lat="-9.0815125" lon="148.4332267"/>
      <trkpt lat="-9.0816786" lon="148.4332335"/>
      <trkpt lat="-9.0818455" lon="148.4332601"/>
      <trkpt lat="-9.0819992" lon="148.4332576"/>
      <trkpt lat="-9.0821312" lon="148.4332407"/>
      <trkpt lat="-9.0822599" lon="148.4331955"/>
      <trkpt lat="-9.0824025" lon="148.4331608"/>
      <trkpt lat="-9.0825293" lon="148.4331903"/>
      <trkpt lat="-9.0826575" lon="148.4332692"/>
      <trkpt lat="-9.0827679" lon="148.4333945"/>
      <trkpt lat="-9.0828934" lon="148.4335118"/>
      <trkpt lat="-9.0830186" lon="148.4336281"/>
      <trkpt lat="-9.0831646" lon="148.4337206"/>
      <trkpt lat="-9.0833286" lon="148.4337932"/>
      <trkpt lat="-9.0834948" lon="148.4338607"/>
      <trkpt lat="-9.0836657" lon="148.4339023"/>
      <trkpt lat="-9.0838397" lon="148.4339103"/>
      <trkpt lat="-9.0840179" lon="148.4338931"/>
      <trkpt lat="-9.0841908" lon="148.4338557"/>
      <trkpt lat="-9.0843552" lon="148.4338087"/>
      <trkpt lat="-9.0844896" lon="148.4337330"/>
      <trkpt lat="-9.0846151" lon="148.4336783"/>
      <trkpt lat="-9.0847275" lon="148.4335966"/>
      <trkpt lat="-9.0848385" lon="148.4335002"/>
      <trkpt lat="-9.0849293" lon="148.4333520"/>
      <trkpt lat="-9.0850195" lon="148.4332025"/>
      <trkpt lat="-9.0851072" lon="148.4330476"/>
      <trkpt lat="-9.0851988" lon="148.4329242"/>
      <trkpt lat="-9.0852990" lon="148.4328117"/>
      <trkpt lat="-9.0854108" lon="148.4327048"/>
      <trkpt lat="-9.0855375" lon="148.4325813"/>
      <trkpt lat="-9.0856789" lon="148.4324944"/>
      <trkpt lat="-9.0858422" lon="148.4324471"/>
      <trkpt lat="-9.0860178" lon="148.4324221"/>
      <trkpt lat="-9.0861793" lon="148.4323590"/>
      <trkpt lat="-9.0863367" lon="148.4322803"/>
      <trkpt lat="-9.0864769" lon="148.4322202"/>
      <trkpt lat="-9.0865784" lon="148.4321929"/>
      <trkpt lat="-9.0866356" lon="148.4321364"/>
      <trkpt lat="-9.0866272" lon="148.4320245"/>
      <trkpt lat="-9.0865653" lon="148.4318811"/>
      <trkpt lat="-9.0864634" lon="148.4317381"/>
      <trkpt lat="-9.0863397" lon="148.4316125"/>
      <trkpt lat="-9.0862249" lon="148.4314780"/>
      <trkpt lat="-9.0861162" lon="148.4313399"/>
      <trkpt lat="-9.0860429" lon="148.4311814"/>
      <trkpt lat="-9.0859732" lon="148.4310204"/>
      <trkpt lat="-9.0859128" lon="148.4308610"/>
      <trkpt lat="-9.0858212" lon="148.4307226"/>
      <trkpt lat="-9.0857413" lon="148.4305780"/>
      <trkpt lat="-9.0856415" lon="148.4304372"/>
      <trkpt lat="-9.0855383" lon="148.4302948"/>
      <trkpt lat="-9.0854077" lon="148.4301752"/>
      <trkpt lat="-9.0852531" lon="148.4300877"/>
      <trkpt lat="-9.0850976" lon="148.4300029"/>
      <trkpt lat="-9.0849481" lon="148.4299093"/>
      <trkpt lat="-9.0848245" lon="148.4297838"/>
      <trkpt lat="-9.0847056" lon="148.4296513"/>
      <trkpt lat="-9.0845746" lon="148.4295380"/>
      <trkpt lat="-9.0844211" lon="148.4294504"/>
      <trkpt lat="-9.0842718" lon="148.4293594"/>
      <trkpt lat="-9.0841250" lon="148.4292774"/>
      <trkpt lat="-9.0839789" lon="148.4291916"/>
      <trkpt lat="-9.0838231" lon="148.4291225"/>
      <trkpt lat="-9.0836705" lon="148.4290355"/>
      <trkpt lat="-9.0835483" lon="148.4289454"/>
      <trkpt lat="-9.0834465" lon="148.4288537"/>
      <trkpt lat="-9.0833709" lon="148.4287745"/>
      <trkpt lat="-9.0832717" lon="148.4286933"/>
      <trkpt lat="-9.0831653" lon="148.4285966"/>
      <trkpt lat="-9.0830252" lon="148.4285041"/>
      <trkpt lat="-9.0828814" lon="148.4284224"/>
      <trkpt lat="-9.0827245" lon="148.4283517"/>
      <trkpt lat="-9.0825741" lon="148.4282637"/>
      <trkpt lat="-9.0824198" lon="148.4281721"/>
      <trkpt lat="-9.0822609" lon="148.4281054"/>
      <trkpt lat="-9.0821956" lon="148.4280810"/>
      <trkpt lat="-9.0821408" lon="148.4280443"/>
      <trkpt lat="-9.0820929" lon="148.4280517"/>
      <trkpt lat="-9.0819485" lon="148.4280289"/>
      <trkpt lat="-9.0817993" lon="148.4280189"/>
      <trkpt lat="-9.0816570" lon="148.4279337"/>
      <trkpt lat="-9.0815103" lon="148.4278561"/>
      <trkpt lat="-9.0813662" lon="148.4277658"/>
      <trkpt lat="-9.0812173" lon="148.4276758"/>
      <trkpt lat="-9.0810760" lon="148.4275666"/>
      <trkpt lat="-9.0809317" lon="148.4274600"/>
      <trkpt lat="-9.0807838" lon="148.4273576"/>
      <trkpt lat="-9.0806437" lon="148.4272441"/>
      <trkpt lat="-9.0805119" lon="148.4271221"/>
      <trkpt lat="-9.0803867" lon="148.4269932"/>
      <trkpt lat="-9.0802818" lon="148.4268510"/>
      <trkpt lat="-9.0802192" lon="148.4266940"/>
      <trkpt lat="-9.0802056" lon="148.4265272"/>
      <trkpt lat="-9.0802611" lon="148.4263766"/>
      <trkpt lat="-9.0803498" lon="148.4262380"/>
      <trkpt lat="-9.0804719" lon="148.4261142"/>
      <trkpt lat="-9.0805847" lon="148.4259814"/>
      <trkpt lat="-9.0806872" lon="148.4258403"/>
      <trkpt lat="-9.0807476" lon="148.4257193"/>
      <trkpt lat="-9.0807808" lon="148.4256563"/>
      <trkpt lat="-9.0807794" lon="148.4256532"/>
      <trkpt lat="-9.0807693" lon="148.4256732"/>
    </trkseg>
    <trkseg>
      <trkpt lat="-9.0690149" lon="148.4525556"/>
      <trkpt lat="-9.0689956" lon="148.4524370"/>
      <trkpt lat="-9.0689488" lon="148.4522968"/>
      <trkpt lat="-9.0688878" lon="148.4521333"/>
      <trkpt lat="-9.0688277" lon="148.4519840"/>
      <trkpt lat="-9.0687432" lon="148.4518573"/>
      <trkpt lat="-9.0686264" lon="148.4517657"/>
      <trkpt lat="-9.0685218" lon="148.4516623"/>
      <trkpt lat="-9.0684314" lon="148.4515524"/>
      <trkpt lat="-9.0683804" lon="148.4514214"/>
      <trkpt lat="-9.0683450" lon="148.4512832"/>
      <trkpt lat="-9.0683397" lon="148.4511344"/>
      <trkpt lat="-9.0683021" lon="148.4510004"/>
      <trkpt lat="-9.0682241" lon="148.4508809"/>
      <trkpt lat="-9.0681314" lon="148.4507619"/>
      <trkpt lat="-9.0680657" lon="148.4506375"/>
      <trkpt lat="-9.0680092" lon="148.4505027"/>
      <trkpt lat="-9.0679494" lon="148.4503617"/>
      <trkpt lat="-9.0678841" lon="148.4502226"/>
      <trkpt lat="-9.0678245" lon="148.4500859"/>
      <trkpt lat="-9.0677566" lon="148.4499606"/>
      <trkpt lat="-9.0676777" lon="148.4498292"/>
      <trkpt lat="-9.0675917" lon="148.4497223"/>
      <trkpt lat="-9.0675303" lon="148.4496360"/>
      <trkpt lat="-9.0674833" lon="148.4495385"/>
      <trkpt lat="-9.0674787" lon="148.4494270"/>
      <trkpt lat="-9.0674566" lon="148.4492993"/>
      <trkpt lat="-9.0674532" lon="148.4491729"/>
      <trkpt lat="-9.0674174" lon="148.4490889"/>
      <trkpt lat="-9.0673637" lon="148.4490100"/>
      <trkpt lat="-9.0672712" lon="148.4489579"/>
      <trkpt lat="-9.0671608" lon="148.4488896"/>
      <trkpt lat="-9.0670377" lon="148.4488521"/>
      <trkpt lat="-9.0669016" lon="148.4487968"/>
      <trkpt lat="-9.0667936" lon="148.4487026"/>
      <trkpt lat="-9.0667317" lon="148.4486036"/>
      <trkpt lat="-9.0666907" lon="148.4485118"/>
      <trkpt lat="-9.0666468" lon="148.4484477"/>
      <trkpt lat="-9.0665939" lon="148.4484380"/>
      <trkpt lat="-9.0665498" lon="148.4484562"/>
      <trkpt lat="-9.0665427" lon="148.4484484"/>
      <trkpt lat="-9.0665483" lon="148.4483374"/>
      <trkpt lat="-9.0665363" lon="148.4481792"/>
      <trkpt lat="-9.0664559" lon="148.4480374"/>
      <trkpt lat="-9.0663260" lon="148.4479451"/>
      <trkpt lat="-9.0662125" lon="148.4478482"/>
      <trkpt lat="-9.0661430" lon="148.4477711"/>
      <trkpt lat="-9.0661439" lon="148.4476968"/>
      <trkpt lat="-9.0661690" lon="148.4476169"/>
      <trkpt lat="-9.0661866" lon="148.4474989"/>
      <trkpt lat="-9.0661970" lon="148.4473335"/>
      <trkpt lat="-9.0662056" lon="148.4471986"/>
      <trkpt lat="-9.0662285" lon="148.4471246"/>
      <trkpt lat="-9.0662714" lon="148.4471556"/>
      <trkpt lat="-9.0663048" lon="148.4472273"/>
      <trkpt lat="-9.0662928" lon="148.4472522"/>
      <trkpt lat="-9.0662203" lon="148.4471830"/>
    </trkseg>
    <trkseg>
      <trkpt lat="-9.0702899" lon="148.4228475"/>
      <trkpt lat="-9.0701597" lon="148.4227614"/>
      <trkpt lat="-9.0700526" lon="148.4226430"/>
      <trkpt lat="-9.0700021" lon="148.4224919"/>
      <trkpt lat="-9.0699791" lon="148.4223257"/>
      <trkpt lat="-9.0699614" lon="148.4221564"/>
      <trkpt lat="-9.0699064" lon="148.4219869"/>
      <trkpt lat="-9.0699134" lon="148.4218681"/>
      <trkpt lat="-9.0699910" lon="148.4217998"/>
      <trkpt lat="-9.0700611" lon="148.4217658"/>
      <trkpt lat="-9.0701361" lon="148.4217194"/>
      <trkpt lat="-9.0702027" lon="148.4217064"/>
      <trkpt lat="-9.0703513" lon="148.4217475"/>
      <trkpt lat="-9.0705046" lon="148.4218205"/>
      <trkpt lat="-9.0706674" lon="148.4218491"/>
      <trkpt lat="-9.0708298" lon="148.4218095"/>
      <trkpt lat="-9.0709870" lon="148.4217256"/>
      <trkpt lat="-9.0711399" lon="148.4216517"/>
      <trkpt lat="-9.0712972" lon="148.4215851"/>
      <trkpt lat="-9.0714504" lon="148.4215138"/>
      <trkpt lat="-9.0715953" lon="148.4214105"/>
      <trkpt lat="-9.0717253" lon="148.4212917"/>
      <trkpt lat="-9.0718486" lon="148.4211757"/>
      <trkpt lat="-9.0719870" lon="148.4210861"/>
      <trkpt lat="-9.0721407" lon="148.4210169"/>
      <trkpt lat="-9.0723084" lon="148.4209638"/>
      <trkpt lat="-9.0724754" lon="148.4209355"/>
      <trkpt lat="-9.0726196" lon="148.4209801"/>
      <trkpt lat="-9.0727088" lon="148.4211014"/>
      <trkpt lat="-9.0727536" lon="148.4212651"/>
      <trkpt lat="-9.0727924" lon="148.4214329"/>
      <trkpt lat="-9.0728574" lon="148.4215938"/>
      <trkpt lat="-9.0729566" lon="148.4217366"/>
      <trkpt lat="-9.0730607" lon="148.4218751"/>
      <trkpt lat="-9.0731743" lon="148.4220098"/>
      <trkpt lat="-9.0732757" lon="148.4221576"/>
      <trkpt lat="-9.0733695" lon="148.4223106"/>
      <trkpt lat="-9.0734624" lon="148.4224637"/>
      <trkpt lat="-9.0735419" lon="148.4226245"/>
      <trkpt lat="-9.0736298" lon="148.4227812"/>
      <trkpt lat="-9.0737336" lon="148.4229225"/>
      <trkpt lat="-9.0738464" lon="148.4230542"/>
      <trkpt lat="-9.0739499" lon="148.4231869"/>
      <trkpt lat="-9.0740397" lon="148.4233338"/>
      <trkpt lat="-9.0741510" lon="148.4234608"/>
      <trkpt lat="-9.0742931" lon="148.4235636"/>
      <trkpt lat="-9.0744556" lon="148.4236394"/>
      <trkpt lat="-9.0746172" lon="148.4237180"/>
      <trkpt lat="-9.0747677" lon="148.4238094"/>
      <trkpt lat="-9.0749131" lon="148.4239066"/>
      <trkpt lat="-9.0750619" lon="148.4239823"/>
      <trkpt lat="-9.0752074" lon="148.4240624"/>
      <trkpt lat="-9.0753467" lon="148.4241501"/>
      <trkpt lat="-9.0754818" lon="148.4242585"/>
      <trkpt lat="-9.0756017" lon="148.4243759"/>
      <trkpt lat="-9.0757219" lon="148.4244959"/>
      <trkpt lat="-9.0758315" lon="148.4246302"/>
      <trkpt lat="-9.0759631" lon="148.4247418"/>
      <trkpt lat="-9.0760974" lon="148.4248495"/>
      <trkpt lat="-9.0762383" lon="148.4249511"/>
      <trkpt lat="-9.0763893" lon="148.4250450"/>
      <trkpt lat="-9.0765448" lon="148.4251314"/>
      <trkpt lat="-9.0767101" lon="148.4251886"/>
      <trkpt lat="-9.0768717" lon="148.4252361"/>
      <trkpt lat="-9.0770401" lon="148.4252512"/>
      <trkpt lat="-9.0772105" lon="148.4252598"/>
      <trkpt lat="-9.0773883" lon="148.4252457"/>
      <trkpt lat="-9.0775662" lon="148.4252389"/>
      <trkpt lat="-9.0777376" lon="148.4252264"/>
      <trkpt lat="-9.0778953" lon="148.4251970"/>
      <trkpt lat="-9.0779981" lon="148.4251074"/>
      <trkpt lat="-9.0780860" lon="148.4249793"/>
      <trkpt lat="-9.0781649" lon="148.4248357"/>
      <trkpt lat="-9.0782973" lon="148.4247383"/>
      <trkpt lat="-9.0784489" lon="148.4246732"/>
      <trkpt lat="-9.0786200" lon="148.4246445"/>
      <trkpt lat="-9.0787654" lon="148.4246582"/>
      <trkpt lat="-9.0788401" lon="148.4247110"/>
      <trkpt lat="-9.0789056" lon="148.4247810"/>
      <trkpt lat="-9.0789960" lon="148.4248367"/>
      <trkpt lat="-9.0791522" lon="148.4248932"/>
      <trkpt lat="-9.0793128" lon="148.4249625"/>
      <trkpt lat="-9.0794722" lon="148.4250326"/>
      <trkpt lat="-9.0796320" lon="148.4250947"/>
      <trkpt lat="-9.0797948" lon="148.4251488"/>
      <trkpt lat="-9.0799550" lon="148.4251930"/>
      <trkpt lat="-9.0801080" lon="148.4252457"/>
      <trkpt lat="-9.0802621" lon="148.4252809"/>
      <trkpt lat="-9.0803875" lon="148.4253191"/>
      <trkpt lat="-9.0804951" lon="148.4253766"/>
      <trkpt lat="-9.0805797" lon="148.4254815"/>
      <trkpt lat="-9.0806712" lon="148.4255841"/>
      <trkpt lat="-9.0807361" lon="148.4256225"/>
      <trkpt lat="-9.0807556" lon="148.4256183"/>
      <trkpt lat="-9.0807272" lon="148.4256199"/>
      <trkpt lat="-9.0806818" lon="148.4256492"/>
    </trkseg>
    <trkseg>
      <trkpt lat="-9.0606777" lon="148.4274924"/>
      <trkpt lat="-9.0606344" lon="148.4275291"/>
      <trkpt lat="-9.0605244" lon="148.4275614"/>
      <trkpt lat="-9.0603487" lon="148.4275944"/>
      <trkpt lat="-9.0601817" lon="148.4276531"/>
      <trkpt lat="-9.0600223" lon="148.4277283"/>
      <trkpt lat="-9.0598665" lon="148.4278065"/>
      <trkpt lat="-9.0597102" lon="148.4278871"/>
      <trkpt lat="-9.0595513" lon="148.4279667"/>
      <trkpt lat="-9.0593900" lon="148.4280411"/>
      <trkpt lat="-9.0592228" lon="148.4280907"/>
      <trkpt lat="-9.0590595" lon="148.4280778"/>
      <trkpt lat="-9.0588977" lon="148.4280239"/>
      <trkpt lat="-9.0587341" lon="148.4279638"/>
      <trkpt lat="-9.0585602" lon="148.4279421"/>
      <trkpt lat="-9.0583810" lon="148.4279473"/>
      <trkpt lat="-9.0582096" lon="148.4279313"/>
      <trkpt lat="-9.0580402" lon="148.4279046"/>
      <trkpt lat="-9.0578708" lon="148.4278711"/>
      <trkpt lat="-9.0576955" lon="148.4278432"/>
      <trkpt lat="-9.0575680" lon="148.4278148"/>
      <trkpt lat="-9.0574411" lon="148.4277951"/>
      <trkpt lat="-9.0573163" lon="148.4277937"/>
      <trkpt lat="-9.0571850" lon="148.4277925"/>
      <trkpt lat="-9.0570563" lon="148.4277802"/>
      <trkpt lat="-9.0569238" lon="148.4277595"/>
      <trkpt lat="-9.0567833" lon="148.4277132"/>
      <trkpt lat="-9.0566410" lon="148.4276719"/>
      <trkpt lat="-9.0565224" lon="148.4276074"/>
      <trkpt lat="-9.0563681" lon="148.4275788"/>
      <trkpt lat="-9.0562151" lon="148.4275469"/>
      <trkpt lat="-9.0560387" lon="148.4275520"/>
      <trkpt lat="-9.0558629" lon="148.4275660"/>
      <trkpt lat="-9.0556847" lon="148.4275890"/>
      <trkpt lat="-9.0555342" lon="148.4275640"/>
      <trkpt lat="-9.0554362" lon="148.4275757"/>
      <trkpt lat="-9.0553990" lon="148.4275663"/>
      <trkpt lat="-9.0553979" lon="148.4275979"/>
      <trkpt lat="-9.0554041" lon="148.4275941"/>
      <trkpt lat="-9.0553639" lon="148.4276456"/>
      <trkpt lat="-9.0552724" lon="148.4277340"/>
      <trkpt lat="-9.0551499" lon="148.4278561"/>
      <trkpt lat="-9.0550413" lon="148.4279920"/>
      <trkpt lat="-9.0549789" lon="148.4281213"/>
      <trkpt lat="-9.0549901" lon="148.4282170"/>
      <trkpt lat="-9.0550511" lon="148.4282513"/>
      <trkpt lat="-9.0551161" lon="148.4282814"/>
      <trkpt lat="-9.0551760" lon="148.4283386"/>
      <trkpt lat="-9.0551915" lon="148.4284444"/>
      <trkpt lat="-9.0551899" lon="148.4285517"/>
      <trkpt lat="-9.0552094" lon="148.4286178"/>
      <trkpt lat="-9.0552532" lon="148.4286944"/>
      <trkpt lat="-9.0553002" lon="148.4287831"/>
      <trkpt lat="-9.0552729" lon="148.4289148"/>
      <trkpt lat="-9.0552618" lon="148.4290177"/>
      <trkpt lat="-9.0552972" lon="148.4291156"/>
      <trkpt lat="-9.0553408" lon="148.4292186"/>
      <trkpt lat="-9.0554051" lon="148.4292849"/>
      <trkpt lat="-9.0554005" lon="148.4293530"/>
      <trkpt lat="-9.0553931" lon="148.4294191"/>
      <trkpt lat="-9.0553325" lon="148.4295429"/>
      <trkpt lat="-9.0553345" lon="148.4296478"/>
      <trkpt lat="-9.0553546" lon="148.4296788"/>
      <trkpt lat="-9.0553560" lon="148.4296560"/>
      <trkpt lat="-9.0553688" lon="148.4296250"/>
      <trkpt lat="-9.0554134" lon="148.4296403"/>
      <trkpt lat="-9.0554745" lon="148.4296785"/>
      <trkpt lat="-9.0555034" lon="148.4297402"/>
      <trkpt lat="-9.0554751" lon="148.4297320"/>
      <trkpt lat="-9.0554166" lon="148.4297190"/>
      <trkpt lat="-9.0553013" lon="148.4297040"/>
      <trkpt lat="-9.0551774" lon="148.4297709"/>
      <trkpt lat="-9.0550810" lon="148.4298505"/>
      <trkpt lat="-9.0550129" lon="148.4299525"/>
      <trkpt lat="-9.0549564" lon="148.4300574"/>
      <trkpt lat="-9.0549263" lon="148.4301597"/>
      <trkpt lat="-9.0548909" lon="148.4301871"/>
      <trkpt lat="-9.0548872" lon="148.4301929"/>
      <trkpt lat="-9.0548442" lon="148.4302289"/>
      <trkpt lat="-9.0548583" lon="148.4303244"/>
      <trkpt lat="-9.0548342" lon="148.4304462"/>
      <trkpt lat="-9.0548786" lon="148.4305582"/>
      <trkpt lat="-9.0548665" lon="148.4306701"/>
      <trkpt lat="-9.0548882" lon="148.4308033"/>
      <trkpt lat="-9.0549050" lon="148.4309418"/>
      <trkpt lat="-9.0549845" lon="148.4310725"/>
      <trkpt lat="-9.0550219" lon="148.4311707"/>
      <trkpt lat="-9.0550666" lon="148.4312648"/>
      <trkpt lat="-9.0550663" lon="148.4313125"/>
      <trkpt lat="-9.0551009" lon="148.4313587"/>
      <trkpt lat="-9.0550947" lon="148.4313648"/>
      <trkpt lat="-9.0550886" lon="148.4313546"/>
      <trkpt lat="-9.0551000" lon="148.4313375"/>
      <trkpt lat="-9.0551630" lon="148.4313630"/>
      <trkpt lat="-9.0552884" lon="148.4314337"/>
      <trkpt lat="-9.0554291" lon="148.4314717"/>
      <trkpt lat="-9.0555713" lon="148.4315028"/>
      <trkpt lat="-9.0557113" lon="148.4315482"/>
      <trkpt lat="-9.0558625" lon="148.4316402"/>
      <trkpt lat="-9.0560088" lon="148.4317284"/>
      <trkpt lat="-9.0561144" lon="148.4317968"/>
      <trkpt lat="-9.0562215" lon="148.4318481"/>
      <trkpt lat="-9.0563079" lon="148.4318749"/>
      <trkpt lat="-9.0564300" lon="148.4319282"/>
      <trkpt lat="-9.0564838" lon="148.4319477"/>
      <trkpt lat="-9.0565090" lon="148.4319611"/>
      <trkpt lat="-9.0564820" lon="148.4319311"/>
      <trkpt lat="-9.0564658" lon="148.4319473"/>
      <trkpt lat="-9.0564668" lon="148.4319661"/>
      <trkpt lat="-9.0564600" lon="148.4319917"/>
      <trkpt lat="-9.0564748" lon="148.4320215"/>
      <trkpt lat="-9.0564746" lon="148.4320781"/>
      <trkpt lat="-9.0564430" lon="148.4321577"/>
      <trkpt lat="-9.0563969" lon="148.4322512"/>
      <trkpt lat="-9.0563358" lon="148.4323660"/>
      <trkpt lat="-9.0563131" lon="148.4325148"/>
      <trkpt lat="-9.0563003" lon="148.4326732"/>
      <trkpt lat="-9.0563198" lon="148.4328419"/>
      <trkpt lat="-9.0563755" lon="148.4329961"/>
      <trkpt lat="-9.0563908" lon="148.4331151"/>
      <trkpt lat="-9.0564252" lon="148.4332262"/>
      <trkpt lat="-9.0564512" lon="148.4333528"/>
      <trkpt lat="-9.0565166" lon="148.4335181"/>
      <trkpt lat="-9.0565793" lon="148.4336826"/>
      <trkpt lat="-9.0566339" lon="148.4338497"/>
      <trkpt lat="-9.0567045" lon="148.4340125"/>
      <trkpt lat="-9.0567807" lon="148.4341682"/>
      <trkpt lat="-9.0568444" lon="148.4342874"/>
      <trkpt lat="-9.0568705" lon="148.4343519"/>
      <trkpt lat="-9.0568776" lon="148.4344093"/>
      <trkpt lat="-9.0568957" lon="148.4344254"/>
      <trkpt lat="-9.0569027" lon="148.4344300"/>
      <trkpt lat="-9.0568873" lon="148.4343673"/>
      <trkpt lat="-9.0568498" lon="148.4343311"/>
      <trkpt lat="-9.0568383" lon="148.4343263"/>
      <trkpt lat="-9.0568299" lon="148.4343497"/>
      <trkpt lat="-9.0568450" lon="148.4343689"/>
      <trkpt lat="-9.0568607" lon="148.4343658"/>
      <trkpt lat="-9.0568798" lon="148.4343635"/>
      <trkpt lat="-9.0568691" lon="148.4343636"/>
      <trkpt lat="-9.0568622" lon="148.4343547"/>
      <trkpt lat="-9.0568655" lon="148.4343357"/>
    </trkseg>
  </trk>
</gpx>
