<?xml version="1.0" encoding="UTF-8"?>
<gpx version="1.1" creator="MCA Maps — Managalas clan boundary survey"
     xmlns="http://www.topografix.com/GPX/1/1"
     xmlns:xsi="http://www.w3.org/2001/XMLSchema-instance"
     xsi:schemaLocation="http://www.topografix.com/GPX/1/1 http://www.topografix.com/GPX/1/1/gpx.xsd">
  <metadata>
    <name>Natang — clan land boundary</name>
    <desc>Natang, Zone 7B. 77.3 km walked; 6.5 km still to walk in 2 gaps</desc>
    <time>2026-08-16T11:44:03Z</time>
  </metadata>
  <wpt lat="-9.1436817" lon="148.4109033">
    <name>GAP 1 OF 2 START</name>
    <desc>1.15 km not walked. This straight line is not a boundary — it joins the two ends so the shape can be closed on paper. Natang, Zone 7B.</desc>
    <sym>Flag</sym>
  </wpt>
  <wpt lat="-9.1420333" lon="148.4006100">
    <name>GAP 1 OF 2 END</name>
    <desc>1.15 km not walked. This straight line is not a boundary — it joins the two ends so the shape can be closed on paper. Natang, Zone 7B.</desc>
    <sym>Flag</sym>
  </wpt>
  <wpt lat="-9.1434700" lon="148.3938283">
    <name>GAP 2 OF 2 START</name>
    <desc>5.39 km not walked. This straight line is not a boundary — it joins the two ends so the shape can be closed on paper. Natang, Zone 7B.</desc>
    <sym>Flag</sym>
  </wpt>
  <wpt lat="-9.1921117" lon="148.3913633">
    <name>GAP 2 OF 2 END</name>
    <desc>5.39 km not walked. This straight line is not a boundary — it joins the two ends so the shape can be closed on paper. Natang, Zone 7B.</desc>
    <sym>Flag</sym>
  </wpt>
  <trk>
    <name>GAP 1 OF 2 - NOT WALKED - 1.15 km</name>
    <desc>1.15 km not walked. This straight line is not a boundary — it joins the two ends so the shape can be closed on paper. Natang, Zone 7B.</desc>
    <type>not-walked</type>
    <trkseg>
      <trkpt lat="-9.1436817" lon="148.4109033"/>
      <trkpt lat="-9.1420333" lon="148.4006100"/>
    </trkseg>
  </trk>
  <trk>
    <name>GAP 2 OF 2 - NOT WALKED - 5.39 km</name>
    <desc>5.39 km not walked. This straight line is not a boundary — it joins the two ends so the shape can be closed on paper. Natang, Zone 7B.</desc>
    <type>not-walked</type>
    <trkseg>
      <trkpt lat="-9.1434700" lon="148.3938283"/>
      <trkpt lat="-9.1921117" lon="148.3913633"/>
    </trkseg>
  </trk>
  <trk>
    <name>Natang - Dickson Hoe</name>
    <desc>Walked by Dickson Hoe. 30.8 km, 4 track(s), recorded on the ground. Natang, Zone 7B.</desc>
    <type>walked-boundary</type>
    <trkseg>
      <trkpt lat="-9.1436817" lon="148.4109033"/>
      <trkpt lat="-9.1437519" lon="148.4110406"/>
      <trkpt lat="-9.1437854" lon="148.4111965"/>
      <trkpt lat="-9.1438213" lon="148.4113519"/>
      <trkpt lat="-9.1438800" lon="148.4114942"/>
      <trkpt lat="-9.1438984" lon="148.4116186"/>
      <trkpt lat="-9.1439027" lon="148.4117311"/>
      <trkpt lat="-9.1439281" lon="148.4118288"/>
      <trkpt lat="-9.1440145" lon="148.4119404"/>
      <trkpt lat="-9.1441113" lon="148.4120708"/>
      <trkpt lat="-9.1441988" lon="148.4122231"/>
      <trkpt lat="-9.1443174" lon="148.4123479"/>
      <trkpt lat="-9.1444013" lon="148.4124813"/>
      <trkpt lat="-9.1444246" lon="148.4126158"/>
      <trkpt lat="-9.1443986" lon="148.4127821"/>
      <trkpt lat="-9.1443688" lon="148.4129507"/>
      <trkpt lat="-9.1443845" lon="148.4131272"/>
      <trkpt lat="-9.1443982" lon="148.4133032"/>
      <trkpt lat="-9.1444013" lon="148.4134795"/>
      <trkpt lat="-9.1443806" lon="148.4136554"/>
      <trkpt lat="-9.1443817" lon="148.4138273"/>
      <trkpt lat="-9.1444378" lon="148.4139814"/>
      <trkpt lat="-9.1445601" lon="148.4140906"/>
      <trkpt lat="-9.1447072" lon="148.4141247"/>
      <trkpt lat="-9.1448692" lon="148.4141128"/>
      <trkpt lat="-9.1450315" lon="148.4140920"/>
      <trkpt lat="-9.1452039" lon="148.4140836"/>
      <trkpt lat="-9.1453796" lon="148.4140898"/>
      <trkpt lat="-9.1455526" lon="148.4141122"/>
      <trkpt lat="-9.1457143" lon="148.4141743"/>
      <trkpt lat="-9.1458560" lon="148.4142666"/>
      <trkpt lat="-9.1459774" lon="148.4143826"/>
      <trkpt lat="-9.1461057" lon="148.4144742"/>
      <trkpt lat="-9.1462412" lon="148.4145641"/>
      <trkpt lat="-9.1463832" lon="148.4146524"/>
      <trkpt lat="-9.1465098" lon="148.4147804"/>
      <trkpt lat="-9.1466366" lon="148.4149082"/>
      <trkpt lat="-9.1467720" lon="148.4150137"/>
      <trkpt lat="-9.1468952" lon="148.4150580"/>
      <trkpt lat="-9.1469967" lon="148.4150500"/>
    </trkseg>
    <trkseg>
      <trkpt lat="-9.1470850" lon="148.4150233"/>
      <trkpt lat="-9.1472626" lon="148.4149968"/>
      <trkpt lat="-9.1474379" lon="148.4150032"/>
      <trkpt lat="-9.1476071" lon="148.4150516"/>
      <trkpt lat="-9.1477692" lon="148.4151280"/>
      <trkpt lat="-9.1479307" lon="148.4151695"/>
      <trkpt lat="-9.1480973" lon="148.4151655"/>
      <trkpt lat="-9.1482606" lon="148.4151036"/>
      <trkpt lat="-9.1484126" lon="148.4150178"/>
      <trkpt lat="-9.1485464" lon="148.4149195"/>
      <trkpt lat="-9.1486877" lon="148.4148412"/>
      <trkpt lat="-9.1488438" lon="148.4148051"/>
      <trkpt lat="-9.1490107" lon="148.4148250"/>
      <trkpt lat="-9.1491359" lon="148.4149120"/>
      <trkpt lat="-9.1492040" lon="148.4150557"/>
      <trkpt lat="-9.1492357" lon="148.4152314"/>
      <trkpt lat="-9.1492604" lon="148.4154099"/>
      <trkpt lat="-9.1492790" lon="148.4155889"/>
      <trkpt lat="-9.1492883" lon="148.4157693"/>
      <trkpt lat="-9.1492983" lon="148.4159486"/>
      <trkpt lat="-9.1493277" lon="148.4161245"/>
      <trkpt lat="-9.1493729" lon="148.4162950"/>
      <trkpt lat="-9.1494282" lon="148.4164608"/>
      <trkpt lat="-9.1494415" lon="148.4166230"/>
      <trkpt lat="-9.1494025" lon="148.4167814"/>
      <trkpt lat="-9.1493340" lon="148.4169452"/>
      <trkpt lat="-9.1492831" lon="148.4171157"/>
      <trkpt lat="-9.1492510" lon="148.4172943"/>
      <trkpt lat="-9.1491943" lon="148.4174569"/>
      <trkpt lat="-9.1491334" lon="148.4176170"/>
      <trkpt lat="-9.1490543" lon="148.4177658"/>
      <trkpt lat="-9.1489756" lon="148.4179107"/>
      <trkpt lat="-9.1489061" lon="148.4180583"/>
      <trkpt lat="-9.1488601" lon="148.4182179"/>
      <trkpt lat="-9.1488378" lon="148.4183973"/>
      <trkpt lat="-9.1488162" lon="148.4185765"/>
      <trkpt lat="-9.1487964" lon="148.4187558"/>
      <trkpt lat="-9.1488057" lon="148.4189311"/>
      <trkpt lat="-9.1488342" lon="148.4191025"/>
      <trkpt lat="-9.1488722" lon="148.4192730"/>
      <trkpt lat="-9.1489187" lon="148.4194403"/>
      <trkpt lat="-9.1490058" lon="148.4195450"/>
      <trkpt lat="-9.1491462" lon="148.4195812"/>
      <trkpt lat="-9.1493164" lon="148.4195442"/>
      <trkpt lat="-9.1494787" lon="148.4194876"/>
      <trkpt lat="-9.1496372" lon="148.4194200"/>
      <trkpt lat="-9.1497853" lon="148.4193343"/>
      <trkpt lat="-9.1499042" lon="148.4192191"/>
      <trkpt lat="-9.1500064" lon="148.4191318"/>
      <trkpt lat="-9.1501212" lon="148.4190708"/>
      <trkpt lat="-9.1502708" lon="148.4190418"/>
      <trkpt lat="-9.1504439" lon="148.4190030"/>
      <trkpt lat="-9.1506157" lon="148.4189596"/>
      <trkpt lat="-9.1507931" lon="148.4189370"/>
      <trkpt lat="-9.1509701" lon="148.4189124"/>
      <trkpt lat="-9.1511451" lon="148.4188858"/>
      <trkpt lat="-9.1513121" lon="148.4188383"/>
      <trkpt lat="-9.1514768" lon="148.4187819"/>
      <trkpt lat="-9.1516387" lon="148.4187386"/>
      <trkpt lat="-9.1518035" lon="148.4187269"/>
      <trkpt lat="-9.1519107" lon="148.4187147"/>
      <trkpt lat="-9.1520197" lon="148.4187340"/>
      <trkpt lat="-9.1521281" lon="148.4187498"/>
      <trkpt lat="-9.1522120" lon="148.4187824"/>
      <trkpt lat="-9.1522472" lon="148.4188470"/>
      <trkpt lat="-9.1521913" lon="148.4189508"/>
      <trkpt lat="-9.1521149" lon="148.4190804"/>
      <trkpt lat="-9.1520197" lon="148.4192062"/>
      <trkpt lat="-9.1519112" lon="148.4193158"/>
      <trkpt lat="-9.1517896" lon="148.4194074"/>
      <trkpt lat="-9.1516387" lon="148.4194731"/>
      <trkpt lat="-9.1514814" lon="148.4195288"/>
      <trkpt lat="-9.1513508" lon="148.4196242"/>
      <trkpt lat="-9.1512397" lon="148.4197486"/>
      <trkpt lat="-9.1511423" lon="148.4198896"/>
      <trkpt lat="-9.1510475" lon="148.4200246"/>
      <trkpt lat="-9.1509482" lon="148.4201570"/>
      <trkpt lat="-9.1509070" lon="148.4203063"/>
      <trkpt lat="-9.1509511" lon="148.4204219"/>
      <trkpt lat="-9.1510744" lon="148.4205150"/>
      <trkpt lat="-9.1512386" lon="148.4205788"/>
      <trkpt lat="-9.1514031" lon="148.4206523"/>
      <trkpt lat="-9.1515736" lon="148.4207120"/>
      <trkpt lat="-9.1517454" lon="148.4207680"/>
      <trkpt lat="-9.1519145" lon="148.4208304"/>
      <trkpt lat="-9.1520804" lon="148.4209004"/>
      <trkpt lat="-9.1522444" lon="148.4209729"/>
      <trkpt lat="-9.1523975" lon="148.4210600"/>
      <trkpt lat="-9.1525379" lon="148.4211644"/>
      <trkpt lat="-9.1526590" lon="148.4212952"/>
      <trkpt lat="-9.1527711" lon="148.4214342"/>
      <trkpt lat="-9.1528757" lon="148.4215811"/>
      <trkpt lat="-9.1529788" lon="148.4217305"/>
      <trkpt lat="-9.1530765" lon="148.4218830"/>
      <trkpt lat="-9.1531443" lon="148.4219955"/>
      <trkpt lat="-9.1531817" lon="148.4220683"/>
    </trkseg>
    <trkseg>
      <trkpt lat="-9.1532500" lon="148.4220067"/>
      <trkpt lat="-9.1532686" lon="148.4218344"/>
      <trkpt lat="-9.1533496" lon="148.4217093"/>
      <trkpt lat="-9.1534938" lon="148.4216283"/>
      <trkpt lat="-9.1536680" lon="148.4216043"/>
      <trkpt lat="-9.1538403" lon="148.4215711"/>
      <trkpt lat="-9.1540046" lon="148.4215220"/>
      <trkpt lat="-9.1541690" lon="148.4214570"/>
      <trkpt lat="-9.1543363" lon="148.4213993"/>
      <trkpt lat="-9.1544928" lon="148.4213290"/>
      <trkpt lat="-9.1546438" lon="148.4212494"/>
      <trkpt lat="-9.1547896" lon="148.4211563"/>
      <trkpt lat="-9.1549540" lon="148.4211077"/>
      <trkpt lat="-9.1551249" lon="148.4210857"/>
      <trkpt lat="-9.1552951" lon="148.4211179"/>
      <trkpt lat="-9.1554635" lon="148.4211680"/>
      <trkpt lat="-9.1556222" lon="148.4212431"/>
      <trkpt lat="-9.1557827" lon="148.4213142"/>
      <trkpt lat="-9.1559445" lon="148.4213804"/>
      <trkpt lat="-9.1561127" lon="148.4214367"/>
      <trkpt lat="-9.1562790" lon="148.4214950"/>
      <trkpt lat="-9.1564452" lon="148.4215492"/>
      <trkpt lat="-9.1566110" lon="148.4215726"/>
      <trkpt lat="-9.1567763" lon="148.4215552"/>
      <trkpt lat="-9.1569177" lon="148.4215767"/>
      <trkpt lat="-9.1570607" lon="148.4216218"/>
      <trkpt lat="-9.1571251" lon="148.4217283"/>
      <trkpt lat="-9.1571709" lon="148.4218407"/>
      <trkpt lat="-9.1572030" lon="148.4219811"/>
      <trkpt lat="-9.1573107" lon="148.4220988"/>
      <trkpt lat="-9.1574367" lon="148.4222098"/>
      <trkpt lat="-9.1575628" lon="148.4223098"/>
      <trkpt lat="-9.1576797" lon="148.4224166"/>
      <trkpt lat="-9.1578187" lon="148.4224563"/>
      <trkpt lat="-9.1579675" lon="148.4224677"/>
      <trkpt lat="-9.1581099" lon="148.4225008"/>
      <trkpt lat="-9.1582366" lon="148.4225982"/>
      <trkpt lat="-9.1583586" lon="148.4227255"/>
      <trkpt lat="-9.1585021" lon="148.4228082"/>
      <trkpt lat="-9.1586662" lon="148.4228434"/>
      <trkpt lat="-9.1588262" lon="148.4228847"/>
      <trkpt lat="-9.1589792" lon="148.4229385"/>
      <trkpt lat="-9.1591114" lon="148.4230129"/>
      <trkpt lat="-9.1592446" lon="148.4230807"/>
      <trkpt lat="-9.1593804" lon="148.4231569"/>
      <trkpt lat="-9.1595363" lon="148.4232228"/>
      <trkpt lat="-9.1597045" lon="148.4232428"/>
      <trkpt lat="-9.1598813" lon="148.4232417"/>
      <trkpt lat="-9.1600541" lon="148.4232093"/>
      <trkpt lat="-9.1602044" lon="148.4231436"/>
      <trkpt lat="-9.1603339" lon="148.4230262"/>
      <trkpt lat="-9.1604599" lon="148.4229258"/>
      <trkpt lat="-9.1606021" lon="148.4229024"/>
      <trkpt lat="-9.1607459" lon="148.4229665"/>
      <trkpt lat="-9.1608637" lon="148.4230873"/>
      <trkpt lat="-9.1609620" lon="148.4232240"/>
      <trkpt lat="-9.1610405" lon="148.4233753"/>
      <trkpt lat="-9.1611343" lon="148.4235152"/>
      <trkpt lat="-9.1612169" lon="148.4236651"/>
      <trkpt lat="-9.1613052" lon="148.4238069"/>
      <trkpt lat="-9.1613676" lon="148.4239525"/>
      <trkpt lat="-9.1614001" lon="148.4241029"/>
      <trkpt lat="-9.1614154" lon="148.4242637"/>
      <trkpt lat="-9.1614339" lon="148.4244332"/>
      <trkpt lat="-9.1615076" lon="148.4245812"/>
      <trkpt lat="-9.1616275" lon="148.4246960"/>
      <trkpt lat="-9.1617652" lon="148.4247957"/>
      <trkpt lat="-9.1619027" lon="148.4248938"/>
      <trkpt lat="-9.1620436" lon="148.4249777"/>
      <trkpt lat="-9.1621967" lon="148.4250492"/>
      <trkpt lat="-9.1623275" lon="148.4251357"/>
      <trkpt lat="-9.1624550" lon="148.4252347"/>
      <trkpt lat="-9.1625933" lon="148.4253045"/>
      <trkpt lat="-9.1627575" lon="148.4252893"/>
      <trkpt lat="-9.1629218" lon="148.4252296"/>
      <trkpt lat="-9.1630774" lon="148.4251807"/>
      <trkpt lat="-9.1632340" lon="148.4251890"/>
      <trkpt lat="-9.1633927" lon="148.4252199"/>
      <trkpt lat="-9.1635450" lon="148.4252750"/>
      <trkpt lat="-9.1636915" lon="148.4252728"/>
      <trkpt lat="-9.1638265" lon="148.4252299"/>
      <trkpt lat="-9.1639704" lon="148.4251319"/>
      <trkpt lat="-9.1641279" lon="148.4250610"/>
      <trkpt lat="-9.1642896" lon="148.4249955"/>
      <trkpt lat="-9.1644511" lon="148.4249268"/>
      <trkpt lat="-9.1645713" lon="148.4248225"/>
      <trkpt lat="-9.1646951" lon="148.4247670"/>
      <trkpt lat="-9.1648201" lon="148.4247182"/>
      <trkpt lat="-9.1649871" lon="148.4247164"/>
      <trkpt lat="-9.1651454" lon="148.4247249"/>
      <trkpt lat="-9.1652924" lon="148.4247830"/>
      <trkpt lat="-9.1654375" lon="148.4248430"/>
      <trkpt lat="-9.1655684" lon="148.4249275"/>
      <trkpt lat="-9.1657131" lon="148.4249991"/>
      <trkpt lat="-9.1658513" lon="148.4250958"/>
      <trkpt lat="-9.1659886" lon="148.4251952"/>
      <trkpt lat="-9.1661283" lon="148.4252885"/>
      <trkpt lat="-9.1662721" lon="148.4253409"/>
      <trkpt lat="-9.1664274" lon="148.4252985"/>
      <trkpt lat="-9.1665758" lon="148.4252213"/>
      <trkpt lat="-9.1667049" lon="148.4251044"/>
      <trkpt lat="-9.1668399" lon="148.4249977"/>
      <trkpt lat="-9.1669681" lon="148.4249539"/>
      <trkpt lat="-9.1671079" lon="148.4249489"/>
      <trkpt lat="-9.1672334" lon="148.4249255"/>
      <trkpt lat="-9.1673582" lon="148.4248401"/>
      <trkpt lat="-9.1674891" lon="148.4247680"/>
      <trkpt lat="-9.1676465" lon="148.4247371"/>
      <trkpt lat="-9.1678123" lon="148.4247171"/>
      <trkpt lat="-9.1679849" lon="148.4246942"/>
      <trkpt lat="-9.1681402" lon="148.4246415"/>
      <trkpt lat="-9.1682970" lon="148.4245817"/>
      <trkpt lat="-9.1684517" lon="148.4245094"/>
      <trkpt lat="-9.1686095" lon="148.4244615"/>
      <trkpt lat="-9.1687583" lon="148.4244200"/>
    </trkseg>
    <trkseg>
      <trkpt lat="-9.1689300" lon="148.4243417"/>
      <trkpt lat="-9.1688039" lon="148.4242640"/>
      <trkpt lat="-9.1686773" lon="148.4242018"/>
      <trkpt lat="-9.1685478" lon="148.4241494"/>
      <trkpt lat="-9.1684019" lon="148.4241135"/>
      <trkpt lat="-9.1682831" lon="148.4240281"/>
      <trkpt lat="-9.1681980" lon="148.4238907"/>
      <trkpt lat="-9.1681074" lon="148.4237579"/>
      <trkpt lat="-9.1679931" lon="148.4236606"/>
      <trkpt lat="-9.1679058" lon="148.4235592"/>
      <trkpt lat="-9.1678589" lon="148.4234360"/>
      <trkpt lat="-9.1678225" lon="148.4232780"/>
      <trkpt lat="-9.1677651" lon="148.4231196"/>
      <trkpt lat="-9.1677216" lon="148.4229643"/>
      <trkpt lat="-9.1677205" lon="148.4227927"/>
      <trkpt lat="-9.1677220" lon="148.4226200"/>
      <trkpt lat="-9.1676806" lon="148.4224493"/>
      <trkpt lat="-9.1676115" lon="148.4222882"/>
      <trkpt lat="-9.1675771" lon="148.4221286"/>
      <trkpt lat="-9.1675668" lon="148.4219662"/>
      <trkpt lat="-9.1676007" lon="148.4218016"/>
      <trkpt lat="-9.1675884" lon="148.4216398"/>
      <trkpt lat="-9.1675812" lon="148.4214744"/>
      <trkpt lat="-9.1675940" lon="148.4213231"/>
      <trkpt lat="-9.1676617" lon="148.4211792"/>
      <trkpt lat="-9.1677680" lon="148.4210508"/>
      <trkpt lat="-9.1678605" lon="148.4209068"/>
      <trkpt lat="-9.1679357" lon="148.4207509"/>
      <trkpt lat="-9.1680011" lon="148.4206246"/>
      <trkpt lat="-9.1680996" lon="148.4205725"/>
      <trkpt lat="-9.1682459" lon="148.4205901"/>
      <trkpt lat="-9.1684105" lon="148.4206552"/>
      <trkpt lat="-9.1685751" lon="148.4207122"/>
      <trkpt lat="-9.1687383" lon="148.4207722"/>
      <trkpt lat="-9.1689113" lon="148.4207971"/>
      <trkpt lat="-9.1690830" lon="148.4208335"/>
      <trkpt lat="-9.1692546" lon="148.4208746"/>
      <trkpt lat="-9.1694228" lon="148.4209389"/>
      <trkpt lat="-9.1695921" lon="148.4209993"/>
      <trkpt lat="-9.1697482" lon="148.4210802"/>
      <trkpt lat="-9.1699057" lon="148.4211231"/>
      <trkpt lat="-9.1700570" lon="148.4211139"/>
      <trkpt lat="-9.1702143" lon="148.4210320"/>
      <trkpt lat="-9.1703722" lon="148.4209629"/>
      <trkpt lat="-9.1705345" lon="148.4209488"/>
      <trkpt lat="-9.1707030" lon="148.4209861"/>
      <trkpt lat="-9.1708738" lon="148.4210341"/>
      <trkpt lat="-9.1710455" lon="148.4210418"/>
      <trkpt lat="-9.1712010" lon="148.4209864"/>
      <trkpt lat="-9.1713089" lon="148.4208648"/>
      <trkpt lat="-9.1713879" lon="148.4207066"/>
      <trkpt lat="-9.1714476" lon="148.4205372"/>
      <trkpt lat="-9.1715345" lon="148.4203812"/>
      <trkpt lat="-9.1716426" lon="148.4202428"/>
      <trkpt lat="-9.1717894" lon="148.4201562"/>
      <trkpt lat="-9.1719420" lon="148.4201495"/>
      <trkpt lat="-9.1720835" lon="148.4202272"/>
      <trkpt lat="-9.1722199" lon="148.4203293"/>
      <trkpt lat="-9.1723667" lon="148.4204178"/>
      <trkpt lat="-9.1725354" lon="148.4204520"/>
      <trkpt lat="-9.1727076" lon="148.4204507"/>
      <trkpt lat="-9.1728680" lon="148.4203879"/>
      <trkpt lat="-9.1730123" lon="148.4202903"/>
      <trkpt lat="-9.1731299" lon="148.4201565"/>
      <trkpt lat="-9.1732419" lon="148.4200167"/>
      <trkpt lat="-9.1733583" lon="148.4198820"/>
      <trkpt lat="-9.1734985" lon="148.4197749"/>
      <trkpt lat="-9.1736540" lon="148.4196902"/>
      <trkpt lat="-9.1738227" lon="148.4196459"/>
      <trkpt lat="-9.1739918" lon="148.4196077"/>
      <trkpt lat="-9.1741660" lon="148.4195914"/>
      <trkpt lat="-9.1743395" lon="148.4195692"/>
      <trkpt lat="-9.1745162" lon="148.4195764"/>
      <trkpt lat="-9.1746937" lon="148.4195814"/>
      <trkpt lat="-9.1748592" lon="148.4195568"/>
      <trkpt lat="-9.1750171" lon="148.4194983"/>
      <trkpt lat="-9.1751741" lon="148.4194373"/>
      <trkpt lat="-9.1753410" lon="148.4193935"/>
      <trkpt lat="-9.1755084" lon="148.4193822"/>
      <trkpt lat="-9.1756759" lon="148.4193849"/>
      <trkpt lat="-9.1758446" lon="148.4194141"/>
      <trkpt lat="-9.1760217" lon="148.4194322"/>
      <trkpt lat="-9.1761920" lon="148.4194148"/>
      <trkpt lat="-9.1763552" lon="148.4193538"/>
      <trkpt lat="-9.1765134" lon="148.4192766"/>
      <trkpt lat="-9.1766731" lon="148.4192022"/>
      <trkpt lat="-9.1768364" lon="148.4191341"/>
      <trkpt lat="-9.1770029" lon="148.4190677"/>
      <trkpt lat="-9.1771598" lon="148.4189866"/>
      <trkpt lat="-9.1772880" lon="148.4188764"/>
      <trkpt lat="-9.1773501" lon="148.4187239"/>
      <trkpt lat="-9.1773524" lon="148.4185538"/>
      <trkpt lat="-9.1773466" lon="148.4183859"/>
      <trkpt lat="-9.1773664" lon="148.4182210"/>
      <trkpt lat="-9.1774522" lon="148.4181081"/>
      <trkpt lat="-9.1775425" lon="148.4179949"/>
      <trkpt lat="-9.1776138" lon="148.4178772"/>
      <trkpt lat="-9.1776303" lon="148.4177058"/>
      <trkpt lat="-9.1776170" lon="148.4175274"/>
      <trkpt lat="-9.1776361" lon="148.4173574"/>
      <trkpt lat="-9.1776962" lon="148.4172021"/>
      <trkpt lat="-9.1778138" lon="148.4170853"/>
      <trkpt lat="-9.1779600" lon="148.4170140"/>
      <trkpt lat="-9.1781248" lon="148.4169670"/>
      <trkpt lat="-9.1782837" lon="148.4169146"/>
      <trkpt lat="-9.1783975" lon="148.4168105"/>
      <trkpt lat="-9.1784911" lon="148.4166778"/>
      <trkpt lat="-9.1785839" lon="148.4165294"/>
      <trkpt lat="-9.1787190" lon="148.4164287"/>
      <trkpt lat="-9.1788740" lon="148.4163593"/>
      <trkpt lat="-9.1790364" lon="148.4163010"/>
      <trkpt lat="-9.1792005" lon="148.4162387"/>
      <trkpt lat="-9.1793701" lon="148.4161970"/>
      <trkpt lat="-9.1795429" lon="148.4161646"/>
      <trkpt lat="-9.1796862" lon="148.4160937"/>
      <trkpt lat="-9.1798163" lon="148.4159826"/>
      <trkpt lat="-9.1799428" lon="148.4158601"/>
      <trkpt lat="-9.1800616" lon="148.4157386"/>
      <trkpt lat="-9.1801622" lon="148.4156016"/>
      <trkpt lat="-9.1802334" lon="148.4154411"/>
      <trkpt lat="-9.1803296" lon="148.4152975"/>
      <trkpt lat="-9.1804528" lon="148.4151854"/>
      <trkpt lat="-9.1806102" lon="148.4151196"/>
      <trkpt lat="-9.1807779" lon="148.4150709"/>
      <trkpt lat="-9.1809278" lon="148.4149980"/>
      <trkpt lat="-9.1810557" lon="148.4148852"/>
      <trkpt lat="-9.1811756" lon="148.4147811"/>
      <trkpt lat="-9.1813129" lon="148.4147237"/>
      <trkpt lat="-9.1814635" lon="148.4147277"/>
      <trkpt lat="-9.1815847" lon="148.4147915"/>
      <trkpt lat="-9.1817065" lon="148.4148775"/>
      <trkpt lat="-9.1818411" lon="148.4149585"/>
      <trkpt lat="-9.1819909" lon="148.4150250"/>
      <trkpt lat="-9.1821193" lon="148.4151044"/>
      <trkpt lat="-9.1822269" lon="148.4151902"/>
      <trkpt lat="-9.1823281" lon="148.4152237"/>
      <trkpt lat="-9.1824088" lon="148.4152809"/>
      <trkpt lat="-9.1824829" lon="148.4153755"/>
      <trkpt lat="-9.1825761" lon="148.4155210"/>
      <trkpt lat="-9.1826742" lon="148.4156649"/>
      <trkpt lat="-9.1827365" lon="148.4158138"/>
      <trkpt lat="-9.1827403" lon="148.4159783"/>
      <trkpt lat="-9.1827171" lon="148.4161231"/>
      <trkpt lat="-9.1826900" lon="148.4162500"/>
    </trkseg>
    <trkseg>
      <trkpt lat="-9.1827850" lon="148.4162800"/>
      <trkpt lat="-9.1829036" lon="148.4164110"/>
      <trkpt lat="-9.1830404" lon="148.4165182"/>
      <trkpt lat="-9.1831819" lon="148.4165483"/>
      <trkpt lat="-9.1833039" lon="148.4164888"/>
      <trkpt lat="-9.1833937" lon="148.4163509"/>
      <trkpt lat="-9.1834695" lon="148.4161885"/>
      <trkpt lat="-9.1835629" lon="148.4160442"/>
      <trkpt lat="-9.1836900" lon="148.4159308"/>
      <trkpt lat="-9.1838312" lon="148.4158334"/>
      <trkpt lat="-9.1839184" lon="148.4157149"/>
      <trkpt lat="-9.1839070" lon="148.4155783"/>
      <trkpt lat="-9.1837980" lon="148.4154649"/>
      <trkpt lat="-9.1836385" lon="148.4153957"/>
      <trkpt lat="-9.1834830" lon="148.4153258"/>
      <trkpt lat="-9.1833561" lon="148.4152184"/>
      <trkpt lat="-9.1832769" lon="148.4150646"/>
      <trkpt lat="-9.1832262" lon="148.4148986"/>
      <trkpt lat="-9.1831957" lon="148.4147309"/>
      <trkpt lat="-9.1831768" lon="148.4145622"/>
      <trkpt lat="-9.1831931" lon="148.4143979"/>
      <trkpt lat="-9.1832533" lon="148.4142392"/>
      <trkpt lat="-9.1833073" lon="148.4141100"/>
      <trkpt lat="-9.1833317" lon="148.4140017"/>
    </trkseg>
    <trkseg>
      <trkpt lat="-9.1833367" lon="148.4140967"/>
      <trkpt lat="-9.1831990" lon="148.4139938"/>
      <trkpt lat="-9.1830701" lon="148.4138883"/>
      <trkpt lat="-9.1829938" lon="148.4137738"/>
      <trkpt lat="-9.1829945" lon="148.4136182"/>
      <trkpt lat="-9.1830291" lon="148.4134511"/>
      <trkpt lat="-9.1830781" lon="148.4132850"/>
      <trkpt lat="-9.1831332" lon="148.4131175"/>
      <trkpt lat="-9.1832374" lon="148.4129812"/>
      <trkpt lat="-9.1833385" lon="148.4128435"/>
      <trkpt lat="-9.1834366" lon="148.4127030"/>
      <trkpt lat="-9.1834729" lon="148.4125345"/>
      <trkpt lat="-9.1834443" lon="148.4123775"/>
      <trkpt lat="-9.1833424" lon="148.4122466"/>
      <trkpt lat="-9.1831955" lon="148.4121468"/>
      <trkpt lat="-9.1830336" lon="148.4120673"/>
      <trkpt lat="-9.1828711" lon="148.4119889"/>
      <trkpt lat="-9.1827161" lon="148.4119698"/>
      <trkpt lat="-9.1825631" lon="148.4119965"/>
      <trkpt lat="-9.1824042" lon="148.4120420"/>
      <trkpt lat="-9.1822398" lon="148.4120671"/>
      <trkpt lat="-9.1820696" lon="148.4120652"/>
      <trkpt lat="-9.1819094" lon="148.4120865"/>
      <trkpt lat="-9.1817513" lon="148.4120926"/>
      <trkpt lat="-9.1816790" lon="148.4121106"/>
      <trkpt lat="-9.1816817" lon="148.4121233"/>
    </trkseg>
    <trkseg>
      <trkpt lat="-9.1816000" lon="148.4120733"/>
      <trkpt lat="-9.1815693" lon="148.4119099"/>
      <trkpt lat="-9.1814871" lon="148.4117718"/>
      <trkpt lat="-9.1813411" lon="148.4116885"/>
      <trkpt lat="-9.1811783" lon="148.4116262"/>
      <trkpt lat="-9.1810245" lon="148.4115529"/>
      <trkpt lat="-9.1808996" lon="148.4114323"/>
      <trkpt lat="-9.1808247" lon="148.4112778"/>
      <trkpt lat="-9.1808037" lon="148.4111091"/>
      <trkpt lat="-9.1808035" lon="148.4109348"/>
      <trkpt lat="-9.1807972" lon="148.4107648"/>
      <trkpt lat="-9.1807220" lon="148.4106273"/>
      <trkpt lat="-9.1806262" lon="148.4105005"/>
      <trkpt lat="-9.1805327" lon="148.4103687"/>
      <trkpt lat="-9.1805047" lon="148.4102105"/>
      <trkpt lat="-9.1805334" lon="148.4100484"/>
      <trkpt lat="-9.1805779" lon="148.4099623"/>
      <trkpt lat="-9.1806183" lon="148.4099450"/>
    </trkseg>
    <trkseg>
      <trkpt lat="-9.1805900" lon="148.4098517"/>
      <trkpt lat="-9.1806228" lon="148.4098096"/>
      <trkpt lat="-9.1806956" lon="148.4097262"/>
      <trkpt lat="-9.1807812" lon="148.4096158"/>
      <trkpt lat="-9.1808682" lon="148.4095023"/>
      <trkpt lat="-9.1809801" lon="148.4094346"/>
      <trkpt lat="-9.1811365" lon="148.4093906"/>
      <trkpt lat="-9.1813031" lon="148.4093991"/>
      <trkpt lat="-9.1814697" lon="148.4094220"/>
      <trkpt lat="-9.1816431" lon="148.4094467"/>
      <trkpt lat="-9.1817957" lon="148.4094381"/>
      <trkpt lat="-9.1819434" lon="148.4094090"/>
      <trkpt lat="-9.1820922" lon="148.4093837"/>
      <trkpt lat="-9.1822583" lon="148.4093593"/>
      <trkpt lat="-9.1824233" lon="148.4093590"/>
      <trkpt lat="-9.1825873" lon="148.4093664"/>
      <trkpt lat="-9.1827522" lon="148.4094053"/>
      <trkpt lat="-9.1829193" lon="148.4094092"/>
      <trkpt lat="-9.1830822" lon="148.4094355"/>
      <trkpt lat="-9.1832409" lon="148.4094204"/>
      <trkpt lat="-9.1833892" lon="148.4093813"/>
      <trkpt lat="-9.1835430" lon="148.4093134"/>
      <trkpt lat="-9.1836629" lon="148.4092205"/>
      <trkpt lat="-9.1837684" lon="148.4091177"/>
      <trkpt lat="-9.1838634" lon="148.4089929"/>
      <trkpt lat="-9.1840002" lon="148.4089206"/>
      <trkpt lat="-9.1841660" lon="148.4088885"/>
      <trkpt lat="-9.1843249" lon="148.4088366"/>
      <trkpt lat="-9.1844777" lon="148.4087737"/>
      <trkpt lat="-9.1846279" lon="148.4087249"/>
      <trkpt lat="-9.1847883" lon="148.4086994"/>
      <trkpt lat="-9.1849524" lon="148.4086811"/>
      <trkpt lat="-9.1851132" lon="148.4086785"/>
      <trkpt lat="-9.1852821" lon="148.4086897"/>
      <trkpt lat="-9.1854408" lon="148.4086661"/>
      <trkpt lat="-9.1855998" lon="148.4086175"/>
      <trkpt lat="-9.1857544" lon="148.4085697"/>
      <trkpt lat="-9.1859145" lon="148.4085866"/>
      <trkpt lat="-9.1860815" lon="148.4086009"/>
      <trkpt lat="-9.1862491" lon="148.4086035"/>
      <trkpt lat="-9.1864199" lon="148.4085669"/>
      <trkpt lat="-9.1865870" lon="148.4085208"/>
      <trkpt lat="-9.1867521" lon="148.4084856"/>
      <trkpt lat="-9.1869153" lon="148.4084730"/>
      <trkpt lat="-9.1870816" lon="148.4084854"/>
      <trkpt lat="-9.1872533" lon="148.4085067"/>
      <trkpt lat="-9.1874099" lon="148.4084736"/>
      <trkpt lat="-9.1875649" lon="148.4084156"/>
      <trkpt lat="-9.1877033" lon="148.4083153"/>
      <trkpt lat="-9.1878356" lon="148.4082078"/>
      <trkpt lat="-9.1879524" lon="148.4080764"/>
      <trkpt lat="-9.1880770" lon="148.4079532"/>
      <trkpt lat="-9.1882259" lon="148.4078590"/>
      <trkpt lat="-9.1883865" lon="148.4078129"/>
      <trkpt lat="-9.1885452" lon="148.4077681"/>
      <trkpt lat="-9.1886992" lon="148.4077234"/>
      <trkpt lat="-9.1888583" lon="148.4076590"/>
      <trkpt lat="-9.1890234" lon="148.4076019"/>
      <trkpt lat="-9.1891715" lon="148.4075194"/>
      <trkpt lat="-9.1892851" lon="148.4073949"/>
      <trkpt lat="-9.1893586" lon="148.4072348"/>
      <trkpt lat="-9.1894204" lon="148.4070647"/>
      <trkpt lat="-9.1894744" lon="148.4068933"/>
      <trkpt lat="-9.1895156" lon="148.4067199"/>
      <trkpt lat="-9.1895513" lon="148.4065481"/>
      <trkpt lat="-9.1895848" lon="148.4063746"/>
      <trkpt lat="-9.1896286" lon="148.4062025"/>
      <trkpt lat="-9.1896624" lon="148.4060250"/>
      <trkpt lat="-9.1896928" lon="148.4058464"/>
      <trkpt lat="-9.1897179" lon="148.4056684"/>
      <trkpt lat="-9.1897437" lon="148.4054929"/>
      <trkpt lat="-9.1897616" lon="148.4053169"/>
      <trkpt lat="-9.1897695" lon="148.4051420"/>
      <trkpt lat="-9.1897937" lon="148.4049692"/>
      <trkpt lat="-9.1898168" lon="148.4047974"/>
      <trkpt lat="-9.1898390" lon="148.4046229"/>
      <trkpt lat="-9.1898443" lon="148.4044437"/>
      <trkpt lat="-9.1898705" lon="148.4042716"/>
      <trkpt lat="-9.1899174" lon="148.4041021"/>
      <trkpt lat="-9.1899585" lon="148.4039327"/>
      <trkpt lat="-9.1899986" lon="148.4037592"/>
      <trkpt lat="-9.1900214" lon="148.4035835"/>
      <trkpt lat="-9.1900386" lon="148.4034099"/>
      <trkpt lat="-9.1900594" lon="148.4032379"/>
      <trkpt lat="-9.1901047" lon="148.4030727"/>
      <trkpt lat="-9.1901832" lon="148.4029142"/>
      <trkpt lat="-9.1902291" lon="148.4027517"/>
      <trkpt lat="-9.1902479" lon="148.4025819"/>
      <trkpt lat="-9.1902462" lon="148.4024034"/>
      <trkpt lat="-9.1902531" lon="148.4022295"/>
      <trkpt lat="-9.1902454" lon="148.4020592"/>
      <trkpt lat="-9.1902206" lon="148.4019348"/>
      <trkpt lat="-9.1901867" lon="148.4018500"/>
    </trkseg>
    <trkseg>
      <trkpt lat="-9.1901800" lon="148.4017517"/>
      <trkpt lat="-9.1902841" lon="148.4016079"/>
      <trkpt lat="-9.1903551" lon="148.4014568"/>
      <trkpt lat="-9.1903840" lon="148.4013032"/>
      <trkpt lat="-9.1904021" lon="148.4011399"/>
      <trkpt lat="-9.1904320" lon="148.4009750"/>
      <trkpt lat="-9.1904769" lon="148.4008032"/>
      <trkpt lat="-9.1905239" lon="148.4006317"/>
      <trkpt lat="-9.1905808" lon="148.4004630"/>
      <trkpt lat="-9.1906570" lon="148.4003003"/>
      <trkpt lat="-9.1907039" lon="148.4001356"/>
      <trkpt lat="-9.1907697" lon="148.3999826"/>
      <trkpt lat="-9.1908354" lon="148.3998290"/>
      <trkpt lat="-9.1909212" lon="148.3996807"/>
      <trkpt lat="-9.1909770" lon="148.3995185"/>
      <trkpt lat="-9.1910369" lon="148.3993611"/>
      <trkpt lat="-9.1910823" lon="148.3991945"/>
      <trkpt lat="-9.1910970" lon="148.3990290"/>
      <trkpt lat="-9.1910922" lon="148.3988669"/>
      <trkpt lat="-9.1910898" lon="148.3987189"/>
      <trkpt lat="-9.1911110" lon="148.3985756"/>
      <trkpt lat="-9.1910900" lon="148.3984270"/>
      <trkpt lat="-9.1910260" lon="148.3982748"/>
      <trkpt lat="-9.1909505" lon="148.3981201"/>
      <trkpt lat="-9.1909036" lon="148.3979576"/>
      <trkpt lat="-9.1908775" lon="148.3977898"/>
      <trkpt lat="-9.1908538" lon="148.3976170"/>
      <trkpt lat="-9.1908352" lon="148.3974430"/>
      <trkpt lat="-9.1908189" lon="148.3972647"/>
      <trkpt lat="-9.1908046" lon="148.3970865"/>
      <trkpt lat="-9.1907859" lon="148.3969089"/>
      <trkpt lat="-9.1907923" lon="148.3967335"/>
      <trkpt lat="-9.1907868" lon="148.3965616"/>
      <trkpt lat="-9.1907960" lon="148.3963937"/>
      <trkpt lat="-9.1907833" lon="148.3962233"/>
      <trkpt lat="-9.1907968" lon="148.3960516"/>
      <trkpt lat="-9.1907900" lon="148.3958762"/>
      <trkpt lat="-9.1907721" lon="148.3957035"/>
      <trkpt lat="-9.1907321" lon="148.3955295"/>
      <trkpt lat="-9.1906637" lon="148.3953679"/>
      <trkpt lat="-9.1905917" lon="148.3952081"/>
      <trkpt lat="-9.1905447" lon="148.3950607"/>
      <trkpt lat="-9.1905519" lon="148.3949027"/>
      <trkpt lat="-9.1906024" lon="148.3947420"/>
      <trkpt lat="-9.1906468" lon="148.3945767"/>
      <trkpt lat="-9.1907041" lon="148.3944171"/>
      <trkpt lat="-9.1907413" lon="148.3942559"/>
      <trkpt lat="-9.1907544" lon="148.3940893"/>
      <trkpt lat="-9.1907180" lon="148.3939177"/>
      <trkpt lat="-9.1906954" lon="148.3937508"/>
      <trkpt lat="-9.1907066" lon="148.3935867"/>
      <trkpt lat="-9.1907817" lon="148.3934395"/>
      <trkpt lat="-9.1908901" lon="148.3933145"/>
      <trkpt lat="-9.1910213" lon="148.3932011"/>
      <trkpt lat="-9.1911267" lon="148.3931091"/>
      <trkpt lat="-9.1912050" lon="148.3930300"/>
    </trkseg>
    <trkseg>
      <trkpt lat="-9.1912700" lon="148.3929583"/>
      <trkpt lat="-9.1913321" lon="148.3927899"/>
      <trkpt lat="-9.1913903" lon="148.3926278"/>
      <trkpt lat="-9.1914474" lon="148.3924711"/>
      <trkpt lat="-9.1915281" lon="148.3923281"/>
      <trkpt lat="-9.1916136" lon="148.3921858"/>
      <trkpt lat="-9.1916998" lon="148.3920377"/>
      <trkpt lat="-9.1917727" lon="148.3918777"/>
      <trkpt lat="-9.1918311" lon="148.3917467"/>
      <trkpt lat="-9.1918767" lon="148.3916517"/>
    </trkseg>
    <trkseg>
      <trkpt lat="-9.1921117" lon="148.3913633"/>
      <trkpt lat="-9.1919318" lon="148.3913706"/>
      <trkpt lat="-9.1917901" lon="148.3913634"/>
      <trkpt lat="-9.1916867" lon="148.3913417"/>
    </trkseg>
    <trkseg>
      <trkpt lat="-9.1916000" lon="148.3913133"/>
      <trkpt lat="-9.1914615" lon="148.3913777"/>
      <trkpt lat="-9.1913396" lon="148.3914133"/>
      <trkpt lat="-9.1912293" lon="148.3913906"/>
      <trkpt lat="-9.1911232" lon="148.3913188"/>
      <trkpt lat="-9.1909830" lon="148.3912461"/>
      <trkpt lat="-9.1908134" lon="148.3912057"/>
      <trkpt lat="-9.1906439" lon="148.3911686"/>
      <trkpt lat="-9.1905283" lon="148.3911020"/>
      <trkpt lat="-9.1904347" lon="148.3909964"/>
      <trkpt lat="-9.1903330" lon="148.3909027"/>
      <trkpt lat="-9.1901986" lon="148.3908280"/>
      <trkpt lat="-9.1901184" lon="148.3907411"/>
      <trkpt lat="-9.1900761" lon="148.3906172"/>
      <trkpt lat="-9.1900790" lon="148.3904786"/>
      <trkpt lat="-9.1900902" lon="148.3903396"/>
      <trkpt lat="-9.1901075" lon="148.3901992"/>
      <trkpt lat="-9.1901045" lon="148.3900320"/>
      <trkpt lat="-9.1900961" lon="148.3898627"/>
      <trkpt lat="-9.1901337" lon="148.3896950"/>
      <trkpt lat="-9.1901975" lon="148.3895274"/>
      <trkpt lat="-9.1902221" lon="148.3893627"/>
      <trkpt lat="-9.1901959" lon="148.3891921"/>
      <trkpt lat="-9.1901573" lon="148.3890209"/>
      <trkpt lat="-9.1901579" lon="148.3888469"/>
      <trkpt lat="-9.1901739" lon="148.3886738"/>
      <trkpt lat="-9.1901934" lon="148.3885058"/>
      <trkpt lat="-9.1902065" lon="148.3883438"/>
      <trkpt lat="-9.1901897" lon="148.3882062"/>
      <trkpt lat="-9.1901152" lon="148.3880999"/>
      <trkpt lat="-9.1899753" lon="148.3880190"/>
      <trkpt lat="-9.1898189" lon="148.3879790"/>
      <trkpt lat="-9.1897007" lon="148.3879055"/>
      <trkpt lat="-9.1896071" lon="148.3878046"/>
      <trkpt lat="-9.1895455" lon="148.3876373"/>
      <trkpt lat="-9.1894975" lon="148.3874672"/>
      <trkpt lat="-9.1894979" lon="148.3872979"/>
      <trkpt lat="-9.1895567" lon="148.3871442"/>
      <trkpt lat="-9.1896345" lon="148.3869962"/>
      <trkpt lat="-9.1896808" lon="148.3868436"/>
      <trkpt lat="-9.1896569" lon="148.3866865"/>
      <trkpt lat="-9.1896381" lon="148.3865271"/>
      <trkpt lat="-9.1896189" lon="148.3863678"/>
      <trkpt lat="-9.1896310" lon="148.3861967"/>
      <trkpt lat="-9.1895827" lon="148.3860543"/>
      <trkpt lat="-9.1895052" lon="148.3859363"/>
      <trkpt lat="-9.1893791" lon="148.3858441"/>
      <trkpt lat="-9.1892393" lon="148.3857495"/>
      <trkpt lat="-9.1890853" lon="148.3856925"/>
      <trkpt lat="-9.1889339" lon="148.3856997"/>
      <trkpt lat="-9.1887937" lon="148.3857752"/>
      <trkpt lat="-9.1887218" lon="148.3859047"/>
      <trkpt lat="-9.1886637" lon="148.3860254"/>
      <trkpt lat="-9.1885886" lon="148.3861089"/>
      <trkpt lat="-9.1884570" lon="148.3861738"/>
      <trkpt lat="-9.1883081" lon="148.3862498"/>
      <trkpt lat="-9.1882000" lon="148.3863718"/>
      <trkpt lat="-9.1881028" lon="148.3864962"/>
      <trkpt lat="-9.1880226" lon="148.3866337"/>
      <trkpt lat="-9.1879340" lon="148.3867789"/>
      <trkpt lat="-9.1878513" lon="148.3869343"/>
      <trkpt lat="-9.1878154" lon="148.3870990"/>
      <trkpt lat="-9.1878069" lon="148.3872679"/>
      <trkpt lat="-9.1878161" lon="148.3874349"/>
      <trkpt lat="-9.1877568" lon="148.3875455"/>
      <trkpt lat="-9.1876425" lon="148.3875995"/>
      <trkpt lat="-9.1874987" lon="148.3876456"/>
      <trkpt lat="-9.1873893" lon="148.3877360"/>
      <trkpt lat="-9.1873024" lon="148.3878652"/>
      <trkpt lat="-9.1872784" lon="148.3880057"/>
      <trkpt lat="-9.1872557" lon="148.3881551"/>
      <trkpt lat="-9.1872075" lon="148.3882770"/>
      <trkpt lat="-9.1870888" lon="148.3883830"/>
      <trkpt lat="-9.1869511" lon="148.3884836"/>
      <trkpt lat="-9.1868441" lon="148.3886248"/>
      <trkpt lat="-9.1867813" lon="148.3887857"/>
      <trkpt lat="-9.1867350" lon="148.3889542"/>
      <trkpt lat="-9.1866597" lon="148.3890929"/>
      <trkpt lat="-9.1865263" lon="148.3891671"/>
      <trkpt lat="-9.1863528" lon="148.3891923"/>
      <trkpt lat="-9.1861730" lon="148.3891944"/>
      <trkpt lat="-9.1859942" lon="148.3891952"/>
      <trkpt lat="-9.1858527" lon="148.3892122"/>
      <trkpt lat="-9.1857359" lon="148.3891907"/>
      <trkpt lat="-9.1856187" lon="148.3891671"/>
      <trkpt lat="-9.1854838" lon="148.3891565"/>
      <trkpt lat="-9.1853403" lon="148.3892125"/>
      <trkpt lat="-9.1852340" lon="148.3893283"/>
      <trkpt lat="-9.1851147" lon="148.3894124"/>
      <trkpt lat="-9.1849844" lon="148.3894554"/>
      <trkpt lat="-9.1848217" lon="148.3894353"/>
      <trkpt lat="-9.1846549" lon="148.3893936"/>
      <trkpt lat="-9.1844903" lon="148.3893508"/>
      <trkpt lat="-9.1843276" lon="148.3893506"/>
      <trkpt lat="-9.1841675" lon="148.3893896"/>
      <trkpt lat="-9.1840067" lon="148.3894450"/>
      <trkpt lat="-9.1838517" lon="148.3895064"/>
      <trkpt lat="-9.1837098" lon="148.3895761"/>
      <trkpt lat="-9.1835631" lon="148.3896505"/>
      <trkpt lat="-9.1834138" lon="148.3897179"/>
      <trkpt lat="-9.1832554" lon="148.3897663"/>
      <trkpt lat="-9.1830972" lon="148.3897922"/>
      <trkpt lat="-9.1829286" lon="148.3897836"/>
      <trkpt lat="-9.1827512" lon="148.3897553"/>
      <trkpt lat="-9.1825816" lon="148.3897115"/>
      <trkpt lat="-9.1824130" lon="148.3896651"/>
      <trkpt lat="-9.1822439" lon="148.3896195"/>
      <trkpt lat="-9.1820655" lon="148.3896048"/>
      <trkpt lat="-9.1818865" lon="148.3896025"/>
      <trkpt lat="-9.1817130" lon="148.3896274"/>
      <trkpt lat="-9.1815482" lon="148.3896532"/>
      <trkpt lat="-9.1813996" lon="148.3896352"/>
      <trkpt lat="-9.1812491" lon="148.3896160"/>
      <trkpt lat="-9.1810918" lon="148.3896099"/>
      <trkpt lat="-9.1809191" lon="148.3896342"/>
      <trkpt lat="-9.1807485" lon="148.3896264"/>
      <trkpt lat="-9.1805770" lon="148.3896021"/>
      <trkpt lat="-9.1804040" lon="148.3895856"/>
      <trkpt lat="-9.1802255" lon="148.3895934"/>
      <trkpt lat="-9.1800522" lon="148.3896271"/>
      <trkpt lat="-9.1798865" lon="148.3896908"/>
      <trkpt lat="-9.1797336" lon="148.3897822"/>
      <trkpt lat="-9.1796046" lon="148.3898982"/>
      <trkpt lat="-9.1794864" lon="148.3900289"/>
      <trkpt lat="-9.1793709" lon="148.3901616"/>
      <trkpt lat="-9.1792671" lon="148.3902606"/>
      <trkpt lat="-9.1791867" lon="148.3903317"/>
    </trkseg>
    <trkseg>
      <trkpt lat="-9.1792717" lon="148.3903000"/>
      <trkpt lat="-9.1793945" lon="148.3901944"/>
      <trkpt lat="-9.1795238" lon="148.3900829"/>
      <trkpt lat="-9.1796160" lon="148.3899976"/>
      <trkpt lat="-9.1796750" lon="148.3899550"/>
    </trkseg>
    <trkseg>
      <trkpt lat="-9.1797500" lon="148.3898917"/>
      <trkpt lat="-9.1798555" lon="148.3897576"/>
      <trkpt lat="-9.1799881" lon="148.3896629"/>
      <trkpt lat="-9.1801226" lon="148.3895944"/>
      <trkpt lat="-9.1802035" lon="148.3895015"/>
      <trkpt lat="-9.1801890" lon="148.3893744"/>
      <trkpt lat="-9.1801218" lon="148.3892155"/>
      <trkpt lat="-9.1800855" lon="148.3890636"/>
      <trkpt lat="-9.1800814" lon="148.3888957"/>
      <trkpt lat="-9.1800390" lon="148.3887655"/>
      <trkpt lat="-9.1799270" lon="148.3886557"/>
      <trkpt lat="-9.1797792" lon="148.3885612"/>
      <trkpt lat="-9.1796511" lon="148.3884376"/>
      <trkpt lat="-9.1795463" lon="148.3882922"/>
      <trkpt lat="-9.1794818" lon="148.3881333"/>
      <trkpt lat="-9.1794237" lon="148.3879803"/>
      <trkpt lat="-9.1793335" lon="148.3878816"/>
      <trkpt lat="-9.1791867" lon="148.3878243"/>
      <trkpt lat="-9.1790454" lon="148.3878543"/>
      <trkpt lat="-9.1789368" lon="148.3879192"/>
      <trkpt lat="-9.1788256" lon="148.3879963"/>
      <trkpt lat="-9.1786810" lon="148.3880379"/>
      <trkpt lat="-9.1785079" lon="148.3880663"/>
      <trkpt lat="-9.1783466" lon="148.3881322"/>
      <trkpt lat="-9.1782283" lon="148.3882435"/>
      <trkpt lat="-9.1781383" lon="148.3883867"/>
      <trkpt lat="-9.1780675" lon="148.3885505"/>
      <trkpt lat="-9.1779770" lon="148.3887023"/>
      <trkpt lat="-9.1778758" lon="148.3888444"/>
      <trkpt lat="-9.1777540" lon="148.3889690"/>
      <trkpt lat="-9.1776175" lon="148.3890818"/>
      <trkpt lat="-9.1774666" lon="148.3891794"/>
      <trkpt lat="-9.1773048" lon="148.3892452"/>
      <trkpt lat="-9.1771405" lon="148.3893026"/>
      <trkpt lat="-9.1769721" lon="148.3893488"/>
      <trkpt lat="-9.1768092" lon="148.3893996"/>
      <trkpt lat="-9.1766500" lon="148.3894435"/>
      <trkpt lat="-9.1764968" lon="148.3895025"/>
      <trkpt lat="-9.1763449" lon="148.3895829"/>
      <trkpt lat="-9.1761859" lon="148.3896680"/>
      <trkpt lat="-9.1760306" lon="148.3897568"/>
      <trkpt lat="-9.1758794" lon="148.3898520"/>
      <trkpt lat="-9.1757275" lon="148.3899447"/>
      <trkpt lat="-9.1755718" lon="148.3900317"/>
      <trkpt lat="-9.1754127" lon="148.3901127"/>
      <trkpt lat="-9.1752682" lon="148.3902136"/>
      <trkpt lat="-9.1751356" lon="148.3903287"/>
      <trkpt lat="-9.1750044" lon="148.3904447"/>
      <trkpt lat="-9.1748693" lon="148.3905561"/>
      <trkpt lat="-9.1747472" lon="148.3906740"/>
      <trkpt lat="-9.1746243" lon="148.3907924"/>
      <trkpt lat="-9.1745067" lon="148.3909204"/>
      <trkpt lat="-9.1743852" lon="148.3910490"/>
      <trkpt lat="-9.1742963" lon="148.3912018"/>
      <trkpt lat="-9.1742216" lon="148.3913641"/>
      <trkpt lat="-9.1741370" lon="148.3915160"/>
      <trkpt lat="-9.1740171" lon="148.3916396"/>
      <trkpt lat="-9.1738691" lon="148.3917333"/>
      <trkpt lat="-9.1737078" lon="148.3918133"/>
      <trkpt lat="-9.1735447" lon="148.3918872"/>
      <trkpt lat="-9.1733830" lon="148.3919620"/>
      <trkpt lat="-9.1732243" lon="148.3920426"/>
      <trkpt lat="-9.1730771" lon="148.3921414"/>
      <trkpt lat="-9.1729477" lon="148.3922639"/>
      <trkpt lat="-9.1728392" lon="148.3924045"/>
      <trkpt lat="-9.1727505" lon="148.3925602"/>
      <trkpt lat="-9.1726839" lon="148.3927256"/>
      <trkpt lat="-9.1726287" lon="148.3928816"/>
      <trkpt lat="-9.1725737" lon="148.3930048"/>
      <trkpt lat="-9.1725083" lon="148.3930917"/>
    </trkseg>
    <trkseg>
      <trkpt lat="-9.1726250" lon="148.3930567"/>
      <trkpt lat="-9.1724554" lon="148.3930059"/>
      <trkpt lat="-9.1722922" lon="148.3929394"/>
      <trkpt lat="-9.1721495" lon="148.3928432"/>
      <trkpt lat="-9.1720122" lon="148.3927328"/>
      <trkpt lat="-9.1718727" lon="148.3926250"/>
      <trkpt lat="-9.1717231" lon="148.3925273"/>
      <trkpt lat="-9.1715897" lon="148.3924115"/>
      <trkpt lat="-9.1714706" lon="148.3922812"/>
      <trkpt lat="-9.1713621" lon="148.3921390"/>
      <trkpt lat="-9.1712474" lon="148.3920019"/>
      <trkpt lat="-9.1711138" lon="148.3918901"/>
      <trkpt lat="-9.1709552" lon="148.3918198"/>
      <trkpt lat="-9.1707822" lon="148.3917881"/>
      <trkpt lat="-9.1706067" lon="148.3917912"/>
      <trkpt lat="-9.1704394" lon="148.3918323"/>
      <trkpt lat="-9.1702732" lon="148.3918943"/>
      <trkpt lat="-9.1701099" lon="148.3919635"/>
      <trkpt lat="-9.1699424" lon="148.3920245"/>
      <trkpt lat="-9.1697754" lon="148.3920884"/>
      <trkpt lat="-9.1696053" lon="148.3921418"/>
      <trkpt lat="-9.1694312" lon="148.3921781"/>
      <trkpt lat="-9.1692609" lon="148.3922141"/>
      <trkpt lat="-9.1690987" lon="148.3922707"/>
      <trkpt lat="-9.1689424" lon="148.3923502"/>
      <trkpt lat="-9.1687793" lon="148.3924157"/>
      <trkpt lat="-9.1686066" lon="148.3924489"/>
      <trkpt lat="-9.1684590" lon="148.3924596"/>
      <trkpt lat="-9.1683417" lon="148.3924683"/>
    </trkseg>
    <trkseg>
      <trkpt lat="-9.1683450" lon="148.3925617"/>
      <trkpt lat="-9.1684249" lon="148.3927242"/>
      <trkpt lat="-9.1684901" lon="148.3928926"/>
      <trkpt lat="-9.1685651" lon="148.3930443"/>
      <trkpt lat="-9.1686653" lon="148.3931731"/>
      <trkpt lat="-9.1687903" lon="148.3932887"/>
      <trkpt lat="-9.1689262" lon="148.3934025"/>
      <trkpt lat="-9.1690648" lon="148.3935136"/>
      <trkpt lat="-9.1692111" lon="148.3936063"/>
      <trkpt lat="-9.1693239" lon="148.3937228"/>
      <trkpt lat="-9.1694157" lon="148.3938594"/>
      <trkpt lat="-9.1694770" lon="148.3940253"/>
      <trkpt lat="-9.1695529" lon="148.3941836"/>
      <trkpt lat="-9.1696208" lon="148.3943472"/>
      <trkpt lat="-9.1697112" lon="148.3944995"/>
      <trkpt lat="-9.1698187" lon="148.3946300"/>
      <trkpt lat="-9.1699473" lon="148.3947271"/>
      <trkpt lat="-9.1700831" lon="148.3947964"/>
      <trkpt lat="-9.1702127" lon="148.3948603"/>
      <trkpt lat="-9.1703585" lon="148.3949168"/>
      <trkpt lat="-9.1705128" lon="148.3949745"/>
      <trkpt lat="-9.1706451" lon="148.3950583"/>
      <trkpt lat="-9.1707765" lon="148.3951399"/>
      <trkpt lat="-9.1708981" lon="148.3952432"/>
      <trkpt lat="-9.1710341" lon="148.3953457"/>
      <trkpt lat="-9.1711714" lon="148.3954497"/>
      <trkpt lat="-9.1713211" lon="148.3955068"/>
      <trkpt lat="-9.1714846" lon="148.3955478"/>
      <trkpt lat="-9.1716400" lon="148.3956033"/>
      <trkpt lat="-9.1717946" lon="148.3956769"/>
      <trkpt lat="-9.1719481" lon="148.3956977"/>
      <trkpt lat="-9.1720902" lon="148.3957254"/>
      <trkpt lat="-9.1722277" lon="148.3957203"/>
      <trkpt lat="-9.1723754" lon="148.3957540"/>
      <trkpt lat="-9.1725160" lon="148.3958022"/>
      <trkpt lat="-9.1726489" lon="148.3958782"/>
      <trkpt lat="-9.1727122" lon="148.3959923"/>
      <trkpt lat="-9.1727991" lon="148.3960792"/>
      <trkpt lat="-9.1728621" lon="148.3962056"/>
      <trkpt lat="-9.1729426" lon="148.3963340"/>
      <trkpt lat="-9.1729597" lon="148.3964970"/>
      <trkpt lat="-9.1729354" lon="148.3966566"/>
      <trkpt lat="-9.1729263" lon="148.3968063"/>
      <trkpt lat="-9.1729355" lon="148.3969459"/>
      <trkpt lat="-9.1729892" lon="148.3970977"/>
      <trkpt lat="-9.1730632" lon="148.3972444"/>
      <trkpt lat="-9.1731711" lon="148.3973718"/>
      <trkpt lat="-9.1733102" lon="148.3974626"/>
      <trkpt lat="-9.1734616" lon="148.3975043"/>
      <trkpt lat="-9.1736158" lon="148.3975361"/>
      <trkpt lat="-9.1737074" lon="148.3976088"/>
      <trkpt lat="-9.1737687" lon="148.3977145"/>
      <trkpt lat="-9.1737728" lon="148.3977955"/>
      <trkpt lat="-9.1737549" lon="148.3978455"/>
      <trkpt lat="-9.1736592" lon="148.3978878"/>
      <trkpt lat="-9.1735395" lon="148.3979836"/>
      <trkpt lat="-9.1734651" lon="148.3981094"/>
      <trkpt lat="-9.1734293" lon="148.3982668"/>
      <trkpt lat="-9.1734060" lon="148.3984089"/>
      <trkpt lat="-9.1733402" lon="148.3985357"/>
      <trkpt lat="-9.1732732" lon="148.3986587"/>
      <trkpt lat="-9.1732287" lon="148.3988082"/>
      <trkpt lat="-9.1732183" lon="148.3989651"/>
      <trkpt lat="-9.1732620" lon="148.3991229"/>
      <trkpt lat="-9.1733354" lon="148.3992725"/>
      <trkpt lat="-9.1734388" lon="148.3994154"/>
      <trkpt lat="-9.1735368" lon="148.3995614"/>
      <trkpt lat="-9.1736156" lon="148.3997153"/>
      <trkpt lat="-9.1736704" lon="148.3998824"/>
      <trkpt lat="-9.1737147" lon="148.4000495"/>
      <trkpt lat="-9.1737871" lon="148.4002017"/>
      <trkpt lat="-9.1738883" lon="148.4003341"/>
      <trkpt lat="-9.1739856" lon="148.4004581"/>
      <trkpt lat="-9.1741023" lon="148.4005361"/>
      <trkpt lat="-9.1741925" lon="148.4005849"/>
      <trkpt lat="-9.1742658" lon="148.4005596"/>
      <trkpt lat="-9.1742789" lon="148.4005280"/>
      <trkpt lat="-9.1742726" lon="148.4004977"/>
      <trkpt lat="-9.1742633" lon="148.4005067"/>
    </trkseg>
    <trkseg>
      <trkpt lat="-9.1743617" lon="148.4004517"/>
      <trkpt lat="-9.1743245" lon="148.4006144"/>
      <trkpt lat="-9.1743233" lon="148.4007592"/>
      <trkpt lat="-9.1743499" lon="148.4009043"/>
      <trkpt lat="-9.1743656" lon="148.4010516"/>
      <trkpt lat="-9.1743741" lon="148.4012224"/>
      <trkpt lat="-9.1743879" lon="148.4013979"/>
      <trkpt lat="-9.1743852" lon="148.4015645"/>
      <trkpt lat="-9.1743387" lon="148.4017191"/>
      <trkpt lat="-9.1742738" lon="148.4018692"/>
      <trkpt lat="-9.1742592" lon="148.4020233"/>
      <trkpt lat="-9.1742514" lon="148.4021852"/>
      <trkpt lat="-9.1742497" lon="148.4023545"/>
      <trkpt lat="-9.1741930" lon="148.4025170"/>
      <trkpt lat="-9.1741759" lon="148.4026825"/>
      <trkpt lat="-9.1741919" lon="148.4028227"/>
      <trkpt lat="-9.1742838" lon="148.4029030"/>
      <trkpt lat="-9.1743943" lon="148.4029787"/>
      <trkpt lat="-9.1744957" lon="148.4030728"/>
      <trkpt lat="-9.1745850" lon="148.4032256"/>
      <trkpt lat="-9.1746568" lon="148.4033830"/>
      <trkpt lat="-9.1747332" lon="148.4035326"/>
      <trkpt lat="-9.1747800" lon="148.4036873"/>
      <trkpt lat="-9.1748042" lon="148.4038436"/>
      <trkpt lat="-9.1748005" lon="148.4040104"/>
      <trkpt lat="-9.1747944" lon="148.4041858"/>
      <trkpt lat="-9.1748162" lon="148.4043508"/>
      <trkpt lat="-9.1748261" lon="148.4045171"/>
      <trkpt lat="-9.1748620" lon="148.4046720"/>
      <trkpt lat="-9.1749164" lon="148.4047694"/>
      <trkpt lat="-9.1750154" lon="148.4048277"/>
      <trkpt lat="-9.1750932" lon="148.4048138"/>
      <trkpt lat="-9.1751075" lon="148.4047602"/>
      <trkpt lat="-9.1751133" lon="148.4047194"/>
      <trkpt lat="-9.1751400" lon="148.4047333"/>
    </trkseg>
    <trkseg>
      <trkpt lat="-9.1751333" lon="148.4048550"/>
      <trkpt lat="-9.1749638" lon="148.4048884"/>
      <trkpt lat="-9.1747956" lon="148.4049386"/>
      <trkpt lat="-9.1746339" lon="148.4050163"/>
      <trkpt lat="-9.1744830" lon="148.4051116"/>
      <trkpt lat="-9.1743392" lon="148.4052172"/>
      <trkpt lat="-9.1742151" lon="148.4053407"/>
      <trkpt lat="-9.1740876" lon="148.4054607"/>
      <trkpt lat="-9.1740125" lon="148.4056014"/>
      <trkpt lat="-9.1739623" lon="148.4057505"/>
      <trkpt lat="-9.1739891" lon="148.4059129"/>
      <trkpt lat="-9.1739598" lon="148.4060510"/>
      <trkpt lat="-9.1738780" lon="148.4061456"/>
      <trkpt lat="-9.1737250" lon="148.4061663"/>
      <trkpt lat="-9.1735660" lon="148.4061700"/>
      <trkpt lat="-9.1734127" lon="148.4061457"/>
      <trkpt lat="-9.1732534" lon="148.4061466"/>
      <trkpt lat="-9.1731569" lon="148.4061739"/>
      <trkpt lat="-9.1730783" lon="148.4062468"/>
      <trkpt lat="-9.1729918" lon="148.4063150"/>
      <trkpt lat="-9.1728434" lon="148.4063417"/>
      <trkpt lat="-9.1726873" lon="148.4063096"/>
      <trkpt lat="-9.1725339" lon="148.4062960"/>
      <trkpt lat="-9.1724265" lon="148.4063435"/>
      <trkpt lat="-9.1723697" lon="148.4064683"/>
      <trkpt lat="-9.1723137" lon="148.4065898"/>
      <trkpt lat="-9.1722122" lon="148.4066428"/>
      <trkpt lat="-9.1720492" lon="148.4066195"/>
      <trkpt lat="-9.1719035" lon="148.4065385"/>
      <trkpt lat="-9.1718060" lon="148.4064141"/>
      <trkpt lat="-9.1717064" lon="148.4062899"/>
      <trkpt lat="-9.1715879" lon="148.4062168"/>
      <trkpt lat="-9.1714410" lon="148.4062416"/>
      <trkpt lat="-9.1713154" lon="148.4063398"/>
      <trkpt lat="-9.1711940" lon="148.4064587"/>
      <trkpt lat="-9.1710554" lon="148.4065585"/>
      <trkpt lat="-9.1708941" lon="148.4065996"/>
      <trkpt lat="-9.1707252" lon="148.4066056"/>
      <trkpt lat="-9.1705526" lon="148.4065730"/>
      <trkpt lat="-9.1703775" lon="148.4065364"/>
      <trkpt lat="-9.1702088" lon="148.4064819"/>
      <trkpt lat="-9.1700394" lon="148.4064359"/>
      <trkpt lat="-9.1698739" lon="148.4064257"/>
      <trkpt lat="-9.1697057" lon="148.4064684"/>
      <trkpt lat="-9.1695703" lon="148.4065653"/>
      <trkpt lat="-9.1694434" lon="148.4066729"/>
      <trkpt lat="-9.1693239" lon="148.4067935"/>
      <trkpt lat="-9.1691759" lon="148.4068614"/>
      <trkpt lat="-9.1690152" lon="148.4069040"/>
      <trkpt lat="-9.1688439" lon="148.4069154"/>
      <trkpt lat="-9.1686793" lon="148.4068930"/>
      <trkpt lat="-9.1685244" lon="148.4068318"/>
      <trkpt lat="-9.1683729" lon="148.4067417"/>
      <trkpt lat="-9.1682111" lon="148.4066757"/>
      <trkpt lat="-9.1680386" lon="148.4066406"/>
      <trkpt lat="-9.1678621" lon="148.4066194"/>
      <trkpt lat="-9.1676839" lon="148.4066072"/>
      <trkpt lat="-9.1675094" lon="148.4065730"/>
      <trkpt lat="-9.1673396" lon="148.4065228"/>
      <trkpt lat="-9.1671790" lon="148.4064467"/>
      <trkpt lat="-9.1670352" lon="148.4063462"/>
      <trkpt lat="-9.1669105" lon="148.4062217"/>
      <trkpt lat="-9.1668080" lon="148.4060741"/>
      <trkpt lat="-9.1667090" lon="148.4059258"/>
      <trkpt lat="-9.1665924" lon="148.4057968"/>
      <trkpt lat="-9.1664660" lon="148.4056746"/>
      <trkpt lat="-9.1663522" lon="148.4055466"/>
      <trkpt lat="-9.1662720" lon="148.4053955"/>
      <trkpt lat="-9.1662069" lon="148.4052507"/>
      <trkpt lat="-9.1661266" lon="148.4051659"/>
      <trkpt lat="-9.1660267" lon="148.4051417"/>
    </trkseg>
    <trkseg>
      <trkpt lat="-9.1660533" lon="148.4050400"/>
      <trkpt lat="-9.1658761" lon="148.4050399"/>
      <trkpt lat="-9.1657171" lon="148.4050078"/>
      <trkpt lat="-9.1655634" lon="148.4049787"/>
      <trkpt lat="-9.1654142" lon="148.4049678"/>
      <trkpt lat="-9.1652559" lon="148.4050073"/>
      <trkpt lat="-9.1650954" lon="148.4050247"/>
      <trkpt lat="-9.1649332" lon="148.4050555"/>
      <trkpt lat="-9.1647746" lon="148.4050307"/>
      <trkpt lat="-9.1646375" lon="148.4049783"/>
      <trkpt lat="-9.1645294" lon="148.4048495"/>
      <trkpt lat="-9.1644304" lon="148.4047527"/>
      <trkpt lat="-9.1643076" lon="148.4046927"/>
      <trkpt lat="-9.1641688" lon="148.4046501"/>
      <trkpt lat="-9.1640155" lon="148.4046090"/>
      <trkpt lat="-9.1638637" lon="148.4045790"/>
      <trkpt lat="-9.1637445" lon="148.4045666"/>
      <trkpt lat="-9.1636458" lon="148.4045571"/>
      <trkpt lat="-9.1636396" lon="148.4045291"/>
      <trkpt lat="-9.1636220" lon="148.4044932"/>
      <trkpt lat="-9.1636167" lon="148.4044317"/>
    </trkseg>
    <trkseg>
      <trkpt lat="-9.1636183" lon="148.4045267"/>
      <trkpt lat="-9.1636915" lon="148.4044896"/>
      <trkpt lat="-9.1637193" lon="148.4044774"/>
      <trkpt lat="-9.1637017" lon="148.4044900"/>
    </trkseg>
    <trkseg>
      <trkpt lat="-9.1636867" lon="148.4046033"/>
      <trkpt lat="-9.1636660" lon="148.4044320"/>
      <trkpt lat="-9.1636189" lon="148.4042719"/>
      <trkpt lat="-9.1635154" lon="148.4041863"/>
      <trkpt lat="-9.1634007" lon="148.4041871"/>
      <trkpt lat="-9.1632775" lon="148.4041842"/>
      <trkpt lat="-9.1631770" lon="148.4041134"/>
      <trkpt lat="-9.1630748" lon="148.4039677"/>
      <trkpt lat="-9.1629498" lon="148.4038742"/>
      <trkpt lat="-9.1628003" lon="148.4038072"/>
      <trkpt lat="-9.1626519" lon="148.4037412"/>
      <trkpt lat="-9.1625078" lon="148.4036412"/>
      <trkpt lat="-9.1623662" lon="148.4035370"/>
      <trkpt lat="-9.1622101" lon="148.4034525"/>
      <trkpt lat="-9.1620548" lon="148.4034226"/>
      <trkpt lat="-9.1619246" lon="148.4033705"/>
      <trkpt lat="-9.1618067" lon="148.4032996"/>
      <trkpt lat="-9.1617019" lon="148.4031725"/>
      <trkpt lat="-9.1616271" lon="148.4030441"/>
      <trkpt lat="-9.1615404" lon="148.4029799"/>
      <trkpt lat="-9.1614362" lon="148.4029518"/>
      <trkpt lat="-9.1612893" lon="148.4030215"/>
      <trkpt lat="-9.1611505" lon="148.4030563"/>
      <trkpt lat="-9.1610173" lon="148.4030561"/>
      <trkpt lat="-9.1608657" lon="148.4030001"/>
      <trkpt lat="-9.1607204" lon="148.4029936"/>
      <trkpt lat="-9.1605633" lon="148.4030261"/>
      <trkpt lat="-9.1604068" lon="148.4030801"/>
      <trkpt lat="-9.1602386" lon="148.4031158"/>
      <trkpt lat="-9.1600721" lon="148.4031519"/>
      <trkpt lat="-9.1599268" lon="148.4032196"/>
      <trkpt lat="-9.1597742" lon="148.4032599"/>
      <trkpt lat="-9.1596210" lon="148.4033006"/>
      <trkpt lat="-9.1594584" lon="148.4033006"/>
      <trkpt lat="-9.1593095" lon="148.4033341"/>
      <trkpt lat="-9.1591632" lon="148.4033753"/>
      <trkpt lat="-9.1590140" lon="148.4034467"/>
      <trkpt lat="-9.1588655" lon="148.4034934"/>
      <trkpt lat="-9.1587368" lon="148.4034836"/>
      <trkpt lat="-9.1586134" lon="148.4034411"/>
      <trkpt lat="-9.1584772" lon="148.4033898"/>
      <trkpt lat="-9.1583328" lon="148.4033826"/>
      <trkpt lat="-9.1581788" lon="148.4033879"/>
      <trkpt lat="-9.1580385" lon="148.4033590"/>
      <trkpt lat="-9.1578928" lon="148.4032979"/>
      <trkpt lat="-9.1577409" lon="148.4032193"/>
      <trkpt lat="-9.1575768" lon="148.4031873"/>
      <trkpt lat="-9.1574084" lon="148.4031752"/>
      <trkpt lat="-9.1572477" lon="148.4031394"/>
      <trkpt lat="-9.1570852" lon="148.4031039"/>
      <trkpt lat="-9.1569198" lon="148.4030897"/>
      <trkpt lat="-9.1567485" lon="148.4031013"/>
      <trkpt lat="-9.1565809" lon="148.4030818"/>
      <trkpt lat="-9.1564130" lon="148.4030390"/>
      <trkpt lat="-9.1562538" lon="148.4030053"/>
      <trkpt lat="-9.1561017" lon="148.4030000"/>
    </trkseg>
    <trkseg>
      <trkpt lat="-9.1562100" lon="148.4029950"/>
      <trkpt lat="-9.1560860" lon="148.4030142"/>
      <trkpt lat="-9.1559641" lon="148.4029688"/>
      <trkpt lat="-9.1558336" lon="148.4028852"/>
      <trkpt lat="-9.1556773" lon="148.4028149"/>
      <trkpt lat="-9.1555150" lon="148.4027505"/>
      <trkpt lat="-9.1553569" lon="148.4026663"/>
      <trkpt lat="-9.1551900" lon="148.4026041"/>
      <trkpt lat="-9.1550242" lon="148.4025434"/>
      <trkpt lat="-9.1548691" lon="148.4024694"/>
      <trkpt lat="-9.1547265" lon="148.4023694"/>
      <trkpt lat="-9.1545838" lon="148.4022674"/>
      <trkpt lat="-9.1544350" lon="148.4021705"/>
      <trkpt lat="-9.1542907" lon="148.4021198"/>
      <trkpt lat="-9.1541508" lon="148.4021130"/>
      <trkpt lat="-9.1540043" lon="148.4021288"/>
      <trkpt lat="-9.1538516" lon="148.4021604"/>
      <trkpt lat="-9.1536930" lon="148.4021975"/>
      <trkpt lat="-9.1535421" lon="148.4022732"/>
      <trkpt lat="-9.1533923" lon="148.4023567"/>
      <trkpt lat="-9.1532364" lon="148.4024181"/>
      <trkpt lat="-9.1530732" lon="148.4024726"/>
      <trkpt lat="-9.1529057" lon="148.4025254"/>
      <trkpt lat="-9.1527421" lon="148.4025984"/>
      <trkpt lat="-9.1525742" lon="148.4026528"/>
      <trkpt lat="-9.1524005" lon="148.4026946"/>
      <trkpt lat="-9.1522268" lon="148.4027305"/>
      <trkpt lat="-9.1520544" lon="148.4027662"/>
      <trkpt lat="-9.1518937" lon="148.4028179"/>
      <trkpt lat="-9.1517367" lon="148.4028500"/>
      <trkpt lat="-9.1515936" lon="148.4028395"/>
      <trkpt lat="-9.1514726" lon="148.4027398"/>
      <trkpt lat="-9.1513613" lon="148.4026124"/>
      <trkpt lat="-9.1512488" lon="148.4024864"/>
      <trkpt lat="-9.1511079" lon="148.4024233"/>
      <trkpt lat="-9.1509658" lon="148.4023542"/>
      <trkpt lat="-9.1508189" lon="148.4022927"/>
      <trkpt lat="-9.1506913" lon="148.4021733"/>
      <trkpt lat="-9.1505630" lon="148.4020521"/>
      <trkpt lat="-9.1504350" lon="148.4019436"/>
      <trkpt lat="-9.1503078" lon="148.4019351"/>
      <trkpt lat="-9.1501916" lon="148.4020165"/>
      <trkpt lat="-9.1500847" lon="148.4021590"/>
      <trkpt lat="-9.1499573" lon="148.4022769"/>
      <trkpt lat="-9.1498224" lon="148.4023749"/>
      <trkpt lat="-9.1496969" lon="148.4024803"/>
      <trkpt lat="-9.1495650" lon="148.4025720"/>
      <trkpt lat="-9.1494213" lon="148.4026622"/>
      <trkpt lat="-9.1493077" lon="148.4027034"/>
      <trkpt lat="-9.1492517" lon="148.4027333"/>
    </trkseg>
    <trkseg>
      <trkpt lat="-9.1491400" lon="148.4027267"/>
      <trkpt lat="-9.1489985" lon="148.4026186"/>
      <trkpt lat="-9.1488559" lon="148.4025220"/>
      <trkpt lat="-9.1487420" lon="148.4024119"/>
      <trkpt lat="-9.1487004" lon="148.4022959"/>
      <trkpt lat="-9.1487144" lon="148.4021479"/>
      <trkpt lat="-9.1487568" lon="148.4019972"/>
      <trkpt lat="-9.1487874" lon="148.4018245"/>
      <trkpt lat="-9.1488281" lon="148.4016534"/>
      <trkpt lat="-9.1488874" lon="148.4014851"/>
      <trkpt lat="-9.1489716" lon="148.4013337"/>
      <trkpt lat="-9.1490660" lon="148.4011866"/>
      <trkpt lat="-9.1491658" lon="148.4010435"/>
      <trkpt lat="-9.1492692" lon="148.4009011"/>
      <trkpt lat="-9.1493889" lon="148.4007756"/>
      <trkpt lat="-9.1494959" lon="148.4006520"/>
      <trkpt lat="-9.1495721" lon="148.4005153"/>
      <trkpt lat="-9.1496302" lon="148.4003632"/>
      <trkpt lat="-9.1496795" lon="148.4002019"/>
      <trkpt lat="-9.1497333" lon="148.4000372"/>
      <trkpt lat="-9.1497640" lon="148.3998647"/>
      <trkpt lat="-9.1498024" lon="148.3997282"/>
      <trkpt lat="-9.1498670" lon="148.3996080"/>
      <trkpt lat="-9.1499749" lon="148.3995101"/>
      <trkpt lat="-9.1501101" lon="148.3993974"/>
      <trkpt lat="-9.1502518" lon="148.3993496"/>
      <trkpt lat="-9.1504012" lon="148.3993384"/>
      <trkpt lat="-9.1505488" lon="148.3993248"/>
      <trkpt lat="-9.1506253" lon="148.3992478"/>
      <trkpt lat="-9.1505928" lon="148.3991435"/>
      <trkpt lat="-9.1504547" lon="148.3990635"/>
      <trkpt lat="-9.1502860" lon="148.3990311"/>
      <trkpt lat="-9.1501128" lon="148.3990253"/>
      <trkpt lat="-9.1499426" lon="148.3990541"/>
      <trkpt lat="-9.1497695" lon="148.3990752"/>
      <trkpt lat="-9.1496074" lon="148.3990617"/>
      <trkpt lat="-9.1494443" lon="148.3990111"/>
      <trkpt lat="-9.1492814" lon="148.3989574"/>
      <trkpt lat="-9.1491437" lon="148.3989413"/>
      <trkpt lat="-9.1490400" lon="148.3989417"/>
    </trkseg>
    <trkseg>
      <trkpt lat="-9.1479967" lon="148.3983250"/>
      <trkpt lat="-9.1478360" lon="148.3984004"/>
      <trkpt lat="-9.1477617" lon="148.3984900"/>
    </trkseg>
    <trkseg>
      <trkpt lat="-9.1477000" lon="148.3985700"/>
      <trkpt lat="-9.1476034" lon="148.3987049"/>
      <trkpt lat="-9.1475204" lon="148.3988521"/>
      <trkpt lat="-9.1474583" lon="148.3990152"/>
      <trkpt lat="-9.1474033" lon="148.3991812"/>
      <trkpt lat="-9.1473749" lon="148.3993558"/>
      <trkpt lat="-9.1473976" lon="148.3995294"/>
      <trkpt lat="-9.1474216" lon="148.3997028"/>
      <trkpt lat="-9.1474175" lon="148.3998643"/>
      <trkpt lat="-9.1473628" lon="148.4000278"/>
      <trkpt lat="-9.1472907" lon="148.4001815"/>
      <trkpt lat="-9.1472050" lon="148.4003177"/>
      <trkpt lat="-9.1471037" lon="148.4004440"/>
      <trkpt lat="-9.1470327" lon="148.4005762"/>
      <trkpt lat="-9.1469792" lon="148.4007245"/>
      <trkpt lat="-9.1469174" lon="148.4008640"/>
      <trkpt lat="-9.1467983" lon="148.4009851"/>
      <trkpt lat="-9.1467209" lon="148.4011182"/>
      <trkpt lat="-9.1466562" lon="148.4012546"/>
      <trkpt lat="-9.1466126" lon="148.4014084"/>
      <trkpt lat="-9.1465285" lon="148.4015561"/>
      <trkpt lat="-9.1464269" lon="148.4016758"/>
      <trkpt lat="-9.1463114" lon="148.4017859"/>
      <trkpt lat="-9.1462214" lon="148.4019041"/>
      <trkpt lat="-9.1461877" lon="148.4020699"/>
      <trkpt lat="-9.1462020" lon="148.4022482"/>
      <trkpt lat="-9.1462220" lon="148.4024255"/>
      <trkpt lat="-9.1462622" lon="148.4025917"/>
      <trkpt lat="-9.1463115" lon="148.4027434"/>
      <trkpt lat="-9.1464169" lon="148.4028450"/>
      <trkpt lat="-9.1465283" lon="148.4029422"/>
      <trkpt lat="-9.1466438" lon="148.4030368"/>
      <trkpt lat="-9.1467393" lon="148.4031540"/>
      <trkpt lat="-9.1468332" lon="148.4032770"/>
      <trkpt lat="-9.1469172" lon="148.4034162"/>
      <trkpt lat="-9.1469715" lon="148.4035831"/>
      <trkpt lat="-9.1470333" lon="148.4036975"/>
      <trkpt lat="-9.1471150" lon="148.4037517"/>
    </trkseg>
    <trkseg>
      <trkpt lat="-9.1471267" lon="148.4038450"/>
      <trkpt lat="-9.1470299" lon="148.4039967"/>
      <trkpt lat="-9.1469600" lon="148.4041598"/>
      <trkpt lat="-9.1469231" lon="148.4043350"/>
      <trkpt lat="-9.1468891" lon="148.4045059"/>
      <trkpt lat="-9.1468395" lon="148.4046168"/>
      <trkpt lat="-9.1467345" lon="148.4046628"/>
      <trkpt lat="-9.1466449" lon="148.4046106"/>
      <trkpt lat="-9.1465474" lon="148.4045104"/>
      <trkpt lat="-9.1464632" lon="148.4043796"/>
      <trkpt lat="-9.1463238" lon="148.4042872"/>
      <trkpt lat="-9.1461582" lon="148.4042479"/>
      <trkpt lat="-9.1459931" lon="148.4042296"/>
      <trkpt lat="-9.1458669" lon="148.4041733"/>
      <trkpt lat="-9.1457744" lon="148.4040613"/>
      <trkpt lat="-9.1457028" lon="148.4039092"/>
      <trkpt lat="-9.1456157" lon="148.4037547"/>
      <trkpt lat="-9.1455270" lon="148.4036009"/>
      <trkpt lat="-9.1454131" lon="148.4034836"/>
      <trkpt lat="-9.1453007" lon="148.4034488"/>
      <trkpt lat="-9.1451799" lon="148.4035056"/>
      <trkpt lat="-9.1450613" lon="148.4036164"/>
      <trkpt lat="-9.1449714" lon="148.4037002"/>
      <trkpt lat="-9.1449117" lon="148.4037500"/>
    </trkseg>
    <trkseg>
      <trkpt lat="-9.1447317" lon="148.4042617"/>
      <trkpt lat="-9.1446061" lon="148.4043907"/>
      <trkpt lat="-9.1445044" lon="148.4044824"/>
      <trkpt lat="-9.1444267" lon="148.4045367"/>
    </trkseg>
    <trkseg>
      <trkpt lat="-9.1443367" lon="148.4045200"/>
      <trkpt lat="-9.1442138" lon="148.4046146"/>
      <trkpt lat="-9.1441931" lon="148.4046537"/>
      <trkpt lat="-9.1442390" lon="148.4047061"/>
      <trkpt lat="-9.1443623" lon="148.4047727"/>
      <trkpt lat="-9.1444808" lon="148.4048797"/>
      <trkpt lat="-9.1446109" lon="148.4049845"/>
      <trkpt lat="-9.1447449" lon="148.4050943"/>
      <trkpt lat="-9.1448542" lon="148.4052300"/>
      <trkpt lat="-9.1449404" lon="148.4053741"/>
      <trkpt lat="-9.1449965" lon="148.4055372"/>
      <trkpt lat="-9.1450333" lon="148.4057053"/>
      <trkpt lat="-9.1450680" lon="148.4058743"/>
      <trkpt lat="-9.1450670" lon="148.4060390"/>
      <trkpt lat="-9.1450535" lon="148.4061998"/>
      <trkpt lat="-9.1450562" lon="148.4063543"/>
      <trkpt lat="-9.1450822" lon="148.4065155"/>
      <trkpt lat="-9.1450838" lon="148.4066698"/>
      <trkpt lat="-9.1450131" lon="148.4068071"/>
      <trkpt lat="-9.1448887" lon="148.4069242"/>
      <trkpt lat="-9.1447895" lon="148.4070382"/>
      <trkpt lat="-9.1447095" lon="148.4071596"/>
      <trkpt lat="-9.1446569" lon="148.4072996"/>
      <trkpt lat="-9.1445506" lon="148.4074183"/>
      <trkpt lat="-9.1444277" lon="148.4075290"/>
      <trkpt lat="-9.1442716" lon="148.4076119"/>
      <trkpt lat="-9.1441309" lon="148.4077110"/>
      <trkpt lat="-9.1440210" lon="148.4077755"/>
      <trkpt lat="-9.1439500" lon="148.4078133"/>
    </trkseg>
    <trkseg>
      <trkpt lat="-9.1438600" lon="148.4078333"/>
      <trkpt lat="-9.1438915" lon="148.4080070"/>
      <trkpt lat="-9.1439566" lon="148.4081687"/>
      <trkpt lat="-9.1440364" lon="148.4083286"/>
      <trkpt lat="-9.1440795" lon="148.4084911"/>
      <trkpt lat="-9.1441122" lon="148.4086606"/>
      <trkpt lat="-9.1441680" lon="148.4088166"/>
      <trkpt lat="-9.1442692" lon="148.4089647"/>
      <trkpt lat="-9.1443345" lon="148.4090973"/>
      <trkpt lat="-9.1443584" lon="148.4092456"/>
      <trkpt lat="-9.1443047" lon="148.4093823"/>
      <trkpt lat="-9.1442117" lon="148.4095098"/>
      <trkpt lat="-9.1440924" lon="148.4096239"/>
      <trkpt lat="-9.1439834" lon="148.4097476"/>
      <trkpt lat="-9.1438724" lon="148.4098691"/>
      <trkpt lat="-9.1437443" lon="148.4099835"/>
      <trkpt lat="-9.1436137" lon="148.4101016"/>
      <trkpt lat="-9.1435207" lon="148.4102487"/>
      <trkpt lat="-9.1434896" lon="148.4104133"/>
      <trkpt lat="-9.1435014" lon="148.4105521"/>
      <trkpt lat="-9.1435367" lon="148.4106583"/>
    </trkseg>
    <trkseg>
      <trkpt lat="-9.1434700" lon="148.3938283"/>
      <trkpt lat="-9.1434207" lon="148.3940012"/>
      <trkpt lat="-9.1433764" lon="148.3941742"/>
      <trkpt lat="-9.1433528" lon="148.3942950"/>
      <trkpt lat="-9.1433745" lon="148.3943853"/>
      <trkpt lat="-9.1434702" lon="148.3944103"/>
      <trkpt lat="-9.1436186" lon="148.3944509"/>
      <trkpt lat="-9.1437794" lon="148.3944941"/>
      <trkpt lat="-9.1439097" lon="148.3945988"/>
      <trkpt lat="-9.1440246" lon="148.3947293"/>
      <trkpt lat="-9.1441251" lon="148.3948751"/>
      <trkpt lat="-9.1442336" lon="148.3950161"/>
      <trkpt lat="-9.1443507" lon="148.3951503"/>
      <trkpt lat="-9.1444563" lon="148.3952917"/>
      <trkpt lat="-9.1445685" lon="148.3954256"/>
      <trkpt lat="-9.1446850" lon="148.3955530"/>
      <trkpt lat="-9.1448360" lon="148.3956393"/>
      <trkpt lat="-9.1450033" lon="148.3956962"/>
      <trkpt lat="-9.1451667" lon="148.3957500"/>
      <trkpt lat="-9.1452703" lon="148.3958446"/>
      <trkpt lat="-9.1452591" lon="148.3959203"/>
      <trkpt lat="-9.1451459" lon="148.3959488"/>
      <trkpt lat="-9.1449980" lon="148.3959715"/>
      <trkpt lat="-9.1448719" lon="148.3960514"/>
      <trkpt lat="-9.1447738" lon="148.3962025"/>
      <trkpt lat="-9.1446842" lon="148.3963593"/>
      <trkpt lat="-9.1445861" lon="148.3965029"/>
      <trkpt lat="-9.1444572" lon="148.3965852"/>
      <trkpt lat="-9.1443038" lon="148.3966142"/>
      <trkpt lat="-9.1441526" lon="148.3965624"/>
      <trkpt lat="-9.1440177" lon="148.3964756"/>
      <trkpt lat="-9.1438811" lon="148.3963923"/>
      <trkpt lat="-9.1437267" lon="148.3963473"/>
      <trkpt lat="-9.1435705" lon="148.3963795"/>
      <trkpt lat="-9.1434397" lon="148.3964617"/>
      <trkpt lat="-9.1433608" lon="148.3966090"/>
      <trkpt lat="-9.1433344" lon="148.3967817"/>
      <trkpt lat="-9.1433452" lon="148.3969604"/>
      <trkpt lat="-9.1433722" lon="148.3971390"/>
      <trkpt lat="-9.1434133" lon="148.3973138"/>
      <trkpt lat="-9.1434847" lon="148.3974743"/>
      <trkpt lat="-9.1435957" lon="148.3976101"/>
      <trkpt lat="-9.1436987" lon="148.3977414"/>
      <trkpt lat="-9.1437809" lon="148.3978807"/>
      <trkpt lat="-9.1438338" lon="148.3980427"/>
      <trkpt lat="-9.1438657" lon="148.3982065"/>
      <trkpt lat="-9.1438254" lon="148.3983430"/>
      <trkpt lat="-9.1437074" lon="148.3984387"/>
      <trkpt lat="-9.1435362" lon="148.3984816"/>
      <trkpt lat="-9.1433752" lon="148.3985325"/>
      <trkpt lat="-9.1432409" lon="148.3986168"/>
      <trkpt lat="-9.1431580" lon="148.3987527"/>
      <trkpt lat="-9.1431459" lon="148.3989065"/>
      <trkpt lat="-9.1431424" lon="148.3990649"/>
      <trkpt lat="-9.1431282" lon="148.3992265"/>
      <trkpt lat="-9.1430340" lon="148.3993464"/>
      <trkpt lat="-9.1429046" lon="148.3993995"/>
      <trkpt lat="-9.1427345" lon="148.3994007"/>
      <trkpt lat="-9.1425584" lon="148.3993819"/>
      <trkpt lat="-9.1423843" lon="148.3993980"/>
      <trkpt lat="-9.1422435" lon="148.3994645"/>
      <trkpt lat="-9.1421312" lon="148.3995929"/>
      <trkpt lat="-9.1420318" lon="148.3997405"/>
      <trkpt lat="-9.1419170" lon="148.3998762"/>
      <trkpt lat="-9.1418259" lon="148.4000114"/>
      <trkpt lat="-9.1418065" lon="148.4001581"/>
      <trkpt lat="-9.1418625" lon="148.4003129"/>
      <trkpt lat="-9.1419509" lon="148.4004575"/>
      <trkpt lat="-9.1419864" lon="148.4004940"/>
      <trkpt lat="-9.1419518" lon="148.4004325"/>
      <trkpt lat="-9.1418601" lon="148.4002780"/>
      <trkpt lat="-9.1418131" lon="148.4001382"/>
      <trkpt lat="-9.1418473" lon="148.4000064"/>
      <trkpt lat="-9.1419540" lon="148.3998826"/>
      <trkpt lat="-9.1420746" lon="148.3997507"/>
      <trkpt lat="-9.1421896" lon="148.3996199"/>
      <trkpt lat="-9.1423040" lon="148.3995697"/>
      <trkpt lat="-9.1424165" lon="148.3996157"/>
      <trkpt lat="-9.1425415" lon="148.3997306"/>
      <trkpt lat="-9.1426805" lon="148.3997981"/>
      <trkpt lat="-9.1428137" lon="148.3998286"/>
      <trkpt lat="-9.1429217" lon="148.3998400"/>
    </trkseg>
    <trkseg>
      <trkpt lat="-9.1395583" lon="148.3898667"/>
      <trkpt lat="-9.1396121" lon="148.3900402"/>
      <trkpt lat="-9.1396666" lon="148.3902135"/>
      <trkpt lat="-9.1397432" lon="148.3903737"/>
      <trkpt lat="-9.1398300" lon="148.3905294"/>
      <trkpt lat="-9.1399393" lon="148.3906707"/>
      <trkpt lat="-9.1400693" lon="148.3907744"/>
      <trkpt lat="-9.1402263" lon="148.3908424"/>
      <trkpt lat="-9.1403938" lon="148.3908988"/>
      <trkpt lat="-9.1405439" lon="148.3909910"/>
      <trkpt lat="-9.1406792" lon="148.3911095"/>
      <trkpt lat="-9.1408060" lon="148.3912393"/>
      <trkpt lat="-9.1409327" lon="148.3913691"/>
      <trkpt lat="-9.1410594" lon="148.3914989"/>
      <trkpt lat="-9.1411861" lon="148.3916288"/>
      <trkpt lat="-9.1413129" lon="148.3917586"/>
      <trkpt lat="-9.1414396" lon="148.3918884"/>
      <trkpt lat="-9.1415663" lon="148.3920183"/>
      <trkpt lat="-9.1416930" lon="148.3921481"/>
      <trkpt lat="-9.1418198" lon="148.3922779"/>
      <trkpt lat="-9.1419465" lon="148.3924078"/>
      <trkpt lat="-9.1420732" lon="148.3925376"/>
      <trkpt lat="-9.1421999" lon="148.3926674"/>
      <trkpt lat="-9.1423267" lon="148.3927973"/>
      <trkpt lat="-9.1424534" lon="148.3929271"/>
      <trkpt lat="-9.1425801" lon="148.3930569"/>
      <trkpt lat="-9.1427068" lon="148.3931867"/>
      <trkpt lat="-9.1428335" lon="148.3933166"/>
      <trkpt lat="-9.1429603" lon="148.3934464"/>
      <trkpt lat="-9.1430870" lon="148.3935762"/>
      <trkpt lat="-9.1432137" lon="148.3937061"/>
      <trkpt lat="-9.1432986" lon="148.3938384"/>
      <trkpt lat="-9.1433417" lon="148.3939733"/>
    </trkseg>
    <trkseg>
      <trkpt lat="-9.1433817" lon="148.3940550"/>
      <trkpt lat="-9.1433323" lon="148.3942282"/>
      <trkpt lat="-9.1432674" lon="148.3943928"/>
      <trkpt lat="-9.1431988" lon="148.3945548"/>
      <trkpt lat="-9.1431222" lon="148.3947149"/>
      <trkpt lat="-9.1430367" lon="148.3948674"/>
      <trkpt lat="-9.1429188" lon="148.3949910"/>
      <trkpt lat="-9.1427973" lon="148.3951120"/>
      <trkpt lat="-9.1426726" lon="148.3952157"/>
      <trkpt lat="-9.1425686" lon="148.3953439"/>
      <trkpt lat="-9.1424610" lon="148.3954678"/>
      <trkpt lat="-9.1423901" lon="148.3956277"/>
      <trkpt lat="-9.1422973" lon="148.3957596"/>
      <trkpt lat="-9.1421971" lon="148.3958901"/>
      <trkpt lat="-9.1420477" lon="148.3959735"/>
      <trkpt lat="-9.1419056" lon="148.3960646"/>
      <trkpt lat="-9.1417679" lon="148.3961580"/>
      <trkpt lat="-9.1416491" lon="148.3962846"/>
      <trkpt lat="-9.1415405" lon="148.3964273"/>
      <trkpt lat="-9.1414171" lon="148.3965574"/>
      <trkpt lat="-9.1412829" lon="148.3966700"/>
      <trkpt lat="-9.1411278" lon="148.3967285"/>
      <trkpt lat="-9.1409607" lon="148.3967536"/>
      <trkpt lat="-9.1407839" lon="148.3967552"/>
      <trkpt lat="-9.1406119" lon="148.3967867"/>
      <trkpt lat="-9.1404395" lon="148.3968260"/>
      <trkpt lat="-9.1402675" lon="148.3968665"/>
      <trkpt lat="-9.1400897" lon="148.3968914"/>
      <trkpt lat="-9.1399107" lon="148.3968965"/>
      <trkpt lat="-9.1397398" lon="148.3969204"/>
      <trkpt lat="-9.1395755" lon="148.3969513"/>
      <trkpt lat="-9.1394195" lon="148.3970217"/>
      <trkpt lat="-9.1392664" lon="148.3970995"/>
      <trkpt lat="-9.1391251" lon="148.3972068"/>
      <trkpt lat="-9.1389812" lon="148.3972750"/>
      <trkpt lat="-9.1388371" lon="148.3972774"/>
      <trkpt lat="-9.1386794" lon="148.3972282"/>
      <trkpt lat="-9.1385215" lon="148.3972042"/>
      <trkpt lat="-9.1383595" lon="148.3972408"/>
      <trkpt lat="-9.1382087" lon="148.3973146"/>
      <trkpt lat="-9.1380525" lon="148.3973741"/>
      <trkpt lat="-9.1378978" lon="148.3974347"/>
      <trkpt lat="-9.1377457" lon="148.3975113"/>
      <trkpt lat="-9.1376335" lon="148.3976386"/>
      <trkpt lat="-9.1375650" lon="148.3977975"/>
      <trkpt lat="-9.1375408" lon="148.3979700"/>
      <trkpt lat="-9.1375656" lon="148.3981404"/>
      <trkpt lat="-9.1376320" lon="148.3982993"/>
      <trkpt lat="-9.1376779" lon="148.3984543"/>
      <trkpt lat="-9.1376778" lon="148.3986115"/>
      <trkpt lat="-9.1376463" lon="148.3987800"/>
      <trkpt lat="-9.1376027" lon="148.3989449"/>
      <trkpt lat="-9.1375536" lon="148.3991115"/>
      <trkpt lat="-9.1374946" lon="148.3992779"/>
      <trkpt lat="-9.1374590" lon="148.3994534"/>
      <trkpt lat="-9.1374471" lon="148.3996322"/>
      <trkpt lat="-9.1374004" lon="148.3997945"/>
      <trkpt lat="-9.1373168" lon="148.3999396"/>
      <trkpt lat="-9.1371827" lon="148.4000597"/>
      <trkpt lat="-9.1370503" lon="148.4001815"/>
      <trkpt lat="-9.1369082" lon="148.4002830"/>
      <trkpt lat="-9.1367616" lon="148.4003691"/>
      <trkpt lat="-9.1366130" lon="148.4004524"/>
      <trkpt lat="-9.1364741" lon="148.4005546"/>
      <trkpt lat="-9.1363412" lon="148.4006470"/>
      <trkpt lat="-9.1361991" lon="148.4007277"/>
      <trkpt lat="-9.1360618" lon="148.4008141"/>
      <trkpt lat="-9.1359641" lon="148.4009495"/>
      <trkpt lat="-9.1359092" lon="148.4011141"/>
      <trkpt lat="-9.1358756" lon="148.4012902"/>
      <trkpt lat="-9.1358496" lon="148.4014679"/>
      <trkpt lat="-9.1358210" lon="148.4016454"/>
      <trkpt lat="-9.1357944" lon="148.4018234"/>
      <trkpt lat="-9.1357498" lon="148.4019988"/>
      <trkpt lat="-9.1357101" lon="148.4021748"/>
      <trkpt lat="-9.1356776" lon="148.4023509"/>
      <trkpt lat="-9.1356601" lon="148.4025297"/>
      <trkpt lat="-9.1356535" lon="148.4027092"/>
      <trkpt lat="-9.1356765" lon="148.4028857"/>
      <trkpt lat="-9.1357444" lon="148.4030453"/>
      <trkpt lat="-9.1358471" lon="148.4031907"/>
      <trkpt lat="-9.1359595" lon="148.4033320"/>
      <trkpt lat="-9.1360200" lon="148.4034864"/>
      <trkpt lat="-9.1359884" lon="148.4036150"/>
      <trkpt lat="-9.1358678" lon="148.4037066"/>
      <trkpt lat="-9.1358169" lon="148.4037364"/>
      <trkpt lat="-9.1358784" lon="148.4037346"/>
      <trkpt lat="-9.1360573" lon="148.4037165"/>
      <trkpt lat="-9.1362300" lon="148.4037309"/>
      <trkpt lat="-9.1363994" lon="148.4037792"/>
      <trkpt lat="-9.1365661" lon="148.4038370"/>
      <trkpt lat="-9.1367214" lon="148.4038280"/>
      <trkpt lat="-9.1368203" lon="148.4037357"/>
      <trkpt lat="-9.1368649" lon="148.4035759"/>
      <trkpt lat="-9.1368987" lon="148.4034126"/>
      <trkpt lat="-9.1369761" lon="148.4032730"/>
      <trkpt lat="-9.1370976" lon="148.4031654"/>
      <trkpt lat="-9.1372388" lon="148.4031062"/>
      <trkpt lat="-9.1373905" lon="148.4030997"/>
      <trkpt lat="-9.1375429" lon="148.4030910"/>
      <trkpt lat="-9.1376919" lon="148.4030448"/>
      <trkpt lat="-9.1378074" lon="148.4029257"/>
      <trkpt lat="-9.1378980" lon="148.4027800"/>
      <trkpt lat="-9.1379332" lon="148.4026091"/>
      <trkpt lat="-9.1379555" lon="148.4024360"/>
      <trkpt lat="-9.1380030" lon="148.4022839"/>
      <trkpt lat="-9.1381070" lon="148.4021553"/>
      <trkpt lat="-9.1382443" lon="148.4020423"/>
      <trkpt lat="-9.1383724" lon="148.4019181"/>
      <trkpt lat="-9.1384995" lon="148.4017918"/>
      <trkpt lat="-9.1386002" lon="148.4016634"/>
      <trkpt lat="-9.1387142" lon="148.4015506"/>
      <trkpt lat="-9.1388283" lon="148.4014383"/>
      <trkpt lat="-9.1389756" lon="148.4013383"/>
      <trkpt lat="-9.1391140" lon="148.4012285"/>
      <trkpt lat="-9.1392438" lon="148.4011091"/>
      <trkpt lat="-9.1393809" lon="148.4010063"/>
      <trkpt lat="-9.1395000" lon="148.4008989"/>
      <trkpt lat="-9.1396241" lon="148.4008060"/>
      <trkpt lat="-9.1397456" lon="148.4007036"/>
      <trkpt lat="-9.1398963" lon="148.4006206"/>
      <trkpt lat="-9.1400536" lon="148.4005366"/>
      <trkpt lat="-9.1402126" lon="148.4004519"/>
      <trkpt lat="-9.1403708" lon="148.4003664"/>
      <trkpt lat="-9.1405372" lon="148.4003138"/>
      <trkpt lat="-9.1407026" lon="148.4002838"/>
      <trkpt lat="-9.1408478" lon="148.4003266"/>
      <trkpt lat="-9.1409915" lon="148.4003818"/>
      <trkpt lat="-9.1411353" lon="148.4004586"/>
      <trkpt lat="-9.1412813" lon="148.4004407"/>
      <trkpt lat="-9.1414250" lon="148.4004016"/>
      <trkpt lat="-9.1415752" lon="148.4003462"/>
      <trkpt lat="-9.1417424" lon="148.4003656"/>
      <trkpt lat="-9.1418802" lon="148.4004469"/>
      <trkpt lat="-9.1420096" lon="148.4005414"/>
      <trkpt lat="-9.1421468" lon="148.4006055"/>
      <trkpt lat="-9.1423140" lon="148.4005990"/>
      <trkpt lat="-9.1424860" lon="148.4005968"/>
      <trkpt lat="-9.1426507" lon="148.4006065"/>
      <trkpt lat="-9.1428077" lon="148.4006043"/>
      <trkpt lat="-9.1429627" lon="148.4005561"/>
      <trkpt lat="-9.1431225" lon="148.4004928"/>
      <trkpt lat="-9.1432885" lon="148.4004327"/>
      <trkpt lat="-9.1434563" lon="148.4003767"/>
      <trkpt lat="-9.1436024" lon="148.4002857"/>
      <trkpt lat="-9.1436748" lon="148.4001659"/>
      <trkpt lat="-9.1436588" lon="148.4000214"/>
      <trkpt lat="-9.1436038" lon="148.3998856"/>
      <trkpt lat="-9.1436266" lon="148.3997934"/>
      <trkpt lat="-9.1437355" lon="148.3997387"/>
      <trkpt lat="-9.1438793" lon="148.3996665"/>
      <trkpt lat="-9.1439558" lon="148.3995457"/>
      <trkpt lat="-9.1439723" lon="148.3993764"/>
      <trkpt lat="-9.1439705" lon="148.3992009"/>
      <trkpt lat="-9.1439856" lon="148.3990246"/>
      <trkpt lat="-9.1440362" lon="148.3988553"/>
      <trkpt lat="-9.1441128" lon="148.3986995"/>
      <trkpt lat="-9.1442203" lon="148.3985596"/>
      <trkpt lat="-9.1443492" lon="148.3984410"/>
      <trkpt lat="-9.1444559" lon="148.3983346"/>
      <trkpt lat="-9.1445721" lon="148.3982833"/>
      <trkpt lat="-9.1446691" lon="148.3982176"/>
      <trkpt lat="-9.1447477" lon="148.3981235"/>
      <trkpt lat="-9.1448080" lon="148.3979674"/>
      <trkpt lat="-9.1448913" lon="148.3978375"/>
      <trkpt lat="-9.1450246" lon="148.3977405"/>
      <trkpt lat="-9.1451490" lon="148.3976374"/>
      <trkpt lat="-9.1452554" lon="148.3975055"/>
      <trkpt lat="-9.1453523" lon="148.3973595"/>
      <trkpt lat="-9.1454548" lon="148.3972163"/>
      <trkpt lat="-9.1455649" lon="148.3970808"/>
      <trkpt lat="-9.1456787" lon="148.3969455"/>
      <trkpt lat="-9.1458232" lon="148.3968565"/>
      <trkpt lat="-9.1459821" lon="148.3968001"/>
      <trkpt lat="-9.1461532" lon="148.3967626"/>
      <trkpt lat="-9.1463205" lon="148.3967058"/>
      <trkpt lat="-9.1464890" lon="148.3966510"/>
      <trkpt lat="-9.1466604" lon="148.3966283"/>
      <trkpt lat="-9.1468355" lon="148.3966256"/>
      <trkpt lat="-9.1469295" lon="148.3965964"/>
      <trkpt lat="-9.1469213" lon="148.3965169"/>
      <trkpt lat="-9.1468068" lon="148.3964090"/>
      <trkpt lat="-9.1466552" lon="148.3963232"/>
      <trkpt lat="-9.1464873" lon="148.3962785"/>
      <trkpt lat="-9.1463089" lon="148.3962581"/>
      <trkpt lat="-9.1461309" lon="148.3962349"/>
      <trkpt lat="-9.1459582" lon="148.3961883"/>
      <trkpt lat="-9.1457917" lon="148.3961241"/>
      <trkpt lat="-9.1456327" lon="148.3960413"/>
      <trkpt lat="-9.1454968" lon="148.3959322"/>
      <trkpt lat="-9.1454088" lon="148.3957912"/>
      <trkpt lat="-9.1453680" lon="148.3956230"/>
      <trkpt lat="-9.1453538" lon="148.3954432"/>
      <trkpt lat="-9.1453517" lon="148.3952639"/>
      <trkpt lat="-9.1453087" lon="148.3951197"/>
      <trkpt lat="-9.1452151" lon="148.3950170"/>
      <trkpt lat="-9.1450672" lon="148.3949367"/>
      <trkpt lat="-9.1449128" lon="148.3948494"/>
      <trkpt lat="-9.1447558" lon="148.3947649"/>
      <trkpt lat="-9.1445902" lon="148.3946952"/>
      <trkpt lat="-9.1444235" lon="148.3946276"/>
      <trkpt lat="-9.1442644" lon="148.3945440"/>
      <trkpt lat="-9.1441142" lon="148.3944455"/>
      <trkpt lat="-9.1439754" lon="148.3943324"/>
      <trkpt lat="-9.1438388" lon="148.3942150"/>
      <trkpt lat="-9.1437070" lon="148.3940931"/>
      <trkpt lat="-9.1435923" lon="148.3939961"/>
      <trkpt lat="-9.1435017" lon="148.3939167"/>
    </trkseg>
    <trkseg>
      <trkpt lat="-9.1434283" lon="148.3938883"/>
      <trkpt lat="-9.1434006" lon="148.3940594"/>
      <trkpt lat="-9.1433611" lon="148.3942318"/>
      <trkpt lat="-9.1432965" lon="148.3943973"/>
      <trkpt lat="-9.1432202" lon="148.3945578"/>
      <trkpt lat="-9.1431531" lon="148.3947182"/>
      <trkpt lat="-9.1431083" lon="148.3948867"/>
    </trkseg>
    <trkseg>
      <trkpt lat="-9.1431200" lon="148.3949850"/>
      <trkpt lat="-9.1431995" lon="148.3951484"/>
      <trkpt lat="-9.1432716" lon="148.3953147"/>
      <trkpt lat="-9.1433399" lon="148.3954825"/>
      <trkpt lat="-9.1434120" lon="148.3956483"/>
      <trkpt lat="-9.1434691" lon="148.3958168"/>
      <trkpt lat="-9.1434907" lon="148.3959886"/>
      <trkpt lat="-9.1434684" lon="148.3961667"/>
      <trkpt lat="-9.1434238" lon="148.3963426"/>
      <trkpt lat="-9.1433736" lon="148.3965171"/>
      <trkpt lat="-9.1433380" lon="148.3966930"/>
      <trkpt lat="-9.1433282" lon="148.3968708"/>
      <trkpt lat="-9.1433451" lon="148.3970268"/>
      <trkpt lat="-9.1433700" lon="148.3971583"/>
    </trkseg>
    <trkseg>
      <trkpt lat="-9.1433700" lon="148.3972517"/>
      <trkpt lat="-9.1433695" lon="148.3974323"/>
      <trkpt lat="-9.1433618" lon="148.3976127"/>
      <trkpt lat="-9.1433432" lon="148.3977920"/>
      <trkpt lat="-9.1433292" lon="148.3979714"/>
      <trkpt lat="-9.1432823" lon="148.3981345"/>
      <trkpt lat="-9.1431872" lon="148.3982624"/>
      <trkpt lat="-9.1430493" lon="148.3983682"/>
      <trkpt lat="-9.1429184" lon="148.3984829"/>
      <trkpt lat="-9.1428207" lon="148.3986294"/>
      <trkpt lat="-9.1427269" lon="148.3987804"/>
      <trkpt lat="-9.1426221" lon="148.3989230"/>
      <trkpt lat="-9.1425001" lon="148.3990552"/>
      <trkpt lat="-9.1423963" lon="148.3991998"/>
      <trkpt lat="-9.1422948" lon="148.3993467"/>
      <trkpt lat="-9.1422027" lon="148.3995003"/>
      <trkpt lat="-9.1420980" lon="148.3996472"/>
      <trkpt lat="-9.1420223" lon="148.3998072"/>
      <trkpt lat="-9.1419755" lon="148.3999648"/>
      <trkpt lat="-9.1419650" lon="148.4001250"/>
    </trkseg>
    <trkseg>
      <trkpt lat="-9.1419600" lon="148.4002300"/>
      <trkpt lat="-9.1419892" lon="148.4004088"/>
      <trkpt lat="-9.1420136" lon="148.4005354"/>
      <trkpt lat="-9.1420333" lon="148.4006100"/>
    </trkseg>
    <trkseg>
      <trkpt lat="-9.1421283" lon="148.4006117"/>
      <trkpt lat="-9.1423064" lon="148.4005908"/>
      <trkpt lat="-9.1424819" lon="148.4005819"/>
      <trkpt lat="-9.1426521" lon="148.4005999"/>
      <trkpt lat="-9.1428141" lon="148.4005998"/>
      <trkpt lat="-9.1429489" lon="148.4005424"/>
      <trkpt lat="-9.1430769" lon="148.4004273"/>
      <trkpt lat="-9.1432103" lon="148.4003202"/>
      <trkpt lat="-9.1433552" lon="148.4002221"/>
      <trkpt lat="-9.1435099" lon="148.4001500"/>
      <trkpt lat="-9.1436010" lon="148.4000435"/>
      <trkpt lat="-9.1435992" lon="148.3999548"/>
      <trkpt lat="-9.1435339" lon="148.3998759"/>
      <trkpt lat="-9.1434700" lon="148.3998517"/>
    </trkseg>
    <trkseg>
      <trkpt lat="-9.1435533" lon="148.3998050"/>
      <trkpt lat="-9.1437182" lon="148.3997686"/>
      <trkpt lat="-9.1438773" lon="148.3997039"/>
      <trkpt lat="-9.1439738" lon="148.3995936"/>
      <trkpt lat="-9.1439978" lon="148.3994515"/>
      <trkpt lat="-9.1439613" lon="148.3992882"/>
      <trkpt lat="-9.1439688" lon="148.3991296"/>
      <trkpt lat="-9.1440113" lon="148.3989712"/>
      <trkpt lat="-9.1440855" lon="148.3988147"/>
      <trkpt lat="-9.1441626" lon="148.3986596"/>
      <trkpt lat="-9.1442687" lon="148.3985218"/>
      <trkpt lat="-9.1444063" lon="148.3984157"/>
      <trkpt lat="-9.1445567" lon="148.3983333"/>
    </trkseg>
    <trkseg>
      <trkpt lat="-9.1446383" lon="148.3982617"/>
      <trkpt lat="-9.1447260" lon="148.3981334"/>
      <trkpt lat="-9.1447846" lon="148.3979890"/>
      <trkpt lat="-9.1448435" lon="148.3978428"/>
      <trkpt lat="-9.1449633" lon="148.3977466"/>
      <trkpt lat="-9.1450964" lon="148.3976502"/>
      <trkpt lat="-9.1452202" lon="148.3975439"/>
      <trkpt lat="-9.1453307" lon="148.3974027"/>
      <trkpt lat="-9.1454312" lon="148.3972571"/>
      <trkpt lat="-9.1455363" lon="148.3971189"/>
      <trkpt lat="-9.1456352" lon="148.3969780"/>
      <trkpt lat="-9.1457500" lon="148.3968483"/>
    </trkseg>
    <trkseg>
      <trkpt lat="-9.1457650" lon="148.3967567"/>
      <trkpt lat="-9.1459006" lon="148.3967465"/>
      <trkpt lat="-9.1460472" lon="148.3967458"/>
      <trkpt lat="-9.1462027" lon="148.3967383"/>
      <trkpt lat="-9.1463647" lon="148.3966742"/>
      <trkpt lat="-9.1465319" lon="148.3966257"/>
      <trkpt lat="-9.1467036" lon="148.3966262"/>
      <trkpt lat="-9.1468692" lon="148.3966131"/>
      <trkpt lat="-9.1469765" lon="148.3965962"/>
      <trkpt lat="-9.1470283" lon="148.3965583"/>
    </trkseg>
    <trkseg>
      <trkpt lat="-9.1469483" lon="148.3965067"/>
      <trkpt lat="-9.1468004" lon="148.3964038"/>
      <trkpt lat="-9.1466456" lon="148.3963247"/>
      <trkpt lat="-9.1464897" lon="148.3962576"/>
      <trkpt lat="-9.1463230" lon="148.3962389"/>
      <trkpt lat="-9.1461533" lon="148.3962236"/>
      <trkpt lat="-9.1460117" lon="148.3961761"/>
      <trkpt lat="-9.1459191" lon="148.3960569"/>
      <trkpt lat="-9.1458655" lon="148.3958888"/>
      <trkpt lat="-9.1458023" lon="148.3957253"/>
      <trkpt lat="-9.1457006" lon="148.3955848"/>
      <trkpt lat="-9.1455772" lon="148.3954572"/>
      <trkpt lat="-9.1454612" lon="148.3953242"/>
      <trkpt lat="-9.1453874" lon="148.3952070"/>
      <trkpt lat="-9.1453500" lon="148.3951117"/>
    </trkseg>
    <trkseg>
      <trkpt lat="-9.1452600" lon="148.3950733"/>
      <trkpt lat="-9.1451850" lon="148.3950150"/>
    </trkseg>
    <trkseg>
      <trkpt lat="-9.1451017" lon="148.3949783"/>
      <trkpt lat="-9.1449627" lon="148.3948772"/>
      <trkpt lat="-9.1448138" lon="148.3947843"/>
      <trkpt lat="-9.1446521" lon="148.3947146"/>
      <trkpt lat="-9.1444831" lon="148.3946629"/>
      <trkpt lat="-9.1443201" lon="148.3946015"/>
      <trkpt lat="-9.1441689" lon="148.3945115"/>
      <trkpt lat="-9.1440319" lon="148.3943950"/>
      <trkpt lat="-9.1438953" lon="148.3942770"/>
      <trkpt lat="-9.1437913" lon="148.3941881"/>
      <trkpt lat="-9.1437167" lon="148.3941317"/>
    </trkseg>
  </trk>
  <trk>
    <name>Natang - Stafford Gidiri</name>
    <desc>Walked by Stafford Gidiri. 46.5 km, 2 track(s), recorded on the ground. Natang, Zone 7B.</desc>
    <type>walked-boundary</type>
    <trkseg>
      <trkpt lat="-9.1435167" lon="148.4108400"/>
      <trkpt lat="-9.1436522" lon="148.4108936"/>
      <trkpt lat="-9.1437411" lon="148.4109966"/>
      <trkpt lat="-9.1437618" lon="148.4111488"/>
      <trkpt lat="-9.1437912" lon="148.4113078"/>
      <trkpt lat="-9.1438397" lon="148.4114430"/>
      <trkpt lat="-9.1438672" lon="148.4115673"/>
      <trkpt lat="-9.1438849" lon="148.4116957"/>
      <trkpt lat="-9.1439297" lon="148.4118068"/>
      <trkpt lat="-9.1440153" lon="148.4119182"/>
      <trkpt lat="-9.1441100" lon="148.4120377"/>
      <trkpt lat="-9.1441826" lon="148.4121880"/>
      <trkpt lat="-9.1442958" lon="148.4123221"/>
      <trkpt lat="-9.1444028" lon="148.4124581"/>
      <trkpt lat="-9.1444410" lon="148.4125908"/>
      <trkpt lat="-9.1444250" lon="148.4127508"/>
      <trkpt lat="-9.1443762" lon="148.4129159"/>
      <trkpt lat="-9.1443738" lon="148.4130940"/>
      <trkpt lat="-9.1443769" lon="148.4132728"/>
      <trkpt lat="-9.1443811" lon="148.4134523"/>
      <trkpt lat="-9.1443595" lon="148.4136298"/>
      <trkpt lat="-9.1443657" lon="148.4137994"/>
      <trkpt lat="-9.1444100" lon="148.4139620"/>
      <trkpt lat="-9.1445213" lon="148.4140740"/>
      <trkpt lat="-9.1446608" lon="148.4141268"/>
      <trkpt lat="-9.1448270" lon="148.4141162"/>
      <trkpt lat="-9.1449996" lon="148.4140968"/>
      <trkpt lat="-9.1451747" lon="148.4140752"/>
      <trkpt lat="-9.1453459" lon="148.4140803"/>
      <trkpt lat="-9.1455160" lon="148.4141025"/>
      <trkpt lat="-9.1456835" lon="148.4141540"/>
      <trkpt lat="-9.1458283" lon="148.4142383"/>
      <trkpt lat="-9.1459527" lon="148.4143509"/>
      <trkpt lat="-9.1460693" lon="148.4144679"/>
      <trkpt lat="-9.1462093" lon="148.4145589"/>
      <trkpt lat="-9.1463566" lon="148.4146465"/>
      <trkpt lat="-9.1464872" lon="148.4147600"/>
      <trkpt lat="-9.1466086" lon="148.4148906"/>
      <trkpt lat="-9.1467358" lon="148.4150092"/>
      <trkpt lat="-9.1468541" lon="148.4150712"/>
      <trkpt lat="-9.1469517" lon="148.4150867"/>
    </trkseg>
    <trkseg>
      <trkpt lat="-9.1470217" lon="148.4150250"/>
      <trkpt lat="-9.1471982" lon="148.4149952"/>
      <trkpt lat="-9.1473721" lon="148.4149911"/>
      <trkpt lat="-9.1475415" lon="148.4150214"/>
      <trkpt lat="-9.1477020" lon="148.4150943"/>
      <trkpt lat="-9.1478597" lon="148.4151602"/>
      <trkpt lat="-9.1480186" lon="148.4151783"/>
      <trkpt lat="-9.1481822" lon="148.4151401"/>
      <trkpt lat="-9.1483428" lon="148.4150600"/>
      <trkpt lat="-9.1484746" lon="148.4149528"/>
      <trkpt lat="-9.1486033" lon="148.4148516"/>
      <trkpt lat="-9.1487414" lon="148.4147881"/>
      <trkpt lat="-9.1489107" lon="148.4147871"/>
      <trkpt lat="-9.1490661" lon="148.4148469"/>
      <trkpt lat="-9.1491658" lon="148.4149624"/>
      <trkpt lat="-9.1492119" lon="148.4151265"/>
      <trkpt lat="-9.1492185" lon="148.4153077"/>
      <trkpt lat="-9.1492340" lon="148.4154854"/>
      <trkpt lat="-9.1492579" lon="148.4156609"/>
      <trkpt lat="-9.1492873" lon="148.4158365"/>
      <trkpt lat="-9.1493261" lon="148.4160113"/>
      <trkpt lat="-9.1493694" lon="148.4161855"/>
      <trkpt lat="-9.1494289" lon="148.4163563"/>
      <trkpt lat="-9.1494586" lon="148.4165280"/>
      <trkpt lat="-9.1494353" lon="148.4166902"/>
      <trkpt lat="-9.1493679" lon="148.4168505"/>
      <trkpt lat="-9.1492998" lon="148.4170139"/>
      <trkpt lat="-9.1492577" lon="148.4171889"/>
      <trkpt lat="-9.1492298" lon="148.4173674"/>
      <trkpt lat="-9.1491767" lon="148.4175282"/>
      <trkpt lat="-9.1491307" lon="148.4176872"/>
      <trkpt lat="-9.1490480" lon="148.4178249"/>
      <trkpt lat="-9.1489807" lon="148.4179759"/>
      <trkpt lat="-9.1489046" lon="148.4181282"/>
      <trkpt lat="-9.1488631" lon="148.4183026"/>
      <trkpt lat="-9.1488415" lon="148.4184819"/>
      <trkpt lat="-9.1488325" lon="148.4186622"/>
      <trkpt lat="-9.1488285" lon="148.4188424"/>
      <trkpt lat="-9.1488482" lon="148.4190170"/>
      <trkpt lat="-9.1488677" lon="148.4191903"/>
      <trkpt lat="-9.1489167" lon="148.4193602"/>
      <trkpt lat="-9.1489944" lon="148.4194915"/>
      <trkpt lat="-9.1491291" lon="148.4195601"/>
      <trkpt lat="-9.1492960" lon="148.4195507"/>
      <trkpt lat="-9.1494615" lon="148.4194959"/>
      <trkpt lat="-9.1496227" lon="148.4194204"/>
      <trkpt lat="-9.1497760" lon="148.4193343"/>
      <trkpt lat="-9.1499062" lon="148.4192263"/>
      <trkpt lat="-9.1499780" lon="148.4191031"/>
      <trkpt lat="-9.1500213" lon="148.4190496"/>
      <trkpt lat="-9.1500949" lon="148.4190456"/>
      <trkpt lat="-9.1502211" lon="148.4190582"/>
      <trkpt lat="-9.1503846" lon="148.4190105"/>
      <trkpt lat="-9.1505440" lon="148.4189447"/>
      <trkpt lat="-9.1507145" lon="148.4188936"/>
      <trkpt lat="-9.1508872" lon="148.4188808"/>
      <trkpt lat="-9.1510602" lon="148.4188685"/>
      <trkpt lat="-9.1512225" lon="148.4188282"/>
      <trkpt lat="-9.1513823" lon="148.4187704"/>
      <trkpt lat="-9.1515456" lon="148.4187254"/>
      <trkpt lat="-9.1517203" lon="148.4187166"/>
      <trkpt lat="-9.1518954" lon="148.4187006"/>
      <trkpt lat="-9.1520657" lon="148.4187133"/>
      <trkpt lat="-9.1521745" lon="148.4187745"/>
      <trkpt lat="-9.1522267" lon="148.4189005"/>
      <trkpt lat="-9.1521734" lon="148.4190370"/>
      <trkpt lat="-9.1520923" lon="148.4191722"/>
      <trkpt lat="-9.1519580" lon="148.4192795"/>
      <trkpt lat="-9.1518179" lon="148.4193747"/>
      <trkpt lat="-9.1516635" lon="148.4194548"/>
      <trkpt lat="-9.1515051" lon="148.4195225"/>
      <trkpt lat="-9.1513708" lon="148.4196182"/>
      <trkpt lat="-9.1512546" lon="148.4197360"/>
      <trkpt lat="-9.1511579" lon="148.4198828"/>
      <trkpt lat="-9.1510466" lon="148.4200155"/>
      <trkpt lat="-9.1509504" lon="148.4201527"/>
      <trkpt lat="-9.1508904" lon="148.4202955"/>
      <trkpt lat="-9.1509308" lon="148.4204251"/>
      <trkpt lat="-9.1510381" lon="148.4205182"/>
      <trkpt lat="-9.1512032" lon="148.4205849"/>
      <trkpt lat="-9.1513719" lon="148.4206473"/>
      <trkpt lat="-9.1515391" lon="148.4207120"/>
      <trkpt lat="-9.1517088" lon="148.4207694"/>
      <trkpt lat="-9.1518759" lon="148.4208349"/>
      <trkpt lat="-9.1520453" lon="148.4208964"/>
      <trkpt lat="-9.1522129" lon="148.4209631"/>
      <trkpt lat="-9.1523748" lon="148.4210396"/>
      <trkpt lat="-9.1525171" lon="148.4211431"/>
      <trkpt lat="-9.1526381" lon="148.4212736"/>
      <trkpt lat="-9.1527473" lon="148.4214165"/>
      <trkpt lat="-9.1528583" lon="148.4215582"/>
      <trkpt lat="-9.1529637" lon="148.4217045"/>
      <trkpt lat="-9.1530642" lon="148.4218545"/>
      <trkpt lat="-9.1531360" lon="148.4219750"/>
      <trkpt lat="-9.1531883" lon="148.4220600"/>
    </trkseg>
    <trkseg>
      <trkpt lat="-9.1532383" lon="148.4219683"/>
      <trkpt lat="-9.1532933" lon="148.4218015"/>
      <trkpt lat="-9.1533873" lon="148.4216734"/>
      <trkpt lat="-9.1535294" lon="148.4215971"/>
      <trkpt lat="-9.1536967" lon="148.4215744"/>
      <trkpt lat="-9.1538666" lon="148.4215419"/>
      <trkpt lat="-9.1540355" lon="148.4215024"/>
      <trkpt lat="-9.1542046" lon="148.4214477"/>
      <trkpt lat="-9.1543708" lon="148.4213889"/>
      <trkpt lat="-9.1545175" lon="148.4212993"/>
      <trkpt lat="-9.1546607" lon="148.4212118"/>
      <trkpt lat="-9.1548103" lon="148.4211373"/>
      <trkpt lat="-9.1549808" lon="148.4211000"/>
      <trkpt lat="-9.1551564" lon="148.4210763"/>
      <trkpt lat="-9.1553276" lon="148.4211039"/>
      <trkpt lat="-9.1554954" lon="148.4211609"/>
      <trkpt lat="-9.1556528" lon="148.4212443"/>
      <trkpt lat="-9.1558129" lon="148.4213218"/>
      <trkpt lat="-9.1559758" lon="148.4213901"/>
      <trkpt lat="-9.1561459" lon="148.4214436"/>
      <trkpt lat="-9.1563134" lon="148.4215031"/>
      <trkpt lat="-9.1564802" lon="148.4215517"/>
      <trkpt lat="-9.1566502" lon="148.4215791"/>
      <trkpt lat="-9.1568264" lon="148.4215836"/>
      <trkpt lat="-9.1569955" lon="148.4216173"/>
      <trkpt lat="-9.1570991" lon="148.4216900"/>
      <trkpt lat="-9.1571452" lon="148.4218121"/>
      <trkpt lat="-9.1571747" lon="148.4219513"/>
      <trkpt lat="-9.1572581" lon="148.4220925"/>
      <trkpt lat="-9.1573812" lon="148.4222130"/>
      <trkpt lat="-9.1575230" lon="148.4223089"/>
      <trkpt lat="-9.1576523" lon="148.4224117"/>
      <trkpt lat="-9.1578002" lon="148.4224685"/>
      <trkpt lat="-9.1579496" lon="148.4225267"/>
      <trkpt lat="-9.1581160" lon="148.4225551"/>
      <trkpt lat="-9.1582428" lon="148.4226306"/>
      <trkpt lat="-9.1583610" lon="148.4227041"/>
      <trkpt lat="-9.1584718" lon="148.4227905"/>
      <trkpt lat="-9.1586226" lon="148.4228373"/>
      <trkpt lat="-9.1587820" lon="148.4228829"/>
      <trkpt lat="-9.1589510" lon="148.4229200"/>
      <trkpt lat="-9.1591157" lon="148.4229808"/>
      <trkpt lat="-9.1592401" lon="148.4230625"/>
      <trkpt lat="-9.1593661" lon="148.4231359"/>
      <trkpt lat="-9.1594900" lon="148.4232039"/>
      <trkpt lat="-9.1596527" lon="148.4232284"/>
      <trkpt lat="-9.1598150" lon="148.4232614"/>
      <trkpt lat="-9.1599802" lon="148.4232645"/>
      <trkpt lat="-9.1601320" lon="148.4232278"/>
      <trkpt lat="-9.1602559" lon="148.4231233"/>
      <trkpt lat="-9.1603511" lon="148.4229862"/>
      <trkpt lat="-9.1604599" lon="148.4229027"/>
      <trkpt lat="-9.1605918" lon="148.4228979"/>
      <trkpt lat="-9.1607435" lon="148.4229731"/>
      <trkpt lat="-9.1608707" lon="148.4230854"/>
      <trkpt lat="-9.1609618" lon="148.4232095"/>
      <trkpt lat="-9.1610295" lon="148.4233393"/>
      <trkpt lat="-9.1611060" lon="148.4234639"/>
      <trkpt lat="-9.1612003" lon="148.4235994"/>
      <trkpt lat="-9.1612693" lon="148.4237473"/>
      <trkpt lat="-9.1613477" lon="148.4238863"/>
      <trkpt lat="-9.1613927" lon="148.4240354"/>
      <trkpt lat="-9.1614287" lon="148.4241842"/>
      <trkpt lat="-9.1614184" lon="148.4243544"/>
      <trkpt lat="-9.1614320" lon="148.4245010"/>
      <trkpt lat="-9.1615105" lon="148.4246223"/>
      <trkpt lat="-9.1616332" lon="148.4247237"/>
      <trkpt lat="-9.1617681" lon="148.4248344"/>
      <trkpt lat="-9.1619069" lon="148.4249351"/>
      <trkpt lat="-9.1620579" lon="148.4250166"/>
      <trkpt lat="-9.1622191" lon="148.4250894"/>
      <trkpt lat="-9.1623559" lon="148.4251893"/>
      <trkpt lat="-9.1624956" lon="148.4252768"/>
      <trkpt lat="-9.1626483" lon="148.4253188"/>
      <trkpt lat="-9.1628134" lon="148.4252792"/>
      <trkpt lat="-9.1629757" lon="148.4252152"/>
      <trkpt lat="-9.1631324" lon="148.4251741"/>
      <trkpt lat="-9.1632992" lon="148.4251886"/>
      <trkpt lat="-9.1634617" lon="148.4252504"/>
      <trkpt lat="-9.1636230" lon="148.4252968"/>
      <trkpt lat="-9.1637607" lon="148.4252758"/>
      <trkpt lat="-9.1638995" lon="148.4251979"/>
      <trkpt lat="-9.1640430" lon="148.4251049"/>
      <trkpt lat="-9.1642047" lon="148.4250320"/>
      <trkpt lat="-9.1643592" lon="148.4249583"/>
      <trkpt lat="-9.1644860" lon="148.4249286"/>
      <trkpt lat="-9.1645888" lon="148.4248889"/>
      <trkpt lat="-9.1646769" lon="148.4248409"/>
      <trkpt lat="-9.1647938" lon="148.4247591"/>
      <trkpt lat="-9.1649397" lon="148.4246973"/>
      <trkpt lat="-9.1651118" lon="148.4246830"/>
      <trkpt lat="-9.1652822" lon="148.4246736"/>
      <trkpt lat="-9.1654241" lon="148.4247332"/>
      <trkpt lat="-9.1655545" lon="148.4248185"/>
      <trkpt lat="-9.1656715" lon="148.4249388"/>
      <trkpt lat="-9.1658109" lon="148.4250328"/>
      <trkpt lat="-9.1659204" lon="148.4251248"/>
      <trkpt lat="-9.1660376" lon="148.4252121"/>
      <trkpt lat="-9.1661578" lon="148.4253044"/>
      <trkpt lat="-9.1663114" lon="148.4253676"/>
      <trkpt lat="-9.1664283" lon="148.4253452"/>
      <trkpt lat="-9.1665441" lon="148.4252663"/>
      <trkpt lat="-9.1666459" lon="148.4251343"/>
      <trkpt lat="-9.1667851" lon="148.4250310"/>
      <trkpt lat="-9.1669294" lon="148.4249721"/>
      <trkpt lat="-9.1670851" lon="148.4249380"/>
      <trkpt lat="-9.1672272" lon="148.4248850"/>
      <trkpt lat="-9.1673659" lon="148.4248046"/>
      <trkpt lat="-9.1675170" lon="148.4247515"/>
      <trkpt lat="-9.1676789" lon="148.4247156"/>
      <trkpt lat="-9.1678452" lon="148.4246908"/>
      <trkpt lat="-9.1680115" lon="148.4246650"/>
      <trkpt lat="-9.1681667" lon="148.4246357"/>
      <trkpt lat="-9.1683207" lon="148.4245863"/>
      <trkpt lat="-9.1684749" lon="148.4245302"/>
      <trkpt lat="-9.1686352" lon="148.4244762"/>
      <trkpt lat="-9.1687833" lon="148.4244117"/>
    </trkseg>
    <trkseg>
      <trkpt lat="-9.1688717" lon="148.4243600"/>
      <trkpt lat="-9.1687948" lon="148.4242407"/>
      <trkpt lat="-9.1686844" lon="148.4241614"/>
      <trkpt lat="-9.1685378" lon="148.4241234"/>
      <trkpt lat="-9.1683923" lon="148.4240983"/>
      <trkpt lat="-9.1682738" lon="148.4240287"/>
      <trkpt lat="-9.1681854" lon="148.4238999"/>
      <trkpt lat="-9.1681090" lon="148.4237666"/>
      <trkpt lat="-9.1680037" lon="148.4236737"/>
      <trkpt lat="-9.1679407" lon="148.4235889"/>
      <trkpt lat="-9.1679123" lon="148.4234887"/>
      <trkpt lat="-9.1678968" lon="148.4233526"/>
      <trkpt lat="-9.1678215" lon="148.4232219"/>
      <trkpt lat="-9.1677208" lon="148.4230900"/>
      <trkpt lat="-9.1676785" lon="148.4229365"/>
      <trkpt lat="-9.1676866" lon="148.4227680"/>
      <trkpt lat="-9.1677058" lon="148.4226088"/>
      <trkpt lat="-9.1677336" lon="148.4224507"/>
      <trkpt lat="-9.1677043" lon="148.4223182"/>
      <trkpt lat="-9.1676292" lon="148.4221965"/>
      <trkpt lat="-9.1675504" lon="148.4220817"/>
      <trkpt lat="-9.1675201" lon="148.4219346"/>
      <trkpt lat="-9.1675145" lon="148.4217750"/>
      <trkpt lat="-9.1674909" lon="148.4216040"/>
      <trkpt lat="-9.1675001" lon="148.4214404"/>
      <trkpt lat="-9.1675498" lon="148.4212722"/>
      <trkpt lat="-9.1676371" lon="148.4211180"/>
      <trkpt lat="-9.1677461" lon="148.4209909"/>
      <trkpt lat="-9.1678342" lon="148.4208897"/>
      <trkpt lat="-9.1679056" lon="148.4207785"/>
      <trkpt lat="-9.1679617" lon="148.4206572"/>
      <trkpt lat="-9.1680770" lon="148.4205697"/>
      <trkpt lat="-9.1682236" lon="148.4205669"/>
      <trkpt lat="-9.1683936" lon="148.4206146"/>
      <trkpt lat="-9.1685559" lon="148.4206824"/>
      <trkpt lat="-9.1687227" lon="148.4207182"/>
      <trkpt lat="-9.1688861" lon="148.4207525"/>
      <trkpt lat="-9.1690513" lon="148.4207818"/>
      <trkpt lat="-9.1692178" lon="148.4208288"/>
      <trkpt lat="-9.1693871" lon="148.4208827"/>
      <trkpt lat="-9.1695550" lon="148.4209463"/>
      <trkpt lat="-9.1697205" lon="148.4210148"/>
      <trkpt lat="-9.1698877" lon="148.4210728"/>
      <trkpt lat="-9.1700558" lon="148.4210770"/>
      <trkpt lat="-9.1702139" lon="148.4210246"/>
      <trkpt lat="-9.1703723" lon="148.4209605"/>
      <trkpt lat="-9.1705328" lon="148.4209438"/>
      <trkpt lat="-9.1707057" lon="148.4209784"/>
      <trkpt lat="-9.1708787" lon="148.4210177"/>
      <trkpt lat="-9.1710411" lon="148.4209984"/>
      <trkpt lat="-9.1711863" lon="148.4209252"/>
      <trkpt lat="-9.1712815" lon="148.4207913"/>
      <trkpt lat="-9.1713655" lon="148.4206456"/>
      <trkpt lat="-9.1714358" lon="148.4204852"/>
      <trkpt lat="-9.1715452" lon="148.4203477"/>
      <trkpt lat="-9.1716727" lon="148.4202325"/>
      <trkpt lat="-9.1718261" lon="148.4201607"/>
      <trkpt lat="-9.1719754" lon="148.4201646"/>
      <trkpt lat="-9.1721072" lon="148.4202437"/>
      <trkpt lat="-9.1722449" lon="148.4203417"/>
      <trkpt lat="-9.1723960" lon="148.4204178"/>
      <trkpt lat="-9.1725663" lon="148.4204250"/>
      <trkpt lat="-9.1727304" lon="148.4203938"/>
      <trkpt lat="-9.1728889" lon="148.4203143"/>
      <trkpt lat="-9.1730425" lon="148.4202203"/>
      <trkpt lat="-9.1731730" lon="148.4201036"/>
      <trkpt lat="-9.1732639" lon="148.4199578"/>
      <trkpt lat="-9.1733504" lon="148.4198209"/>
      <trkpt lat="-9.1734661" lon="148.4197227"/>
      <trkpt lat="-9.1736254" lon="148.4196627"/>
      <trkpt lat="-9.1738003" lon="148.4196294"/>
      <trkpt lat="-9.1739715" lon="148.4195921"/>
      <trkpt lat="-9.1741431" lon="148.4195825"/>
      <trkpt lat="-9.1743134" lon="148.4195589"/>
      <trkpt lat="-9.1744837" lon="148.4195747"/>
      <trkpt lat="-9.1746566" lon="148.4195749"/>
      <trkpt lat="-9.1748145" lon="148.4195596"/>
      <trkpt lat="-9.1749683" lon="148.4194982"/>
      <trkpt lat="-9.1751205" lon="148.4194377"/>
      <trkpt lat="-9.1752850" lon="148.4194099"/>
      <trkpt lat="-9.1754457" lon="148.4193757"/>
      <trkpt lat="-9.1756048" lon="148.4193700"/>
      <trkpt lat="-9.1757671" lon="148.4193655"/>
      <trkpt lat="-9.1759404" lon="148.4194042"/>
      <trkpt lat="-9.1761141" lon="148.4194146"/>
      <trkpt lat="-9.1762806" lon="148.4193896"/>
      <trkpt lat="-9.1764375" lon="148.4193195"/>
      <trkpt lat="-9.1765902" lon="148.4192311"/>
      <trkpt lat="-9.1767451" lon="148.4191457"/>
      <trkpt lat="-9.1769089" lon="148.4190754"/>
      <trkpt lat="-9.1770727" lon="148.4190017"/>
      <trkpt lat="-9.1772157" lon="148.4189051"/>
      <trkpt lat="-9.1773187" lon="148.4187721"/>
      <trkpt lat="-9.1773485" lon="148.4186121"/>
      <trkpt lat="-9.1773096" lon="148.4184551"/>
      <trkpt lat="-9.1772994" lon="148.4183152"/>
      <trkpt lat="-9.1773100" lon="148.4181740"/>
      <trkpt lat="-9.1774063" lon="148.4180812"/>
      <trkpt lat="-9.1774669" lon="148.4179780"/>
      <trkpt lat="-9.1775344" lon="148.4178722"/>
      <trkpt lat="-9.1775565" lon="148.4177044"/>
      <trkpt lat="-9.1775616" lon="148.4175278"/>
      <trkpt lat="-9.1775912" lon="148.4173596"/>
      <trkpt lat="-9.1776431" lon="148.4171973"/>
      <trkpt lat="-9.1777454" lon="148.4170552"/>
      <trkpt lat="-9.1778736" lon="148.4169624"/>
      <trkpt lat="-9.1780296" lon="148.4169021"/>
      <trkpt lat="-9.1781986" lon="148.4168880"/>
      <trkpt lat="-9.1783195" lon="148.4168263"/>
      <trkpt lat="-9.1784155" lon="148.4167382"/>
      <trkpt lat="-9.1784884" lon="148.4166017"/>
      <trkpt lat="-9.1786008" lon="148.4164901"/>
      <trkpt lat="-9.1787341" lon="148.4163956"/>
      <trkpt lat="-9.1788849" lon="148.4163079"/>
      <trkpt lat="-9.1790449" lon="148.4162321"/>
      <trkpt lat="-9.1792099" lon="148.4161654"/>
      <trkpt lat="-9.1793828" lon="148.4161192"/>
      <trkpt lat="-9.1795426" lon="148.4160491"/>
      <trkpt lat="-9.1796866" lon="148.4159591"/>
      <trkpt lat="-9.1798204" lon="148.4158454"/>
      <trkpt lat="-9.1799506" lon="148.4157250"/>
      <trkpt lat="-9.1800766" lon="148.4155975"/>
      <trkpt lat="-9.1801780" lon="148.4154505"/>
      <trkpt lat="-9.1802775" lon="148.4153073"/>
      <trkpt lat="-9.1803976" lon="148.4152014"/>
      <trkpt lat="-9.1805424" lon="148.4151182"/>
      <trkpt lat="-9.1807061" lon="148.4150777"/>
      <trkpt lat="-9.1808427" lon="148.4149963"/>
      <trkpt lat="-9.1809741" lon="148.4149056"/>
      <trkpt lat="-9.1810847" lon="148.4147654"/>
      <trkpt lat="-9.1812147" lon="148.4146889"/>
      <trkpt lat="-9.1813592" lon="148.4146620"/>
      <trkpt lat="-9.1815080" lon="148.4147161"/>
      <trkpt lat="-9.1816505" lon="148.4147991"/>
      <trkpt lat="-9.1817912" lon="148.4148937"/>
      <trkpt lat="-9.1819429" lon="148.4149700"/>
      <trkpt lat="-9.1820985" lon="148.4150326"/>
      <trkpt lat="-9.1822244" lon="148.4151181"/>
      <trkpt lat="-9.1823396" lon="148.4151767"/>
      <trkpt lat="-9.1824378" lon="148.4152611"/>
      <trkpt lat="-9.1825261" lon="148.4153572"/>
      <trkpt lat="-9.1826148" lon="148.4155079"/>
      <trkpt lat="-9.1826769" lon="148.4156630"/>
      <trkpt lat="-9.1827276" lon="148.4158225"/>
      <trkpt lat="-9.1827112" lon="148.4159817"/>
      <trkpt lat="-9.1826667" lon="148.4161267"/>
    </trkseg>
    <trkseg>
      <trkpt lat="-9.1826733" lon="148.4162417"/>
      <trkpt lat="-9.1828125" lon="148.4163338"/>
      <trkpt lat="-9.1829422" lon="148.4164410"/>
      <trkpt lat="-9.1830707" lon="148.4165505"/>
      <trkpt lat="-9.1831964" lon="148.4165838"/>
      <trkpt lat="-9.1832957" lon="148.4165251"/>
      <trkpt lat="-9.1833639" lon="148.4163949"/>
      <trkpt lat="-9.1834305" lon="148.4162367"/>
      <trkpt lat="-9.1835169" lon="148.4160929"/>
      <trkpt lat="-9.1836322" lon="148.4159693"/>
      <trkpt lat="-9.1837759" lon="148.4158658"/>
      <trkpt lat="-9.1838855" lon="148.4157539"/>
      <trkpt lat="-9.1839024" lon="148.4156292"/>
      <trkpt lat="-9.1838206" lon="148.4155032"/>
      <trkpt lat="-9.1836741" lon="148.4154251"/>
      <trkpt lat="-9.1835221" lon="148.4153508"/>
      <trkpt lat="-9.1833826" lon="148.4152622"/>
      <trkpt lat="-9.1832787" lon="148.4151210"/>
      <trkpt lat="-9.1832253" lon="148.4149583"/>
      <trkpt lat="-9.1831834" lon="148.4147970"/>
      <trkpt lat="-9.1831765" lon="148.4146318"/>
      <trkpt lat="-9.1831742" lon="148.4144663"/>
      <trkpt lat="-9.1832309" lon="148.4142978"/>
      <trkpt lat="-9.1832897" lon="148.4141662"/>
      <trkpt lat="-9.1833533" lon="148.4140717"/>
    </trkseg>
    <trkseg>
      <trkpt lat="-9.1832833" lon="148.4140133"/>
      <trkpt lat="-9.1831410" lon="148.4139053"/>
      <trkpt lat="-9.1830510" lon="148.4137790"/>
      <trkpt lat="-9.1830084" lon="148.4136329"/>
      <trkpt lat="-9.1830244" lon="148.4134668"/>
      <trkpt lat="-9.1830563" lon="148.4132976"/>
      <trkpt lat="-9.1831307" lon="148.4131400"/>
      <trkpt lat="-9.1832289" lon="148.4130003"/>
      <trkpt lat="-9.1833393" lon="148.4128700"/>
      <trkpt lat="-9.1834305" lon="148.4127266"/>
      <trkpt lat="-9.1834835" lon="148.4125663"/>
      <trkpt lat="-9.1834668" lon="148.4124055"/>
      <trkpt lat="-9.1833743" lon="148.4122731"/>
      <trkpt lat="-9.1832297" lon="148.4121707"/>
      <trkpt lat="-9.1830698" lon="148.4120867"/>
      <trkpt lat="-9.1829071" lon="148.4120091"/>
      <trkpt lat="-9.1827616" lon="148.4119615"/>
      <trkpt lat="-9.1826333" lon="148.4119908"/>
      <trkpt lat="-9.1825078" lon="148.4120298"/>
      <trkpt lat="-9.1823600" lon="148.4120699"/>
      <trkpt lat="-9.1821998" lon="148.4120719"/>
      <trkpt lat="-9.1820433" lon="148.4120751"/>
      <trkpt lat="-9.1818950" lon="148.4120650"/>
    </trkseg>
    <trkseg>
      <trkpt lat="-9.1817183" lon="148.4121133"/>
      <trkpt lat="-9.1816211" lon="148.4119845"/>
      <trkpt lat="-9.1815238" lon="148.4118448"/>
      <trkpt lat="-9.1814087" lon="148.4117305"/>
      <trkpt lat="-9.1812572" lon="148.4116629"/>
      <trkpt lat="-9.1810929" lon="148.4116110"/>
      <trkpt lat="-9.1809459" lon="148.4115236"/>
      <trkpt lat="-9.1808378" lon="148.4113909"/>
      <trkpt lat="-9.1807817" lon="148.4112291"/>
      <trkpt lat="-9.1807657" lon="148.4110538"/>
      <trkpt lat="-9.1807802" lon="148.4108773"/>
      <trkpt lat="-9.1807630" lon="148.4107131"/>
      <trkpt lat="-9.1806910" lon="148.4105807"/>
      <trkpt lat="-9.1805792" lon="148.4104531"/>
      <trkpt lat="-9.1805051" lon="148.4103160"/>
      <trkpt lat="-9.1804885" lon="148.4101545"/>
      <trkpt lat="-9.1805261" lon="148.4099903"/>
      <trkpt lat="-9.1805523" lon="148.4099100"/>
      <trkpt lat="-9.1805700" lon="148.4099083"/>
    </trkseg>
    <trkseg>
      <trkpt lat="-9.1806083" lon="148.4098133"/>
      <trkpt lat="-9.1806182" lon="148.4097582"/>
      <trkpt lat="-9.1806606" lon="148.4096517"/>
      <trkpt lat="-9.1807601" lon="148.4095265"/>
      <trkpt lat="-9.1808805" lon="148.4094339"/>
      <trkpt lat="-9.1810286" lon="148.4094124"/>
      <trkpt lat="-9.1811888" lon="148.4093959"/>
      <trkpt lat="-9.1813462" lon="148.4094196"/>
      <trkpt lat="-9.1815112" lon="148.4094420"/>
      <trkpt lat="-9.1816616" lon="148.4094722"/>
      <trkpt lat="-9.1818095" lon="148.4094553"/>
      <trkpt lat="-9.1819612" lon="148.4094116"/>
      <trkpt lat="-9.1821313" lon="148.4093802"/>
      <trkpt lat="-9.1823000" lon="148.4093664"/>
      <trkpt lat="-9.1824659" lon="148.4093635"/>
      <trkpt lat="-9.1826278" lon="148.4093662"/>
      <trkpt lat="-9.1827967" lon="148.4093755"/>
      <trkpt lat="-9.1829645" lon="148.4094044"/>
      <trkpt lat="-9.1831343" lon="148.4094298"/>
      <trkpt lat="-9.1832960" lon="148.4094246"/>
      <trkpt lat="-9.1834468" lon="148.4093692"/>
      <trkpt lat="-9.1835960" lon="148.4093007"/>
      <trkpt lat="-9.1837215" lon="148.4092080"/>
      <trkpt lat="-9.1838187" lon="148.4090912"/>
      <trkpt lat="-9.1839175" lon="148.4089683"/>
      <trkpt lat="-9.1840500" lon="148.4088879"/>
      <trkpt lat="-9.1842226" lon="148.4088483"/>
      <trkpt lat="-9.1843807" lon="148.4087926"/>
      <trkpt lat="-9.1845360" lon="148.4087276"/>
      <trkpt lat="-9.1846927" lon="148.4086729"/>
      <trkpt lat="-9.1848625" lon="148.4086283"/>
      <trkpt lat="-9.1850245" lon="148.4086284"/>
      <trkpt lat="-9.1851884" lon="148.4086406"/>
      <trkpt lat="-9.1853539" lon="148.4086582"/>
      <trkpt lat="-9.1855282" lon="148.4086380"/>
      <trkpt lat="-9.1857029" lon="148.4086022"/>
      <trkpt lat="-9.1858783" lon="148.4085724"/>
      <trkpt lat="-9.1860548" lon="148.4085671"/>
      <trkpt lat="-9.1862314" lon="148.4085594"/>
      <trkpt lat="-9.1864077" lon="148.4085562"/>
      <trkpt lat="-9.1865800" lon="148.4085205"/>
      <trkpt lat="-9.1867503" lon="148.4084999"/>
      <trkpt lat="-9.1869187" lon="148.4084903"/>
      <trkpt lat="-9.1870916" lon="148.4085091"/>
      <trkpt lat="-9.1872672" lon="148.4085242"/>
      <trkpt lat="-9.1874212" lon="148.4084934"/>
      <trkpt lat="-9.1875720" lon="148.4084413"/>
      <trkpt lat="-9.1877056" lon="148.4083483"/>
      <trkpt lat="-9.1878325" lon="148.4082430"/>
      <trkpt lat="-9.1879428" lon="148.4081086"/>
      <trkpt lat="-9.1880574" lon="148.4079842"/>
      <trkpt lat="-9.1882019" lon="148.4079011"/>
      <trkpt lat="-9.1883655" lon="148.4078507"/>
      <trkpt lat="-9.1885372" lon="148.4078094"/>
      <trkpt lat="-9.1886974" lon="148.4077399"/>
      <trkpt lat="-9.1888577" lon="148.4076683"/>
      <trkpt lat="-9.1890139" lon="148.4075900"/>
      <trkpt lat="-9.1891689" lon="148.4075154"/>
      <trkpt lat="-9.1892960" lon="148.4074010"/>
      <trkpt lat="-9.1893798" lon="148.4072554"/>
      <trkpt lat="-9.1894281" lon="148.4070877"/>
      <trkpt lat="-9.1894833" lon="148.4069249"/>
      <trkpt lat="-9.1895264" lon="148.4067628"/>
      <trkpt lat="-9.1895628" lon="148.4065997"/>
      <trkpt lat="-9.1895654" lon="148.4064275"/>
      <trkpt lat="-9.1895885" lon="148.4062555"/>
      <trkpt lat="-9.1896358" lon="148.4060896"/>
      <trkpt lat="-9.1896914" lon="148.4059217"/>
      <trkpt lat="-9.1897310" lon="148.4057597"/>
      <trkpt lat="-9.1897611" lon="148.4055981"/>
      <trkpt lat="-9.1897703" lon="148.4054358"/>
      <trkpt lat="-9.1897759" lon="148.4052738"/>
      <trkpt lat="-9.1897730" lon="148.4051129"/>
      <trkpt lat="-9.1898131" lon="148.4049723"/>
      <trkpt lat="-9.1898489" lon="148.4048279"/>
      <trkpt lat="-9.1898551" lon="148.4046949"/>
      <trkpt lat="-9.1898475" lon="148.4045540"/>
      <trkpt lat="-9.1898689" lon="148.4044118"/>
      <trkpt lat="-9.1899095" lon="148.4042481"/>
      <trkpt lat="-9.1899450" lon="148.4040745"/>
      <trkpt lat="-9.1899751" lon="148.4038997"/>
      <trkpt lat="-9.1900080" lon="148.4037254"/>
      <trkpt lat="-9.1900219" lon="148.4035474"/>
      <trkpt lat="-9.1900433" lon="148.4033721"/>
      <trkpt lat="-9.1900975" lon="148.4032081"/>
      <trkpt lat="-9.1901826" lon="148.4030503"/>
      <trkpt lat="-9.1902466" lon="148.4028879"/>
      <trkpt lat="-9.1902584" lon="148.4027164"/>
      <trkpt lat="-9.1902467" lon="148.4025395"/>
      <trkpt lat="-9.1902446" lon="148.4023638"/>
      <trkpt lat="-9.1902499" lon="148.4021887"/>
      <trkpt lat="-9.1902338" lon="148.4020298"/>
      <trkpt lat="-9.1901883" lon="148.4018867"/>
    </trkseg>
    <trkseg>
      <trkpt lat="-9.1901900" lon="148.4017883"/>
      <trkpt lat="-9.1902565" lon="148.4016543"/>
      <trkpt lat="-9.1903265" lon="148.4015055"/>
      <trkpt lat="-9.1903892" lon="148.4013397"/>
      <trkpt lat="-9.1904262" lon="148.4011668"/>
      <trkpt lat="-9.1904521" lon="148.4009907"/>
      <trkpt lat="-9.1904545" lon="148.4008127"/>
      <trkpt lat="-9.1904774" lon="148.4006397"/>
      <trkpt lat="-9.1905274" lon="148.4004805"/>
      <trkpt lat="-9.1906105" lon="148.4003340"/>
      <trkpt lat="-9.1906777" lon="148.4001840"/>
      <trkpt lat="-9.1907383" lon="148.4000327"/>
      <trkpt lat="-9.1908227" lon="148.3998925"/>
      <trkpt lat="-9.1909217" lon="148.3997553"/>
      <trkpt lat="-9.1909832" lon="148.3996108"/>
      <trkpt lat="-9.1909997" lon="148.3994712"/>
      <trkpt lat="-9.1910140" lon="148.3993746"/>
      <trkpt lat="-9.1910863" lon="148.3993086"/>
      <trkpt lat="-9.1911419" lon="148.3992142"/>
      <trkpt lat="-9.1911576" lon="148.3990785"/>
      <trkpt lat="-9.1910956" lon="148.3989094"/>
      <trkpt lat="-9.1910592" lon="148.3987484"/>
      <trkpt lat="-9.1910748" lon="148.3985938"/>
      <trkpt lat="-9.1910780" lon="148.3984493"/>
      <trkpt lat="-9.1910413" lon="148.3983023"/>
      <trkpt lat="-9.1909584" lon="148.3981500"/>
      <trkpt lat="-9.1909146" lon="148.3979854"/>
      <trkpt lat="-9.1908878" lon="148.3978165"/>
      <trkpt lat="-9.1908569" lon="148.3976467"/>
      <trkpt lat="-9.1908259" lon="148.3974765"/>
      <trkpt lat="-9.1908162" lon="148.3973048"/>
      <trkpt lat="-9.1908218" lon="148.3971271"/>
      <trkpt lat="-9.1908228" lon="148.3969473"/>
      <trkpt lat="-9.1908250" lon="148.3967680"/>
      <trkpt lat="-9.1908152" lon="148.3965919"/>
      <trkpt lat="-9.1908069" lon="148.3964163"/>
      <trkpt lat="-9.1907925" lon="148.3962388"/>
      <trkpt lat="-9.1907993" lon="148.3960576"/>
      <trkpt lat="-9.1907946" lon="148.3958779"/>
      <trkpt lat="-9.1907843" lon="148.3956982"/>
      <trkpt lat="-9.1907495" lon="148.3955311"/>
      <trkpt lat="-9.1906863" lon="148.3953768"/>
      <trkpt lat="-9.1906078" lon="148.3952275"/>
      <trkpt lat="-9.1905548" lon="148.3950710"/>
      <trkpt lat="-9.1905566" lon="148.3949017"/>
      <trkpt lat="-9.1905988" lon="148.3947326"/>
      <trkpt lat="-9.1906509" lon="148.3945690"/>
      <trkpt lat="-9.1907085" lon="148.3944086"/>
      <trkpt lat="-9.1907443" lon="148.3942431"/>
      <trkpt lat="-9.1907448" lon="148.3940741"/>
      <trkpt lat="-9.1907061" lon="148.3939030"/>
      <trkpt lat="-9.1906684" lon="148.3937332"/>
      <trkpt lat="-9.1906892" lon="148.3935700"/>
      <trkpt lat="-9.1907738" lon="148.3934271"/>
      <trkpt lat="-9.1909025" lon="148.3933050"/>
      <trkpt lat="-9.1910207" lon="148.3931777"/>
      <trkpt lat="-9.1911185" lon="148.3930908"/>
      <trkpt lat="-9.1911950" lon="148.3930450"/>
    </trkseg>
    <trkseg>
      <trkpt lat="-9.1911183" lon="148.3929917"/>
      <trkpt lat="-9.1912424" lon="148.3929053"/>
      <trkpt lat="-9.1913290" lon="148.3927784"/>
      <trkpt lat="-9.1913953" lon="148.3926175"/>
      <trkpt lat="-9.1914642" lon="148.3924634"/>
      <trkpt lat="-9.1915481" lon="148.3923262"/>
      <trkpt lat="-9.1916295" lon="148.3921870"/>
      <trkpt lat="-9.1917027" lon="148.3920362"/>
      <trkpt lat="-9.1917778" lon="148.3918724"/>
      <trkpt lat="-9.1918653" lon="148.3917163"/>
      <trkpt lat="-9.1919734" lon="148.3915770"/>
      <trkpt lat="-9.1920344" lon="148.3914643"/>
      <trkpt lat="-9.1920383" lon="148.3913700"/>
    </trkseg>
    <trkseg>
      <trkpt lat="-9.1919467" lon="148.3913567"/>
      <trkpt lat="-9.1917753" lon="148.3913146"/>
      <trkpt lat="-9.1916221" lon="148.3912969"/>
      <trkpt lat="-9.1914755" lon="148.3913200"/>
      <trkpt lat="-9.1913329" lon="148.3913804"/>
      <trkpt lat="-9.1912302" lon="148.3914114"/>
      <trkpt lat="-9.1911269" lon="148.3913853"/>
      <trkpt lat="-9.1910379" lon="148.3912958"/>
      <trkpt lat="-9.1908880" lon="148.3912224"/>
      <trkpt lat="-9.1907292" lon="148.3911702"/>
      <trkpt lat="-9.1906056" lon="148.3911312"/>
      <trkpt lat="-9.1905044" lon="148.3910498"/>
      <trkpt lat="-9.1904635" lon="148.3909247"/>
      <trkpt lat="-9.1904180" lon="148.3908079"/>
      <trkpt lat="-9.1903511" lon="148.3907441"/>
      <trkpt lat="-9.1902417" lon="148.3907550"/>
      <trkpt lat="-9.1901497" lon="148.3907270"/>
      <trkpt lat="-9.1901478" lon="148.3906422"/>
      <trkpt lat="-9.1901401" lon="148.3905199"/>
      <trkpt lat="-9.1900803" lon="148.3904577"/>
      <trkpt lat="-9.1900163" lon="148.3904014"/>
      <trkpt lat="-9.1900290" lon="148.3903113"/>
      <trkpt lat="-9.1900791" lon="148.3901557"/>
      <trkpt lat="-9.1901048" lon="148.3899901"/>
      <trkpt lat="-9.1901034" lon="148.3898356"/>
      <trkpt lat="-9.1901453" lon="148.3896950"/>
      <trkpt lat="-9.1901841" lon="148.3895484"/>
      <trkpt lat="-9.1902047" lon="148.3893959"/>
      <trkpt lat="-9.1901745" lon="148.3892470"/>
      <trkpt lat="-9.1901673" lon="148.3891031"/>
      <trkpt lat="-9.1901815" lon="148.3889480"/>
      <trkpt lat="-9.1902387" lon="148.3887823"/>
      <trkpt lat="-9.1902731" lon="148.3886133"/>
      <trkpt lat="-9.1903245" lon="148.3884579"/>
      <trkpt lat="-9.1902991" lon="148.3883234"/>
      <trkpt lat="-9.1902350" lon="148.3882096"/>
      <trkpt lat="-9.1900990" lon="148.3881357"/>
      <trkpt lat="-9.1899617" lon="148.3880841"/>
      <trkpt lat="-9.1898159" lon="148.3880636"/>
      <trkpt lat="-9.1897001" lon="148.3879897"/>
      <trkpt lat="-9.1896075" lon="148.3878751"/>
      <trkpt lat="-9.1895329" lon="148.3877337"/>
      <trkpt lat="-9.1894917" lon="148.3875933"/>
      <trkpt lat="-9.1894874" lon="148.3874473"/>
      <trkpt lat="-9.1895214" lon="148.3872832"/>
      <trkpt lat="-9.1895938" lon="148.3871521"/>
      <trkpt lat="-9.1896730" lon="148.3870193"/>
      <trkpt lat="-9.1897463" lon="148.3868828"/>
      <trkpt lat="-9.1897398" lon="148.3867164"/>
      <trkpt lat="-9.1897075" lon="148.3865593"/>
      <trkpt lat="-9.1896679" lon="148.3864152"/>
      <trkpt lat="-9.1896353" lon="148.3862813"/>
      <trkpt lat="-9.1896064" lon="148.3861466"/>
      <trkpt lat="-9.1895285" lon="148.3860294"/>
      <trkpt lat="-9.1894251" lon="148.3859149"/>
      <trkpt lat="-9.1892696" lon="148.3858413"/>
      <trkpt lat="-9.1891146" lon="148.3857856"/>
      <trkpt lat="-9.1889848" lon="148.3857893"/>
      <trkpt lat="-9.1888910" lon="148.3857759"/>
      <trkpt lat="-9.1888011" lon="148.3857776"/>
      <trkpt lat="-9.1887350" lon="148.3858192"/>
      <trkpt lat="-9.1886712" lon="148.3859336"/>
      <trkpt lat="-9.1886151" lon="148.3860695"/>
      <trkpt lat="-9.1885015" lon="148.3861682"/>
      <trkpt lat="-9.1883547" lon="148.3862289"/>
      <trkpt lat="-9.1882453" lon="148.3863169"/>
      <trkpt lat="-9.1882000" lon="148.3864397"/>
      <trkpt lat="-9.1881503" lon="148.3865733"/>
      <trkpt lat="-9.1880684" lon="148.3866953"/>
      <trkpt lat="-9.1879526" lon="148.3868135"/>
      <trkpt lat="-9.1878926" lon="148.3869726"/>
      <trkpt lat="-9.1878632" lon="148.3871448"/>
      <trkpt lat="-9.1878605" lon="148.3873240"/>
      <trkpt lat="-9.1878562" lon="148.3874929"/>
      <trkpt lat="-9.1878032" lon="148.3875856"/>
      <trkpt lat="-9.1877017" lon="148.3875931"/>
      <trkpt lat="-9.1875526" lon="148.3875844"/>
      <trkpt lat="-9.1874385" lon="148.3876458"/>
      <trkpt lat="-9.1873405" lon="148.3877836"/>
      <trkpt lat="-9.1872731" lon="148.3879388"/>
      <trkpt lat="-9.1872435" lon="148.3880926"/>
      <trkpt lat="-9.1872009" lon="148.3882239"/>
      <trkpt lat="-9.1871279" lon="148.3883334"/>
      <trkpt lat="-9.1869917" lon="148.3884312"/>
      <trkpt lat="-9.1868602" lon="148.3885463"/>
      <trkpt lat="-9.1867689" lon="148.3886876"/>
      <trkpt lat="-9.1867239" lon="148.3888434"/>
      <trkpt lat="-9.1866956" lon="148.3890087"/>
      <trkpt lat="-9.1866200" lon="148.3891292"/>
      <trkpt lat="-9.1864868" lon="148.3891829"/>
      <trkpt lat="-9.1863170" lon="148.3891893"/>
      <trkpt lat="-9.1861460" lon="148.3891725"/>
      <trkpt lat="-9.1859738" lon="148.3891699"/>
      <trkpt lat="-9.1858280" lon="148.3891633"/>
      <trkpt lat="-9.1856840" lon="148.3891569"/>
      <trkpt lat="-9.1855392" lon="148.3891588"/>
      <trkpt lat="-9.1853908" lon="148.3891965"/>
      <trkpt lat="-9.1852655" lon="148.3892908"/>
      <trkpt lat="-9.1851442" lon="148.3893994"/>
      <trkpt lat="-9.1849979" lon="148.3894638"/>
      <trkpt lat="-9.1848300" lon="148.3894604"/>
      <trkpt lat="-9.1846596" lon="148.3894108"/>
      <trkpt lat="-9.1844960" lon="148.3893531"/>
      <trkpt lat="-9.1843369" lon="148.3893500"/>
      <trkpt lat="-9.1841758" lon="148.3893807"/>
      <trkpt lat="-9.1840119" lon="148.3894397"/>
      <trkpt lat="-9.1838509" lon="148.3895050"/>
      <trkpt lat="-9.1836967" lon="148.3895915"/>
      <trkpt lat="-9.1835396" lon="148.3896674"/>
      <trkpt lat="-9.1833792" lon="148.3897365"/>
      <trkpt lat="-9.1832105" lon="148.3897690"/>
      <trkpt lat="-9.1830415" lon="148.3897955"/>
      <trkpt lat="-9.1828662" lon="148.3897866"/>
      <trkpt lat="-9.1826904" lon="148.3897751"/>
      <trkpt lat="-9.1825318" lon="148.3897296"/>
      <trkpt lat="-9.1823744" lon="148.3896683"/>
      <trkpt lat="-9.1822187" lon="148.3896120"/>
      <trkpt lat="-9.1820448" lon="148.3895889"/>
      <trkpt lat="-9.1818686" lon="148.3895998"/>
      <trkpt lat="-9.1816966" lon="148.3896355"/>
      <trkpt lat="-9.1815360" lon="148.3896569"/>
      <trkpt lat="-9.1813893" lon="148.3896292"/>
      <trkpt lat="-9.1812428" lon="148.3895990"/>
      <trkpt lat="-9.1810863" lon="148.3895950"/>
      <trkpt lat="-9.1809205" lon="148.3896245"/>
      <trkpt lat="-9.1807500" lon="148.3896320"/>
      <trkpt lat="-9.1805787" lon="148.3896228"/>
      <trkpt lat="-9.1804009" lon="148.3896216"/>
      <trkpt lat="-9.1802231" lon="148.3896153"/>
      <trkpt lat="-9.1800504" lon="148.3896304"/>
      <trkpt lat="-9.1798879" lon="148.3896734"/>
      <trkpt lat="-9.1797533" lon="148.3897729"/>
      <trkpt lat="-9.1796356" lon="148.3899046"/>
      <trkpt lat="-9.1795195" lon="148.3900280"/>
      <trkpt lat="-9.1794130" lon="148.3901564"/>
      <trkpt lat="-9.1792973" lon="148.3902652"/>
      <trkpt lat="-9.1792270" lon="148.3903485"/>
      <trkpt lat="-9.1791750" lon="148.3903767"/>
    </trkseg>
    <trkseg>
      <trkpt lat="-9.1792583" lon="148.3903333"/>
      <trkpt lat="-9.1793893" lon="148.3902421"/>
      <trkpt lat="-9.1795177" lon="148.3901374"/>
      <trkpt lat="-9.1796191" lon="148.3900117"/>
      <trkpt lat="-9.1797070" lon="148.3899269"/>
      <trkpt lat="-9.1797650" lon="148.3898733"/>
    </trkseg>
    <trkseg>
      <trkpt lat="-9.1798400" lon="148.3898133"/>
      <trkpt lat="-9.1799635" lon="148.3896911"/>
      <trkpt lat="-9.1801013" lon="148.3896258"/>
      <trkpt lat="-9.1802025" lon="148.3895508"/>
      <trkpt lat="-9.1802170" lon="148.3894486"/>
      <trkpt lat="-9.1801601" lon="148.3892844"/>
      <trkpt lat="-9.1801269" lon="148.3891309"/>
      <trkpt lat="-9.1801003" lon="148.3889734"/>
      <trkpt lat="-9.1800527" lon="148.3888309"/>
      <trkpt lat="-9.1799353" lon="148.3887018"/>
      <trkpt lat="-9.1797933" lon="148.3885932"/>
      <trkpt lat="-9.1796642" lon="148.3884735"/>
      <trkpt lat="-9.1795477" lon="148.3883408"/>
      <trkpt lat="-9.1794770" lon="148.3881844"/>
      <trkpt lat="-9.1794058" lon="148.3880320"/>
      <trkpt lat="-9.1793104" lon="148.3879221"/>
      <trkpt lat="-9.1791599" lon="148.3878660"/>
      <trkpt lat="-9.1790180" lon="148.3878947"/>
      <trkpt lat="-9.1789263" lon="148.3879619"/>
      <trkpt lat="-9.1788349" lon="148.3880323"/>
      <trkpt lat="-9.1787068" lon="148.3880603"/>
      <trkpt lat="-9.1785343" lon="148.3880796"/>
      <trkpt lat="-9.1783750" lon="148.3881259"/>
      <trkpt lat="-9.1782559" lon="148.3882338"/>
      <trkpt lat="-9.1781647" lon="148.3883718"/>
      <trkpt lat="-9.1780916" lon="148.3885367"/>
      <trkpt lat="-9.1780041" lon="148.3886933"/>
      <trkpt lat="-9.1779092" lon="148.3888434"/>
      <trkpt lat="-9.1777986" lon="148.3889817"/>
      <trkpt lat="-9.1776671" lon="148.3890962"/>
      <trkpt lat="-9.1775176" lon="148.3891945"/>
      <trkpt lat="-9.1773574" lon="148.3892561"/>
      <trkpt lat="-9.1771929" lon="148.3893050"/>
      <trkpt lat="-9.1770243" lon="148.3893432"/>
      <trkpt lat="-9.1768553" lon="148.3893968"/>
      <trkpt lat="-9.1766889" lon="148.3894552"/>
      <trkpt lat="-9.1765227" lon="148.3895131"/>
      <trkpt lat="-9.1763619" lon="148.3895795"/>
      <trkpt lat="-9.1762060" lon="148.3896587"/>
      <trkpt lat="-9.1760626" lon="148.3897563"/>
      <trkpt lat="-9.1759217" lon="148.3898618"/>
      <trkpt lat="-9.1757811" lon="148.3899693"/>
      <trkpt lat="-9.1756303" lon="148.3900660"/>
      <trkpt lat="-9.1754764" lon="148.3901589"/>
      <trkpt lat="-9.1753240" lon="148.3902530"/>
      <trkpt lat="-9.1751797" lon="148.3903596"/>
      <trkpt lat="-9.1750318" lon="148.3904572"/>
      <trkpt lat="-9.1748966" lon="148.3905679"/>
      <trkpt lat="-9.1747788" lon="148.3906874"/>
      <trkpt lat="-9.1746632" lon="148.3908106"/>
      <trkpt lat="-9.1745412" lon="148.3909289"/>
      <trkpt lat="-9.1744160" lon="148.3910495"/>
      <trkpt lat="-9.1743085" lon="148.3911908"/>
      <trkpt lat="-9.1742239" lon="148.3913441"/>
      <trkpt lat="-9.1741513" lon="148.3914925"/>
      <trkpt lat="-9.1740588" lon="148.3916131"/>
      <trkpt lat="-9.1739356" lon="148.3917115"/>
      <trkpt lat="-9.1737773" lon="148.3917902"/>
      <trkpt lat="-9.1736237" lon="148.3918788"/>
      <trkpt lat="-9.1734666" lon="148.3919609"/>
      <trkpt lat="-9.1733072" lon="148.3920380"/>
      <trkpt lat="-9.1731511" lon="148.3921201"/>
      <trkpt lat="-9.1730200" lon="148.3922291"/>
      <trkpt lat="-9.1728996" lon="148.3923504"/>
      <trkpt lat="-9.1728016" lon="148.3924912"/>
      <trkpt lat="-9.1727292" lon="148.3926370"/>
      <trkpt lat="-9.1726785" lon="148.3928046"/>
      <trkpt lat="-9.1726245" lon="148.3929440"/>
      <trkpt lat="-9.1725483" lon="148.3930533"/>
    </trkseg>
    <trkseg>
      <trkpt lat="-9.1724950" lon="148.3929783"/>
      <trkpt lat="-9.1723294" lon="148.3929127"/>
      <trkpt lat="-9.1721674" lon="148.3928374"/>
      <trkpt lat="-9.1720205" lon="148.3927391"/>
      <trkpt lat="-9.1718715" lon="148.3926453"/>
      <trkpt lat="-9.1717305" lon="148.3925392"/>
      <trkpt lat="-9.1715889" lon="148.3924304"/>
      <trkpt lat="-9.1714584" lon="148.3923065"/>
      <trkpt lat="-9.1713541" lon="148.3921639"/>
      <trkpt lat="-9.1712471" lon="148.3920304"/>
      <trkpt lat="-9.1711229" lon="148.3919255"/>
      <trkpt lat="-9.1709622" lon="148.3918566"/>
      <trkpt lat="-9.1707895" lon="148.3918179"/>
      <trkpt lat="-9.1706182" lon="148.3918089"/>
      <trkpt lat="-9.1704553" lon="148.3918560"/>
      <trkpt lat="-9.1702908" lon="148.3919151"/>
      <trkpt lat="-9.1701358" lon="148.3919937"/>
      <trkpt lat="-9.1699758" lon="148.3920590"/>
      <trkpt lat="-9.1698162" lon="148.3921276"/>
      <trkpt lat="-9.1696453" lon="148.3921718"/>
      <trkpt lat="-9.1694675" lon="148.3921879"/>
      <trkpt lat="-9.1692887" lon="148.3921932"/>
      <trkpt lat="-9.1691298" lon="148.3922295"/>
      <trkpt lat="-9.1689797" lon="148.3923033"/>
      <trkpt lat="-9.1688318" lon="148.3923914"/>
      <trkpt lat="-9.1686630" lon="148.3924393"/>
      <trkpt lat="-9.1684915" lon="148.3924678"/>
      <trkpt lat="-9.1683687" lon="148.3924911"/>
      <trkpt lat="-9.1682967" lon="148.3925233"/>
    </trkseg>
    <trkseg>
      <trkpt lat="-9.1683650" lon="148.3926017"/>
      <trkpt lat="-9.1684431" lon="148.3927644"/>
      <trkpt lat="-9.1685253" lon="148.3929245"/>
      <trkpt lat="-9.1686248" lon="148.3930651"/>
      <trkpt lat="-9.1687356" lon="148.3931930"/>
      <trkpt lat="-9.1688647" lon="148.3933060"/>
      <trkpt lat="-9.1690015" lon="148.3934174"/>
      <trkpt lat="-9.1691465" lon="148.3935201"/>
      <trkpt lat="-9.1692839" lon="148.3936316"/>
      <trkpt lat="-9.1694104" lon="148.3937409"/>
      <trkpt lat="-9.1695091" lon="148.3938692"/>
      <trkpt lat="-9.1695574" lon="148.3940038"/>
      <trkpt lat="-9.1696078" lon="148.3941518"/>
      <trkpt lat="-9.1696496" lon="148.3943093"/>
      <trkpt lat="-9.1697224" lon="148.3944497"/>
      <trkpt lat="-9.1698105" lon="148.3945678"/>
      <trkpt lat="-9.1699085" lon="148.3946560"/>
      <trkpt lat="-9.1700399" lon="148.3947194"/>
      <trkpt lat="-9.1701602" lon="148.3947945"/>
      <trkpt lat="-9.1703131" lon="148.3948521"/>
      <trkpt lat="-9.1704746" lon="148.3948983"/>
      <trkpt lat="-9.1706285" lon="148.3949479"/>
      <trkpt lat="-9.1707448" lon="148.3950301"/>
      <trkpt lat="-9.1708496" lon="148.3951437"/>
      <trkpt lat="-9.1709610" lon="148.3952583"/>
      <trkpt lat="-9.1711024" lon="148.3953441"/>
      <trkpt lat="-9.1712435" lon="148.3954203"/>
      <trkpt lat="-9.1713818" lon="148.3954412"/>
      <trkpt lat="-9.1715058" lon="148.3954641"/>
      <trkpt lat="-9.1716376" lon="148.3954858"/>
      <trkpt lat="-9.1717595" lon="148.3955645"/>
      <trkpt lat="-9.1718938" lon="148.3956197"/>
      <trkpt lat="-9.1720311" lon="148.3956481"/>
      <trkpt lat="-9.1721968" lon="148.3956521"/>
      <trkpt lat="-9.1723670" lon="148.3956788"/>
      <trkpt lat="-9.1725215" lon="148.3957221"/>
      <trkpt lat="-9.1726493" lon="148.3957860"/>
      <trkpt lat="-9.1727598" lon="148.3958337"/>
      <trkpt lat="-9.1728617" lon="148.3958979"/>
      <trkpt lat="-9.1729036" lon="148.3959767"/>
      <trkpt lat="-9.1729388" lon="148.3960803"/>
      <trkpt lat="-9.1729714" lon="148.3962068"/>
      <trkpt lat="-9.1730405" lon="148.3963040"/>
      <trkpt lat="-9.1730577" lon="148.3964209"/>
      <trkpt lat="-9.1730273" lon="148.3965454"/>
      <trkpt lat="-9.1729746" lon="148.3966959"/>
      <trkpt lat="-9.1729944" lon="148.3968060"/>
      <trkpt lat="-9.1730137" lon="148.3969083"/>
      <trkpt lat="-9.1730810" lon="148.3970073"/>
      <trkpt lat="-9.1730912" lon="148.3971616"/>
      <trkpt lat="-9.1731528" lon="148.3972709"/>
      <trkpt lat="-9.1731988" lon="148.3973647"/>
      <trkpt lat="-9.1733037" lon="148.3974255"/>
      <trkpt lat="-9.1734330" lon="148.3974767"/>
      <trkpt lat="-9.1735923" lon="148.3974742"/>
      <trkpt lat="-9.1737001" lon="148.3974888"/>
      <trkpt lat="-9.1737311" lon="148.3975635"/>
      <trkpt lat="-9.1737430" lon="148.3976464"/>
      <trkpt lat="-9.1737740" lon="148.3977305"/>
      <trkpt lat="-9.1737831" lon="148.3977944"/>
      <trkpt lat="-9.1737633" lon="148.3978685"/>
      <trkpt lat="-9.1736733" lon="148.3979187"/>
      <trkpt lat="-9.1735980" lon="148.3979853"/>
      <trkpt lat="-9.1735164" lon="148.3981139"/>
      <trkpt lat="-9.1734630" lon="148.3982777"/>
      <trkpt lat="-9.1734043" lon="148.3984383"/>
      <trkpt lat="-9.1733333" lon="148.3985952"/>
      <trkpt lat="-9.1732750" lon="148.3987562"/>
      <trkpt lat="-9.1732525" lon="148.3989225"/>
      <trkpt lat="-9.1732862" lon="148.3990809"/>
      <trkpt lat="-9.1733568" lon="148.3992346"/>
      <trkpt lat="-9.1734546" lon="148.3993833"/>
      <trkpt lat="-9.1735480" lon="148.3995371"/>
      <trkpt lat="-9.1736493" lon="148.3996784"/>
      <trkpt lat="-9.1736854" lon="148.3998143"/>
      <trkpt lat="-9.1736897" lon="148.3999211"/>
      <trkpt lat="-9.1736806" lon="148.4000404"/>
      <trkpt lat="-9.1737486" lon="148.4001408"/>
      <trkpt lat="-9.1738421" lon="148.4002585"/>
      <trkpt lat="-9.1739498" lon="148.4003645"/>
      <trkpt lat="-9.1740540" lon="148.4004664"/>
      <trkpt lat="-9.1741508" lon="148.4004786"/>
      <trkpt lat="-9.1742565" lon="148.4004639"/>
      <trkpt lat="-9.1742993" lon="148.4004185"/>
      <trkpt lat="-9.1743017" lon="148.4004150"/>
    </trkseg>
    <trkseg>
      <trkpt lat="-9.1743917" lon="148.4005100"/>
      <trkpt lat="-9.1743973" lon="148.4004256"/>
      <trkpt lat="-9.1743633" lon="148.4004527"/>
      <trkpt lat="-9.1743175" lon="148.4005966"/>
      <trkpt lat="-9.1742816" lon="148.4007624"/>
      <trkpt lat="-9.1742979" lon="148.4009117"/>
      <trkpt lat="-9.1743202" lon="148.4010630"/>
      <trkpt lat="-9.1743801" lon="148.4011903"/>
      <trkpt lat="-9.1743924" lon="148.4013211"/>
      <trkpt lat="-9.1744045" lon="148.4014490"/>
      <trkpt lat="-9.1743633" lon="148.4015985"/>
      <trkpt lat="-9.1743140" lon="148.4017587"/>
      <trkpt lat="-9.1742476" lon="148.4019217"/>
      <trkpt lat="-9.1741998" lon="148.4020889"/>
      <trkpt lat="-9.1742019" lon="148.4022566"/>
      <trkpt lat="-9.1742164" lon="148.4024237"/>
      <trkpt lat="-9.1742131" lon="148.4025765"/>
      <trkpt lat="-9.1742106" lon="148.4027358"/>
      <trkpt lat="-9.1742475" lon="148.4028372"/>
      <trkpt lat="-9.1743547" lon="148.4029260"/>
      <trkpt lat="-9.1744372" lon="148.4030108"/>
      <trkpt lat="-9.1745073" lon="148.4031473"/>
      <trkpt lat="-9.1745828" lon="148.4032716"/>
      <trkpt lat="-9.1746852" lon="148.4033994"/>
      <trkpt lat="-9.1747417" lon="148.4035321"/>
      <trkpt lat="-9.1747444" lon="148.4037027"/>
      <trkpt lat="-9.1747472" lon="148.4038467"/>
      <trkpt lat="-9.1747508" lon="148.4039864"/>
      <trkpt lat="-9.1747856" lon="148.4041202"/>
      <trkpt lat="-9.1748315" lon="148.4042737"/>
      <trkpt lat="-9.1748688" lon="148.4044218"/>
      <trkpt lat="-9.1748800" lon="148.4045702"/>
      <trkpt lat="-9.1748734" lon="148.4047255"/>
      <trkpt lat="-9.1749466" lon="148.4048366"/>
      <trkpt lat="-9.1750549" lon="148.4048749"/>
      <trkpt lat="-9.1751584" lon="148.4048728"/>
      <trkpt lat="-9.1752100" lon="148.4048395"/>
      <trkpt lat="-9.1752267" lon="148.4048000"/>
    </trkseg>
    <trkseg>
      <trkpt lat="-9.1751183" lon="148.4048367"/>
      <trkpt lat="-9.1749433" lon="148.4048739"/>
      <trkpt lat="-9.1747832" lon="148.4049386"/>
      <trkpt lat="-9.1746339" lon="148.4050289"/>
      <trkpt lat="-9.1744940" lon="148.4051129"/>
      <trkpt lat="-9.1743643" lon="148.4052083"/>
      <trkpt lat="-9.1742425" lon="148.4053105"/>
      <trkpt lat="-9.1741235" lon="148.4054418"/>
      <trkpt lat="-9.1740480" lon="148.4055692"/>
      <trkpt lat="-9.1740127" lon="148.4057133"/>
      <trkpt lat="-9.1740637" lon="148.4058624"/>
      <trkpt lat="-9.1740882" lon="148.4060207"/>
      <trkpt lat="-9.1740586" lon="148.4061381"/>
      <trkpt lat="-9.1739276" lon="148.4062081"/>
      <trkpt lat="-9.1737697" lon="148.4062263"/>
      <trkpt lat="-9.1736087" lon="148.4062133"/>
      <trkpt lat="-9.1734481" lon="148.4061951"/>
      <trkpt lat="-9.1732881" lon="148.4061638"/>
      <trkpt lat="-9.1731827" lon="148.4061817"/>
      <trkpt lat="-9.1731249" lon="148.4062436"/>
      <trkpt lat="-9.1730816" lon="148.4063465"/>
      <trkpt lat="-9.1729836" lon="148.4063982"/>
      <trkpt lat="-9.1728400" lon="148.4063983"/>
      <trkpt lat="-9.1726687" lon="148.4063473"/>
      <trkpt lat="-9.1725158" lon="148.4063341"/>
      <trkpt lat="-9.1724352" lon="148.4063956"/>
      <trkpt lat="-9.1723935" lon="148.4065134"/>
      <trkpt lat="-9.1723439" lon="148.4066436"/>
      <trkpt lat="-9.1722215" lon="148.4067051"/>
      <trkpt lat="-9.1720778" lon="148.4066876"/>
      <trkpt lat="-9.1719350" lon="148.4066117"/>
      <trkpt lat="-9.1718276" lon="148.4064997"/>
      <trkpt lat="-9.1717292" lon="148.4063833"/>
      <trkpt lat="-9.1716254" lon="148.4063132"/>
      <trkpt lat="-9.1714903" lon="148.4063103"/>
      <trkpt lat="-9.1713435" lon="148.4063987"/>
      <trkpt lat="-9.1711911" lon="148.4064737"/>
      <trkpt lat="-9.1710349" lon="148.4065397"/>
      <trkpt lat="-9.1708649" lon="148.4065641"/>
      <trkpt lat="-9.1707062" lon="148.4066122"/>
      <trkpt lat="-9.1705750" lon="148.4066018"/>
      <trkpt lat="-9.1704419" lon="148.4065732"/>
      <trkpt lat="-9.1702972" lon="148.4064945"/>
      <trkpt lat="-9.1701265" lon="148.4064525"/>
      <trkpt lat="-9.1699569" lon="148.4064434"/>
      <trkpt lat="-9.1697915" lon="148.4064730"/>
      <trkpt lat="-9.1696323" lon="148.4065402"/>
      <trkpt lat="-9.1695071" lon="148.4066461"/>
      <trkpt lat="-9.1693871" lon="148.4067599"/>
      <trkpt lat="-9.1692657" lon="148.4068705"/>
      <trkpt lat="-9.1691264" lon="148.4069318"/>
      <trkpt lat="-9.1689755" lon="148.4069635"/>
      <trkpt lat="-9.1688223" lon="148.4069533"/>
      <trkpt lat="-9.1686576" lon="148.4069091"/>
      <trkpt lat="-9.1685087" lon="148.4068334"/>
      <trkpt lat="-9.1683566" lon="148.4067634"/>
      <trkpt lat="-9.1681972" lon="148.4067147"/>
      <trkpt lat="-9.1680255" lon="148.4066824"/>
      <trkpt lat="-9.1678548" lon="148.4066412"/>
      <trkpt lat="-9.1676830" lon="148.4066061"/>
      <trkpt lat="-9.1675135" lon="148.4065718"/>
      <trkpt lat="-9.1673453" lon="148.4065739"/>
      <trkpt lat="-9.1671882" lon="148.4065447"/>
      <trkpt lat="-9.1670461" lon="148.4064833"/>
      <trkpt lat="-9.1669174" lon="148.4063617"/>
      <trkpt lat="-9.1668363" lon="148.4062197"/>
      <trkpt lat="-9.1667556" lon="148.4060764"/>
      <trkpt lat="-9.1666710" lon="148.4059380"/>
      <trkpt lat="-9.1665334" lon="148.4058274"/>
      <trkpt lat="-9.1664073" lon="148.4057232"/>
      <trkpt lat="-9.1663050" lon="148.4056071"/>
      <trkpt lat="-9.1662640" lon="148.4054566"/>
      <trkpt lat="-9.1662061" lon="148.4053145"/>
      <trkpt lat="-9.1661690" lon="148.4052238"/>
      <trkpt lat="-9.1661239" lon="148.4051928"/>
    </trkseg>
    <trkseg>
      <trkpt lat="-9.1660983" lon="148.4049450"/>
      <trkpt lat="-9.1660157" lon="148.4050064"/>
      <trkpt lat="-9.1658861" lon="148.4050246"/>
      <trkpt lat="-9.1657150" lon="148.4049963"/>
      <trkpt lat="-9.1655469" lon="148.4049754"/>
      <trkpt lat="-9.1653945" lon="148.4050007"/>
      <trkpt lat="-9.1652485" lon="148.4050699"/>
      <trkpt lat="-9.1651121" lon="148.4051298"/>
      <trkpt lat="-9.1649771" lon="148.4051152"/>
      <trkpt lat="-9.1648298" lon="148.4050720"/>
      <trkpt lat="-9.1646964" lon="148.4049918"/>
      <trkpt lat="-9.1645723" lon="148.4049014"/>
      <trkpt lat="-9.1644653" lon="148.4047680"/>
      <trkpt lat="-9.1643552" lon="148.4046473"/>
      <trkpt lat="-9.1642289" lon="148.4046071"/>
      <trkpt lat="-9.1640888" lon="148.4046138"/>
      <trkpt lat="-9.1639398" lon="148.4046674"/>
      <trkpt lat="-9.1637878" lon="148.4046571"/>
      <trkpt lat="-9.1636911" lon="148.4045913"/>
      <trkpt lat="-9.1635957" lon="148.4044982"/>
      <trkpt lat="-9.1635100" lon="148.4044183"/>
    </trkseg>
    <trkseg>
      <trkpt lat="-9.1633933" lon="148.4045417"/>
      <trkpt lat="-9.1635416" lon="148.4045238"/>
      <trkpt lat="-9.1636683" lon="148.4045194"/>
      <trkpt lat="-9.1637733" lon="148.4045283"/>
    </trkseg>
    <trkseg>
      <trkpt lat="-9.1637250" lon="148.4044200"/>
      <trkpt lat="-9.1636970" lon="148.4043901"/>
      <trkpt lat="-9.1636446" lon="148.4042992"/>
      <trkpt lat="-9.1635638" lon="148.4042017"/>
      <trkpt lat="-9.1634836" lon="148.4041706"/>
      <trkpt lat="-9.1633731" lon="148.4042139"/>
      <trkpt lat="-9.1632403" lon="148.4042357"/>
      <trkpt lat="-9.1631169" lon="148.4041820"/>
      <trkpt lat="-9.1630413" lon="148.4040466"/>
      <trkpt lat="-9.1629747" lon="148.4039200"/>
      <trkpt lat="-9.1628760" lon="148.4038300"/>
      <trkpt lat="-9.1627298" lon="148.4037788"/>
      <trkpt lat="-9.1625934" lon="148.4036875"/>
      <trkpt lat="-9.1624510" lon="148.4035975"/>
      <trkpt lat="-9.1623096" lon="148.4035111"/>
      <trkpt lat="-9.1621782" lon="148.4034498"/>
      <trkpt lat="-9.1620472" lon="148.4033993"/>
      <trkpt lat="-9.1619332" lon="148.4033182"/>
      <trkpt lat="-9.1617946" lon="148.4032279"/>
      <trkpt lat="-9.1616814" lon="148.4030950"/>
      <trkpt lat="-9.1615683" lon="148.4030289"/>
      <trkpt lat="-9.1614545" lon="148.4030113"/>
      <trkpt lat="-9.1613370" lon="148.4030921"/>
      <trkpt lat="-9.1611995" lon="148.4031405"/>
      <trkpt lat="-9.1610812" lon="148.4031234"/>
      <trkpt lat="-9.1609805" lon="148.4030604"/>
      <trkpt lat="-9.1609139" lon="148.4030630"/>
      <trkpt lat="-9.1608805" lon="148.4031032"/>
      <trkpt lat="-9.1608501" lon="148.4031102"/>
      <trkpt lat="-9.1607940" lon="148.4030989"/>
      <trkpt lat="-9.1606812" lon="148.4030866"/>
      <trkpt lat="-9.1605360" lon="148.4030683"/>
      <trkpt lat="-9.1603883" lon="148.4030372"/>
      <trkpt lat="-9.1602429" lon="148.4030499"/>
      <trkpt lat="-9.1601102" lon="148.4031329"/>
      <trkpt lat="-9.1599763" lon="148.4032252"/>
      <trkpt lat="-9.1598518" lon="148.4033239"/>
      <trkpt lat="-9.1597013" lon="148.4033980"/>
      <trkpt lat="-9.1595446" lon="148.4034282"/>
      <trkpt lat="-9.1593749" lon="148.4034250"/>
      <trkpt lat="-9.1592178" lon="148.4034122"/>
      <trkpt lat="-9.1590759" lon="148.4033689"/>
      <trkpt lat="-9.1589460" lon="148.4032966"/>
      <trkpt lat="-9.1588336" lon="148.4032758"/>
      <trkpt lat="-9.1587163" lon="148.4033003"/>
      <trkpt lat="-9.1585912" lon="148.4033759"/>
      <trkpt lat="-9.1584385" lon="148.4033929"/>
      <trkpt lat="-9.1582795" lon="148.4033805"/>
      <trkpt lat="-9.1581199" lon="148.4033154"/>
      <trkpt lat="-9.1579676" lon="148.4032566"/>
      <trkpt lat="-9.1578225" lon="148.4032281"/>
      <trkpt lat="-9.1576775" lon="148.4032302"/>
      <trkpt lat="-9.1575270" lon="148.4032553"/>
      <trkpt lat="-9.1573917" lon="148.4032534"/>
      <trkpt lat="-9.1572720" lon="148.4032000"/>
      <trkpt lat="-9.1571474" lon="148.4031254"/>
      <trkpt lat="-9.1569994" lon="148.4030728"/>
      <trkpt lat="-9.1568337" lon="148.4030878"/>
      <trkpt lat="-9.1566920" lon="148.4030715"/>
      <trkpt lat="-9.1565518" lon="148.4030541"/>
      <trkpt lat="-9.1564079" lon="148.4030379"/>
      <trkpt lat="-9.1562628" lon="148.4030513"/>
      <trkpt lat="-9.1561973" lon="148.4031147"/>
      <trkpt lat="-9.1562090" lon="148.4031205"/>
      <trkpt lat="-9.1562622" lon="148.4031083"/>
      <trkpt lat="-9.1562391" lon="148.4030660"/>
      <trkpt lat="-9.1561508" lon="148.4030212"/>
      <trkpt lat="-9.1560041" lon="148.4029772"/>
      <trkpt lat="-9.1558514" lon="148.4029123"/>
      <trkpt lat="-9.1556942" lon="148.4028562"/>
      <trkpt lat="-9.1555531" lon="148.4027751"/>
      <trkpt lat="-9.1554126" lon="148.4026866"/>
      <trkpt lat="-9.1552640" lon="148.4026066"/>
      <trkpt lat="-9.1551051" lon="148.4025690"/>
      <trkpt lat="-9.1549585" lon="148.4025043"/>
      <trkpt lat="-9.1548143" lon="148.4024384"/>
      <trkpt lat="-9.1546712" lon="148.4023410"/>
      <trkpt lat="-9.1545187" lon="148.4022531"/>
      <trkpt lat="-9.1543715" lon="148.4021530"/>
      <trkpt lat="-9.1542181" lon="148.4021028"/>
      <trkpt lat="-9.1540619" lon="148.4021015"/>
      <trkpt lat="-9.1539065" lon="148.4021302"/>
      <trkpt lat="-9.1537640" lon="148.4021855"/>
      <trkpt lat="-9.1536220" lon="148.4022426"/>
      <trkpt lat="-9.1534791" lon="148.4023434"/>
      <trkpt lat="-9.1533219" lon="148.4024255"/>
      <trkpt lat="-9.1531609" lon="148.4024927"/>
      <trkpt lat="-9.1529995" lon="148.4025578"/>
      <trkpt lat="-9.1528328" lon="148.4025983"/>
      <trkpt lat="-9.1526685" lon="148.4026533"/>
      <trkpt lat="-9.1524934" lon="148.4026805"/>
      <trkpt lat="-9.1523216" lon="148.4027289"/>
      <trkpt lat="-9.1521466" lon="148.4027561"/>
      <trkpt lat="-9.1519807" lon="148.4028073"/>
      <trkpt lat="-9.1518178" lon="148.4028332"/>
      <trkpt lat="-9.1516588" lon="148.4028704"/>
      <trkpt lat="-9.1515063" lon="148.4028451"/>
      <trkpt lat="-9.1514124" lon="148.4027662"/>
      <trkpt lat="-9.1513598" lon="148.4026175"/>
      <trkpt lat="-9.1513129" lon="148.4025092"/>
      <trkpt lat="-9.1512050" lon="148.4024724"/>
      <trkpt lat="-9.1510698" lon="148.4024604"/>
      <trkpt lat="-9.1509207" lon="148.4024175"/>
      <trkpt lat="-9.1507974" lon="148.4023173"/>
      <trkpt lat="-9.1507050" lon="148.4022629"/>
      <trkpt lat="-9.1506323" lon="148.4021926"/>
      <trkpt lat="-9.1505618" lon="148.4021226"/>
      <trkpt lat="-9.1504592" lon="148.4020105"/>
      <trkpt lat="-9.1503948" lon="148.4019357"/>
      <trkpt lat="-9.1503120" lon="148.4019031"/>
      <trkpt lat="-9.1502631" lon="148.4019500"/>
      <trkpt lat="-9.1501929" lon="148.4020375"/>
      <trkpt lat="-9.1501415" lon="148.4021779"/>
      <trkpt lat="-9.1500419" lon="148.4022757"/>
      <trkpt lat="-9.1499040" lon="148.4023601"/>
      <trkpt lat="-9.1497683" lon="148.4024459"/>
      <trkpt lat="-9.1496500" lon="148.4025470"/>
      <trkpt lat="-9.1495300" lon="148.4026454"/>
      <trkpt lat="-9.1493865" lon="148.4027185"/>
      <trkpt lat="-9.1492333" lon="148.4027950"/>
    </trkseg>
    <trkseg>
      <trkpt lat="-9.1493050" lon="148.4027067"/>
      <trkpt lat="-9.1491516" lon="148.4026670"/>
      <trkpt lat="-9.1489993" lon="148.4026063"/>
      <trkpt lat="-9.1488603" lon="148.4025183"/>
      <trkpt lat="-9.1487473" lon="148.4024022"/>
      <trkpt lat="-9.1487162" lon="148.4022796"/>
      <trkpt lat="-9.1487322" lon="148.4021343"/>
      <trkpt lat="-9.1487537" lon="148.4019995"/>
      <trkpt lat="-9.1487695" lon="148.4018658"/>
      <trkpt lat="-9.1487759" lon="148.4017350"/>
      <trkpt lat="-9.1488334" lon="148.4016030"/>
      <trkpt lat="-9.1488830" lon="148.4014548"/>
      <trkpt lat="-9.1489762" lon="148.4013200"/>
      <trkpt lat="-9.1490598" lon="148.4011836"/>
      <trkpt lat="-9.1491513" lon="148.4010535"/>
      <trkpt lat="-9.1492457" lon="148.4009432"/>
      <trkpt lat="-9.1493537" lon="148.4008361"/>
      <trkpt lat="-9.1494771" lon="148.4007266"/>
      <trkpt lat="-9.1495597" lon="148.4005781"/>
      <trkpt lat="-9.1496305" lon="148.4004665"/>
      <trkpt lat="-9.1496616" lon="148.4003526"/>
      <trkpt lat="-9.1497018" lon="148.4002468"/>
      <trkpt lat="-9.1497042" lon="148.4000916"/>
      <trkpt lat="-9.1497132" lon="148.3999425"/>
      <trkpt lat="-9.1497085" lon="148.3997992"/>
      <trkpt lat="-9.1497621" lon="148.3996978"/>
      <trkpt lat="-9.1498472" lon="148.3995932"/>
      <trkpt lat="-9.1499852" lon="148.3995207"/>
      <trkpt lat="-9.1501101" lon="148.3994153"/>
      <trkpt lat="-9.1502468" lon="148.3993634"/>
      <trkpt lat="-9.1503879" lon="148.3993390"/>
      <trkpt lat="-9.1505284" lon="148.3993172"/>
      <trkpt lat="-9.1505880" lon="148.3992352"/>
      <trkpt lat="-9.1505348" lon="148.3991220"/>
      <trkpt lat="-9.1503935" lon="148.3990452"/>
      <trkpt lat="-9.1502322" lon="148.3990411"/>
      <trkpt lat="-9.1500705" lon="148.3990604"/>
      <trkpt lat="-9.1499063" lon="148.3991084"/>
      <trkpt lat="-9.1497383" lon="148.3991194"/>
      <trkpt lat="-9.1495899" lon="148.3990797"/>
      <trkpt lat="-9.1494398" lon="148.3990132"/>
      <trkpt lat="-9.1492858" lon="148.3989582"/>
      <trkpt lat="-9.1491101" lon="148.3989521"/>
      <trkpt lat="-9.1489337" lon="148.3989433"/>
      <trkpt lat="-9.1487936" lon="148.3989334"/>
      <trkpt lat="-9.1486900" lon="148.3989133"/>
    </trkseg>
    <trkseg>
      <trkpt lat="-9.1480283" lon="148.3983833"/>
      <trkpt lat="-9.1478807" lon="148.3984247"/>
      <trkpt lat="-9.1477469" lon="148.3985121"/>
      <trkpt lat="-9.1476507" lon="148.3986527"/>
      <trkpt lat="-9.1475750" lon="148.3988047"/>
      <trkpt lat="-9.1475146" lon="148.3989680"/>
      <trkpt lat="-9.1474775" lon="148.3991380"/>
      <trkpt lat="-9.1474355" lon="148.3992994"/>
      <trkpt lat="-9.1474221" lon="148.3994593"/>
      <trkpt lat="-9.1474293" lon="148.3996159"/>
      <trkpt lat="-9.1474477" lon="148.3997786"/>
      <trkpt lat="-9.1474239" lon="148.3999338"/>
      <trkpt lat="-9.1473555" lon="148.4000904"/>
      <trkpt lat="-9.1472771" lon="148.4002424"/>
      <trkpt lat="-9.1471870" lon="148.4003800"/>
      <trkpt lat="-9.1470858" lon="148.4005125"/>
      <trkpt lat="-9.1470175" lon="148.4006529"/>
      <trkpt lat="-9.1469517" lon="148.4007904"/>
      <trkpt lat="-9.1468740" lon="148.4009176"/>
      <trkpt lat="-9.1467598" lon="148.4010402"/>
      <trkpt lat="-9.1467059" lon="148.4011920"/>
      <trkpt lat="-9.1466560" lon="148.4013466"/>
      <trkpt lat="-9.1465998" lon="148.4014955"/>
      <trkpt lat="-9.1464865" lon="148.4016224"/>
      <trkpt lat="-9.1463705" lon="148.4017402"/>
      <trkpt lat="-9.1462698" lon="148.4018659"/>
      <trkpt lat="-9.1462157" lon="148.4020162"/>
      <trkpt lat="-9.1462136" lon="148.4021924"/>
      <trkpt lat="-9.1462193" lon="148.4023671"/>
      <trkpt lat="-9.1462046" lon="148.4025161"/>
      <trkpt lat="-9.1462258" lon="148.4026426"/>
      <trkpt lat="-9.1463025" lon="148.4027499"/>
      <trkpt lat="-9.1464240" lon="148.4028760"/>
      <trkpt lat="-9.1465290" lon="148.4030021"/>
      <trkpt lat="-9.1466395" lon="148.4031078"/>
      <trkpt lat="-9.1467636" lon="148.4031965"/>
      <trkpt lat="-9.1468744" lon="148.4033010"/>
      <trkpt lat="-9.1469479" lon="148.4034442"/>
      <trkpt lat="-9.1469865" lon="148.4036021"/>
      <trkpt lat="-9.1470117" lon="148.4037583"/>
    </trkseg>
    <trkseg>
      <trkpt lat="-9.1471267" lon="148.4037433"/>
      <trkpt lat="-9.1470540" lon="148.4038893"/>
      <trkpt lat="-9.1469756" lon="148.4040360"/>
      <trkpt lat="-9.1469076" lon="148.4041864"/>
      <trkpt lat="-9.1468998" lon="148.4043567"/>
      <trkpt lat="-9.1468975" lon="148.4045048"/>
      <trkpt lat="-9.1468595" lon="148.4046117"/>
      <trkpt lat="-9.1467465" lon="148.4046461"/>
      <trkpt lat="-9.1466550" lon="148.4045947"/>
      <trkpt lat="-9.1465661" lon="148.4044840"/>
      <trkpt lat="-9.1464959" lon="148.4043514"/>
      <trkpt lat="-9.1463619" lon="148.4042832"/>
      <trkpt lat="-9.1462087" lon="148.4042652"/>
      <trkpt lat="-9.1460361" lon="148.4042678"/>
      <trkpt lat="-9.1458978" lon="148.4042106"/>
      <trkpt lat="-9.1457930" lon="148.4040905"/>
      <trkpt lat="-9.1457164" lon="148.4039369"/>
      <trkpt lat="-9.1456286" lon="148.4037849"/>
      <trkpt lat="-9.1455386" lon="148.4036342"/>
      <trkpt lat="-9.1454234" lon="148.4035113"/>
      <trkpt lat="-9.1453138" lon="148.4034581"/>
      <trkpt lat="-9.1451930" lon="148.4035042"/>
      <trkpt lat="-9.1450744" lon="148.4036072"/>
      <trkpt lat="-9.1449558" lon="148.4037373"/>
      <trkpt lat="-9.1448466" lon="148.4038722"/>
      <trkpt lat="-9.1447948" lon="148.4040273"/>
      <trkpt lat="-9.1447676" lon="148.4041410"/>
      <trkpt lat="-9.1447633" lon="148.4042133"/>
    </trkseg>
    <trkseg>
      <trkpt lat="-9.1447167" lon="148.4043450"/>
      <trkpt lat="-9.1446341" lon="148.4043549"/>
      <trkpt lat="-9.1445373" lon="148.4044142"/>
      <trkpt lat="-9.1444089" lon="148.4044905"/>
      <trkpt lat="-9.1442682" lon="148.4045507"/>
      <trkpt lat="-9.1442063" lon="148.4046023"/>
      <trkpt lat="-9.1442502" lon="148.4046921"/>
      <trkpt lat="-9.1443706" lon="148.4047993"/>
      <trkpt lat="-9.1444999" lon="148.4048926"/>
      <trkpt lat="-9.1446126" lon="148.4049966"/>
      <trkpt lat="-9.1447118" lon="148.4050906"/>
      <trkpt lat="-9.1448097" lon="148.4052050"/>
      <trkpt lat="-9.1448943" lon="148.4053076"/>
      <trkpt lat="-9.1449626" lon="148.4054253"/>
      <trkpt lat="-9.1449744" lon="148.4055549"/>
      <trkpt lat="-9.1449925" lon="148.4057034"/>
      <trkpt lat="-9.1450127" lon="148.4058603"/>
      <trkpt lat="-9.1450220" lon="148.4060294"/>
      <trkpt lat="-9.1450158" lon="148.4061931"/>
      <trkpt lat="-9.1450242" lon="148.4063424"/>
      <trkpt lat="-9.1450565" lon="148.4064968"/>
      <trkpt lat="-9.1450592" lon="148.4066386"/>
      <trkpt lat="-9.1450109" lon="148.4067667"/>
      <trkpt lat="-9.1449419" lon="148.4068845"/>
      <trkpt lat="-9.1449084" lon="148.4069605"/>
      <trkpt lat="-9.1448714" lon="148.4070391"/>
      <trkpt lat="-9.1447962" lon="148.4070640"/>
      <trkpt lat="-9.1447059" lon="148.4071303"/>
      <trkpt lat="-9.1446639" lon="148.4071726"/>
      <trkpt lat="-9.1446438" lon="148.4072277"/>
      <trkpt lat="-9.1446428" lon="148.4072840"/>
      <trkpt lat="-9.1445857" lon="148.4073604"/>
      <trkpt lat="-9.1445250" lon="148.4074243"/>
      <trkpt lat="-9.1444006" lon="148.4074753"/>
      <trkpt lat="-9.1442846" lon="148.4075473"/>
      <trkpt lat="-9.1441517" lon="148.4076421"/>
      <trkpt lat="-9.1440538" lon="148.4077159"/>
      <trkpt lat="-9.1439717" lon="148.4077433"/>
    </trkseg>
    <trkseg>
      <trkpt lat="-9.1438267" lon="148.4076400"/>
      <trkpt lat="-9.1438619" lon="148.4078053"/>
      <trkpt lat="-9.1438966" lon="148.4079671"/>
      <trkpt lat="-9.1439445" lon="148.4081208"/>
      <trkpt lat="-9.1440131" lon="148.4082731"/>
      <trkpt lat="-9.1440676" lon="148.4084338"/>
      <trkpt lat="-9.1440930" lon="148.4086080"/>
      <trkpt lat="-9.1441527" lon="148.4087696"/>
      <trkpt lat="-9.1442235" lon="148.4089283"/>
      <trkpt lat="-9.1443161" lon="148.4090786"/>
      <trkpt lat="-9.1443567" lon="148.4092320"/>
      <trkpt lat="-9.1443298" lon="148.4093698"/>
      <trkpt lat="-9.1442213" lon="148.4094896"/>
      <trkpt lat="-9.1440805" lon="148.4096018"/>
      <trkpt lat="-9.1439876" lon="148.4097180"/>
      <trkpt lat="-9.1438914" lon="148.4098293"/>
      <trkpt lat="-9.1437947" lon="148.4099405"/>
      <trkpt lat="-9.1436537" lon="148.4100508"/>
      <trkpt lat="-9.1435548" lon="148.4101556"/>
      <trkpt lat="-9.1434917" lon="148.4102450"/>
    </trkseg>
    <trkseg>
      <trkpt lat="-9.1435167" lon="148.4108400"/>
      <trkpt lat="-9.1436522" lon="148.4108936"/>
      <trkpt lat="-9.1437411" lon="148.4109966"/>
      <trkpt lat="-9.1437618" lon="148.4111488"/>
      <trkpt lat="-9.1437912" lon="148.4113078"/>
      <trkpt lat="-9.1438397" lon="148.4114430"/>
      <trkpt lat="-9.1438672" lon="148.4115673"/>
      <trkpt lat="-9.1438849" lon="148.4116957"/>
      <trkpt lat="-9.1439297" lon="148.4118068"/>
      <trkpt lat="-9.1440153" lon="148.4119182"/>
      <trkpt lat="-9.1441100" lon="148.4120377"/>
      <trkpt lat="-9.1441826" lon="148.4121880"/>
      <trkpt lat="-9.1442958" lon="148.4123221"/>
      <trkpt lat="-9.1444028" lon="148.4124581"/>
      <trkpt lat="-9.1444410" lon="148.4125908"/>
      <trkpt lat="-9.1444250" lon="148.4127508"/>
      <trkpt lat="-9.1443762" lon="148.4129159"/>
      <trkpt lat="-9.1443738" lon="148.4130940"/>
      <trkpt lat="-9.1443769" lon="148.4132728"/>
      <trkpt lat="-9.1443811" lon="148.4134523"/>
      <trkpt lat="-9.1443595" lon="148.4136298"/>
      <trkpt lat="-9.1443657" lon="148.4137994"/>
      <trkpt lat="-9.1444100" lon="148.4139620"/>
      <trkpt lat="-9.1445213" lon="148.4140740"/>
      <trkpt lat="-9.1446608" lon="148.4141268"/>
      <trkpt lat="-9.1448270" lon="148.4141162"/>
      <trkpt lat="-9.1449996" lon="148.4140968"/>
      <trkpt lat="-9.1451747" lon="148.4140752"/>
      <trkpt lat="-9.1453459" lon="148.4140803"/>
      <trkpt lat="-9.1455160" lon="148.4141025"/>
      <trkpt lat="-9.1456835" lon="148.4141540"/>
      <trkpt lat="-9.1458283" lon="148.4142383"/>
      <trkpt lat="-9.1459527" lon="148.4143509"/>
      <trkpt lat="-9.1460693" lon="148.4144679"/>
      <trkpt lat="-9.1462093" lon="148.4145589"/>
      <trkpt lat="-9.1463566" lon="148.4146465"/>
      <trkpt lat="-9.1464872" lon="148.4147600"/>
      <trkpt lat="-9.1466086" lon="148.4148906"/>
      <trkpt lat="-9.1467358" lon="148.4150092"/>
      <trkpt lat="-9.1468541" lon="148.4150712"/>
      <trkpt lat="-9.1469517" lon="148.4150867"/>
    </trkseg>
    <trkseg>
      <trkpt lat="-9.1470217" lon="148.4150250"/>
      <trkpt lat="-9.1471982" lon="148.4149952"/>
      <trkpt lat="-9.1473721" lon="148.4149911"/>
      <trkpt lat="-9.1475415" lon="148.4150214"/>
      <trkpt lat="-9.1477020" lon="148.4150943"/>
      <trkpt lat="-9.1478597" lon="148.4151602"/>
      <trkpt lat="-9.1480186" lon="148.4151783"/>
      <trkpt lat="-9.1481822" lon="148.4151401"/>
      <trkpt lat="-9.1483428" lon="148.4150600"/>
      <trkpt lat="-9.1484746" lon="148.4149528"/>
      <trkpt lat="-9.1486033" lon="148.4148516"/>
      <trkpt lat="-9.1487414" lon="148.4147881"/>
      <trkpt lat="-9.1489107" lon="148.4147871"/>
      <trkpt lat="-9.1490661" lon="148.4148469"/>
      <trkpt lat="-9.1491658" lon="148.4149624"/>
      <trkpt lat="-9.1492119" lon="148.4151265"/>
      <trkpt lat="-9.1492185" lon="148.4153077"/>
      <trkpt lat="-9.1492340" lon="148.4154854"/>
      <trkpt lat="-9.1492579" lon="148.4156609"/>
      <trkpt lat="-9.1492873" lon="148.4158365"/>
      <trkpt lat="-9.1493261" lon="148.4160113"/>
      <trkpt lat="-9.1493694" lon="148.4161855"/>
      <trkpt lat="-9.1494289" lon="148.4163563"/>
      <trkpt lat="-9.1494586" lon="148.4165280"/>
      <trkpt lat="-9.1494353" lon="148.4166902"/>
      <trkpt lat="-9.1493679" lon="148.4168505"/>
      <trkpt lat="-9.1492998" lon="148.4170139"/>
      <trkpt lat="-9.1492577" lon="148.4171889"/>
      <trkpt lat="-9.1492298" lon="148.4173674"/>
      <trkpt lat="-9.1491767" lon="148.4175282"/>
      <trkpt lat="-9.1491307" lon="148.4176872"/>
      <trkpt lat="-9.1490480" lon="148.4178249"/>
      <trkpt lat="-9.1489807" lon="148.4179759"/>
      <trkpt lat="-9.1489046" lon="148.4181282"/>
      <trkpt lat="-9.1488631" lon="148.4183026"/>
      <trkpt lat="-9.1488415" lon="148.4184819"/>
      <trkpt lat="-9.1488325" lon="148.4186622"/>
      <trkpt lat="-9.1488285" lon="148.4188424"/>
      <trkpt lat="-9.1488482" lon="148.4190170"/>
      <trkpt lat="-9.1488677" lon="148.4191903"/>
      <trkpt lat="-9.1489167" lon="148.4193602"/>
      <trkpt lat="-9.1489944" lon="148.4194915"/>
      <trkpt lat="-9.1491291" lon="148.4195601"/>
      <trkpt lat="-9.1492960" lon="148.4195507"/>
      <trkpt lat="-9.1494615" lon="148.4194959"/>
      <trkpt lat="-9.1496227" lon="148.4194204"/>
      <trkpt lat="-9.1497760" lon="148.4193343"/>
      <trkpt lat="-9.1499062" lon="148.4192263"/>
      <trkpt lat="-9.1499780" lon="148.4191031"/>
      <trkpt lat="-9.1500213" lon="148.4190496"/>
      <trkpt lat="-9.1500949" lon="148.4190456"/>
      <trkpt lat="-9.1502211" lon="148.4190582"/>
      <trkpt lat="-9.1503846" lon="148.4190105"/>
      <trkpt lat="-9.1505440" lon="148.4189447"/>
      <trkpt lat="-9.1507145" lon="148.4188936"/>
      <trkpt lat="-9.1508872" lon="148.4188808"/>
      <trkpt lat="-9.1510602" lon="148.4188685"/>
      <trkpt lat="-9.1512225" lon="148.4188282"/>
      <trkpt lat="-9.1513823" lon="148.4187704"/>
      <trkpt lat="-9.1515456" lon="148.4187254"/>
      <trkpt lat="-9.1517203" lon="148.4187166"/>
      <trkpt lat="-9.1518954" lon="148.4187006"/>
      <trkpt lat="-9.1520657" lon="148.4187133"/>
      <trkpt lat="-9.1521745" lon="148.4187745"/>
      <trkpt lat="-9.1522267" lon="148.4189005"/>
      <trkpt lat="-9.1521734" lon="148.4190370"/>
      <trkpt lat="-9.1520923" lon="148.4191722"/>
      <trkpt lat="-9.1519580" lon="148.4192795"/>
      <trkpt lat="-9.1518179" lon="148.4193747"/>
      <trkpt lat="-9.1516635" lon="148.4194548"/>
      <trkpt lat="-9.1515051" lon="148.4195225"/>
      <trkpt lat="-9.1513708" lon="148.4196182"/>
      <trkpt lat="-9.1512546" lon="148.4197360"/>
      <trkpt lat="-9.1511579" lon="148.4198828"/>
      <trkpt lat="-9.1510466" lon="148.4200155"/>
      <trkpt lat="-9.1509504" lon="148.4201527"/>
      <trkpt lat="-9.1508904" lon="148.4202955"/>
      <trkpt lat="-9.1509308" lon="148.4204251"/>
      <trkpt lat="-9.1510381" lon="148.4205182"/>
      <trkpt lat="-9.1512032" lon="148.4205849"/>
      <trkpt lat="-9.1513719" lon="148.4206473"/>
      <trkpt lat="-9.1515391" lon="148.4207120"/>
      <trkpt lat="-9.1517088" lon="148.4207694"/>
      <trkpt lat="-9.1518759" lon="148.4208349"/>
      <trkpt lat="-9.1520453" lon="148.4208964"/>
      <trkpt lat="-9.1522129" lon="148.4209631"/>
      <trkpt lat="-9.1523748" lon="148.4210396"/>
      <trkpt lat="-9.1525171" lon="148.4211431"/>
      <trkpt lat="-9.1526381" lon="148.4212736"/>
      <trkpt lat="-9.1527473" lon="148.4214165"/>
      <trkpt lat="-9.1528583" lon="148.4215582"/>
      <trkpt lat="-9.1529637" lon="148.4217045"/>
      <trkpt lat="-9.1530642" lon="148.4218545"/>
      <trkpt lat="-9.1531360" lon="148.4219750"/>
      <trkpt lat="-9.1531883" lon="148.4220600"/>
    </trkseg>
    <trkseg>
      <trkpt lat="-9.1532383" lon="148.4219683"/>
      <trkpt lat="-9.1532933" lon="148.4218015"/>
      <trkpt lat="-9.1533873" lon="148.4216734"/>
      <trkpt lat="-9.1535294" lon="148.4215971"/>
      <trkpt lat="-9.1536967" lon="148.4215744"/>
      <trkpt lat="-9.1538666" lon="148.4215419"/>
      <trkpt lat="-9.1540355" lon="148.4215024"/>
      <trkpt lat="-9.1542046" lon="148.4214477"/>
      <trkpt lat="-9.1543708" lon="148.4213889"/>
      <trkpt lat="-9.1545175" lon="148.4212993"/>
      <trkpt lat="-9.1546607" lon="148.4212118"/>
      <trkpt lat="-9.1548103" lon="148.4211373"/>
      <trkpt lat="-9.1549808" lon="148.4211000"/>
      <trkpt lat="-9.1551564" lon="148.4210763"/>
      <trkpt lat="-9.1553276" lon="148.4211039"/>
      <trkpt lat="-9.1554954" lon="148.4211609"/>
      <trkpt lat="-9.1556528" lon="148.4212443"/>
      <trkpt lat="-9.1558129" lon="148.4213218"/>
      <trkpt lat="-9.1559758" lon="148.4213901"/>
      <trkpt lat="-9.1561459" lon="148.4214436"/>
      <trkpt lat="-9.1563134" lon="148.4215031"/>
      <trkpt lat="-9.1564802" lon="148.4215517"/>
      <trkpt lat="-9.1566502" lon="148.4215791"/>
      <trkpt lat="-9.1568264" lon="148.4215836"/>
      <trkpt lat="-9.1569955" lon="148.4216173"/>
      <trkpt lat="-9.1570991" lon="148.4216900"/>
      <trkpt lat="-9.1571452" lon="148.4218121"/>
      <trkpt lat="-9.1571747" lon="148.4219513"/>
      <trkpt lat="-9.1572581" lon="148.4220925"/>
      <trkpt lat="-9.1573812" lon="148.4222130"/>
      <trkpt lat="-9.1575230" lon="148.4223089"/>
      <trkpt lat="-9.1576523" lon="148.4224117"/>
      <trkpt lat="-9.1578002" lon="148.4224685"/>
      <trkpt lat="-9.1579496" lon="148.4225267"/>
      <trkpt lat="-9.1581160" lon="148.4225551"/>
      <trkpt lat="-9.1582428" lon="148.4226306"/>
      <trkpt lat="-9.1583610" lon="148.4227041"/>
      <trkpt lat="-9.1584718" lon="148.4227905"/>
      <trkpt lat="-9.1586226" lon="148.4228373"/>
      <trkpt lat="-9.1587820" lon="148.4228829"/>
      <trkpt lat="-9.1589510" lon="148.4229200"/>
      <trkpt lat="-9.1591157" lon="148.4229808"/>
      <trkpt lat="-9.1592401" lon="148.4230625"/>
      <trkpt lat="-9.1593661" lon="148.4231359"/>
      <trkpt lat="-9.1594900" lon="148.4232039"/>
      <trkpt lat="-9.1596527" lon="148.4232284"/>
      <trkpt lat="-9.1598150" lon="148.4232614"/>
      <trkpt lat="-9.1599802" lon="148.4232645"/>
      <trkpt lat="-9.1601320" lon="148.4232278"/>
      <trkpt lat="-9.1602559" lon="148.4231233"/>
      <trkpt lat="-9.1603511" lon="148.4229862"/>
      <trkpt lat="-9.1604599" lon="148.4229027"/>
      <trkpt lat="-9.1605918" lon="148.4228979"/>
      <trkpt lat="-9.1607435" lon="148.4229731"/>
      <trkpt lat="-9.1608707" lon="148.4230854"/>
      <trkpt lat="-9.1609618" lon="148.4232095"/>
      <trkpt lat="-9.1610295" lon="148.4233393"/>
      <trkpt lat="-9.1611060" lon="148.4234639"/>
      <trkpt lat="-9.1612003" lon="148.4235994"/>
      <trkpt lat="-9.1612693" lon="148.4237473"/>
      <trkpt lat="-9.1613477" lon="148.4238863"/>
      <trkpt lat="-9.1613927" lon="148.4240354"/>
      <trkpt lat="-9.1614287" lon="148.4241842"/>
      <trkpt lat="-9.1614184" lon="148.4243544"/>
      <trkpt lat="-9.1614320" lon="148.4245010"/>
      <trkpt lat="-9.1615105" lon="148.4246223"/>
      <trkpt lat="-9.1616332" lon="148.4247237"/>
      <trkpt lat="-9.1617681" lon="148.4248344"/>
      <trkpt lat="-9.1619069" lon="148.4249351"/>
      <trkpt lat="-9.1620579" lon="148.4250166"/>
      <trkpt lat="-9.1622191" lon="148.4250894"/>
      <trkpt lat="-9.1623559" lon="148.4251893"/>
      <trkpt lat="-9.1624956" lon="148.4252768"/>
      <trkpt lat="-9.1626483" lon="148.4253188"/>
      <trkpt lat="-9.1628134" lon="148.4252792"/>
      <trkpt lat="-9.1629757" lon="148.4252152"/>
      <trkpt lat="-9.1631324" lon="148.4251741"/>
      <trkpt lat="-9.1632992" lon="148.4251886"/>
      <trkpt lat="-9.1634617" lon="148.4252504"/>
      <trkpt lat="-9.1636230" lon="148.4252968"/>
      <trkpt lat="-9.1637607" lon="148.4252758"/>
      <trkpt lat="-9.1638995" lon="148.4251979"/>
      <trkpt lat="-9.1640430" lon="148.4251049"/>
      <trkpt lat="-9.1642047" lon="148.4250320"/>
      <trkpt lat="-9.1643592" lon="148.4249583"/>
      <trkpt lat="-9.1644860" lon="148.4249286"/>
      <trkpt lat="-9.1645888" lon="148.4248889"/>
      <trkpt lat="-9.1646769" lon="148.4248409"/>
      <trkpt lat="-9.1647938" lon="148.4247591"/>
      <trkpt lat="-9.1649397" lon="148.4246973"/>
      <trkpt lat="-9.1651118" lon="148.4246830"/>
      <trkpt lat="-9.1652822" lon="148.4246736"/>
      <trkpt lat="-9.1654241" lon="148.4247332"/>
      <trkpt lat="-9.1655545" lon="148.4248185"/>
      <trkpt lat="-9.1656715" lon="148.4249388"/>
      <trkpt lat="-9.1658109" lon="148.4250328"/>
      <trkpt lat="-9.1659204" lon="148.4251248"/>
      <trkpt lat="-9.1660376" lon="148.4252121"/>
      <trkpt lat="-9.1661578" lon="148.4253044"/>
      <trkpt lat="-9.1663114" lon="148.4253676"/>
      <trkpt lat="-9.1664283" lon="148.4253452"/>
      <trkpt lat="-9.1665441" lon="148.4252663"/>
      <trkpt lat="-9.1666459" lon="148.4251343"/>
      <trkpt lat="-9.1667851" lon="148.4250310"/>
      <trkpt lat="-9.1669294" lon="148.4249721"/>
      <trkpt lat="-9.1670851" lon="148.4249380"/>
      <trkpt lat="-9.1672272" lon="148.4248850"/>
      <trkpt lat="-9.1673659" lon="148.4248046"/>
      <trkpt lat="-9.1675170" lon="148.4247515"/>
      <trkpt lat="-9.1676789" lon="148.4247156"/>
      <trkpt lat="-9.1678452" lon="148.4246908"/>
      <trkpt lat="-9.1680115" lon="148.4246650"/>
      <trkpt lat="-9.1681667" lon="148.4246357"/>
      <trkpt lat="-9.1683207" lon="148.4245863"/>
      <trkpt lat="-9.1684749" lon="148.4245302"/>
      <trkpt lat="-9.1686352" lon="148.4244762"/>
      <trkpt lat="-9.1687833" lon="148.4244117"/>
    </trkseg>
    <trkseg>
      <trkpt lat="-9.1688717" lon="148.4243600"/>
      <trkpt lat="-9.1687948" lon="148.4242407"/>
      <trkpt lat="-9.1686844" lon="148.4241614"/>
      <trkpt lat="-9.1685378" lon="148.4241234"/>
      <trkpt lat="-9.1683923" lon="148.4240983"/>
      <trkpt lat="-9.1682738" lon="148.4240287"/>
      <trkpt lat="-9.1681854" lon="148.4238999"/>
      <trkpt lat="-9.1681090" lon="148.4237666"/>
      <trkpt lat="-9.1680037" lon="148.4236737"/>
      <trkpt lat="-9.1679407" lon="148.4235889"/>
      <trkpt lat="-9.1679123" lon="148.4234887"/>
      <trkpt lat="-9.1678968" lon="148.4233526"/>
      <trkpt lat="-9.1678215" lon="148.4232219"/>
      <trkpt lat="-9.1677208" lon="148.4230900"/>
      <trkpt lat="-9.1676785" lon="148.4229365"/>
      <trkpt lat="-9.1676866" lon="148.4227680"/>
      <trkpt lat="-9.1677058" lon="148.4226088"/>
      <trkpt lat="-9.1677336" lon="148.4224507"/>
      <trkpt lat="-9.1677043" lon="148.4223182"/>
      <trkpt lat="-9.1676292" lon="148.4221965"/>
      <trkpt lat="-9.1675504" lon="148.4220817"/>
      <trkpt lat="-9.1675201" lon="148.4219346"/>
      <trkpt lat="-9.1675145" lon="148.4217750"/>
      <trkpt lat="-9.1674909" lon="148.4216040"/>
      <trkpt lat="-9.1675001" lon="148.4214404"/>
      <trkpt lat="-9.1675498" lon="148.4212722"/>
      <trkpt lat="-9.1676371" lon="148.4211180"/>
      <trkpt lat="-9.1677461" lon="148.4209909"/>
      <trkpt lat="-9.1678342" lon="148.4208897"/>
      <trkpt lat="-9.1679056" lon="148.4207785"/>
      <trkpt lat="-9.1679617" lon="148.4206572"/>
      <trkpt lat="-9.1680770" lon="148.4205697"/>
      <trkpt lat="-9.1682236" lon="148.4205669"/>
      <trkpt lat="-9.1683936" lon="148.4206146"/>
      <trkpt lat="-9.1685559" lon="148.4206824"/>
      <trkpt lat="-9.1687227" lon="148.4207182"/>
      <trkpt lat="-9.1688861" lon="148.4207525"/>
      <trkpt lat="-9.1690513" lon="148.4207818"/>
      <trkpt lat="-9.1692178" lon="148.4208288"/>
      <trkpt lat="-9.1693871" lon="148.4208827"/>
      <trkpt lat="-9.1695550" lon="148.4209463"/>
      <trkpt lat="-9.1697205" lon="148.4210148"/>
      <trkpt lat="-9.1698877" lon="148.4210728"/>
      <trkpt lat="-9.1700558" lon="148.4210770"/>
      <trkpt lat="-9.1702139" lon="148.4210246"/>
      <trkpt lat="-9.1703723" lon="148.4209605"/>
      <trkpt lat="-9.1705328" lon="148.4209438"/>
      <trkpt lat="-9.1707057" lon="148.4209784"/>
      <trkpt lat="-9.1708787" lon="148.4210177"/>
      <trkpt lat="-9.1710411" lon="148.4209984"/>
      <trkpt lat="-9.1711863" lon="148.4209252"/>
      <trkpt lat="-9.1712815" lon="148.4207913"/>
      <trkpt lat="-9.1713655" lon="148.4206456"/>
      <trkpt lat="-9.1714358" lon="148.4204852"/>
      <trkpt lat="-9.1715452" lon="148.4203477"/>
      <trkpt lat="-9.1716727" lon="148.4202325"/>
      <trkpt lat="-9.1718261" lon="148.4201607"/>
      <trkpt lat="-9.1719754" lon="148.4201646"/>
      <trkpt lat="-9.1721072" lon="148.4202437"/>
      <trkpt lat="-9.1722449" lon="148.4203417"/>
      <trkpt lat="-9.1723960" lon="148.4204178"/>
      <trkpt lat="-9.1725663" lon="148.4204250"/>
      <trkpt lat="-9.1727304" lon="148.4203938"/>
      <trkpt lat="-9.1728889" lon="148.4203143"/>
      <trkpt lat="-9.1730425" lon="148.4202203"/>
      <trkpt lat="-9.1731730" lon="148.4201036"/>
      <trkpt lat="-9.1732639" lon="148.4199578"/>
      <trkpt lat="-9.1733504" lon="148.4198209"/>
      <trkpt lat="-9.1734661" lon="148.4197227"/>
      <trkpt lat="-9.1736254" lon="148.4196627"/>
      <trkpt lat="-9.1738003" lon="148.4196294"/>
      <trkpt lat="-9.1739715" lon="148.4195921"/>
      <trkpt lat="-9.1741431" lon="148.4195825"/>
      <trkpt lat="-9.1743134" lon="148.4195589"/>
      <trkpt lat="-9.1744837" lon="148.4195747"/>
      <trkpt lat="-9.1746566" lon="148.4195749"/>
      <trkpt lat="-9.1748145" lon="148.4195596"/>
      <trkpt lat="-9.1749683" lon="148.4194982"/>
      <trkpt lat="-9.1751205" lon="148.4194377"/>
      <trkpt lat="-9.1752850" lon="148.4194099"/>
      <trkpt lat="-9.1754457" lon="148.4193757"/>
      <trkpt lat="-9.1756048" lon="148.4193700"/>
      <trkpt lat="-9.1757671" lon="148.4193655"/>
      <trkpt lat="-9.1759404" lon="148.4194042"/>
      <trkpt lat="-9.1761141" lon="148.4194146"/>
      <trkpt lat="-9.1762806" lon="148.4193896"/>
      <trkpt lat="-9.1764375" lon="148.4193195"/>
      <trkpt lat="-9.1765902" lon="148.4192311"/>
      <trkpt lat="-9.1767451" lon="148.4191457"/>
      <trkpt lat="-9.1769089" lon="148.4190754"/>
      <trkpt lat="-9.1770727" lon="148.4190017"/>
      <trkpt lat="-9.1772157" lon="148.4189051"/>
      <trkpt lat="-9.1773187" lon="148.4187721"/>
      <trkpt lat="-9.1773485" lon="148.4186121"/>
      <trkpt lat="-9.1773096" lon="148.4184551"/>
      <trkpt lat="-9.1772994" lon="148.4183152"/>
      <trkpt lat="-9.1773100" lon="148.4181740"/>
      <trkpt lat="-9.1774063" lon="148.4180812"/>
      <trkpt lat="-9.1774669" lon="148.4179780"/>
      <trkpt lat="-9.1775344" lon="148.4178722"/>
      <trkpt lat="-9.1775565" lon="148.4177044"/>
      <trkpt lat="-9.1775616" lon="148.4175278"/>
      <trkpt lat="-9.1775912" lon="148.4173596"/>
      <trkpt lat="-9.1776431" lon="148.4171973"/>
      <trkpt lat="-9.1777454" lon="148.4170552"/>
      <trkpt lat="-9.1778736" lon="148.4169624"/>
      <trkpt lat="-9.1780296" lon="148.4169021"/>
      <trkpt lat="-9.1781986" lon="148.4168880"/>
      <trkpt lat="-9.1783195" lon="148.4168263"/>
      <trkpt lat="-9.1784155" lon="148.4167382"/>
      <trkpt lat="-9.1784884" lon="148.4166017"/>
      <trkpt lat="-9.1786008" lon="148.4164901"/>
      <trkpt lat="-9.1787341" lon="148.4163956"/>
      <trkpt lat="-9.1788849" lon="148.4163079"/>
      <trkpt lat="-9.1790449" lon="148.4162321"/>
      <trkpt lat="-9.1792099" lon="148.4161654"/>
      <trkpt lat="-9.1793828" lon="148.4161192"/>
      <trkpt lat="-9.1795426" lon="148.4160491"/>
      <trkpt lat="-9.1796866" lon="148.4159591"/>
      <trkpt lat="-9.1798204" lon="148.4158454"/>
      <trkpt lat="-9.1799506" lon="148.4157250"/>
      <trkpt lat="-9.1800766" lon="148.4155975"/>
      <trkpt lat="-9.1801780" lon="148.4154505"/>
      <trkpt lat="-9.1802775" lon="148.4153073"/>
      <trkpt lat="-9.1803976" lon="148.4152014"/>
      <trkpt lat="-9.1805424" lon="148.4151182"/>
      <trkpt lat="-9.1807061" lon="148.4150777"/>
      <trkpt lat="-9.1808427" lon="148.4149963"/>
      <trkpt lat="-9.1809741" lon="148.4149056"/>
      <trkpt lat="-9.1810847" lon="148.4147654"/>
      <trkpt lat="-9.1812147" lon="148.4146889"/>
      <trkpt lat="-9.1813592" lon="148.4146620"/>
      <trkpt lat="-9.1815080" lon="148.4147161"/>
      <trkpt lat="-9.1816505" lon="148.4147991"/>
      <trkpt lat="-9.1817912" lon="148.4148937"/>
      <trkpt lat="-9.1819429" lon="148.4149700"/>
      <trkpt lat="-9.1820985" lon="148.4150326"/>
      <trkpt lat="-9.1822244" lon="148.4151181"/>
      <trkpt lat="-9.1823396" lon="148.4151767"/>
      <trkpt lat="-9.1824378" lon="148.4152611"/>
      <trkpt lat="-9.1825261" lon="148.4153572"/>
      <trkpt lat="-9.1826148" lon="148.4155079"/>
      <trkpt lat="-9.1826769" lon="148.4156630"/>
      <trkpt lat="-9.1827276" lon="148.4158225"/>
      <trkpt lat="-9.1827112" lon="148.4159817"/>
      <trkpt lat="-9.1826667" lon="148.4161267"/>
    </trkseg>
    <trkseg>
      <trkpt lat="-9.1826733" lon="148.4162417"/>
      <trkpt lat="-9.1828125" lon="148.4163338"/>
      <trkpt lat="-9.1829422" lon="148.4164410"/>
      <trkpt lat="-9.1830707" lon="148.4165505"/>
      <trkpt lat="-9.1831964" lon="148.4165838"/>
      <trkpt lat="-9.1832957" lon="148.4165251"/>
      <trkpt lat="-9.1833639" lon="148.4163949"/>
      <trkpt lat="-9.1834305" lon="148.4162367"/>
      <trkpt lat="-9.1835169" lon="148.4160929"/>
      <trkpt lat="-9.1836322" lon="148.4159693"/>
      <trkpt lat="-9.1837759" lon="148.4158658"/>
      <trkpt lat="-9.1838855" lon="148.4157539"/>
      <trkpt lat="-9.1839024" lon="148.4156292"/>
      <trkpt lat="-9.1838206" lon="148.4155032"/>
      <trkpt lat="-9.1836741" lon="148.4154251"/>
      <trkpt lat="-9.1835221" lon="148.4153508"/>
      <trkpt lat="-9.1833826" lon="148.4152622"/>
      <trkpt lat="-9.1832787" lon="148.4151210"/>
      <trkpt lat="-9.1832253" lon="148.4149583"/>
      <trkpt lat="-9.1831834" lon="148.4147970"/>
      <trkpt lat="-9.1831765" lon="148.4146318"/>
      <trkpt lat="-9.1831742" lon="148.4144663"/>
      <trkpt lat="-9.1832309" lon="148.4142978"/>
      <trkpt lat="-9.1832897" lon="148.4141662"/>
      <trkpt lat="-9.1833533" lon="148.4140717"/>
    </trkseg>
    <trkseg>
      <trkpt lat="-9.1832833" lon="148.4140133"/>
      <trkpt lat="-9.1831410" lon="148.4139053"/>
      <trkpt lat="-9.1830510" lon="148.4137790"/>
      <trkpt lat="-9.1830084" lon="148.4136329"/>
      <trkpt lat="-9.1830244" lon="148.4134668"/>
      <trkpt lat="-9.1830563" lon="148.4132976"/>
      <trkpt lat="-9.1831307" lon="148.4131400"/>
      <trkpt lat="-9.1832289" lon="148.4130003"/>
      <trkpt lat="-9.1833393" lon="148.4128700"/>
      <trkpt lat="-9.1834305" lon="148.4127266"/>
      <trkpt lat="-9.1834835" lon="148.4125663"/>
      <trkpt lat="-9.1834668" lon="148.4124055"/>
      <trkpt lat="-9.1833743" lon="148.4122731"/>
      <trkpt lat="-9.1832297" lon="148.4121707"/>
      <trkpt lat="-9.1830698" lon="148.4120867"/>
      <trkpt lat="-9.1829071" lon="148.4120091"/>
      <trkpt lat="-9.1827616" lon="148.4119615"/>
      <trkpt lat="-9.1826333" lon="148.4119908"/>
      <trkpt lat="-9.1825078" lon="148.4120298"/>
      <trkpt lat="-9.1823600" lon="148.4120699"/>
      <trkpt lat="-9.1821998" lon="148.4120719"/>
      <trkpt lat="-9.1820433" lon="148.4120751"/>
      <trkpt lat="-9.1818950" lon="148.4120650"/>
    </trkseg>
    <trkseg>
      <trkpt lat="-9.1817183" lon="148.4121133"/>
      <trkpt lat="-9.1816211" lon="148.4119845"/>
      <trkpt lat="-9.1815238" lon="148.4118448"/>
      <trkpt lat="-9.1814087" lon="148.4117305"/>
      <trkpt lat="-9.1812572" lon="148.4116629"/>
      <trkpt lat="-9.1810929" lon="148.4116110"/>
      <trkpt lat="-9.1809459" lon="148.4115236"/>
      <trkpt lat="-9.1808378" lon="148.4113909"/>
      <trkpt lat="-9.1807817" lon="148.4112291"/>
      <trkpt lat="-9.1807657" lon="148.4110538"/>
      <trkpt lat="-9.1807802" lon="148.4108773"/>
      <trkpt lat="-9.1807630" lon="148.4107131"/>
      <trkpt lat="-9.1806910" lon="148.4105807"/>
      <trkpt lat="-9.1805792" lon="148.4104531"/>
      <trkpt lat="-9.1805051" lon="148.4103160"/>
      <trkpt lat="-9.1804885" lon="148.4101545"/>
      <trkpt lat="-9.1805261" lon="148.4099903"/>
      <trkpt lat="-9.1805523" lon="148.4099100"/>
      <trkpt lat="-9.1805700" lon="148.4099083"/>
    </trkseg>
    <trkseg>
      <trkpt lat="-9.1806083" lon="148.4098133"/>
      <trkpt lat="-9.1806182" lon="148.4097582"/>
      <trkpt lat="-9.1806606" lon="148.4096517"/>
      <trkpt lat="-9.1807601" lon="148.4095265"/>
      <trkpt lat="-9.1808805" lon="148.4094339"/>
      <trkpt lat="-9.1810286" lon="148.4094124"/>
      <trkpt lat="-9.1811888" lon="148.4093959"/>
      <trkpt lat="-9.1813462" lon="148.4094196"/>
      <trkpt lat="-9.1815112" lon="148.4094420"/>
      <trkpt lat="-9.1816616" lon="148.4094722"/>
      <trkpt lat="-9.1818095" lon="148.4094553"/>
      <trkpt lat="-9.1819612" lon="148.4094116"/>
      <trkpt lat="-9.1821313" lon="148.4093802"/>
      <trkpt lat="-9.1823000" lon="148.4093664"/>
      <trkpt lat="-9.1824659" lon="148.4093635"/>
      <trkpt lat="-9.1826278" lon="148.4093662"/>
      <trkpt lat="-9.1827967" lon="148.4093755"/>
      <trkpt lat="-9.1829645" lon="148.4094044"/>
      <trkpt lat="-9.1831343" lon="148.4094298"/>
      <trkpt lat="-9.1832960" lon="148.4094246"/>
      <trkpt lat="-9.1834468" lon="148.4093692"/>
      <trkpt lat="-9.1835960" lon="148.4093007"/>
      <trkpt lat="-9.1837215" lon="148.4092080"/>
      <trkpt lat="-9.1838187" lon="148.4090912"/>
      <trkpt lat="-9.1839175" lon="148.4089683"/>
      <trkpt lat="-9.1840500" lon="148.4088879"/>
      <trkpt lat="-9.1842226" lon="148.4088483"/>
      <trkpt lat="-9.1843807" lon="148.4087926"/>
      <trkpt lat="-9.1845360" lon="148.4087276"/>
      <trkpt lat="-9.1846927" lon="148.4086729"/>
      <trkpt lat="-9.1848625" lon="148.4086283"/>
      <trkpt lat="-9.1850245" lon="148.4086284"/>
      <trkpt lat="-9.1851884" lon="148.4086406"/>
      <trkpt lat="-9.1853539" lon="148.4086582"/>
      <trkpt lat="-9.1855282" lon="148.4086380"/>
      <trkpt lat="-9.1857029" lon="148.4086022"/>
      <trkpt lat="-9.1858783" lon="148.4085724"/>
      <trkpt lat="-9.1860548" lon="148.4085671"/>
      <trkpt lat="-9.1862314" lon="148.4085594"/>
      <trkpt lat="-9.1864077" lon="148.4085562"/>
      <trkpt lat="-9.1865800" lon="148.4085205"/>
      <trkpt lat="-9.1867503" lon="148.4084999"/>
      <trkpt lat="-9.1869187" lon="148.4084903"/>
      <trkpt lat="-9.1870916" lon="148.4085091"/>
      <trkpt lat="-9.1872672" lon="148.4085242"/>
      <trkpt lat="-9.1874212" lon="148.4084934"/>
      <trkpt lat="-9.1875720" lon="148.4084413"/>
      <trkpt lat="-9.1877056" lon="148.4083483"/>
      <trkpt lat="-9.1878325" lon="148.4082430"/>
      <trkpt lat="-9.1879428" lon="148.4081086"/>
      <trkpt lat="-9.1880574" lon="148.4079842"/>
      <trkpt lat="-9.1882019" lon="148.4079011"/>
      <trkpt lat="-9.1883655" lon="148.4078507"/>
      <trkpt lat="-9.1885372" lon="148.4078094"/>
      <trkpt lat="-9.1886974" lon="148.4077399"/>
      <trkpt lat="-9.1888577" lon="148.4076683"/>
      <trkpt lat="-9.1890139" lon="148.4075900"/>
      <trkpt lat="-9.1891689" lon="148.4075154"/>
      <trkpt lat="-9.1892960" lon="148.4074010"/>
      <trkpt lat="-9.1893798" lon="148.4072554"/>
      <trkpt lat="-9.1894281" lon="148.4070877"/>
      <trkpt lat="-9.1894833" lon="148.4069249"/>
      <trkpt lat="-9.1895264" lon="148.4067628"/>
      <trkpt lat="-9.1895628" lon="148.4065997"/>
      <trkpt lat="-9.1895654" lon="148.4064275"/>
      <trkpt lat="-9.1895885" lon="148.4062555"/>
      <trkpt lat="-9.1896358" lon="148.4060896"/>
      <trkpt lat="-9.1896914" lon="148.4059217"/>
      <trkpt lat="-9.1897310" lon="148.4057597"/>
      <trkpt lat="-9.1897611" lon="148.4055981"/>
      <trkpt lat="-9.1897703" lon="148.4054358"/>
      <trkpt lat="-9.1897759" lon="148.4052738"/>
      <trkpt lat="-9.1897730" lon="148.4051129"/>
      <trkpt lat="-9.1898131" lon="148.4049723"/>
      <trkpt lat="-9.1898489" lon="148.4048279"/>
      <trkpt lat="-9.1898551" lon="148.4046949"/>
      <trkpt lat="-9.1898475" lon="148.4045540"/>
      <trkpt lat="-9.1898689" lon="148.4044118"/>
      <trkpt lat="-9.1899095" lon="148.4042481"/>
      <trkpt lat="-9.1899450" lon="148.4040745"/>
      <trkpt lat="-9.1899751" lon="148.4038997"/>
      <trkpt lat="-9.1900080" lon="148.4037254"/>
      <trkpt lat="-9.1900219" lon="148.4035474"/>
      <trkpt lat="-9.1900433" lon="148.4033721"/>
      <trkpt lat="-9.1900975" lon="148.4032081"/>
      <trkpt lat="-9.1901826" lon="148.4030503"/>
      <trkpt lat="-9.1902466" lon="148.4028879"/>
      <trkpt lat="-9.1902584" lon="148.4027164"/>
      <trkpt lat="-9.1902467" lon="148.4025395"/>
      <trkpt lat="-9.1902446" lon="148.4023638"/>
      <trkpt lat="-9.1902499" lon="148.4021887"/>
      <trkpt lat="-9.1902338" lon="148.4020298"/>
      <trkpt lat="-9.1901883" lon="148.4018867"/>
    </trkseg>
    <trkseg>
      <trkpt lat="-9.1901900" lon="148.4017883"/>
      <trkpt lat="-9.1902565" lon="148.4016543"/>
      <trkpt lat="-9.1903265" lon="148.4015055"/>
      <trkpt lat="-9.1903892" lon="148.4013397"/>
      <trkpt lat="-9.1904262" lon="148.4011668"/>
      <trkpt lat="-9.1904521" lon="148.4009907"/>
      <trkpt lat="-9.1904545" lon="148.4008127"/>
      <trkpt lat="-9.1904774" lon="148.4006397"/>
      <trkpt lat="-9.1905274" lon="148.4004805"/>
      <trkpt lat="-9.1906105" lon="148.4003340"/>
      <trkpt lat="-9.1906777" lon="148.4001840"/>
      <trkpt lat="-9.1907383" lon="148.4000327"/>
      <trkpt lat="-9.1908227" lon="148.3998925"/>
      <trkpt lat="-9.1909217" lon="148.3997553"/>
      <trkpt lat="-9.1909832" lon="148.3996108"/>
      <trkpt lat="-9.1909997" lon="148.3994712"/>
      <trkpt lat="-9.1910140" lon="148.3993746"/>
      <trkpt lat="-9.1910863" lon="148.3993086"/>
      <trkpt lat="-9.1911419" lon="148.3992142"/>
      <trkpt lat="-9.1911576" lon="148.3990785"/>
      <trkpt lat="-9.1910956" lon="148.3989094"/>
      <trkpt lat="-9.1910592" lon="148.3987484"/>
      <trkpt lat="-9.1910748" lon="148.3985938"/>
      <trkpt lat="-9.1910780" lon="148.3984493"/>
      <trkpt lat="-9.1910413" lon="148.3983023"/>
      <trkpt lat="-9.1909584" lon="148.3981500"/>
      <trkpt lat="-9.1909146" lon="148.3979854"/>
      <trkpt lat="-9.1908878" lon="148.3978165"/>
      <trkpt lat="-9.1908569" lon="148.3976467"/>
      <trkpt lat="-9.1908259" lon="148.3974765"/>
      <trkpt lat="-9.1908162" lon="148.3973048"/>
      <trkpt lat="-9.1908218" lon="148.3971271"/>
      <trkpt lat="-9.1908228" lon="148.3969473"/>
      <trkpt lat="-9.1908250" lon="148.3967680"/>
      <trkpt lat="-9.1908152" lon="148.3965919"/>
      <trkpt lat="-9.1908069" lon="148.3964163"/>
      <trkpt lat="-9.1907925" lon="148.3962388"/>
      <trkpt lat="-9.1907993" lon="148.3960576"/>
      <trkpt lat="-9.1907946" lon="148.3958779"/>
      <trkpt lat="-9.1907843" lon="148.3956982"/>
      <trkpt lat="-9.1907495" lon="148.3955311"/>
      <trkpt lat="-9.1906863" lon="148.3953768"/>
      <trkpt lat="-9.1906078" lon="148.3952275"/>
      <trkpt lat="-9.1905548" lon="148.3950710"/>
      <trkpt lat="-9.1905566" lon="148.3949017"/>
      <trkpt lat="-9.1905988" lon="148.3947326"/>
      <trkpt lat="-9.1906509" lon="148.3945690"/>
      <trkpt lat="-9.1907085" lon="148.3944086"/>
      <trkpt lat="-9.1907443" lon="148.3942431"/>
      <trkpt lat="-9.1907448" lon="148.3940741"/>
      <trkpt lat="-9.1907061" lon="148.3939030"/>
      <trkpt lat="-9.1906684" lon="148.3937332"/>
      <trkpt lat="-9.1906892" lon="148.3935700"/>
      <trkpt lat="-9.1907738" lon="148.3934271"/>
      <trkpt lat="-9.1909025" lon="148.3933050"/>
      <trkpt lat="-9.1910207" lon="148.3931777"/>
      <trkpt lat="-9.1911185" lon="148.3930908"/>
      <trkpt lat="-9.1911950" lon="148.3930450"/>
    </trkseg>
    <trkseg>
      <trkpt lat="-9.1911183" lon="148.3929917"/>
      <trkpt lat="-9.1912424" lon="148.3929053"/>
      <trkpt lat="-9.1913290" lon="148.3927784"/>
      <trkpt lat="-9.1913953" lon="148.3926175"/>
      <trkpt lat="-9.1914642" lon="148.3924634"/>
      <trkpt lat="-9.1915481" lon="148.3923262"/>
      <trkpt lat="-9.1916295" lon="148.3921870"/>
      <trkpt lat="-9.1917027" lon="148.3920362"/>
      <trkpt lat="-9.1917778" lon="148.3918724"/>
      <trkpt lat="-9.1918653" lon="148.3917163"/>
      <trkpt lat="-9.1919734" lon="148.3915770"/>
      <trkpt lat="-9.1920344" lon="148.3914643"/>
      <trkpt lat="-9.1920383" lon="148.3913700"/>
    </trkseg>
    <trkseg>
      <trkpt lat="-9.1919467" lon="148.3913567"/>
      <trkpt lat="-9.1917753" lon="148.3913146"/>
      <trkpt lat="-9.1916221" lon="148.3912969"/>
      <trkpt lat="-9.1914755" lon="148.3913200"/>
      <trkpt lat="-9.1913329" lon="148.3913804"/>
      <trkpt lat="-9.1912302" lon="148.3914114"/>
      <trkpt lat="-9.1911269" lon="148.3913853"/>
      <trkpt lat="-9.1910379" lon="148.3912958"/>
      <trkpt lat="-9.1908880" lon="148.3912224"/>
      <trkpt lat="-9.1907292" lon="148.3911702"/>
      <trkpt lat="-9.1906056" lon="148.3911312"/>
      <trkpt lat="-9.1905044" lon="148.3910498"/>
      <trkpt lat="-9.1904635" lon="148.3909247"/>
      <trkpt lat="-9.1904180" lon="148.3908079"/>
      <trkpt lat="-9.1903511" lon="148.3907441"/>
      <trkpt lat="-9.1902417" lon="148.3907550"/>
      <trkpt lat="-9.1901497" lon="148.3907270"/>
      <trkpt lat="-9.1901478" lon="148.3906422"/>
      <trkpt lat="-9.1901401" lon="148.3905199"/>
      <trkpt lat="-9.1900803" lon="148.3904577"/>
      <trkpt lat="-9.1900163" lon="148.3904014"/>
      <trkpt lat="-9.1900290" lon="148.3903113"/>
      <trkpt lat="-9.1900791" lon="148.3901557"/>
      <trkpt lat="-9.1901048" lon="148.3899901"/>
      <trkpt lat="-9.1901034" lon="148.3898356"/>
      <trkpt lat="-9.1901453" lon="148.3896950"/>
      <trkpt lat="-9.1901841" lon="148.3895484"/>
      <trkpt lat="-9.1902047" lon="148.3893959"/>
      <trkpt lat="-9.1901745" lon="148.3892470"/>
      <trkpt lat="-9.1901673" lon="148.3891031"/>
      <trkpt lat="-9.1901815" lon="148.3889480"/>
      <trkpt lat="-9.1902387" lon="148.3887823"/>
      <trkpt lat="-9.1902731" lon="148.3886133"/>
      <trkpt lat="-9.1903245" lon="148.3884579"/>
      <trkpt lat="-9.1902991" lon="148.3883234"/>
      <trkpt lat="-9.1902350" lon="148.3882096"/>
      <trkpt lat="-9.1900990" lon="148.3881357"/>
      <trkpt lat="-9.1899617" lon="148.3880841"/>
      <trkpt lat="-9.1898159" lon="148.3880636"/>
      <trkpt lat="-9.1897001" lon="148.3879897"/>
      <trkpt lat="-9.1896075" lon="148.3878751"/>
      <trkpt lat="-9.1895329" lon="148.3877337"/>
      <trkpt lat="-9.1894917" lon="148.3875933"/>
      <trkpt lat="-9.1894874" lon="148.3874473"/>
      <trkpt lat="-9.1895214" lon="148.3872832"/>
      <trkpt lat="-9.1895938" lon="148.3871521"/>
      <trkpt lat="-9.1896730" lon="148.3870193"/>
      <trkpt lat="-9.1897463" lon="148.3868828"/>
      <trkpt lat="-9.1897398" lon="148.3867164"/>
      <trkpt lat="-9.1897075" lon="148.3865593"/>
      <trkpt lat="-9.1896679" lon="148.3864152"/>
      <trkpt lat="-9.1896353" lon="148.3862813"/>
      <trkpt lat="-9.1896064" lon="148.3861466"/>
      <trkpt lat="-9.1895285" lon="148.3860294"/>
      <trkpt lat="-9.1894251" lon="148.3859149"/>
      <trkpt lat="-9.1892696" lon="148.3858413"/>
      <trkpt lat="-9.1891146" lon="148.3857856"/>
      <trkpt lat="-9.1889848" lon="148.3857893"/>
      <trkpt lat="-9.1888910" lon="148.3857759"/>
      <trkpt lat="-9.1888011" lon="148.3857776"/>
      <trkpt lat="-9.1887350" lon="148.3858192"/>
      <trkpt lat="-9.1886712" lon="148.3859336"/>
      <trkpt lat="-9.1886151" lon="148.3860695"/>
      <trkpt lat="-9.1885015" lon="148.3861682"/>
      <trkpt lat="-9.1883547" lon="148.3862289"/>
      <trkpt lat="-9.1882453" lon="148.3863169"/>
      <trkpt lat="-9.1882000" lon="148.3864397"/>
      <trkpt lat="-9.1881503" lon="148.3865733"/>
      <trkpt lat="-9.1880684" lon="148.3866953"/>
      <trkpt lat="-9.1879526" lon="148.3868135"/>
      <trkpt lat="-9.1878926" lon="148.3869726"/>
      <trkpt lat="-9.1878632" lon="148.3871448"/>
      <trkpt lat="-9.1878605" lon="148.3873240"/>
      <trkpt lat="-9.1878562" lon="148.3874929"/>
      <trkpt lat="-9.1878032" lon="148.3875856"/>
      <trkpt lat="-9.1877017" lon="148.3875931"/>
      <trkpt lat="-9.1875526" lon="148.3875844"/>
      <trkpt lat="-9.1874385" lon="148.3876458"/>
      <trkpt lat="-9.1873405" lon="148.3877836"/>
      <trkpt lat="-9.1872731" lon="148.3879388"/>
      <trkpt lat="-9.1872435" lon="148.3880926"/>
      <trkpt lat="-9.1872009" lon="148.3882239"/>
      <trkpt lat="-9.1871279" lon="148.3883334"/>
      <trkpt lat="-9.1869917" lon="148.3884312"/>
      <trkpt lat="-9.1868602" lon="148.3885463"/>
      <trkpt lat="-9.1867689" lon="148.3886876"/>
      <trkpt lat="-9.1867239" lon="148.3888434"/>
      <trkpt lat="-9.1866956" lon="148.3890087"/>
      <trkpt lat="-9.1866200" lon="148.3891292"/>
      <trkpt lat="-9.1864868" lon="148.3891829"/>
      <trkpt lat="-9.1863170" lon="148.3891893"/>
      <trkpt lat="-9.1861460" lon="148.3891725"/>
      <trkpt lat="-9.1859738" lon="148.3891699"/>
      <trkpt lat="-9.1858280" lon="148.3891633"/>
      <trkpt lat="-9.1856840" lon="148.3891569"/>
      <trkpt lat="-9.1855392" lon="148.3891588"/>
      <trkpt lat="-9.1853908" lon="148.3891965"/>
      <trkpt lat="-9.1852655" lon="148.3892908"/>
      <trkpt lat="-9.1851442" lon="148.3893994"/>
      <trkpt lat="-9.1849979" lon="148.3894638"/>
      <trkpt lat="-9.1848300" lon="148.3894604"/>
      <trkpt lat="-9.1846596" lon="148.3894108"/>
      <trkpt lat="-9.1844960" lon="148.3893531"/>
      <trkpt lat="-9.1843369" lon="148.3893500"/>
      <trkpt lat="-9.1841758" lon="148.3893807"/>
      <trkpt lat="-9.1840119" lon="148.3894397"/>
      <trkpt lat="-9.1838509" lon="148.3895050"/>
      <trkpt lat="-9.1836967" lon="148.3895915"/>
      <trkpt lat="-9.1835396" lon="148.3896674"/>
      <trkpt lat="-9.1833792" lon="148.3897365"/>
      <trkpt lat="-9.1832105" lon="148.3897690"/>
      <trkpt lat="-9.1830415" lon="148.3897955"/>
      <trkpt lat="-9.1828662" lon="148.3897866"/>
      <trkpt lat="-9.1826904" lon="148.3897751"/>
      <trkpt lat="-9.1825318" lon="148.3897296"/>
      <trkpt lat="-9.1823744" lon="148.3896683"/>
      <trkpt lat="-9.1822187" lon="148.3896120"/>
      <trkpt lat="-9.1820448" lon="148.3895889"/>
      <trkpt lat="-9.1818686" lon="148.3895998"/>
      <trkpt lat="-9.1816966" lon="148.3896355"/>
      <trkpt lat="-9.1815360" lon="148.3896569"/>
      <trkpt lat="-9.1813893" lon="148.3896292"/>
      <trkpt lat="-9.1812428" lon="148.3895990"/>
      <trkpt lat="-9.1810863" lon="148.3895950"/>
      <trkpt lat="-9.1809205" lon="148.3896245"/>
      <trkpt lat="-9.1807500" lon="148.3896320"/>
      <trkpt lat="-9.1805787" lon="148.3896228"/>
      <trkpt lat="-9.1804009" lon="148.3896216"/>
      <trkpt lat="-9.1802231" lon="148.3896153"/>
      <trkpt lat="-9.1800504" lon="148.3896304"/>
      <trkpt lat="-9.1798879" lon="148.3896734"/>
      <trkpt lat="-9.1797533" lon="148.3897729"/>
      <trkpt lat="-9.1796356" lon="148.3899046"/>
      <trkpt lat="-9.1795195" lon="148.3900280"/>
      <trkpt lat="-9.1794130" lon="148.3901564"/>
      <trkpt lat="-9.1792973" lon="148.3902652"/>
      <trkpt lat="-9.1792270" lon="148.3903485"/>
      <trkpt lat="-9.1791750" lon="148.3903767"/>
    </trkseg>
    <trkseg>
      <trkpt lat="-9.1792583" lon="148.3903333"/>
      <trkpt lat="-9.1793893" lon="148.3902421"/>
      <trkpt lat="-9.1795177" lon="148.3901374"/>
      <trkpt lat="-9.1796191" lon="148.3900117"/>
      <trkpt lat="-9.1797070" lon="148.3899269"/>
      <trkpt lat="-9.1797650" lon="148.3898733"/>
    </trkseg>
    <trkseg>
      <trkpt lat="-9.1798400" lon="148.3898133"/>
      <trkpt lat="-9.1799635" lon="148.3896911"/>
      <trkpt lat="-9.1801013" lon="148.3896258"/>
      <trkpt lat="-9.1802025" lon="148.3895508"/>
      <trkpt lat="-9.1802170" lon="148.3894486"/>
      <trkpt lat="-9.1801601" lon="148.3892844"/>
      <trkpt lat="-9.1801269" lon="148.3891309"/>
      <trkpt lat="-9.1801003" lon="148.3889734"/>
      <trkpt lat="-9.1800527" lon="148.3888309"/>
      <trkpt lat="-9.1799353" lon="148.3887018"/>
      <trkpt lat="-9.1797933" lon="148.3885932"/>
      <trkpt lat="-9.1796642" lon="148.3884735"/>
      <trkpt lat="-9.1795477" lon="148.3883408"/>
      <trkpt lat="-9.1794770" lon="148.3881844"/>
      <trkpt lat="-9.1794058" lon="148.3880320"/>
      <trkpt lat="-9.1793104" lon="148.3879221"/>
      <trkpt lat="-9.1791599" lon="148.3878660"/>
      <trkpt lat="-9.1790180" lon="148.3878947"/>
      <trkpt lat="-9.1789263" lon="148.3879619"/>
      <trkpt lat="-9.1788349" lon="148.3880323"/>
      <trkpt lat="-9.1787068" lon="148.3880603"/>
      <trkpt lat="-9.1785343" lon="148.3880796"/>
      <trkpt lat="-9.1783750" lon="148.3881259"/>
      <trkpt lat="-9.1782559" lon="148.3882338"/>
      <trkpt lat="-9.1781647" lon="148.3883718"/>
      <trkpt lat="-9.1780916" lon="148.3885367"/>
      <trkpt lat="-9.1780041" lon="148.3886933"/>
      <trkpt lat="-9.1779092" lon="148.3888434"/>
      <trkpt lat="-9.1777986" lon="148.3889817"/>
      <trkpt lat="-9.1776671" lon="148.3890962"/>
      <trkpt lat="-9.1775176" lon="148.3891945"/>
      <trkpt lat="-9.1773574" lon="148.3892561"/>
      <trkpt lat="-9.1771929" lon="148.3893050"/>
      <trkpt lat="-9.1770243" lon="148.3893432"/>
      <trkpt lat="-9.1768553" lon="148.3893968"/>
      <trkpt lat="-9.1766889" lon="148.3894552"/>
      <trkpt lat="-9.1765227" lon="148.3895131"/>
      <trkpt lat="-9.1763619" lon="148.3895795"/>
      <trkpt lat="-9.1762060" lon="148.3896587"/>
      <trkpt lat="-9.1760626" lon="148.3897563"/>
      <trkpt lat="-9.1759217" lon="148.3898618"/>
      <trkpt lat="-9.1757811" lon="148.3899693"/>
      <trkpt lat="-9.1756303" lon="148.3900660"/>
      <trkpt lat="-9.1754764" lon="148.3901589"/>
      <trkpt lat="-9.1753240" lon="148.3902530"/>
      <trkpt lat="-9.1751797" lon="148.3903596"/>
      <trkpt lat="-9.1750318" lon="148.3904572"/>
      <trkpt lat="-9.1748966" lon="148.3905679"/>
      <trkpt lat="-9.1747788" lon="148.3906874"/>
      <trkpt lat="-9.1746632" lon="148.3908106"/>
      <trkpt lat="-9.1745412" lon="148.3909289"/>
      <trkpt lat="-9.1744160" lon="148.3910495"/>
      <trkpt lat="-9.1743085" lon="148.3911908"/>
      <trkpt lat="-9.1742239" lon="148.3913441"/>
      <trkpt lat="-9.1741513" lon="148.3914925"/>
      <trkpt lat="-9.1740588" lon="148.3916131"/>
      <trkpt lat="-9.1739356" lon="148.3917115"/>
      <trkpt lat="-9.1737773" lon="148.3917902"/>
      <trkpt lat="-9.1736237" lon="148.3918788"/>
      <trkpt lat="-9.1734666" lon="148.3919609"/>
      <trkpt lat="-9.1733072" lon="148.3920380"/>
      <trkpt lat="-9.1731511" lon="148.3921201"/>
      <trkpt lat="-9.1730200" lon="148.3922291"/>
      <trkpt lat="-9.1728996" lon="148.3923504"/>
      <trkpt lat="-9.1728016" lon="148.3924912"/>
      <trkpt lat="-9.1727292" lon="148.3926370"/>
      <trkpt lat="-9.1726785" lon="148.3928046"/>
      <trkpt lat="-9.1726245" lon="148.3929440"/>
      <trkpt lat="-9.1725483" lon="148.3930533"/>
    </trkseg>
    <trkseg>
      <trkpt lat="-9.1724950" lon="148.3929783"/>
      <trkpt lat="-9.1723294" lon="148.3929127"/>
      <trkpt lat="-9.1721674" lon="148.3928374"/>
      <trkpt lat="-9.1720205" lon="148.3927391"/>
      <trkpt lat="-9.1718715" lon="148.3926453"/>
      <trkpt lat="-9.1717305" lon="148.3925392"/>
      <trkpt lat="-9.1715889" lon="148.3924304"/>
      <trkpt lat="-9.1714584" lon="148.3923065"/>
      <trkpt lat="-9.1713541" lon="148.3921639"/>
      <trkpt lat="-9.1712471" lon="148.3920304"/>
      <trkpt lat="-9.1711229" lon="148.3919255"/>
      <trkpt lat="-9.1709622" lon="148.3918566"/>
      <trkpt lat="-9.1707895" lon="148.3918179"/>
      <trkpt lat="-9.1706182" lon="148.3918089"/>
      <trkpt lat="-9.1704553" lon="148.3918560"/>
      <trkpt lat="-9.1702908" lon="148.3919151"/>
      <trkpt lat="-9.1701358" lon="148.3919937"/>
      <trkpt lat="-9.1699758" lon="148.3920590"/>
      <trkpt lat="-9.1698162" lon="148.3921276"/>
      <trkpt lat="-9.1696453" lon="148.3921718"/>
      <trkpt lat="-9.1694675" lon="148.3921879"/>
      <trkpt lat="-9.1692887" lon="148.3921932"/>
      <trkpt lat="-9.1691298" lon="148.3922295"/>
      <trkpt lat="-9.1689797" lon="148.3923033"/>
      <trkpt lat="-9.1688318" lon="148.3923914"/>
      <trkpt lat="-9.1686630" lon="148.3924393"/>
      <trkpt lat="-9.1684915" lon="148.3924678"/>
      <trkpt lat="-9.1683687" lon="148.3924911"/>
      <trkpt lat="-9.1682967" lon="148.3925233"/>
    </trkseg>
    <trkseg>
      <trkpt lat="-9.1683650" lon="148.3926017"/>
      <trkpt lat="-9.1684431" lon="148.3927644"/>
      <trkpt lat="-9.1685253" lon="148.3929245"/>
      <trkpt lat="-9.1686248" lon="148.3930651"/>
      <trkpt lat="-9.1687356" lon="148.3931930"/>
      <trkpt lat="-9.1688647" lon="148.3933060"/>
      <trkpt lat="-9.1690015" lon="148.3934174"/>
      <trkpt lat="-9.1691465" lon="148.3935201"/>
      <trkpt lat="-9.1692839" lon="148.3936316"/>
      <trkpt lat="-9.1694104" lon="148.3937409"/>
      <trkpt lat="-9.1695091" lon="148.3938692"/>
      <trkpt lat="-9.1695574" lon="148.3940038"/>
      <trkpt lat="-9.1696078" lon="148.3941518"/>
      <trkpt lat="-9.1696496" lon="148.3943093"/>
      <trkpt lat="-9.1697224" lon="148.3944497"/>
      <trkpt lat="-9.1698105" lon="148.3945678"/>
      <trkpt lat="-9.1699085" lon="148.3946560"/>
      <trkpt lat="-9.1700399" lon="148.3947194"/>
      <trkpt lat="-9.1701602" lon="148.3947945"/>
      <trkpt lat="-9.1703131" lon="148.3948521"/>
      <trkpt lat="-9.1704746" lon="148.3948983"/>
      <trkpt lat="-9.1706285" lon="148.3949479"/>
      <trkpt lat="-9.1707448" lon="148.3950301"/>
      <trkpt lat="-9.1708496" lon="148.3951437"/>
      <trkpt lat="-9.1709610" lon="148.3952583"/>
      <trkpt lat="-9.1711024" lon="148.3953441"/>
      <trkpt lat="-9.1712435" lon="148.3954203"/>
      <trkpt lat="-9.1713818" lon="148.3954412"/>
      <trkpt lat="-9.1715058" lon="148.3954641"/>
      <trkpt lat="-9.1716376" lon="148.3954858"/>
      <trkpt lat="-9.1717595" lon="148.3955645"/>
      <trkpt lat="-9.1718938" lon="148.3956197"/>
      <trkpt lat="-9.1720311" lon="148.3956481"/>
      <trkpt lat="-9.1721968" lon="148.3956521"/>
      <trkpt lat="-9.1723670" lon="148.3956788"/>
      <trkpt lat="-9.1725215" lon="148.3957221"/>
      <trkpt lat="-9.1726493" lon="148.3957860"/>
      <trkpt lat="-9.1727598" lon="148.3958337"/>
      <trkpt lat="-9.1728617" lon="148.3958979"/>
      <trkpt lat="-9.1729036" lon="148.3959767"/>
      <trkpt lat="-9.1729388" lon="148.3960803"/>
      <trkpt lat="-9.1729714" lon="148.3962068"/>
      <trkpt lat="-9.1730405" lon="148.3963040"/>
      <trkpt lat="-9.1730577" lon="148.3964209"/>
      <trkpt lat="-9.1730273" lon="148.3965454"/>
      <trkpt lat="-9.1729746" lon="148.3966959"/>
      <trkpt lat="-9.1729944" lon="148.3968060"/>
      <trkpt lat="-9.1730137" lon="148.3969083"/>
      <trkpt lat="-9.1730810" lon="148.3970073"/>
      <trkpt lat="-9.1730912" lon="148.3971616"/>
      <trkpt lat="-9.1731528" lon="148.3972709"/>
      <trkpt lat="-9.1731988" lon="148.3973647"/>
      <trkpt lat="-9.1733037" lon="148.3974255"/>
      <trkpt lat="-9.1734330" lon="148.3974767"/>
      <trkpt lat="-9.1735923" lon="148.3974742"/>
      <trkpt lat="-9.1737001" lon="148.3974888"/>
      <trkpt lat="-9.1737311" lon="148.3975635"/>
      <trkpt lat="-9.1737430" lon="148.3976464"/>
      <trkpt lat="-9.1737740" lon="148.3977305"/>
      <trkpt lat="-9.1737831" lon="148.3977944"/>
      <trkpt lat="-9.1737633" lon="148.3978685"/>
      <trkpt lat="-9.1736733" lon="148.3979187"/>
      <trkpt lat="-9.1735980" lon="148.3979853"/>
      <trkpt lat="-9.1735164" lon="148.3981139"/>
      <trkpt lat="-9.1734630" lon="148.3982777"/>
      <trkpt lat="-9.1734043" lon="148.3984383"/>
      <trkpt lat="-9.1733333" lon="148.3985952"/>
      <trkpt lat="-9.1732750" lon="148.3987562"/>
      <trkpt lat="-9.1732525" lon="148.3989225"/>
      <trkpt lat="-9.1732862" lon="148.3990809"/>
      <trkpt lat="-9.1733568" lon="148.3992346"/>
      <trkpt lat="-9.1734546" lon="148.3993833"/>
      <trkpt lat="-9.1735480" lon="148.3995371"/>
      <trkpt lat="-9.1736493" lon="148.3996784"/>
      <trkpt lat="-9.1736854" lon="148.3998143"/>
      <trkpt lat="-9.1736897" lon="148.3999211"/>
      <trkpt lat="-9.1736806" lon="148.4000404"/>
      <trkpt lat="-9.1737486" lon="148.4001408"/>
      <trkpt lat="-9.1738421" lon="148.4002585"/>
      <trkpt lat="-9.1739498" lon="148.4003645"/>
      <trkpt lat="-9.1740540" lon="148.4004664"/>
      <trkpt lat="-9.1741508" lon="148.4004786"/>
      <trkpt lat="-9.1742565" lon="148.4004639"/>
      <trkpt lat="-9.1742993" lon="148.4004185"/>
      <trkpt lat="-9.1743017" lon="148.4004150"/>
    </trkseg>
    <trkseg>
      <trkpt lat="-9.1743917" lon="148.4005100"/>
      <trkpt lat="-9.1743973" lon="148.4004256"/>
      <trkpt lat="-9.1743633" lon="148.4004527"/>
      <trkpt lat="-9.1743175" lon="148.4005966"/>
      <trkpt lat="-9.1742816" lon="148.4007624"/>
      <trkpt lat="-9.1742979" lon="148.4009117"/>
      <trkpt lat="-9.1743202" lon="148.4010630"/>
      <trkpt lat="-9.1743801" lon="148.4011903"/>
      <trkpt lat="-9.1743924" lon="148.4013211"/>
      <trkpt lat="-9.1744045" lon="148.4014490"/>
      <trkpt lat="-9.1743633" lon="148.4015985"/>
      <trkpt lat="-9.1743140" lon="148.4017587"/>
      <trkpt lat="-9.1742476" lon="148.4019217"/>
      <trkpt lat="-9.1741998" lon="148.4020889"/>
      <trkpt lat="-9.1742019" lon="148.4022566"/>
      <trkpt lat="-9.1742164" lon="148.4024237"/>
      <trkpt lat="-9.1742131" lon="148.4025765"/>
      <trkpt lat="-9.1742106" lon="148.4027358"/>
      <trkpt lat="-9.1742475" lon="148.4028372"/>
      <trkpt lat="-9.1743547" lon="148.4029260"/>
      <trkpt lat="-9.1744372" lon="148.4030108"/>
      <trkpt lat="-9.1745073" lon="148.4031473"/>
      <trkpt lat="-9.1745828" lon="148.4032716"/>
      <trkpt lat="-9.1746852" lon="148.4033994"/>
      <trkpt lat="-9.1747417" lon="148.4035321"/>
      <trkpt lat="-9.1747444" lon="148.4037027"/>
      <trkpt lat="-9.1747472" lon="148.4038467"/>
      <trkpt lat="-9.1747508" lon="148.4039864"/>
      <trkpt lat="-9.1747856" lon="148.4041202"/>
      <trkpt lat="-9.1748315" lon="148.4042737"/>
      <trkpt lat="-9.1748688" lon="148.4044218"/>
      <trkpt lat="-9.1748800" lon="148.4045702"/>
      <trkpt lat="-9.1748734" lon="148.4047255"/>
      <trkpt lat="-9.1749466" lon="148.4048366"/>
      <trkpt lat="-9.1750549" lon="148.4048749"/>
      <trkpt lat="-9.1751584" lon="148.4048728"/>
      <trkpt lat="-9.1752100" lon="148.4048395"/>
      <trkpt lat="-9.1752267" lon="148.4048000"/>
    </trkseg>
    <trkseg>
      <trkpt lat="-9.1751183" lon="148.4048367"/>
      <trkpt lat="-9.1749433" lon="148.4048739"/>
      <trkpt lat="-9.1747832" lon="148.4049386"/>
      <trkpt lat="-9.1746339" lon="148.4050289"/>
      <trkpt lat="-9.1744940" lon="148.4051129"/>
      <trkpt lat="-9.1743643" lon="148.4052083"/>
      <trkpt lat="-9.1742425" lon="148.4053105"/>
      <trkpt lat="-9.1741235" lon="148.4054418"/>
      <trkpt lat="-9.1740480" lon="148.4055692"/>
      <trkpt lat="-9.1740127" lon="148.4057133"/>
      <trkpt lat="-9.1740637" lon="148.4058624"/>
      <trkpt lat="-9.1740882" lon="148.4060207"/>
      <trkpt lat="-9.1740586" lon="148.4061381"/>
      <trkpt lat="-9.1739276" lon="148.4062081"/>
      <trkpt lat="-9.1737697" lon="148.4062263"/>
      <trkpt lat="-9.1736087" lon="148.4062133"/>
      <trkpt lat="-9.1734481" lon="148.4061951"/>
      <trkpt lat="-9.1732881" lon="148.4061638"/>
      <trkpt lat="-9.1731827" lon="148.4061817"/>
      <trkpt lat="-9.1731249" lon="148.4062436"/>
      <trkpt lat="-9.1730816" lon="148.4063465"/>
      <trkpt lat="-9.1729836" lon="148.4063982"/>
      <trkpt lat="-9.1728400" lon="148.4063983"/>
      <trkpt lat="-9.1726687" lon="148.4063473"/>
      <trkpt lat="-9.1725158" lon="148.4063341"/>
      <trkpt lat="-9.1724352" lon="148.4063956"/>
      <trkpt lat="-9.1723935" lon="148.4065134"/>
      <trkpt lat="-9.1723439" lon="148.4066436"/>
      <trkpt lat="-9.1722215" lon="148.4067051"/>
      <trkpt lat="-9.1720778" lon="148.4066876"/>
      <trkpt lat="-9.1719350" lon="148.4066117"/>
      <trkpt lat="-9.1718276" lon="148.4064997"/>
      <trkpt lat="-9.1717292" lon="148.4063833"/>
      <trkpt lat="-9.1716254" lon="148.4063132"/>
      <trkpt lat="-9.1714903" lon="148.4063103"/>
      <trkpt lat="-9.1713435" lon="148.4063987"/>
      <trkpt lat="-9.1711911" lon="148.4064737"/>
      <trkpt lat="-9.1710349" lon="148.4065397"/>
      <trkpt lat="-9.1708649" lon="148.4065641"/>
      <trkpt lat="-9.1707062" lon="148.4066122"/>
      <trkpt lat="-9.1705750" lon="148.4066018"/>
      <trkpt lat="-9.1704419" lon="148.4065732"/>
      <trkpt lat="-9.1702972" lon="148.4064945"/>
      <trkpt lat="-9.1701265" lon="148.4064525"/>
      <trkpt lat="-9.1699569" lon="148.4064434"/>
      <trkpt lat="-9.1697915" lon="148.4064730"/>
      <trkpt lat="-9.1696323" lon="148.4065402"/>
      <trkpt lat="-9.1695071" lon="148.4066461"/>
      <trkpt lat="-9.1693871" lon="148.4067599"/>
      <trkpt lat="-9.1692657" lon="148.4068705"/>
      <trkpt lat="-9.1691264" lon="148.4069318"/>
      <trkpt lat="-9.1689755" lon="148.4069635"/>
      <trkpt lat="-9.1688223" lon="148.4069533"/>
      <trkpt lat="-9.1686576" lon="148.4069091"/>
      <trkpt lat="-9.1685087" lon="148.4068334"/>
      <trkpt lat="-9.1683566" lon="148.4067634"/>
      <trkpt lat="-9.1681972" lon="148.4067147"/>
      <trkpt lat="-9.1680255" lon="148.4066824"/>
      <trkpt lat="-9.1678548" lon="148.4066412"/>
      <trkpt lat="-9.1676830" lon="148.4066061"/>
      <trkpt lat="-9.1675135" lon="148.4065718"/>
      <trkpt lat="-9.1673453" lon="148.4065739"/>
      <trkpt lat="-9.1671882" lon="148.4065447"/>
      <trkpt lat="-9.1670461" lon="148.4064833"/>
      <trkpt lat="-9.1669174" lon="148.4063617"/>
      <trkpt lat="-9.1668363" lon="148.4062197"/>
      <trkpt lat="-9.1667556" lon="148.4060764"/>
      <trkpt lat="-9.1666710" lon="148.4059380"/>
      <trkpt lat="-9.1665334" lon="148.4058274"/>
      <trkpt lat="-9.1664073" lon="148.4057232"/>
      <trkpt lat="-9.1663050" lon="148.4056071"/>
      <trkpt lat="-9.1662640" lon="148.4054566"/>
      <trkpt lat="-9.1662061" lon="148.4053145"/>
      <trkpt lat="-9.1661690" lon="148.4052238"/>
      <trkpt lat="-9.1661239" lon="148.4051928"/>
    </trkseg>
    <trkseg>
      <trkpt lat="-9.1660983" lon="148.4049450"/>
      <trkpt lat="-9.1660157" lon="148.4050064"/>
      <trkpt lat="-9.1658861" lon="148.4050246"/>
      <trkpt lat="-9.1657150" lon="148.4049963"/>
      <trkpt lat="-9.1655469" lon="148.4049754"/>
      <trkpt lat="-9.1653945" lon="148.4050007"/>
      <trkpt lat="-9.1652485" lon="148.4050699"/>
      <trkpt lat="-9.1651121" lon="148.4051298"/>
      <trkpt lat="-9.1649771" lon="148.4051152"/>
      <trkpt lat="-9.1648298" lon="148.4050720"/>
      <trkpt lat="-9.1646964" lon="148.4049918"/>
      <trkpt lat="-9.1645723" lon="148.4049014"/>
      <trkpt lat="-9.1644653" lon="148.4047680"/>
      <trkpt lat="-9.1643552" lon="148.4046473"/>
      <trkpt lat="-9.1642289" lon="148.4046071"/>
      <trkpt lat="-9.1640888" lon="148.4046138"/>
      <trkpt lat="-9.1639398" lon="148.4046674"/>
      <trkpt lat="-9.1637878" lon="148.4046571"/>
      <trkpt lat="-9.1636911" lon="148.4045913"/>
      <trkpt lat="-9.1635957" lon="148.4044982"/>
      <trkpt lat="-9.1635100" lon="148.4044183"/>
    </trkseg>
    <trkseg>
      <trkpt lat="-9.1633933" lon="148.4045417"/>
      <trkpt lat="-9.1635416" lon="148.4045238"/>
      <trkpt lat="-9.1636683" lon="148.4045194"/>
      <trkpt lat="-9.1637733" lon="148.4045283"/>
    </trkseg>
    <trkseg>
      <trkpt lat="-9.1637250" lon="148.4044200"/>
      <trkpt lat="-9.1636970" lon="148.4043901"/>
      <trkpt lat="-9.1636446" lon="148.4042992"/>
      <trkpt lat="-9.1635638" lon="148.4042017"/>
      <trkpt lat="-9.1634836" lon="148.4041706"/>
      <trkpt lat="-9.1633731" lon="148.4042139"/>
      <trkpt lat="-9.1632403" lon="148.4042357"/>
      <trkpt lat="-9.1631169" lon="148.4041820"/>
      <trkpt lat="-9.1630413" lon="148.4040466"/>
      <trkpt lat="-9.1629747" lon="148.4039200"/>
      <trkpt lat="-9.1628760" lon="148.4038300"/>
      <trkpt lat="-9.1627298" lon="148.4037788"/>
      <trkpt lat="-9.1625934" lon="148.4036875"/>
      <trkpt lat="-9.1624510" lon="148.4035975"/>
      <trkpt lat="-9.1623096" lon="148.4035111"/>
      <trkpt lat="-9.1621782" lon="148.4034498"/>
      <trkpt lat="-9.1620472" lon="148.4033993"/>
      <trkpt lat="-9.1619332" lon="148.4033182"/>
      <trkpt lat="-9.1617946" lon="148.4032279"/>
      <trkpt lat="-9.1616814" lon="148.4030950"/>
      <trkpt lat="-9.1615683" lon="148.4030289"/>
      <trkpt lat="-9.1614545" lon="148.4030113"/>
      <trkpt lat="-9.1613370" lon="148.4030921"/>
      <trkpt lat="-9.1611995" lon="148.4031405"/>
      <trkpt lat="-9.1610812" lon="148.4031234"/>
      <trkpt lat="-9.1609805" lon="148.4030604"/>
      <trkpt lat="-9.1609139" lon="148.4030630"/>
      <trkpt lat="-9.1608805" lon="148.4031032"/>
      <trkpt lat="-9.1608501" lon="148.4031102"/>
      <trkpt lat="-9.1607940" lon="148.4030989"/>
      <trkpt lat="-9.1606812" lon="148.4030866"/>
      <trkpt lat="-9.1605360" lon="148.4030683"/>
      <trkpt lat="-9.1603883" lon="148.4030372"/>
      <trkpt lat="-9.1602429" lon="148.4030499"/>
      <trkpt lat="-9.1601102" lon="148.4031329"/>
      <trkpt lat="-9.1599763" lon="148.4032252"/>
      <trkpt lat="-9.1598518" lon="148.4033239"/>
      <trkpt lat="-9.1597013" lon="148.4033980"/>
      <trkpt lat="-9.1595446" lon="148.4034282"/>
      <trkpt lat="-9.1593749" lon="148.4034250"/>
      <trkpt lat="-9.1592178" lon="148.4034122"/>
      <trkpt lat="-9.1590759" lon="148.4033689"/>
      <trkpt lat="-9.1589460" lon="148.4032966"/>
      <trkpt lat="-9.1588336" lon="148.4032758"/>
      <trkpt lat="-9.1587163" lon="148.4033003"/>
      <trkpt lat="-9.1585912" lon="148.4033759"/>
      <trkpt lat="-9.1584385" lon="148.4033929"/>
      <trkpt lat="-9.1582795" lon="148.4033805"/>
      <trkpt lat="-9.1581199" lon="148.4033154"/>
      <trkpt lat="-9.1579676" lon="148.4032566"/>
      <trkpt lat="-9.1578225" lon="148.4032281"/>
      <trkpt lat="-9.1576775" lon="148.4032302"/>
      <trkpt lat="-9.1575270" lon="148.4032553"/>
      <trkpt lat="-9.1573917" lon="148.4032534"/>
      <trkpt lat="-9.1572720" lon="148.4032000"/>
      <trkpt lat="-9.1571474" lon="148.4031254"/>
      <trkpt lat="-9.1569994" lon="148.4030728"/>
      <trkpt lat="-9.1568337" lon="148.4030878"/>
      <trkpt lat="-9.1566920" lon="148.4030715"/>
      <trkpt lat="-9.1565518" lon="148.4030541"/>
      <trkpt lat="-9.1564079" lon="148.4030379"/>
      <trkpt lat="-9.1562628" lon="148.4030513"/>
      <trkpt lat="-9.1561973" lon="148.4031147"/>
      <trkpt lat="-9.1562090" lon="148.4031205"/>
      <trkpt lat="-9.1562622" lon="148.4031083"/>
      <trkpt lat="-9.1562391" lon="148.4030660"/>
      <trkpt lat="-9.1561508" lon="148.4030212"/>
      <trkpt lat="-9.1560041" lon="148.4029772"/>
      <trkpt lat="-9.1558514" lon="148.4029123"/>
      <trkpt lat="-9.1556942" lon="148.4028562"/>
      <trkpt lat="-9.1555531" lon="148.4027751"/>
      <trkpt lat="-9.1554126" lon="148.4026866"/>
      <trkpt lat="-9.1552640" lon="148.4026066"/>
      <trkpt lat="-9.1551051" lon="148.4025690"/>
      <trkpt lat="-9.1549585" lon="148.4025043"/>
      <trkpt lat="-9.1548143" lon="148.4024384"/>
      <trkpt lat="-9.1546712" lon="148.4023410"/>
      <trkpt lat="-9.1545187" lon="148.4022531"/>
      <trkpt lat="-9.1543715" lon="148.4021530"/>
      <trkpt lat="-9.1542181" lon="148.4021028"/>
      <trkpt lat="-9.1540619" lon="148.4021015"/>
      <trkpt lat="-9.1539065" lon="148.4021302"/>
      <trkpt lat="-9.1537640" lon="148.4021855"/>
      <trkpt lat="-9.1536220" lon="148.4022426"/>
      <trkpt lat="-9.1534791" lon="148.4023434"/>
      <trkpt lat="-9.1533219" lon="148.4024255"/>
      <trkpt lat="-9.1531609" lon="148.4024927"/>
      <trkpt lat="-9.1529995" lon="148.4025578"/>
      <trkpt lat="-9.1528328" lon="148.4025983"/>
      <trkpt lat="-9.1526685" lon="148.4026533"/>
      <trkpt lat="-9.1524934" lon="148.4026805"/>
      <trkpt lat="-9.1523216" lon="148.4027289"/>
      <trkpt lat="-9.1521466" lon="148.4027561"/>
      <trkpt lat="-9.1519807" lon="148.4028073"/>
      <trkpt lat="-9.1518178" lon="148.4028332"/>
      <trkpt lat="-9.1516588" lon="148.4028704"/>
      <trkpt lat="-9.1515063" lon="148.4028451"/>
      <trkpt lat="-9.1514124" lon="148.4027662"/>
      <trkpt lat="-9.1513598" lon="148.4026175"/>
      <trkpt lat="-9.1513129" lon="148.4025092"/>
      <trkpt lat="-9.1512050" lon="148.4024724"/>
      <trkpt lat="-9.1510698" lon="148.4024604"/>
      <trkpt lat="-9.1509207" lon="148.4024175"/>
      <trkpt lat="-9.1507974" lon="148.4023173"/>
      <trkpt lat="-9.1507050" lon="148.4022629"/>
      <trkpt lat="-9.1506323" lon="148.4021926"/>
      <trkpt lat="-9.1505618" lon="148.4021226"/>
      <trkpt lat="-9.1504592" lon="148.4020105"/>
      <trkpt lat="-9.1503948" lon="148.4019357"/>
      <trkpt lat="-9.1503120" lon="148.4019031"/>
      <trkpt lat="-9.1502631" lon="148.4019500"/>
      <trkpt lat="-9.1501929" lon="148.4020375"/>
      <trkpt lat="-9.1501415" lon="148.4021779"/>
      <trkpt lat="-9.1500419" lon="148.4022757"/>
      <trkpt lat="-9.1499040" lon="148.4023601"/>
      <trkpt lat="-9.1497683" lon="148.4024459"/>
      <trkpt lat="-9.1496500" lon="148.4025470"/>
      <trkpt lat="-9.1495300" lon="148.4026454"/>
      <trkpt lat="-9.1493865" lon="148.4027185"/>
      <trkpt lat="-9.1492333" lon="148.4027950"/>
    </trkseg>
    <trkseg>
      <trkpt lat="-9.1493050" lon="148.4027067"/>
      <trkpt lat="-9.1491516" lon="148.4026670"/>
      <trkpt lat="-9.1489993" lon="148.4026063"/>
      <trkpt lat="-9.1488603" lon="148.4025183"/>
      <trkpt lat="-9.1487473" lon="148.4024022"/>
      <trkpt lat="-9.1487162" lon="148.4022796"/>
      <trkpt lat="-9.1487322" lon="148.4021343"/>
      <trkpt lat="-9.1487537" lon="148.4019995"/>
      <trkpt lat="-9.1487695" lon="148.4018658"/>
      <trkpt lat="-9.1487759" lon="148.4017350"/>
      <trkpt lat="-9.1488334" lon="148.4016030"/>
      <trkpt lat="-9.1488830" lon="148.4014548"/>
      <trkpt lat="-9.1489762" lon="148.4013200"/>
      <trkpt lat="-9.1490598" lon="148.4011836"/>
      <trkpt lat="-9.1491513" lon="148.4010535"/>
      <trkpt lat="-9.1492457" lon="148.4009432"/>
      <trkpt lat="-9.1493537" lon="148.4008361"/>
      <trkpt lat="-9.1494771" lon="148.4007266"/>
      <trkpt lat="-9.1495597" lon="148.4005781"/>
      <trkpt lat="-9.1496305" lon="148.4004665"/>
      <trkpt lat="-9.1496616" lon="148.4003526"/>
      <trkpt lat="-9.1497018" lon="148.4002468"/>
      <trkpt lat="-9.1497042" lon="148.4000916"/>
      <trkpt lat="-9.1497132" lon="148.3999425"/>
      <trkpt lat="-9.1497085" lon="148.3997992"/>
      <trkpt lat="-9.1497621" lon="148.3996978"/>
      <trkpt lat="-9.1498472" lon="148.3995932"/>
      <trkpt lat="-9.1499852" lon="148.3995207"/>
      <trkpt lat="-9.1501101" lon="148.3994153"/>
      <trkpt lat="-9.1502468" lon="148.3993634"/>
      <trkpt lat="-9.1503879" lon="148.3993390"/>
      <trkpt lat="-9.1505284" lon="148.3993172"/>
      <trkpt lat="-9.1505880" lon="148.3992352"/>
      <trkpt lat="-9.1505348" lon="148.3991220"/>
      <trkpt lat="-9.1503935" lon="148.3990452"/>
      <trkpt lat="-9.1502322" lon="148.3990411"/>
      <trkpt lat="-9.1500705" lon="148.3990604"/>
      <trkpt lat="-9.1499063" lon="148.3991084"/>
      <trkpt lat="-9.1497383" lon="148.3991194"/>
      <trkpt lat="-9.1495899" lon="148.3990797"/>
      <trkpt lat="-9.1494398" lon="148.3990132"/>
      <trkpt lat="-9.1492858" lon="148.3989582"/>
      <trkpt lat="-9.1491101" lon="148.3989521"/>
      <trkpt lat="-9.1489337" lon="148.3989433"/>
      <trkpt lat="-9.1487936" lon="148.3989334"/>
      <trkpt lat="-9.1486900" lon="148.3989133"/>
    </trkseg>
    <trkseg>
      <trkpt lat="-9.1480283" lon="148.3983833"/>
      <trkpt lat="-9.1478807" lon="148.3984247"/>
      <trkpt lat="-9.1477469" lon="148.3985121"/>
      <trkpt lat="-9.1476507" lon="148.3986527"/>
      <trkpt lat="-9.1475750" lon="148.3988047"/>
      <trkpt lat="-9.1475146" lon="148.3989680"/>
      <trkpt lat="-9.1474775" lon="148.3991380"/>
      <trkpt lat="-9.1474355" lon="148.3992994"/>
      <trkpt lat="-9.1474221" lon="148.3994593"/>
      <trkpt lat="-9.1474293" lon="148.3996159"/>
      <trkpt lat="-9.1474477" lon="148.3997786"/>
      <trkpt lat="-9.1474239" lon="148.3999338"/>
      <trkpt lat="-9.1473555" lon="148.4000904"/>
      <trkpt lat="-9.1472771" lon="148.4002424"/>
      <trkpt lat="-9.1471870" lon="148.4003800"/>
      <trkpt lat="-9.1470858" lon="148.4005125"/>
      <trkpt lat="-9.1470175" lon="148.4006529"/>
      <trkpt lat="-9.1469517" lon="148.4007904"/>
      <trkpt lat="-9.1468740" lon="148.4009176"/>
      <trkpt lat="-9.1467598" lon="148.4010402"/>
      <trkpt lat="-9.1467059" lon="148.4011920"/>
      <trkpt lat="-9.1466560" lon="148.4013466"/>
      <trkpt lat="-9.1465998" lon="148.4014955"/>
      <trkpt lat="-9.1464865" lon="148.4016224"/>
      <trkpt lat="-9.1463705" lon="148.4017402"/>
      <trkpt lat="-9.1462698" lon="148.4018659"/>
      <trkpt lat="-9.1462157" lon="148.4020162"/>
      <trkpt lat="-9.1462136" lon="148.4021924"/>
      <trkpt lat="-9.1462193" lon="148.4023671"/>
      <trkpt lat="-9.1462046" lon="148.4025161"/>
      <trkpt lat="-9.1462258" lon="148.4026426"/>
      <trkpt lat="-9.1463025" lon="148.4027499"/>
      <trkpt lat="-9.1464240" lon="148.4028760"/>
      <trkpt lat="-9.1465290" lon="148.4030021"/>
      <trkpt lat="-9.1466395" lon="148.4031078"/>
      <trkpt lat="-9.1467636" lon="148.4031965"/>
      <trkpt lat="-9.1468744" lon="148.4033010"/>
      <trkpt lat="-9.1469479" lon="148.4034442"/>
      <trkpt lat="-9.1469865" lon="148.4036021"/>
      <trkpt lat="-9.1470117" lon="148.4037583"/>
    </trkseg>
    <trkseg>
      <trkpt lat="-9.1471267" lon="148.4037433"/>
      <trkpt lat="-9.1470540" lon="148.4038893"/>
      <trkpt lat="-9.1469756" lon="148.4040360"/>
      <trkpt lat="-9.1469076" lon="148.4041864"/>
      <trkpt lat="-9.1468998" lon="148.4043567"/>
      <trkpt lat="-9.1468975" lon="148.4045048"/>
      <trkpt lat="-9.1468595" lon="148.4046117"/>
      <trkpt lat="-9.1467465" lon="148.4046461"/>
      <trkpt lat="-9.1466550" lon="148.4045947"/>
      <trkpt lat="-9.1465661" lon="148.4044840"/>
      <trkpt lat="-9.1464959" lon="148.4043514"/>
      <trkpt lat="-9.1463619" lon="148.4042832"/>
      <trkpt lat="-9.1462087" lon="148.4042652"/>
      <trkpt lat="-9.1460361" lon="148.4042678"/>
      <trkpt lat="-9.1458978" lon="148.4042106"/>
      <trkpt lat="-9.1457930" lon="148.4040905"/>
      <trkpt lat="-9.1457164" lon="148.4039369"/>
      <trkpt lat="-9.1456286" lon="148.4037849"/>
      <trkpt lat="-9.1455386" lon="148.4036342"/>
      <trkpt lat="-9.1454234" lon="148.4035113"/>
      <trkpt lat="-9.1453138" lon="148.4034581"/>
      <trkpt lat="-9.1451930" lon="148.4035042"/>
      <trkpt lat="-9.1450744" lon="148.4036072"/>
      <trkpt lat="-9.1449558" lon="148.4037373"/>
      <trkpt lat="-9.1448466" lon="148.4038722"/>
      <trkpt lat="-9.1447948" lon="148.4040273"/>
      <trkpt lat="-9.1447676" lon="148.4041410"/>
      <trkpt lat="-9.1447633" lon="148.4042133"/>
    </trkseg>
    <trkseg>
      <trkpt lat="-9.1447167" lon="148.4043450"/>
      <trkpt lat="-9.1446341" lon="148.4043549"/>
      <trkpt lat="-9.1445373" lon="148.4044142"/>
      <trkpt lat="-9.1444089" lon="148.4044905"/>
      <trkpt lat="-9.1442682" lon="148.4045507"/>
      <trkpt lat="-9.1442063" lon="148.4046023"/>
      <trkpt lat="-9.1442502" lon="148.4046921"/>
      <trkpt lat="-9.1443706" lon="148.4047993"/>
      <trkpt lat="-9.1444999" lon="148.4048926"/>
      <trkpt lat="-9.1446126" lon="148.4049966"/>
      <trkpt lat="-9.1447118" lon="148.4050906"/>
      <trkpt lat="-9.1448097" lon="148.4052050"/>
      <trkpt lat="-9.1448943" lon="148.4053076"/>
      <trkpt lat="-9.1449626" lon="148.4054253"/>
      <trkpt lat="-9.1449744" lon="148.4055549"/>
      <trkpt lat="-9.1449925" lon="148.4057034"/>
      <trkpt lat="-9.1450127" lon="148.4058603"/>
      <trkpt lat="-9.1450220" lon="148.4060294"/>
      <trkpt lat="-9.1450158" lon="148.4061931"/>
      <trkpt lat="-9.1450242" lon="148.4063424"/>
      <trkpt lat="-9.1450565" lon="148.4064968"/>
      <trkpt lat="-9.1450592" lon="148.4066386"/>
      <trkpt lat="-9.1450109" lon="148.4067667"/>
      <trkpt lat="-9.1449419" lon="148.4068845"/>
      <trkpt lat="-9.1449084" lon="148.4069605"/>
      <trkpt lat="-9.1448714" lon="148.4070391"/>
      <trkpt lat="-9.1447962" lon="148.4070640"/>
      <trkpt lat="-9.1447059" lon="148.4071303"/>
      <trkpt lat="-9.1446639" lon="148.4071726"/>
      <trkpt lat="-9.1446438" lon="148.4072277"/>
      <trkpt lat="-9.1446428" lon="148.4072840"/>
      <trkpt lat="-9.1445857" lon="148.4073604"/>
      <trkpt lat="-9.1445250" lon="148.4074243"/>
      <trkpt lat="-9.1444006" lon="148.4074753"/>
      <trkpt lat="-9.1442846" lon="148.4075473"/>
      <trkpt lat="-9.1441517" lon="148.4076421"/>
      <trkpt lat="-9.1440538" lon="148.4077159"/>
      <trkpt lat="-9.1439717" lon="148.4077433"/>
    </trkseg>
    <trkseg>
      <trkpt lat="-9.1438267" lon="148.4076400"/>
      <trkpt lat="-9.1438619" lon="148.4078053"/>
      <trkpt lat="-9.1438966" lon="148.4079671"/>
      <trkpt lat="-9.1439445" lon="148.4081208"/>
      <trkpt lat="-9.1440131" lon="148.4082731"/>
      <trkpt lat="-9.1440676" lon="148.4084338"/>
      <trkpt lat="-9.1440930" lon="148.4086080"/>
      <trkpt lat="-9.1441527" lon="148.4087696"/>
      <trkpt lat="-9.1442235" lon="148.4089283"/>
      <trkpt lat="-9.1443161" lon="148.4090786"/>
      <trkpt lat="-9.1443567" lon="148.4092320"/>
      <trkpt lat="-9.1443298" lon="148.4093698"/>
      <trkpt lat="-9.1442213" lon="148.4094896"/>
      <trkpt lat="-9.1440805" lon="148.4096018"/>
      <trkpt lat="-9.1439876" lon="148.4097180"/>
      <trkpt lat="-9.1438914" lon="148.4098293"/>
      <trkpt lat="-9.1437947" lon="148.4099405"/>
      <trkpt lat="-9.1436537" lon="148.4100508"/>
      <trkpt lat="-9.1435548" lon="148.4101556"/>
      <trkpt lat="-9.1434917" lon="148.4102450"/>
    </trkseg>
  </trk>
</gpx>
