<?xml version="1.0" encoding="UTF-8"?>
<gpx version="1.1" creator="MCA Maps — Managalas clan boundary survey"
     xmlns="http://www.topografix.com/GPX/1/1"
     xmlns:xsi="http://www.w3.org/2001/XMLSchema-instance"
     xsi:schemaLocation="http://www.topografix.com/GPX/1/1 http://www.topografix.com/GPX/1/1/gpx.xsd">
  <metadata>
    <name>Rondi — clan land boundary</name>
    <desc>Rondi, Zone 2. 59.0 km walked; 12.4 km still to walk in 14 gaps</desc>
    <time>2026-08-16T11:44:03Z</time>
  </metadata>
  <wpt lat="-9.1360383" lon="148.2997567">
    <name>GAP 1 OF 14 START</name>
    <desc>1.23 km not walked. This straight line is not a boundary — it joins the two ends so the shape can be closed on paper. Rondi, Zone 2.</desc>
    <sym>Flag</sym>
  </wpt>
  <wpt lat="-9.1471100" lon="148.2993983">
    <name>GAP 1 OF 14 END</name>
    <desc>1.23 km not walked. This straight line is not a boundary — it joins the two ends so the shape can be closed on paper. Rondi, Zone 2.</desc>
    <sym>Flag</sym>
  </wpt>
  <wpt lat="-9.1471100" lon="148.2993983">
    <name>GAP 2 OF 14 START</name>
    <desc>1.24 km not walked. This straight line is not a boundary — it joins the two ends so the shape can be closed on paper. Rondi, Zone 2.</desc>
    <sym>Flag</sym>
  </wpt>
  <wpt lat="-9.1577183" lon="148.3031450">
    <name>GAP 2 OF 14 END</name>
    <desc>1.24 km not walked. This straight line is not a boundary — it joins the two ends so the shape can be closed on paper. Rondi, Zone 2.</desc>
    <sym>Flag</sym>
  </wpt>
  <wpt lat="-9.1577183" lon="148.3031450">
    <name>GAP 3 OF 14 START</name>
    <desc>1.56 km not walked. This straight line is not a boundary — it joins the two ends so the shape can be closed on paper. Rondi, Zone 2.</desc>
    <sym>Flag</sym>
  </wpt>
  <wpt lat="-9.1645233" lon="148.3156000">
    <name>GAP 3 OF 14 END</name>
    <desc>1.56 km not walked. This straight line is not a boundary — it joins the two ends so the shape can be closed on paper. Rondi, Zone 2.</desc>
    <sym>Flag</sym>
  </wpt>
  <wpt lat="-9.1638750" lon="148.3168217">
    <name>GAP 4 OF 14 START</name>
    <desc>0.48 km not walked. This straight line is not a boundary — it joins the two ends so the shape can be closed on paper. Rondi, Zone 2.</desc>
    <sym>Flag</sym>
  </wpt>
  <wpt lat="-9.1682167" lon="148.3165417">
    <name>GAP 4 OF 14 END</name>
    <desc>0.48 km not walked. This straight line is not a boundary — it joins the two ends so the shape can be closed on paper. Rondi, Zone 2.</desc>
    <sym>Flag</sym>
  </wpt>
  <wpt lat="-9.1682167" lon="148.3165417">
    <name>GAP 5 OF 14 START</name>
    <desc>1.79 km not walked. This straight line is not a boundary — it joins the two ends so the shape can be closed on paper. Rondi, Zone 2.</desc>
    <sym>Flag</sym>
  </wpt>
  <wpt lat="-9.1713767" lon="148.3324733">
    <name>GAP 5 OF 14 END</name>
    <desc>1.79 km not walked. This straight line is not a boundary — it joins the two ends so the shape can be closed on paper. Rondi, Zone 2.</desc>
    <sym>Flag</sym>
  </wpt>
  <wpt lat="-9.1713767" lon="148.3324733">
    <name>GAP 6 OF 14 START</name>
    <desc>0.59 km not walked. This straight line is not a boundary — it joins the two ends so the shape can be closed on paper. Rondi, Zone 2.</desc>
    <sym>Flag</sym>
  </wpt>
  <wpt lat="-9.1759383" lon="148.3352050">
    <name>GAP 6 OF 14 END</name>
    <desc>0.59 km not walked. This straight line is not a boundary — it joins the two ends so the shape can be closed on paper. Rondi, Zone 2.</desc>
    <sym>Flag</sym>
  </wpt>
  <wpt lat="-9.1759383" lon="148.3352050">
    <name>GAP 7 OF 14 START</name>
    <desc>0.80 km not walked. This straight line is not a boundary — it joins the two ends so the shape can be closed on paper. Rondi, Zone 2.</desc>
    <sym>Flag</sym>
  </wpt>
  <wpt lat="-9.1825800" lon="148.3323417">
    <name>GAP 7 OF 14 END</name>
    <desc>0.80 km not walked. This straight line is not a boundary — it joins the two ends so the shape can be closed on paper. Rondi, Zone 2.</desc>
    <sym>Flag</sym>
  </wpt>
  <wpt lat="-9.1825800" lon="148.3323417">
    <name>GAP 8 OF 14 START</name>
    <desc>0.48 km not walked. This straight line is not a boundary — it joins the two ends so the shape can be closed on paper. Rondi, Zone 2.</desc>
    <sym>Flag</sym>
  </wpt>
  <wpt lat="-9.1827367" lon="148.3367000">
    <name>GAP 8 OF 14 END</name>
    <desc>0.48 km not walked. This straight line is not a boundary — it joins the two ends so the shape can be closed on paper. Rondi, Zone 2.</desc>
    <sym>Flag</sym>
  </wpt>
  <wpt lat="-9.1827367" lon="148.3367000">
    <name>GAP 9 OF 14 START</name>
    <desc>0.22 km not walked. This straight line is not a boundary — it joins the two ends so the shape can be closed on paper. Rondi, Zone 2.</desc>
    <sym>Flag</sym>
  </wpt>
  <wpt lat="-9.1840033" lon="148.3382250">
    <name>GAP 9 OF 14 END</name>
    <desc>0.22 km not walked. This straight line is not a boundary — it joins the two ends so the shape can be closed on paper. Rondi, Zone 2.</desc>
    <sym>Flag</sym>
  </wpt>
  <wpt lat="-9.1840033" lon="148.3382250">
    <name>GAP 10 OF 14 START</name>
    <desc>1.06 km not walked. This straight line is not a boundary — it joins the two ends so the shape can be closed on paper. Rondi, Zone 2.</desc>
    <sym>Flag</sym>
  </wpt>
  <wpt lat="-9.1916200" lon="148.3441250">
    <name>GAP 10 OF 14 END</name>
    <desc>1.06 km not walked. This straight line is not a boundary — it joins the two ends so the shape can be closed on paper. Rondi, Zone 2.</desc>
    <sym>Flag</sym>
  </wpt>
  <wpt lat="-9.1916200" lon="148.3441250">
    <name>GAP 11 OF 14 START</name>
    <desc>0.74 km not walked. This straight line is not a boundary — it joins the two ends so the shape can be closed on paper. Rondi, Zone 2.</desc>
    <sym>Flag</sym>
  </wpt>
  <wpt lat="-9.1956433" lon="148.3387250">
    <name>GAP 11 OF 14 END</name>
    <desc>0.74 km not walked. This straight line is not a boundary — it joins the two ends so the shape can be closed on paper. Rondi, Zone 2.</desc>
    <sym>Flag</sym>
  </wpt>
  <wpt lat="-9.1956433" lon="148.3387250">
    <name>GAP 12 OF 14 START</name>
    <desc>0.29 km not walked. This straight line is not a boundary — it joins the two ends so the shape can be closed on paper. Rondi, Zone 2.</desc>
    <sym>Flag</sym>
  </wpt>
  <wpt lat="-9.1963750" lon="148.3412267">
    <name>GAP 12 OF 14 END</name>
    <desc>0.29 km not walked. This straight line is not a boundary — it joins the two ends so the shape can be closed on paper. Rondi, Zone 2.</desc>
    <sym>Flag</sym>
  </wpt>
  <wpt lat="-9.1963750" lon="148.3412267">
    <name>GAP 13 OF 14 START</name>
    <desc>1.00 km not walked. This straight line is not a boundary — it joins the two ends so the shape can be closed on paper. Rondi, Zone 2.</desc>
    <sym>Flag</sym>
  </wpt>
  <wpt lat="-9.2016767" lon="148.3485867">
    <name>GAP 13 OF 14 END</name>
    <desc>1.00 km not walked. This straight line is not a boundary — it joins the two ends so the shape can be closed on paper. Rondi, Zone 2.</desc>
    <sym>Flag</sym>
  </wpt>
  <wpt lat="-9.2016767" lon="148.3485867">
    <name>GAP 14 OF 14 START</name>
    <desc>0.96 km not walked. This straight line is not a boundary — it joins the two ends so the shape can be closed on paper. Rondi, Zone 2.</desc>
    <sym>Flag</sym>
  </wpt>
  <wpt lat="-9.1968883" lon="148.3558783">
    <name>GAP 14 OF 14 END</name>
    <desc>0.96 km not walked. This straight line is not a boundary — it joins the two ends so the shape can be closed on paper. Rondi, Zone 2.</desc>
    <sym>Flag</sym>
  </wpt>
  <trk>
    <name>GAP 1 OF 14 - NOT WALKED - 1.23 km</name>
    <desc>1.23 km not walked. This straight line is not a boundary — it joins the two ends so the shape can be closed on paper. Rondi, Zone 2.</desc>
    <type>not-walked</type>
    <trkseg>
      <trkpt lat="-9.1360383" lon="148.2997567"/>
      <trkpt lat="-9.1471100" lon="148.2993983"/>
    </trkseg>
  </trk>
  <trk>
    <name>GAP 2 OF 14 - NOT WALKED - 1.24 km</name>
    <desc>1.24 km not walked. This straight line is not a boundary — it joins the two ends so the shape can be closed on paper. Rondi, Zone 2.</desc>
    <type>not-walked</type>
    <trkseg>
      <trkpt lat="-9.1471100" lon="148.2993983"/>
      <trkpt lat="-9.1577183" lon="148.3031450"/>
    </trkseg>
  </trk>
  <trk>
    <name>GAP 3 OF 14 - NOT WALKED - 1.56 km</name>
    <desc>1.56 km not walked. This straight line is not a boundary — it joins the two ends so the shape can be closed on paper. Rondi, Zone 2.</desc>
    <type>not-walked</type>
    <trkseg>
      <trkpt lat="-9.1577183" lon="148.3031450"/>
      <trkpt lat="-9.1645233" lon="148.3156000"/>
    </trkseg>
  </trk>
  <trk>
    <name>GAP 4 OF 14 - NOT WALKED - 0.48 km</name>
    <desc>0.48 km not walked. This straight line is not a boundary — it joins the two ends so the shape can be closed on paper. Rondi, Zone 2.</desc>
    <type>not-walked</type>
    <trkseg>
      <trkpt lat="-9.1638750" lon="148.3168217"/>
      <trkpt lat="-9.1682167" lon="148.3165417"/>
    </trkseg>
  </trk>
  <trk>
    <name>GAP 5 OF 14 - NOT WALKED - 1.79 km</name>
    <desc>1.79 km not walked. This straight line is not a boundary — it joins the two ends so the shape can be closed on paper. Rondi, Zone 2.</desc>
    <type>not-walked</type>
    <trkseg>
      <trkpt lat="-9.1682167" lon="148.3165417"/>
      <trkpt lat="-9.1713767" lon="148.3324733"/>
    </trkseg>
  </trk>
  <trk>
    <name>GAP 6 OF 14 - NOT WALKED - 0.59 km</name>
    <desc>0.59 km not walked. This straight line is not a boundary — it joins the two ends so the shape can be closed on paper. Rondi, Zone 2.</desc>
    <type>not-walked</type>
    <trkseg>
      <trkpt lat="-9.1713767" lon="148.3324733"/>
      <trkpt lat="-9.1759383" lon="148.3352050"/>
    </trkseg>
  </trk>
  <trk>
    <name>GAP 7 OF 14 - NOT WALKED - 0.80 km</name>
    <desc>0.80 km not walked. This straight line is not a boundary — it joins the two ends so the shape can be closed on paper. Rondi, Zone 2.</desc>
    <type>not-walked</type>
    <trkseg>
      <trkpt lat="-9.1759383" lon="148.3352050"/>
      <trkpt lat="-9.1825800" lon="148.3323417"/>
    </trkseg>
  </trk>
  <trk>
    <name>GAP 8 OF 14 - NOT WALKED - 0.48 km</name>
    <desc>0.48 km not walked. This straight line is not a boundary — it joins the two ends so the shape can be closed on paper. Rondi, Zone 2.</desc>
    <type>not-walked</type>
    <trkseg>
      <trkpt lat="-9.1825800" lon="148.3323417"/>
      <trkpt lat="-9.1827367" lon="148.3367000"/>
    </trkseg>
  </trk>
  <trk>
    <name>GAP 9 OF 14 - NOT WALKED - 0.22 km</name>
    <desc>0.22 km not walked. This straight line is not a boundary — it joins the two ends so the shape can be closed on paper. Rondi, Zone 2.</desc>
    <type>not-walked</type>
    <trkseg>
      <trkpt lat="-9.1827367" lon="148.3367000"/>
      <trkpt lat="-9.1840033" lon="148.3382250"/>
    </trkseg>
  </trk>
  <trk>
    <name>GAP 10 OF 14 - NOT WALKED - 1.06 km</name>
    <desc>1.06 km not walked. This straight line is not a boundary — it joins the two ends so the shape can be closed on paper. Rondi, Zone 2.</desc>
    <type>not-walked</type>
    <trkseg>
      <trkpt lat="-9.1840033" lon="148.3382250"/>
      <trkpt lat="-9.1916200" lon="148.3441250"/>
    </trkseg>
  </trk>
  <trk>
    <name>GAP 11 OF 14 - NOT WALKED - 0.74 km</name>
    <desc>0.74 km not walked. This straight line is not a boundary — it joins the two ends so the shape can be closed on paper. Rondi, Zone 2.</desc>
    <type>not-walked</type>
    <trkseg>
      <trkpt lat="-9.1916200" lon="148.3441250"/>
      <trkpt lat="-9.1956433" lon="148.3387250"/>
    </trkseg>
  </trk>
  <trk>
    <name>GAP 12 OF 14 - NOT WALKED - 0.29 km</name>
    <desc>0.29 km not walked. This straight line is not a boundary — it joins the two ends so the shape can be closed on paper. Rondi, Zone 2.</desc>
    <type>not-walked</type>
    <trkseg>
      <trkpt lat="-9.1956433" lon="148.3387250"/>
      <trkpt lat="-9.1963750" lon="148.3412267"/>
    </trkseg>
  </trk>
  <trk>
    <name>GAP 13 OF 14 - NOT WALKED - 1.00 km</name>
    <desc>1.00 km not walked. This straight line is not a boundary — it joins the two ends so the shape can be closed on paper. Rondi, Zone 2.</desc>
    <type>not-walked</type>
    <trkseg>
      <trkpt lat="-9.1963750" lon="148.3412267"/>
      <trkpt lat="-9.2016767" lon="148.3485867"/>
    </trkseg>
  </trk>
  <trk>
    <name>GAP 14 OF 14 - NOT WALKED - 0.96 km</name>
    <desc>0.96 km not walked. This straight line is not a boundary — it joins the two ends so the shape can be closed on paper. Rondi, Zone 2.</desc>
    <type>not-walked</type>
    <trkseg>
      <trkpt lat="-9.2016767" lon="148.3485867"/>
      <trkpt lat="-9.1968883" lon="148.3558783"/>
    </trkseg>
  </trk>
  <trk>
    <name>Rondi - Humphrey Poto</name>
    <desc>Walked by Humphrey Poto. 29.3 km, 29 track(s), recorded on the ground. Rondi, Zone 2.</desc>
    <type>walked-boundary</type>
    <trkseg>
      <trkpt lat="-9.1600950" lon="148.2970150"/>
      <trkpt lat="-9.1599287" lon="148.2970596"/>
      <trkpt lat="-9.1598065" lon="148.2971529"/>
      <trkpt lat="-9.1597281" lon="148.2972954"/>
      <trkpt lat="-9.1596612" lon="148.2974527"/>
      <trkpt lat="-9.1595886" lon="148.2976102"/>
      <trkpt lat="-9.1595148" lon="148.2977693"/>
      <trkpt lat="-9.1594628" lon="148.2979407"/>
      <trkpt lat="-9.1593783" lon="148.2980804"/>
      <trkpt lat="-9.1592604" lon="148.2981980"/>
      <trkpt lat="-9.1591224" lon="148.2983022"/>
      <trkpt lat="-9.1590510" lon="148.2984298"/>
      <trkpt lat="-9.1590394" lon="148.2985745"/>
      <trkpt lat="-9.1590856" lon="148.2987244"/>
      <trkpt lat="-9.1591185" lon="148.2988861"/>
      <trkpt lat="-9.1591508" lon="148.2990539"/>
      <trkpt lat="-9.1591847" lon="148.2992304"/>
      <trkpt lat="-9.1592394" lon="148.2994023"/>
      <trkpt lat="-9.1593088" lon="148.2995507"/>
      <trkpt lat="-9.1593833" lon="148.2996783"/>
    </trkseg>
    <trkseg>
      <trkpt lat="-9.1593233" lon="148.2997533"/>
      <trkpt lat="-9.1591550" lon="148.2997940"/>
      <trkpt lat="-9.1589948" lon="148.2998624"/>
      <trkpt lat="-9.1588671" lon="148.2999806"/>
      <trkpt lat="-9.1587680" lon="148.3001243"/>
      <trkpt lat="-9.1586809" lon="148.3002808"/>
      <trkpt lat="-9.1585761" lon="148.3004240"/>
      <trkpt lat="-9.1584519" lon="148.3005513"/>
      <trkpt lat="-9.1583408" lon="148.3006877"/>
      <trkpt lat="-9.1582428" lon="148.3008342"/>
      <trkpt lat="-9.1581516" lon="148.3009888"/>
      <trkpt lat="-9.1580641" lon="148.3011449"/>
      <trkpt lat="-9.1580043" lon="148.3013086"/>
      <trkpt lat="-9.1579895" lon="148.3014845"/>
      <trkpt lat="-9.1580004" lon="148.3016353"/>
      <trkpt lat="-9.1580183" lon="148.3017583"/>
    </trkseg>
    <trkseg>
      <trkpt lat="-9.1577183" lon="148.3031450"/>
      <trkpt lat="-9.1577258" lon="148.3033107"/>
      <trkpt lat="-9.1577827" lon="148.3034651"/>
      <trkpt lat="-9.1578703" lon="148.3036204"/>
      <trkpt lat="-9.1579437" lon="148.3037801"/>
      <trkpt lat="-9.1579803" lon="148.3039562"/>
      <trkpt lat="-9.1580141" lon="148.3041325"/>
      <trkpt lat="-9.1580610" lon="148.3043054"/>
      <trkpt lat="-9.1581187" lon="148.3044765"/>
      <trkpt lat="-9.1581645" lon="148.3046513"/>
      <trkpt lat="-9.1581835" lon="148.3048301"/>
      <trkpt lat="-9.1581731" lon="148.3050090"/>
      <trkpt lat="-9.1581152" lon="148.3051733"/>
      <trkpt lat="-9.1580051" lon="148.3052695"/>
      <trkpt lat="-9.1578653" lon="148.3052675"/>
      <trkpt lat="-9.1577441" lon="148.3051661"/>
      <trkpt lat="-9.1576731" lon="148.3050124"/>
      <trkpt lat="-9.1576390" lon="148.3048702"/>
      <trkpt lat="-9.1575807" lon="148.3048097"/>
      <trkpt lat="-9.1575018" lon="148.3048562"/>
      <trkpt lat="-9.1573699" lon="148.3049325"/>
      <trkpt lat="-9.1572369" lon="148.3050090"/>
      <trkpt lat="-9.1570911" lon="148.3049983"/>
      <trkpt lat="-9.1570057" lon="148.3049252"/>
      <trkpt lat="-9.1569252" lon="148.3047881"/>
      <trkpt lat="-9.1568786" lon="148.3046398"/>
      <trkpt lat="-9.1568542" lon="148.3044958"/>
      <trkpt lat="-9.1568846" lon="148.3043294"/>
      <trkpt lat="-9.1569035" lon="148.3041567"/>
      <trkpt lat="-9.1568752" lon="148.3039850"/>
      <trkpt lat="-9.1567890" lon="148.3038788"/>
      <trkpt lat="-9.1566821" lon="148.3038709"/>
      <trkpt lat="-9.1565602" lon="148.3039054"/>
      <trkpt lat="-9.1564450" lon="148.3038868"/>
      <trkpt lat="-9.1563497" lon="148.3037721"/>
      <trkpt lat="-9.1563052" lon="148.3036114"/>
      <trkpt lat="-9.1563308" lon="148.3034466"/>
      <trkpt lat="-9.1564194" lon="148.3032974"/>
      <trkpt lat="-9.1565495" lon="148.3031791"/>
      <trkpt lat="-9.1567064" lon="148.3031120"/>
      <trkpt lat="-9.1568774" lon="148.3030951"/>
      <trkpt lat="-9.1570535" lon="148.3031210"/>
      <trkpt lat="-9.1572274" lon="148.3031416"/>
      <trkpt lat="-9.1574015" lon="148.3031611"/>
      <trkpt lat="-9.1575466" lon="148.3031654"/>
      <trkpt lat="-9.1576633" lon="148.3031733"/>
    </trkseg>
    <trkseg>
      <trkpt lat="-9.1580300" lon="148.3017183"/>
      <trkpt lat="-9.1581816" lon="148.3017947"/>
      <trkpt lat="-9.1583474" lon="148.3018386"/>
      <trkpt lat="-9.1585254" lon="148.3018538"/>
      <trkpt lat="-9.1586957" lon="148.3018923"/>
      <trkpt lat="-9.1588571" lon="148.3019573"/>
      <trkpt lat="-9.1589707" lon="148.3020712"/>
      <trkpt lat="-9.1590129" lon="148.3022122"/>
      <trkpt lat="-9.1589885" lon="148.3023829"/>
      <trkpt lat="-9.1589487" lon="148.3025588"/>
      <trkpt lat="-9.1589339" lon="148.3027377"/>
      <trkpt lat="-9.1589609" lon="148.3029115"/>
      <trkpt lat="-9.1590216" lon="148.3030786"/>
      <trkpt lat="-9.1590968" lon="148.3032422"/>
      <trkpt lat="-9.1591750" lon="148.3034052"/>
      <trkpt lat="-9.1592538" lon="148.3035678"/>
      <trkpt lat="-9.1593370" lon="148.3037288"/>
      <trkpt lat="-9.1594318" lon="148.3038816"/>
      <trkpt lat="-9.1595261" lon="148.3040338"/>
      <trkpt lat="-9.1596148" lon="148.3041881"/>
      <trkpt lat="-9.1596762" lon="148.3043565"/>
      <trkpt lat="-9.1597195" lon="148.3045314"/>
      <trkpt lat="-9.1597745" lon="148.3047010"/>
      <trkpt lat="-9.1598412" lon="148.3048665"/>
      <trkpt lat="-9.1599275" lon="148.3050243"/>
      <trkpt lat="-9.1599927" lon="148.3051890"/>
      <trkpt lat="-9.1600360" lon="148.3053590"/>
      <trkpt lat="-9.1600621" lon="148.3055369"/>
      <trkpt lat="-9.1600828" lon="148.3057161"/>
      <trkpt lat="-9.1601134" lon="148.3058945"/>
      <trkpt lat="-9.1601299" lon="148.3060740"/>
      <trkpt lat="-9.1601326" lon="148.3062524"/>
      <trkpt lat="-9.1601162" lon="148.3064312"/>
      <trkpt lat="-9.1601244" lon="148.3066044"/>
      <trkpt lat="-9.1601566" lon="148.3067770"/>
      <trkpt lat="-9.1602055" lon="148.3069494"/>
      <trkpt lat="-9.1602358" lon="148.3071274"/>
      <trkpt lat="-9.1602674" lon="148.3073053"/>
      <trkpt lat="-9.1602908" lon="148.3074823"/>
      <trkpt lat="-9.1603269" lon="148.3076524"/>
      <trkpt lat="-9.1603645" lon="148.3078202"/>
      <trkpt lat="-9.1604349" lon="148.3079788"/>
      <trkpt lat="-9.1605078" lon="148.3081381"/>
      <trkpt lat="-9.1605627" lon="148.3083002"/>
      <trkpt lat="-9.1605922" lon="148.3084732"/>
      <trkpt lat="-9.1606311" lon="148.3086431"/>
      <trkpt lat="-9.1607143" lon="148.3087897"/>
      <trkpt lat="-9.1608170" lon="148.3089285"/>
      <trkpt lat="-9.1608935" lon="148.3090753"/>
      <trkpt lat="-9.1609189" lon="148.3092459"/>
      <trkpt lat="-9.1609085" lon="148.3094229"/>
      <trkpt lat="-9.1609150" lon="148.3095978"/>
      <trkpt lat="-9.1609386" lon="148.3097725"/>
      <trkpt lat="-9.1609824" lon="148.3099474"/>
      <trkpt lat="-9.1610341" lon="148.3101192"/>
      <trkpt lat="-9.1611024" lon="148.3102860"/>
      <trkpt lat="-9.1611813" lon="148.3104495"/>
      <trkpt lat="-9.1612689" lon="148.3106076"/>
      <trkpt lat="-9.1613726" lon="148.3107525"/>
      <trkpt lat="-9.1615101" lon="148.3108522"/>
      <trkpt lat="-9.1616677" lon="148.3109240"/>
      <trkpt lat="-9.1617792" lon="148.3109447"/>
      <trkpt lat="-9.1618639" lon="148.3110068"/>
      <trkpt lat="-9.1619284" lon="148.3110960"/>
      <trkpt lat="-9.1620051" lon="148.3112536"/>
      <trkpt lat="-9.1620336" lon="148.3114179"/>
      <trkpt lat="-9.1620364" lon="148.3115928"/>
      <trkpt lat="-9.1620719" lon="148.3117528"/>
      <trkpt lat="-9.1621617" lon="148.3119017"/>
      <trkpt lat="-9.1622901" lon="148.3120107"/>
      <trkpt lat="-9.1623805" lon="148.3121220"/>
      <trkpt lat="-9.1624758" lon="148.3122185"/>
      <trkpt lat="-9.1625814" lon="148.3123023"/>
      <trkpt lat="-9.1627393" lon="148.3123633"/>
      <trkpt lat="-9.1629089" lon="148.3124150"/>
      <trkpt lat="-9.1630632" lon="148.3125021"/>
      <trkpt lat="-9.1631904" lon="148.3126177"/>
      <trkpt lat="-9.1632991" lon="148.3127563"/>
      <trkpt lat="-9.1634094" lon="148.3128933"/>
      <trkpt lat="-9.1635432" lon="148.3130081"/>
      <trkpt lat="-9.1636923" lon="148.3131093"/>
      <trkpt lat="-9.1638479" lon="148.3132008"/>
      <trkpt lat="-9.1640077" lon="148.3132830"/>
      <trkpt lat="-9.1641701" lon="148.3133600"/>
      <trkpt lat="-9.1643320" lon="148.3134339"/>
      <trkpt lat="-9.1644729" lon="148.3135367"/>
      <trkpt lat="-9.1646134" lon="148.3136389"/>
      <trkpt lat="-9.1647475" lon="148.3137524"/>
      <trkpt lat="-9.1649015" lon="148.3138378"/>
      <trkpt lat="-9.1650365" lon="148.3139462"/>
      <trkpt lat="-9.1651547" lon="148.3140697"/>
      <trkpt lat="-9.1652474" lon="148.3142248"/>
      <trkpt lat="-9.1653235" lon="148.3143828"/>
      <trkpt lat="-9.1653883" lon="148.3145400"/>
    </trkseg>
    <trkseg>
      <trkpt lat="-9.1645233" lon="148.3156000"/>
      <trkpt lat="-9.1644788" lon="148.3155218"/>
      <trkpt lat="-9.1643759" lon="148.3155135"/>
      <trkpt lat="-9.1642163" lon="148.3155336"/>
      <trkpt lat="-9.1640553" lon="148.3155450"/>
      <trkpt lat="-9.1639110" lon="148.3155830"/>
      <trkpt lat="-9.1637793" lon="148.3156477"/>
      <trkpt lat="-9.1636518" lon="148.3157241"/>
      <trkpt lat="-9.1635659" lon="148.3158148"/>
      <trkpt lat="-9.1635267" lon="148.3159518"/>
      <trkpt lat="-9.1635321" lon="148.3161097"/>
      <trkpt lat="-9.1635457" lon="148.3162700"/>
      <trkpt lat="-9.1635848" lon="148.3164346"/>
      <trkpt lat="-9.1636644" lon="148.3165879"/>
      <trkpt lat="-9.1637678" lon="148.3167144"/>
      <trkpt lat="-9.1638750" lon="148.3168217"/>
    </trkseg>
    <trkseg>
      <trkpt lat="-9.1682167" lon="148.3165417"/>
      <trkpt lat="-9.1681295" lon="148.3164650"/>
      <trkpt lat="-9.1680203" lon="148.3164664"/>
      <trkpt lat="-9.1679285" lon="148.3165756"/>
      <trkpt lat="-9.1678912" lon="148.3167178"/>
      <trkpt lat="-9.1678818" lon="148.3168859"/>
      <trkpt lat="-9.1679277" lon="148.3170277"/>
      <trkpt lat="-9.1680013" lon="148.3171419"/>
      <trkpt lat="-9.1681132" lon="148.3172559"/>
      <trkpt lat="-9.1682134" lon="148.3173852"/>
      <trkpt lat="-9.1683212" lon="148.3175105"/>
      <trkpt lat="-9.1684634" lon="148.3176017"/>
      <trkpt lat="-9.1686148" lon="148.3176844"/>
      <trkpt lat="-9.1687613" lon="148.3177809"/>
      <trkpt lat="-9.1689077" lon="148.3178621"/>
      <trkpt lat="-9.1690410" lon="148.3178548"/>
      <trkpt lat="-9.1691888" lon="148.3178145"/>
      <trkpt lat="-9.1693422" lon="148.3177726"/>
      <trkpt lat="-9.1695045" lon="148.3177488"/>
      <trkpt lat="-9.1696240" lon="148.3176613"/>
      <trkpt lat="-9.1696975" lon="148.3175120"/>
      <trkpt lat="-9.1697411" lon="148.3173357"/>
      <trkpt lat="-9.1697675" lon="148.3171570"/>
      <trkpt lat="-9.1697361" lon="148.3170052"/>
      <trkpt lat="-9.1696332" lon="148.3169049"/>
      <trkpt lat="-9.1694710" lon="148.3168578"/>
      <trkpt lat="-9.1692955" lon="148.3168243"/>
      <trkpt lat="-9.1691198" lon="148.3167886"/>
      <trkpt lat="-9.1689478" lon="148.3167379"/>
      <trkpt lat="-9.1687789" lon="148.3166796"/>
      <trkpt lat="-9.1686122" lon="148.3166119"/>
      <trkpt lat="-9.1684437" lon="148.3165473"/>
      <trkpt lat="-9.1683081" lon="148.3165001"/>
      <trkpt lat="-9.1682083" lon="148.3164633"/>
    </trkseg>
    <trkseg>
      <trkpt lat="-9.1653500" lon="148.3145950"/>
      <trkpt lat="-9.1654604" lon="148.3145805"/>
      <trkpt lat="-9.1655766" lon="148.3145216"/>
      <trkpt lat="-9.1657216" lon="148.3144657"/>
      <trkpt lat="-9.1658749" lon="148.3144439"/>
      <trkpt lat="-9.1660471" lon="148.3144408"/>
      <trkpt lat="-9.1662186" lon="148.3144402"/>
      <trkpt lat="-9.1663901" lon="148.3144436"/>
      <trkpt lat="-9.1665646" lon="148.3144839"/>
      <trkpt lat="-9.1667334" lon="148.3145437"/>
      <trkpt lat="-9.1669019" lon="148.3146058"/>
      <trkpt lat="-9.1670707" lon="148.3146663"/>
      <trkpt lat="-9.1672398" lon="148.3147216"/>
      <trkpt lat="-9.1674121" lon="148.3147595"/>
      <trkpt lat="-9.1675852" lon="148.3147896"/>
      <trkpt lat="-9.1677639" lon="148.3147855"/>
      <trkpt lat="-9.1679425" lon="148.3147754"/>
      <trkpt lat="-9.1681214" lon="148.3147580"/>
      <trkpt lat="-9.1683002" lon="148.3147496"/>
      <trkpt lat="-9.1684668" lon="148.3147793"/>
      <trkpt lat="-9.1686333" lon="148.3148177"/>
      <trkpt lat="-9.1688008" lon="148.3148568"/>
      <trkpt lat="-9.1689745" lon="148.3148836"/>
      <trkpt lat="-9.1691287" lon="148.3149480"/>
      <trkpt lat="-9.1692763" lon="148.3150413"/>
      <trkpt lat="-9.1694178" lon="148.3151495"/>
      <trkpt lat="-9.1695765" lon="148.3152263"/>
      <trkpt lat="-9.1697339" lon="148.3152950"/>
      <trkpt lat="-9.1698762" lon="148.3153787"/>
      <trkpt lat="-9.1700038" lon="148.3154899"/>
      <trkpt lat="-9.1701282" lon="148.3156167"/>
      <trkpt lat="-9.1702503" lon="148.3157421"/>
      <trkpt lat="-9.1703638" lon="148.3158766"/>
      <trkpt lat="-9.1704549" lon="148.3160285"/>
      <trkpt lat="-9.1705565" lon="148.3161732"/>
      <trkpt lat="-9.1706809" lon="148.3162872"/>
      <trkpt lat="-9.1708079" lon="148.3163906"/>
      <trkpt lat="-9.1709531" lon="148.3164460"/>
      <trkpt lat="-9.1710974" lon="148.3164632"/>
      <trkpt lat="-9.1712713" lon="148.3164423"/>
      <trkpt lat="-9.1714403" lon="148.3164028"/>
      <trkpt lat="-9.1716106" lon="148.3163836"/>
      <trkpt lat="-9.1717526" lon="148.3164075"/>
      <trkpt lat="-9.1718930" lon="148.3164711"/>
      <trkpt lat="-9.1720338" lon="148.3165433"/>
      <trkpt lat="-9.1722029" lon="148.3165648"/>
      <trkpt lat="-9.1723727" lon="148.3165935"/>
      <trkpt lat="-9.1725287" lon="148.3166508"/>
      <trkpt lat="-9.1726693" lon="148.3166972"/>
      <trkpt lat="-9.1727818" lon="148.3167498"/>
      <trkpt lat="-9.1728856" lon="148.3167339"/>
      <trkpt lat="-9.1730037" lon="148.3167401"/>
      <trkpt lat="-9.1731421" lon="148.3166826"/>
      <trkpt lat="-9.1732883" lon="148.3166719"/>
      <trkpt lat="-9.1734166" lon="148.3166972"/>
      <trkpt lat="-9.1735282" lon="148.3167220"/>
      <trkpt lat="-9.1735932" lon="148.3166734"/>
      <trkpt lat="-9.1736381" lon="148.3165236"/>
      <trkpt lat="-9.1736966" lon="148.3163799"/>
      <trkpt lat="-9.1738152" lon="148.3162752"/>
      <trkpt lat="-9.1739667" lon="148.3162431"/>
      <trkpt lat="-9.1741261" lon="148.3162371"/>
      <trkpt lat="-9.1742686" lon="148.3162084"/>
      <trkpt lat="-9.1744150" lon="148.3161807"/>
      <trkpt lat="-9.1745397" lon="148.3162094"/>
      <trkpt lat="-9.1746791" lon="148.3163022"/>
      <trkpt lat="-9.1747792" lon="148.3163227"/>
      <trkpt lat="-9.1748250" lon="148.3162417"/>
      <trkpt lat="-9.1747870" lon="148.3161077"/>
      <trkpt lat="-9.1747869" lon="148.3160412"/>
      <trkpt lat="-9.1748138" lon="148.3159633"/>
      <trkpt lat="-9.1749064" lon="148.3158700"/>
      <trkpt lat="-9.1749837" lon="148.3157366"/>
      <trkpt lat="-9.1751008" lon="148.3156842"/>
      <trkpt lat="-9.1752311" lon="148.3156469"/>
      <trkpt lat="-9.1753662" lon="148.3156676"/>
      <trkpt lat="-9.1755134" lon="148.3156416"/>
      <trkpt lat="-9.1756562" lon="148.3156808"/>
      <trkpt lat="-9.1757852" lon="148.3157404"/>
      <trkpt lat="-9.1758546" lon="148.3158575"/>
      <trkpt lat="-9.1759242" lon="148.3159140"/>
      <trkpt lat="-9.1759859" lon="148.3158703"/>
      <trkpt lat="-9.1760945" lon="148.3157663"/>
      <trkpt lat="-9.1762020" lon="148.3156818"/>
      <trkpt lat="-9.1763150" lon="148.3156987"/>
      <trkpt lat="-9.1763412" lon="148.3157827"/>
      <trkpt lat="-9.1762809" lon="148.3158768"/>
      <trkpt lat="-9.1762382" lon="148.3159572"/>
      <trkpt lat="-9.1762762" lon="148.3160471"/>
      <trkpt lat="-9.1763912" lon="148.3161280"/>
      <trkpt lat="-9.1765177" lon="148.3161643"/>
      <trkpt lat="-9.1766609" lon="148.3161831"/>
      <trkpt lat="-9.1768174" lon="148.3162051"/>
      <trkpt lat="-9.1769478" lon="148.3161857"/>
      <trkpt lat="-9.1770593" lon="148.3160964"/>
      <trkpt lat="-9.1771629" lon="148.3159904"/>
      <trkpt lat="-9.1772620" lon="148.3159866"/>
      <trkpt lat="-9.1773564" lon="148.3160761"/>
      <trkpt lat="-9.1774438" lon="148.3162334"/>
      <trkpt lat="-9.1775262" lon="148.3163925"/>
      <trkpt lat="-9.1775836" lon="148.3165580"/>
      <trkpt lat="-9.1776455" lon="148.3167179"/>
      <trkpt lat="-9.1777084" lon="148.3168787"/>
      <trkpt lat="-9.1778026" lon="148.3170289"/>
      <trkpt lat="-9.1779052" lon="148.3171713"/>
      <trkpt lat="-9.1780191" lon="148.3173056"/>
      <trkpt lat="-9.1781521" lon="148.3174173"/>
      <trkpt lat="-9.1782686" lon="148.3175357"/>
      <trkpt lat="-9.1783886" lon="148.3176506"/>
      <trkpt lat="-9.1784980" lon="148.3177793"/>
      <trkpt lat="-9.1786008" lon="148.3179207"/>
      <trkpt lat="-9.1787025" lon="148.3180653"/>
      <trkpt lat="-9.1787850" lon="148.3182238"/>
      <trkpt lat="-9.1788726" lon="148.3183722"/>
      <trkpt lat="-9.1789609" lon="148.3185191"/>
      <trkpt lat="-9.1790403" lon="148.3186664"/>
      <trkpt lat="-9.1791171" lon="148.3188211"/>
      <trkpt lat="-9.1791646" lon="148.3189855"/>
      <trkpt lat="-9.1792395" lon="148.3191379"/>
      <trkpt lat="-9.1793371" lon="148.3192734"/>
      <trkpt lat="-9.1794295" lon="148.3193880"/>
      <trkpt lat="-9.1795052" lon="148.3194714"/>
      <trkpt lat="-9.1795590" lon="148.3195731"/>
      <trkpt lat="-9.1796388" lon="148.3196930"/>
      <trkpt lat="-9.1797317" lon="148.3198476"/>
      <trkpt lat="-9.1798304" lon="148.3199985"/>
      <trkpt lat="-9.1799301" lon="148.3201484"/>
      <trkpt lat="-9.1800265" lon="148.3203004"/>
      <trkpt lat="-9.1801321" lon="148.3204459"/>
      <trkpt lat="-9.1802477" lon="148.3205845"/>
      <trkpt lat="-9.1803589" lon="148.3207225"/>
      <trkpt lat="-9.1804764" lon="148.3208532"/>
      <trkpt lat="-9.1806072" lon="148.3209674"/>
      <trkpt lat="-9.1807457" lon="148.3210791"/>
      <trkpt lat="-9.1808668" lon="148.3212037"/>
      <trkpt lat="-9.1809793" lon="148.3213364"/>
      <trkpt lat="-9.1811091" lon="148.3214455"/>
      <trkpt lat="-9.1812626" lon="148.3215327"/>
      <trkpt lat="-9.1814249" lon="148.3216113"/>
      <trkpt lat="-9.1815841" lon="148.3216948"/>
      <trkpt lat="-9.1817436" lon="148.3217759"/>
      <trkpt lat="-9.1818823" lon="148.3218749"/>
      <trkpt lat="-9.1820180" lon="148.3219804"/>
      <trkpt lat="-9.1821583" lon="148.3220746"/>
      <trkpt lat="-9.1823251" lon="148.3221307"/>
      <trkpt lat="-9.1825026" lon="148.3221530"/>
      <trkpt lat="-9.1826816" lon="148.3221671"/>
      <trkpt lat="-9.1828618" lon="148.3221701"/>
      <trkpt lat="-9.1830416" lon="148.3221785"/>
      <trkpt lat="-9.1832172" lon="148.3222031"/>
      <trkpt lat="-9.1833899" lon="148.3222385"/>
      <trkpt lat="-9.1835562" lon="148.3222970"/>
      <trkpt lat="-9.1837191" lon="148.3223618"/>
      <trkpt lat="-9.1838834" lon="148.3224326"/>
      <trkpt lat="-9.1840512" lon="148.3224941"/>
      <trkpt lat="-9.1842253" lon="148.3225404"/>
      <trkpt lat="-9.1843927" lon="148.3226037"/>
      <trkpt lat="-9.1845532" lon="148.3226818"/>
      <trkpt lat="-9.1847054" lon="148.3227795"/>
      <trkpt lat="-9.1848567" lon="148.3228742"/>
      <trkpt lat="-9.1850173" lon="148.3229382"/>
      <trkpt lat="-9.1851824" lon="148.3229940"/>
      <trkpt lat="-9.1853462" lon="148.3230557"/>
      <trkpt lat="-9.1854947" lon="148.3231561"/>
      <trkpt lat="-9.1856337" lon="148.3232715"/>
      <trkpt lat="-9.1857723" lon="148.3233863"/>
      <trkpt lat="-9.1859057" lon="148.3235060"/>
      <trkpt lat="-9.1860493" lon="148.3236077"/>
      <trkpt lat="-9.1861933" lon="148.3237098"/>
      <trkpt lat="-9.1863505" lon="148.3237959"/>
      <trkpt lat="-9.1865055" lon="148.3238890"/>
      <trkpt lat="-9.1866592" lon="148.3239840"/>
      <trkpt lat="-9.1868031" lon="148.3240913"/>
      <trkpt lat="-9.1869382" lon="148.3242097"/>
      <trkpt lat="-9.1870737" lon="148.3243277"/>
      <trkpt lat="-9.1872130" lon="148.3244420"/>
      <trkpt lat="-9.1873540" lon="148.3245554"/>
      <trkpt lat="-9.1874874" lon="148.3246777"/>
      <trkpt lat="-9.1876148" lon="148.3248061"/>
      <trkpt lat="-9.1877239" lon="148.3249488"/>
      <trkpt lat="-9.1878372" lon="148.3250860"/>
      <trkpt lat="-9.1879660" lon="148.3252014"/>
      <trkpt lat="-9.1881257" lon="148.3252764"/>
      <trkpt lat="-9.1882969" lon="148.3253294"/>
      <trkpt lat="-9.1884704" lon="148.3253742"/>
      <trkpt lat="-9.1886410" lon="148.3254247"/>
      <trkpt lat="-9.1888093" lon="148.3254363"/>
      <trkpt lat="-9.1889788" lon="148.3254388"/>
      <trkpt lat="-9.1891497" lon="148.3254413"/>
      <trkpt lat="-9.1893169" lon="148.3254975"/>
      <trkpt lat="-9.1894670" lon="148.3255903"/>
      <trkpt lat="-9.1896177" lon="148.3256719"/>
      <trkpt lat="-9.1897739" lon="148.3257037"/>
      <trkpt lat="-9.1899462" lon="148.3257005"/>
      <trkpt lat="-9.1901188" lon="148.3257006"/>
      <trkpt lat="-9.1902909" lon="148.3257057"/>
      <trkpt lat="-9.1904646" lon="148.3257116"/>
      <trkpt lat="-9.1906397" lon="148.3257155"/>
      <trkpt lat="-9.1908101" lon="148.3257637"/>
      <trkpt lat="-9.1909758" lon="148.3258267"/>
      <trkpt lat="-9.1911401" lon="148.3258952"/>
      <trkpt lat="-9.1913100" lon="148.3259517"/>
      <trkpt lat="-9.1914824" lon="148.3259969"/>
      <trkpt lat="-9.1916532" lon="148.3260450"/>
      <trkpt lat="-9.1918202" lon="148.3261020"/>
      <trkpt lat="-9.1919830" lon="148.3261747"/>
      <trkpt lat="-9.1921303" lon="148.3262740"/>
      <trkpt lat="-9.1922766" lon="148.3263740"/>
      <trkpt lat="-9.1924169" lon="148.3264840"/>
      <trkpt lat="-9.1925755" lon="148.3265567"/>
      <trkpt lat="-9.1927215" lon="148.3266447"/>
      <trkpt lat="-9.1928526" lon="148.3267464"/>
      <trkpt lat="-9.1929591" lon="148.3268903"/>
      <trkpt lat="-9.1930617" lon="148.3270393"/>
      <trkpt lat="-9.1931621" lon="148.3271890"/>
      <trkpt lat="-9.1932669" lon="148.3273355"/>
      <trkpt lat="-9.1933699" lon="148.3274835"/>
      <trkpt lat="-9.1934781" lon="148.3276288"/>
      <trkpt lat="-9.1935819" lon="148.3277756"/>
      <trkpt lat="-9.1936585" lon="148.3279326"/>
      <trkpt lat="-9.1937121" lon="148.3281000"/>
      <trkpt lat="-9.1937362" lon="148.3282793"/>
      <trkpt lat="-9.1937454" lon="148.3284584"/>
      <trkpt lat="-9.1937535" lon="148.3286321"/>
      <trkpt lat="-9.1937919" lon="148.3287941"/>
      <trkpt lat="-9.1938697" lon="148.3289481"/>
      <trkpt lat="-9.1939732" lon="148.3290960"/>
      <trkpt lat="-9.1940807" lon="148.3292393"/>
      <trkpt lat="-9.1941866" lon="148.3293772"/>
      <trkpt lat="-9.1942830" lon="148.3294791"/>
      <trkpt lat="-9.1943317" lon="148.3295940"/>
      <trkpt lat="-9.1943743" lon="148.3297114"/>
      <trkpt lat="-9.1944128" lon="148.3298700"/>
      <trkpt lat="-9.1944725" lon="148.3300308"/>
      <trkpt lat="-9.1945422" lon="148.3301924"/>
      <trkpt lat="-9.1946407" lon="148.3303307"/>
      <trkpt lat="-9.1947753" lon="148.3304438"/>
      <trkpt lat="-9.1949323" lon="148.3305288"/>
      <trkpt lat="-9.1950970" lon="148.3305906"/>
      <trkpt lat="-9.1952713" lon="148.3306279"/>
      <trkpt lat="-9.1954481" lon="148.3306573"/>
      <trkpt lat="-9.1956180" lon="148.3306886"/>
      <trkpt lat="-9.1957883" lon="148.3306999"/>
      <trkpt lat="-9.1959568" lon="148.3307045"/>
      <trkpt lat="-9.1961299" lon="148.3306828"/>
      <trkpt lat="-9.1963029" lon="148.3306682"/>
      <trkpt lat="-9.1964787" lon="148.3306413"/>
      <trkpt lat="-9.1966557" lon="148.3306300"/>
      <trkpt lat="-9.1968338" lon="148.3306211"/>
      <trkpt lat="-9.1970111" lon="148.3306242"/>
      <trkpt lat="-9.1971895" lon="148.3306276"/>
      <trkpt lat="-9.1973606" lon="148.3306587"/>
      <trkpt lat="-9.1975310" lon="148.3306968"/>
      <trkpt lat="-9.1977003" lon="148.3307279"/>
      <trkpt lat="-9.1978732" lon="148.3307107"/>
      <trkpt lat="-9.1980463" lon="148.3306669"/>
      <trkpt lat="-9.1982209" lon="148.3306327"/>
      <trkpt lat="-9.1983994" lon="148.3306237"/>
      <trkpt lat="-9.1985797" lon="148.3306345"/>
      <trkpt lat="-9.1987585" lon="148.3306543"/>
      <trkpt lat="-9.1989291" lon="148.3307015"/>
      <trkpt lat="-9.1990867" lon="148.3307796"/>
      <trkpt lat="-9.1992319" lon="148.3308867"/>
      <trkpt lat="-9.1993636" lon="148.3310099"/>
      <trkpt lat="-9.1994861" lon="148.3311409"/>
      <trkpt lat="-9.1995627" lon="148.3312931"/>
      <trkpt lat="-9.1995900" lon="148.3314583"/>
      <trkpt lat="-9.1995660" lon="148.3316367"/>
      <trkpt lat="-9.1995167" lon="148.3318105"/>
      <trkpt lat="-9.1994386" lon="148.3319700"/>
      <trkpt lat="-9.1993411" lon="148.3321212"/>
      <trkpt lat="-9.1992389" lon="148.3322689"/>
      <trkpt lat="-9.1991832" lon="148.3324313"/>
      <trkpt lat="-9.1991957" lon="148.3325917"/>
      <trkpt lat="-9.1992747" lon="148.3327481"/>
      <trkpt lat="-9.1993918" lon="148.3328835"/>
      <trkpt lat="-9.1995066" lon="148.3330206"/>
      <trkpt lat="-9.1996171" lon="148.3331612"/>
      <trkpt lat="-9.1997246" lon="148.3333056"/>
      <trkpt lat="-9.1998500" lon="148.3334305"/>
      <trkpt lat="-9.1999885" lon="148.3335366"/>
      <trkpt lat="-9.2001427" lon="148.3336180"/>
      <trkpt lat="-9.2002965" lon="148.3336978"/>
      <trkpt lat="-9.2004524" lon="148.3337680"/>
      <trkpt lat="-9.2005988" lon="148.3338567"/>
      <trkpt lat="-9.2007436" lon="148.3339500"/>
      <trkpt lat="-9.2008924" lon="148.3340497"/>
      <trkpt lat="-9.2010447" lon="148.3341382"/>
      <trkpt lat="-9.2011907" lon="148.3342340"/>
      <trkpt lat="-9.2013170" lon="148.3343493"/>
      <trkpt lat="-9.2014014" lon="148.3344937"/>
      <trkpt lat="-9.2014346" lon="148.3346561"/>
      <trkpt lat="-9.2014115" lon="148.3348241"/>
      <trkpt lat="-9.2013268" lon="148.3349675"/>
      <trkpt lat="-9.2011928" lon="148.3350697"/>
      <trkpt lat="-9.2010307" lon="148.3351474"/>
      <trkpt lat="-9.2008725" lon="148.3352313"/>
      <trkpt lat="-9.2007242" lon="148.3353340"/>
      <trkpt lat="-9.2005880" lon="148.3354511"/>
      <trkpt lat="-9.2004862" lon="148.3355890"/>
      <trkpt lat="-9.2004550" lon="148.3357455"/>
      <trkpt lat="-9.2004980" lon="148.3359063"/>
      <trkpt lat="-9.2005914" lon="148.3360577"/>
      <trkpt lat="-9.2006987" lon="148.3361991"/>
      <trkpt lat="-9.2008203" lon="148.3363267"/>
      <trkpt lat="-9.2009559" lon="148.3364388"/>
      <trkpt lat="-9.2010724" lon="148.3365590"/>
      <trkpt lat="-9.2011672" lon="148.3366985"/>
      <trkpt lat="-9.2012200" lon="148.3368646"/>
      <trkpt lat="-9.2012550" lon="148.3370374"/>
      <trkpt lat="-9.2012645" lon="148.3372171"/>
      <trkpt lat="-9.2012562" lon="148.3373936"/>
      <trkpt lat="-9.2012910" lon="148.3375495"/>
      <trkpt lat="-9.2013749" lon="148.3376702"/>
      <trkpt lat="-9.2015275" lon="148.3377436"/>
      <trkpt lat="-9.2016968" lon="148.3377811"/>
      <trkpt lat="-9.2018748" lon="148.3377821"/>
      <trkpt lat="-9.2020533" lon="148.3377667"/>
      <trkpt lat="-9.2022290" lon="148.3377663"/>
      <trkpt lat="-9.2023850" lon="148.3378206"/>
      <trkpt lat="-9.2025099" lon="148.3379366"/>
      <trkpt lat="-9.2026231" lon="148.3380715"/>
      <trkpt lat="-9.2027460" lon="148.3381977"/>
      <trkpt lat="-9.2028828" lon="148.3383131"/>
      <trkpt lat="-9.2029941" lon="148.3384469"/>
      <trkpt lat="-9.2030564" lon="148.3386062"/>
      <trkpt lat="-9.2030863" lon="148.3387825"/>
      <trkpt lat="-9.2031177" lon="148.3389592"/>
      <trkpt lat="-9.2031841" lon="148.3391240"/>
      <trkpt lat="-9.2032702" lon="148.3392803"/>
      <trkpt lat="-9.2033715" lon="148.3394251"/>
      <trkpt lat="-9.2034610" lon="148.3395712"/>
      <trkpt lat="-9.2035288" lon="148.3396715"/>
      <trkpt lat="-9.2035683" lon="148.3397317"/>
    </trkseg>
    <trkseg>
      <trkpt lat="-9.2035283" lon="148.3397017"/>
      <trkpt lat="-9.2036742" lon="148.3397895"/>
      <trkpt lat="-9.2037889" lon="148.3399073"/>
      <trkpt lat="-9.2038926" lon="148.3400375"/>
      <trkpt lat="-9.2039751" lon="148.3401906"/>
      <trkpt lat="-9.2040553" lon="148.3403408"/>
      <trkpt lat="-9.2041400" lon="148.3404921"/>
      <trkpt lat="-9.2041482" lon="148.3406113"/>
      <trkpt lat="-9.2041338" lon="148.3407231"/>
      <trkpt lat="-9.2040394" lon="148.3408389"/>
      <trkpt lat="-9.2040012" lon="148.3409906"/>
      <trkpt lat="-9.2039697" lon="148.3411560"/>
      <trkpt lat="-9.2039665" lon="148.3413366"/>
      <trkpt lat="-9.2039586" lon="148.3415178"/>
      <trkpt lat="-9.2039279" lon="148.3416921"/>
      <trkpt lat="-9.2038719" lon="148.3418542"/>
      <trkpt lat="-9.2038301" lon="148.3420126"/>
      <trkpt lat="-9.2038247" lon="148.3421760"/>
      <trkpt lat="-9.2038719" lon="148.3423487"/>
      <trkpt lat="-9.2039182" lon="148.3425171"/>
      <trkpt lat="-9.2039566" lon="148.3426790"/>
      <trkpt lat="-9.2039474" lon="148.3428371"/>
      <trkpt lat="-9.2039117" lon="148.3430007"/>
      <trkpt lat="-9.2038287" lon="148.3431571"/>
      <trkpt lat="-9.2037520" lon="148.3433165"/>
      <trkpt lat="-9.2036796" lon="148.3434765"/>
      <trkpt lat="-9.2036365" lon="148.3436503"/>
      <trkpt lat="-9.2035842" lon="148.3438193"/>
      <trkpt lat="-9.2035435" lon="148.3439849"/>
      <trkpt lat="-9.2035522" lon="148.3441319"/>
      <trkpt lat="-9.2036083" lon="148.3442852"/>
      <trkpt lat="-9.2036999" lon="148.3444293"/>
      <trkpt lat="-9.2037943" lon="148.3445622"/>
      <trkpt lat="-9.2039152" lon="148.3446788"/>
      <trkpt lat="-9.2040175" lon="148.3448043"/>
      <trkpt lat="-9.2040804" lon="148.3449615"/>
      <trkpt lat="-9.2040929" lon="148.3451372"/>
      <trkpt lat="-9.2040869" lon="148.3453176"/>
      <trkpt lat="-9.2040848" lon="148.3454977"/>
      <trkpt lat="-9.2041052" lon="148.3456761"/>
      <trkpt lat="-9.2041187" lon="148.3458537"/>
      <trkpt lat="-9.2041017" lon="148.3460261"/>
      <trkpt lat="-9.2040414" lon="148.3461338"/>
      <trkpt lat="-9.2039708" lon="148.3462326"/>
      <trkpt lat="-9.2039390" lon="148.3463353"/>
      <trkpt lat="-9.2039324" lon="148.3465024"/>
      <trkpt lat="-9.2039294" lon="148.3466757"/>
      <trkpt lat="-9.2039507" lon="148.3468231"/>
      <trkpt lat="-9.2040035" lon="148.3469639"/>
      <trkpt lat="-9.2040832" lon="148.3471073"/>
      <trkpt lat="-9.2041322" lon="148.3472777"/>
      <trkpt lat="-9.2041574" lon="148.3474565"/>
      <trkpt lat="-9.2041436" lon="148.3476248"/>
      <trkpt lat="-9.2040833" lon="148.3477768"/>
      <trkpt lat="-9.2040355" lon="148.3479147"/>
      <trkpt lat="-9.2040380" lon="148.3480559"/>
      <trkpt lat="-9.2040595" lon="148.3482100"/>
      <trkpt lat="-9.2040713" lon="148.3483771"/>
      <trkpt lat="-9.2040607" lon="148.3485516"/>
      <trkpt lat="-9.2040688" lon="148.3487302"/>
      <trkpt lat="-9.2040971" lon="148.3489031"/>
      <trkpt lat="-9.2041232" lon="148.3490716"/>
      <trkpt lat="-9.2041521" lon="148.3492391"/>
      <trkpt lat="-9.2041570" lon="148.3494122"/>
      <trkpt lat="-9.2041374" lon="148.3495846"/>
      <trkpt lat="-9.2040808" lon="148.3497420"/>
      <trkpt lat="-9.2039671" lon="148.3498603"/>
      <trkpt lat="-9.2038479" lon="148.3499765"/>
      <trkpt lat="-9.2037173" lon="148.3500817"/>
      <trkpt lat="-9.2035994" lon="148.3502071"/>
      <trkpt lat="-9.2034618" lon="148.3503076"/>
      <trkpt lat="-9.2033210" lon="148.3504001"/>
      <trkpt lat="-9.2031682" lon="148.3504746"/>
      <trkpt lat="-9.2030304" lon="148.3505685"/>
      <trkpt lat="-9.2029098" lon="148.3506882"/>
      <trkpt lat="-9.2028130" lon="148.3508391"/>
      <trkpt lat="-9.2027385" lon="148.3510006"/>
      <trkpt lat="-9.2026786" lon="148.3511678"/>
      <trkpt lat="-9.2026237" lon="148.3513374"/>
      <trkpt lat="-9.2025599" lon="148.3515058"/>
      <trkpt lat="-9.2025068" lon="148.3516734"/>
      <trkpt lat="-9.2025138" lon="148.3518334"/>
      <trkpt lat="-9.2025598" lon="148.3519927"/>
      <trkpt lat="-9.2025912" lon="148.3521527"/>
      <trkpt lat="-9.2025580" lon="148.3523178"/>
      <trkpt lat="-9.2025055" lon="148.3524878"/>
      <trkpt lat="-9.2024615" lon="148.3526061"/>
      <trkpt lat="-9.2024605" lon="148.3527259"/>
      <trkpt lat="-9.2024422" lon="148.3528423"/>
      <trkpt lat="-9.2024240" lon="148.3530128"/>
      <trkpt lat="-9.2023897" lon="148.3531876"/>
      <trkpt lat="-9.2023617" lon="148.3533598"/>
      <trkpt lat="-9.2023529" lon="148.3535202"/>
      <trkpt lat="-9.2022976" lon="148.3536526"/>
      <trkpt lat="-9.2022147" lon="148.3537720"/>
      <trkpt lat="-9.2020844" lon="148.3538872"/>
      <trkpt lat="-9.2019683" lon="148.3540208"/>
      <trkpt lat="-9.2018456" lon="148.3541507"/>
      <trkpt lat="-9.2017078" lon="148.3542462"/>
      <trkpt lat="-9.2015449" lon="148.3542933"/>
      <trkpt lat="-9.2013849" lon="148.3543415"/>
      <trkpt lat="-9.2012257" lon="148.3543996"/>
      <trkpt lat="-9.2010745" lon="148.3544875"/>
      <trkpt lat="-9.2009132" lon="148.3545589"/>
      <trkpt lat="-9.2007480" lon="148.3546092"/>
      <trkpt lat="-9.2005769" lon="148.3546426"/>
      <trkpt lat="-9.2004177" lon="148.3546962"/>
      <trkpt lat="-9.2002921" lon="148.3548066"/>
      <trkpt lat="-9.2001878" lon="148.3549490"/>
      <trkpt lat="-9.2001185" lon="148.3551062"/>
      <trkpt lat="-9.2000568" lon="148.3552646"/>
      <trkpt lat="-9.2000452" lon="148.3554352"/>
      <trkpt lat="-9.2000301" lon="148.3556020"/>
      <trkpt lat="-9.1999853" lon="148.3557494"/>
      <trkpt lat="-9.1998730" lon="148.3558649"/>
      <trkpt lat="-9.1997340" lon="148.3559298"/>
      <trkpt lat="-9.1995926" lon="148.3559445"/>
      <trkpt lat="-9.1994513" lon="148.3559082"/>
      <trkpt lat="-9.1992875" lon="148.3558629"/>
      <trkpt lat="-9.1991146" lon="148.3558288"/>
      <trkpt lat="-9.1989354" lon="148.3558179"/>
      <trkpt lat="-9.1987578" lon="148.3558056"/>
      <trkpt lat="-9.1985880" lon="148.3557852"/>
      <trkpt lat="-9.1984202" lon="148.3557830"/>
      <trkpt lat="-9.1982536" lon="148.3557863"/>
      <trkpt lat="-9.1980932" lon="148.3557663"/>
      <trkpt lat="-9.1979361" lon="148.3557148"/>
      <trkpt lat="-9.1978298" lon="148.3556608"/>
      <trkpt lat="-9.1977234" lon="148.3556134"/>
      <trkpt lat="-9.1976792" lon="148.3556225"/>
      <trkpt lat="-9.1976400" lon="148.3556424"/>
      <trkpt lat="-9.1976560" lon="148.3556622"/>
      <trkpt lat="-9.1976221" lon="148.3556202"/>
      <trkpt lat="-9.1975296" lon="148.3555673"/>
      <trkpt lat="-9.1973707" lon="148.3555495"/>
      <trkpt lat="-9.1971938" lon="148.3555465"/>
      <trkpt lat="-9.1970182" lon="148.3555547"/>
      <trkpt lat="-9.1968619" lon="148.3555985"/>
      <trkpt lat="-9.1967972" lon="148.3556944"/>
      <trkpt lat="-9.1968129" lon="148.3557994"/>
      <trkpt lat="-9.1968883" lon="148.3558783"/>
    </trkseg>
    <trkseg>
      <trkpt lat="-9.2016767" lon="148.3485867"/>
      <trkpt lat="-9.2015079" lon="148.3486493"/>
      <trkpt lat="-9.2015850" lon="148.3486733"/>
    </trkseg>
    <trkseg>
      <trkpt lat="-9.1956433" lon="148.3387250"/>
      <trkpt lat="-9.1956507" lon="148.3385772"/>
      <trkpt lat="-9.1956031" lon="148.3384828"/>
      <trkpt lat="-9.1954938" lon="148.3384402"/>
      <trkpt lat="-9.1953535" lon="148.3385001"/>
      <trkpt lat="-9.1952922" lon="148.3386051"/>
      <trkpt lat="-9.1953329" lon="148.3387494"/>
      <trkpt lat="-9.1954541" lon="148.3388263"/>
      <trkpt lat="-9.1955635" lon="148.3388427"/>
      <trkpt lat="-9.1956190" lon="148.3388206"/>
      <trkpt lat="-9.1956100" lon="148.3388200"/>
    </trkseg>
    <trkseg>
      <trkpt lat="-9.1963750" lon="148.3412267"/>
      <trkpt lat="-9.1963916" lon="148.3410858"/>
      <trkpt lat="-9.1964490" lon="148.3410097"/>
      <trkpt lat="-9.1964881" lon="148.3410322"/>
      <trkpt lat="-9.1964527" lon="148.3410582"/>
      <trkpt lat="-9.1963786" lon="148.3410743"/>
      <trkpt lat="-9.1963250" lon="148.3410467"/>
    </trkseg>
    <trkseg>
      <trkpt lat="-9.1968633" lon="148.3558533"/>
      <trkpt lat="-9.1968325" lon="148.3558613"/>
      <trkpt lat="-9.1967416" lon="148.3558279"/>
      <trkpt lat="-9.1966037" lon="148.3557285"/>
      <trkpt lat="-9.1964518" lon="148.3556403"/>
      <trkpt lat="-9.1963277" lon="148.3555175"/>
      <trkpt lat="-9.1962350" lon="148.3553776"/>
      <trkpt lat="-9.1962237" lon="148.3552643"/>
      <trkpt lat="-9.1962966" lon="148.3552240"/>
      <trkpt lat="-9.1964217" lon="148.3552124"/>
      <trkpt lat="-9.1965683" lon="148.3552294"/>
      <trkpt lat="-9.1966777" lon="148.3552820"/>
      <trkpt lat="-9.1967808" lon="148.3554056"/>
      <trkpt lat="-9.1968032" lon="148.3555480"/>
      <trkpt lat="-9.1968002" lon="148.3556795"/>
      <trkpt lat="-9.1967711" lon="148.3557777"/>
      <trkpt lat="-9.1967783" lon="148.3558417"/>
    </trkseg>
    <trkseg>
      <trkpt lat="-9.1970050" lon="148.3556850"/>
      <trkpt lat="-9.1968966" lon="148.3558134"/>
      <trkpt lat="-9.1968103" lon="148.3558425"/>
      <trkpt lat="-9.1967019" lon="148.3558238"/>
      <trkpt lat="-9.1965736" lon="148.3557401"/>
      <trkpt lat="-9.1964113" lon="148.3556978"/>
      <trkpt lat="-9.1962961" lon="148.3556207"/>
      <trkpt lat="-9.1961781" lon="148.3555693"/>
      <trkpt lat="-9.1960556" lon="148.3555028"/>
      <trkpt lat="-9.1958863" lon="148.3554659"/>
      <trkpt lat="-9.1957335" lon="148.3553918"/>
      <trkpt lat="-9.1955912" lon="148.3553141"/>
      <trkpt lat="-9.1954721" lon="148.3552075"/>
      <trkpt lat="-9.1953360" lon="148.3551619"/>
      <trkpt lat="-9.1951915" lon="148.3551699"/>
      <trkpt lat="-9.1950312" lon="148.3552433"/>
      <trkpt lat="-9.1948884" lon="148.3553413"/>
      <trkpt lat="-9.1947455" lon="148.3554453"/>
      <trkpt lat="-9.1946078" lon="148.3555535"/>
      <trkpt lat="-9.1944794" lon="148.3555849"/>
      <trkpt lat="-9.1943465" lon="148.3556037"/>
      <trkpt lat="-9.1942009" lon="148.3555923"/>
      <trkpt lat="-9.1940339" lon="148.3555898"/>
      <trkpt lat="-9.1938664" lon="148.3555596"/>
      <trkpt lat="-9.1936990" lon="148.3555332"/>
      <trkpt lat="-9.1935308" lon="148.3555058"/>
      <trkpt lat="-9.1933666" lon="148.3554659"/>
      <trkpt lat="-9.1932095" lon="148.3553914"/>
      <trkpt lat="-9.1930758" lon="148.3552884"/>
      <trkpt lat="-9.1929789" lon="148.3551520"/>
      <trkpt lat="-9.1929398" lon="148.3549823"/>
      <trkpt lat="-9.1928991" lon="148.3548256"/>
      <trkpt lat="-9.1928413" lon="148.3546757"/>
      <trkpt lat="-9.1927414" lon="148.3545388"/>
      <trkpt lat="-9.1926230" lon="148.3544082"/>
      <trkpt lat="-9.1924942" lon="148.3542863"/>
      <trkpt lat="-9.1923523" lon="148.3541785"/>
      <trkpt lat="-9.1922211" lon="148.3540607"/>
      <trkpt lat="-9.1920948" lon="148.3539388"/>
      <trkpt lat="-9.1919676" lon="148.3538592"/>
      <trkpt lat="-9.1918603" lon="148.3537684"/>
      <trkpt lat="-9.1917370" lon="148.3537449"/>
      <trkpt lat="-9.1916116" lon="148.3537208"/>
      <trkpt lat="-9.1914712" lon="148.3537770"/>
      <trkpt lat="-9.1913363" lon="148.3538177"/>
      <trkpt lat="-9.1912266" lon="148.3538023"/>
      <trkpt lat="-9.1911102" lon="148.3537433"/>
      <trkpt lat="-9.1909891" lon="148.3536656"/>
      <trkpt lat="-9.1908719" lon="148.3535805"/>
      <trkpt lat="-9.1907588" lon="148.3534644"/>
      <trkpt lat="-9.1906451" lon="148.3533356"/>
      <trkpt lat="-9.1905111" lon="148.3532218"/>
      <trkpt lat="-9.1904215" lon="148.3531033"/>
      <trkpt lat="-9.1904173" lon="148.3529576"/>
      <trkpt lat="-9.1904840" lon="148.3527981"/>
      <trkpt lat="-9.1905161" lon="148.3526458"/>
      <trkpt lat="-9.1905037" lon="148.3524899"/>
      <trkpt lat="-9.1904253" lon="148.3523518"/>
      <trkpt lat="-9.1903263" lon="148.3522218"/>
      <trkpt lat="-9.1901944" lon="148.3521107"/>
      <trkpt lat="-9.1900445" lon="148.3520188"/>
      <trkpt lat="-9.1898804" lon="148.3519574"/>
      <trkpt lat="-9.1897046" lon="148.3519227"/>
      <trkpt lat="-9.1895264" lon="148.3519080"/>
      <trkpt lat="-9.1893485" lon="148.3518906"/>
      <trkpt lat="-9.1891708" lon="148.3518696"/>
      <trkpt lat="-9.1890022" lon="148.3518135"/>
      <trkpt lat="-9.1888343" lon="148.3517581"/>
      <trkpt lat="-9.1886677" lon="148.3517200"/>
      <trkpt lat="-9.1885054" lon="148.3517163"/>
      <trkpt lat="-9.1883716" lon="148.3517745"/>
      <trkpt lat="-9.1882448" lon="148.3518580"/>
      <trkpt lat="-9.1881122" lon="148.3519672"/>
      <trkpt lat="-9.1879512" lon="148.3520215"/>
      <trkpt lat="-9.1877901" lon="148.3520165"/>
      <trkpt lat="-9.1876259" lon="148.3519782"/>
      <trkpt lat="-9.1874896" lon="148.3519691"/>
      <trkpt lat="-9.1873439" lon="148.3519813"/>
      <trkpt lat="-9.1871963" lon="148.3519814"/>
      <trkpt lat="-9.1870251" lon="148.3519298"/>
      <trkpt lat="-9.1868886" lon="148.3518339"/>
      <trkpt lat="-9.1867851" lon="148.3517020"/>
      <trkpt lat="-9.1866940" lon="148.3515516"/>
      <trkpt lat="-9.1865781" lon="148.3514210"/>
      <trkpt lat="-9.1864362" lon="148.3513114"/>
      <trkpt lat="-9.1862847" lon="148.3512177"/>
      <trkpt lat="-9.1861258" lon="148.3511393"/>
      <trkpt lat="-9.1859658" lon="148.3510659"/>
      <trkpt lat="-9.1858135" lon="148.3509897"/>
      <trkpt lat="-9.1856598" lon="148.3509258"/>
      <trkpt lat="-9.1855033" lon="148.3508820"/>
      <trkpt lat="-9.1853334" lon="148.3508561"/>
      <trkpt lat="-9.1851651" lon="148.3508534"/>
      <trkpt lat="-9.1849999" lon="148.3508534"/>
      <trkpt lat="-9.1848323" lon="148.3508711"/>
      <trkpt lat="-9.1846625" lon="148.3508704"/>
      <trkpt lat="-9.1844870" lon="148.3508763"/>
      <trkpt lat="-9.1843436" lon="148.3508287"/>
      <trkpt lat="-9.1842258" lon="148.3507333"/>
      <trkpt lat="-9.1841068" lon="148.3506227"/>
      <trkpt lat="-9.1839565" lon="148.3505509"/>
      <trkpt lat="-9.1837810" lon="148.3505413"/>
      <trkpt lat="-9.1836038" lon="148.3505418"/>
      <trkpt lat="-9.1834265" lon="148.3505394"/>
      <trkpt lat="-9.1832570" lon="148.3504942"/>
      <trkpt lat="-9.1830886" lon="148.3504613"/>
      <trkpt lat="-9.1829206" lon="148.3504269"/>
      <trkpt lat="-9.1827446" lon="148.3504156"/>
      <trkpt lat="-9.1825750" lon="148.3503854"/>
      <trkpt lat="-9.1824210" lon="148.3503454"/>
      <trkpt lat="-9.1822743" lon="148.3503093"/>
      <trkpt lat="-9.1821227" lon="148.3502663"/>
      <trkpt lat="-9.1819660" lon="148.3502126"/>
      <trkpt lat="-9.1818080" lon="148.3501509"/>
      <trkpt lat="-9.1817155" lon="148.3500510"/>
      <trkpt lat="-9.1816725" lon="148.3499272"/>
      <trkpt lat="-9.1816628" lon="148.3497578"/>
      <trkpt lat="-9.1816189" lon="148.3495888"/>
      <trkpt lat="-9.1815462" lon="148.3494235"/>
      <trkpt lat="-9.1814906" lon="148.3492568"/>
      <trkpt lat="-9.1814676" lon="148.3490854"/>
      <trkpt lat="-9.1814671" lon="148.3489076"/>
      <trkpt lat="-9.1814995" lon="148.3487353"/>
      <trkpt lat="-9.1815300" lon="148.3485636"/>
      <trkpt lat="-9.1815461" lon="148.3483949"/>
      <trkpt lat="-9.1815115" lon="148.3482217"/>
      <trkpt lat="-9.1814595" lon="148.3480490"/>
      <trkpt lat="-9.1814077" lon="148.3478762"/>
      <trkpt lat="-9.1813468" lon="148.3477077"/>
      <trkpt lat="-9.1812975" lon="148.3475375"/>
      <trkpt lat="-9.1812767" lon="148.3473654"/>
      <trkpt lat="-9.1812877" lon="148.3471853"/>
      <trkpt lat="-9.1812930" lon="148.3470056"/>
      <trkpt lat="-9.1812980" lon="148.3468257"/>
      <trkpt lat="-9.1813115" lon="148.3466483"/>
      <trkpt lat="-9.1813158" lon="148.3464721"/>
      <trkpt lat="-9.1812937" lon="148.3462973"/>
      <trkpt lat="-9.1812483" lon="148.3461220"/>
      <trkpt lat="-9.1812284" lon="148.3459462"/>
      <trkpt lat="-9.1812529" lon="148.3457749"/>
      <trkpt lat="-9.1812896" lon="148.3456022"/>
      <trkpt lat="-9.1812991" lon="148.3454307"/>
      <trkpt lat="-9.1812579" lon="148.3452569"/>
      <trkpt lat="-9.1812117" lon="148.3450839"/>
      <trkpt lat="-9.1811809" lon="148.3449089"/>
      <trkpt lat="-9.1811770" lon="148.3447299"/>
      <trkpt lat="-9.1811602" lon="148.3445530"/>
      <trkpt lat="-9.1811306" lon="148.3443780"/>
      <trkpt lat="-9.1810906" lon="148.3442027"/>
      <trkpt lat="-9.1810650" lon="148.3440670"/>
      <trkpt lat="-9.1810614" lon="148.3439753"/>
      <trkpt lat="-9.1810548" lon="148.3438894"/>
      <trkpt lat="-9.1810672" lon="148.3437624"/>
      <trkpt lat="-9.1810810" lon="148.3435897"/>
      <trkpt lat="-9.1811237" lon="148.3434179"/>
      <trkpt lat="-9.1811928" lon="148.3432667"/>
      <trkpt lat="-9.1812670" lon="148.3431173"/>
      <trkpt lat="-9.1813361" lon="148.3429647"/>
      <trkpt lat="-9.1813595" lon="148.3427917"/>
      <trkpt lat="-9.1813786" lon="148.3426186"/>
      <trkpt lat="-9.1813695" lon="148.3424738"/>
      <trkpt lat="-9.1813439" lon="148.3423860"/>
      <trkpt lat="-9.1813039" lon="148.3423393"/>
      <trkpt lat="-9.1813163" lon="148.3422790"/>
      <trkpt lat="-9.1813607" lon="148.3421645"/>
      <trkpt lat="-9.1813863" lon="148.3420116"/>
      <trkpt lat="-9.1813750" lon="148.3419312"/>
      <trkpt lat="-9.1813533" lon="148.3419367"/>
    </trkseg>
    <trkseg>
      <trkpt lat="-9.1916200" lon="148.3441250"/>
      <trkpt lat="-9.1915779" lon="148.3441381"/>
      <trkpt lat="-9.1915818" lon="148.3441359"/>
      <trkpt lat="-9.1916317" lon="148.3441183"/>
    </trkseg>
    <trkseg>
      <trkpt lat="-9.1840033" lon="148.3382250"/>
      <trkpt lat="-9.1840641" lon="148.3381810"/>
      <trkpt lat="-9.1840583" lon="148.3382900"/>
    </trkseg>
    <trkseg>
      <trkpt lat="-9.1825800" lon="148.3323417"/>
      <trkpt lat="-9.1825748" lon="148.3322598"/>
      <trkpt lat="-9.1825700" lon="148.3322583"/>
    </trkseg>
    <trkseg>
      <trkpt lat="-9.1827367" lon="148.3367000"/>
      <trkpt lat="-9.1826400" lon="148.3366883"/>
    </trkseg>
    <trkseg>
      <trkpt lat="-9.1813283" lon="148.3422533"/>
      <trkpt lat="-9.1813367" lon="148.3420921"/>
      <trkpt lat="-9.1812950" lon="148.3419355"/>
      <trkpt lat="-9.1811977" lon="148.3417863"/>
      <trkpt lat="-9.1810849" lon="148.3416533"/>
      <trkpt lat="-9.1809943" lon="148.3415147"/>
      <trkpt lat="-9.1808825" lon="148.3414041"/>
      <trkpt lat="-9.1807621" lon="148.3413092"/>
      <trkpt lat="-9.1805905" lon="148.3412634"/>
      <trkpt lat="-9.1804182" lon="148.3412352"/>
      <trkpt lat="-9.1802691" lon="148.3412038"/>
      <trkpt lat="-9.1801799" lon="148.3412044"/>
      <trkpt lat="-9.1801649" lon="148.3411877"/>
      <trkpt lat="-9.1801349" lon="148.3411554"/>
      <trkpt lat="-9.1800457" lon="148.3411127"/>
      <trkpt lat="-9.1798924" lon="148.3410581"/>
      <trkpt lat="-9.1797654" lon="148.3409848"/>
      <trkpt lat="-9.1796549" lon="148.3408580"/>
      <trkpt lat="-9.1795345" lon="148.3407444"/>
      <trkpt lat="-9.1793905" lon="148.3406547"/>
      <trkpt lat="-9.1792456" lon="148.3405694"/>
      <trkpt lat="-9.1791132" lon="148.3404705"/>
      <trkpt lat="-9.1789938" lon="148.3403720"/>
      <trkpt lat="-9.1788755" lon="148.3402989"/>
      <trkpt lat="-9.1787606" lon="148.3402159"/>
      <trkpt lat="-9.1786262" lon="148.3401354"/>
      <trkpt lat="-9.1784935" lon="148.3400200"/>
      <trkpt lat="-9.1783539" lon="148.3399178"/>
      <trkpt lat="-9.1782067" lon="148.3398391"/>
      <trkpt lat="-9.1780508" lon="148.3397775"/>
      <trkpt lat="-9.1779039" lon="148.3397001"/>
      <trkpt lat="-9.1777848" lon="148.3395750"/>
      <trkpt lat="-9.1777149" lon="148.3394601"/>
      <trkpt lat="-9.1776509" lon="148.3394205"/>
      <trkpt lat="-9.1775786" lon="148.3394214"/>
      <trkpt lat="-9.1774697" lon="148.3394575"/>
      <trkpt lat="-9.1773408" lon="148.3394393"/>
      <trkpt lat="-9.1772051" lon="148.3393947"/>
      <trkpt lat="-9.1770485" lon="148.3393328"/>
      <trkpt lat="-9.1768935" lon="148.3392647"/>
      <trkpt lat="-9.1767359" lon="148.3392011"/>
      <trkpt lat="-9.1765955" lon="148.3390981"/>
      <trkpt lat="-9.1764600" lon="148.3389904"/>
      <trkpt lat="-9.1763330" lon="148.3388727"/>
      <trkpt lat="-9.1761888" lon="148.3387779"/>
      <trkpt lat="-9.1760567" lon="148.3386709"/>
      <trkpt lat="-9.1759238" lon="148.3385678"/>
      <trkpt lat="-9.1758079" lon="148.3384415"/>
      <trkpt lat="-9.1756885" lon="148.3383196"/>
      <trkpt lat="-9.1755727" lon="148.3381896"/>
      <trkpt lat="-9.1754645" lon="148.3380489"/>
      <trkpt lat="-9.1753727" lon="148.3378992"/>
      <trkpt lat="-9.1753245" lon="148.3377355"/>
      <trkpt lat="-9.1752861" lon="148.3375684"/>
      <trkpt lat="-9.1752279" lon="148.3374106"/>
      <trkpt lat="-9.1751347" lon="148.3372663"/>
      <trkpt lat="-9.1750344" lon="148.3371408"/>
      <trkpt lat="-9.1749518" lon="148.3370175"/>
      <trkpt lat="-9.1748530" lon="148.3369067"/>
      <trkpt lat="-9.1747378" lon="148.3367942"/>
      <trkpt lat="-9.1746118" lon="148.3366772"/>
      <trkpt lat="-9.1744954" lon="148.3365613"/>
      <trkpt lat="-9.1743770" lon="148.3364742"/>
      <trkpt lat="-9.1742503" lon="148.3363898"/>
      <trkpt lat="-9.1741090" lon="148.3363076"/>
      <trkpt lat="-9.1739692" lon="148.3362159"/>
      <trkpt lat="-9.1738710" lon="148.3361651"/>
      <trkpt lat="-9.1738233" lon="148.3361433"/>
    </trkseg>
    <trkseg>
      <trkpt lat="-9.1759383" lon="148.3352050"/>
      <trkpt lat="-9.1760981" lon="148.3352091"/>
      <trkpt lat="-9.1761233" lon="148.3352250"/>
    </trkseg>
    <trkseg>
      <trkpt lat="-9.1740783" lon="148.3359983"/>
      <trkpt lat="-9.1740975" lon="148.3359364"/>
      <trkpt lat="-9.1740424" lon="148.3359284"/>
      <trkpt lat="-9.1739839" lon="148.3359187"/>
      <trkpt lat="-9.1739890" lon="148.3358272"/>
      <trkpt lat="-9.1740486" lon="148.3356677"/>
      <trkpt lat="-9.1740392" lon="148.3355215"/>
      <trkpt lat="-9.1739895" lon="148.3353885"/>
      <trkpt lat="-9.1738946" lon="148.3352686"/>
      <trkpt lat="-9.1738227" lon="148.3351240"/>
      <trkpt lat="-9.1737347" lon="148.3349748"/>
      <trkpt lat="-9.1736597" lon="148.3348218"/>
      <trkpt lat="-9.1735719" lon="148.3346751"/>
      <trkpt lat="-9.1735265" lon="148.3345155"/>
      <trkpt lat="-9.1735156" lon="148.3343505"/>
      <trkpt lat="-9.1735340" lon="148.3341849"/>
      <trkpt lat="-9.1735351" lon="148.3340469"/>
      <trkpt lat="-9.1735114" lon="148.3339223"/>
      <trkpt lat="-9.1734523" lon="148.3338404"/>
      <trkpt lat="-9.1733774" lon="148.3337941"/>
      <trkpt lat="-9.1733011" lon="148.3337442"/>
      <trkpt lat="-9.1732592" lon="148.3336930"/>
      <trkpt lat="-9.1732625" lon="148.3336243"/>
      <trkpt lat="-9.1732441" lon="148.3335504"/>
      <trkpt lat="-9.1732118" lon="148.3334326"/>
      <trkpt lat="-9.1731489" lon="148.3332780"/>
      <trkpt lat="-9.1730802" lon="148.3331269"/>
      <trkpt lat="-9.1730065" lon="148.3329742"/>
      <trkpt lat="-9.1729204" lon="148.3328181"/>
      <trkpt lat="-9.1728542" lon="148.3326695"/>
      <trkpt lat="-9.1727900" lon="148.3325383"/>
    </trkseg>
    <trkseg>
      <trkpt lat="-9.1713767" lon="148.3324733"/>
      <trkpt lat="-9.1712179" lon="148.3324189"/>
      <trkpt lat="-9.1712233" lon="148.3323167"/>
    </trkseg>
    <trkseg>
      <trkpt lat="-9.1729400" lon="148.3326000"/>
      <trkpt lat="-9.1728418" lon="148.3324943"/>
      <trkpt lat="-9.1727546" lon="148.3323601"/>
      <trkpt lat="-9.1726703" lon="148.3322021"/>
      <trkpt lat="-9.1725913" lon="148.3320419"/>
      <trkpt lat="-9.1725048" lon="148.3318846"/>
      <trkpt lat="-9.1724323" lon="148.3317203"/>
      <trkpt lat="-9.1723637" lon="148.3315541"/>
      <trkpt lat="-9.1723137" lon="148.3313821"/>
      <trkpt lat="-9.1722889" lon="148.3312390"/>
      <trkpt lat="-9.1722467" lon="148.3311070"/>
      <trkpt lat="-9.1721813" lon="148.3309906"/>
      <trkpt lat="-9.1720761" lon="148.3308528"/>
      <trkpt lat="-9.1719797" lon="148.3307100"/>
      <trkpt lat="-9.1718779" lon="148.3305708"/>
      <trkpt lat="-9.1717872" lon="148.3304305"/>
      <trkpt lat="-9.1717022" lon="148.3302981"/>
      <trkpt lat="-9.1716097" lon="148.3301699"/>
      <trkpt lat="-9.1715171" lon="148.3300375"/>
      <trkpt lat="-9.1713933" lon="148.3299502"/>
      <trkpt lat="-9.1712586" lon="148.3298923"/>
      <trkpt lat="-9.1710886" lon="148.3298790"/>
      <trkpt lat="-9.1709128" lon="148.3298739"/>
      <trkpt lat="-9.1707418" lon="148.3298866"/>
      <trkpt lat="-9.1705820" lon="148.3298983"/>
      <trkpt lat="-9.1704232" lon="148.3298865"/>
      <trkpt lat="-9.1702678" lon="148.3298738"/>
      <trkpt lat="-9.1700994" lon="148.3298722"/>
      <trkpt lat="-9.1699792" lon="148.3298463"/>
      <trkpt lat="-9.1698621" lon="148.3297964"/>
      <trkpt lat="-9.1697535" lon="148.3297165"/>
      <trkpt lat="-9.1696208" lon="148.3296248"/>
      <trkpt lat="-9.1694767" lon="148.3295519"/>
      <trkpt lat="-9.1693229" lon="148.3295142"/>
      <trkpt lat="-9.1691670" lon="148.3294950"/>
      <trkpt lat="-9.1690141" lon="148.3294511"/>
      <trkpt lat="-9.1688995" lon="148.3293504"/>
      <trkpt lat="-9.1687742" lon="148.3292504"/>
      <trkpt lat="-9.1686525" lon="148.3291618"/>
      <trkpt lat="-9.1685315" lon="148.3290684"/>
      <trkpt lat="-9.1684232" lon="148.3289575"/>
      <trkpt lat="-9.1683279" lon="148.3288089"/>
      <trkpt lat="-9.1682075" lon="148.3286800"/>
      <trkpt lat="-9.1680678" lon="148.3285717"/>
      <trkpt lat="-9.1679119" lon="148.3284920"/>
      <trkpt lat="-9.1677576" lon="148.3284096"/>
      <trkpt lat="-9.1676021" lon="148.3283326"/>
      <trkpt lat="-9.1674579" lon="148.3282324"/>
      <trkpt lat="-9.1673354" lon="148.3281289"/>
      <trkpt lat="-9.1672620" lon="148.3280907"/>
      <trkpt lat="-9.1671888" lon="148.3281239"/>
      <trkpt lat="-9.1670896" lon="148.3282350"/>
      <trkpt lat="-9.1669409" lon="148.3283253"/>
      <trkpt lat="-9.1667897" lon="148.3284187"/>
      <trkpt lat="-9.1666475" lon="148.3285191"/>
      <trkpt lat="-9.1665120" lon="148.3286310"/>
      <trkpt lat="-9.1663703" lon="148.3287324"/>
      <trkpt lat="-9.1662095" lon="148.3288046"/>
      <trkpt lat="-9.1660401" lon="148.3288280"/>
      <trkpt lat="-9.1658667" lon="148.3288084"/>
      <trkpt lat="-9.1656941" lon="148.3287815"/>
      <trkpt lat="-9.1655193" lon="148.3287609"/>
      <trkpt lat="-9.1653526" lon="148.3287253"/>
      <trkpt lat="-9.1651884" lon="148.3286643"/>
      <trkpt lat="-9.1650309" lon="148.3285830"/>
      <trkpt lat="-9.1648806" lon="148.3285235"/>
      <trkpt lat="-9.1647952" lon="148.3284264"/>
      <trkpt lat="-9.1647223" lon="148.3283135"/>
      <trkpt lat="-9.1646536" lon="148.3281644"/>
      <trkpt lat="-9.1645574" lon="148.3280239"/>
      <trkpt lat="-9.1645201" lon="148.3278703"/>
      <trkpt lat="-9.1645031" lon="148.3277231"/>
      <trkpt lat="-9.1644975" lon="148.3275728"/>
      <trkpt lat="-9.1644791" lon="148.3274212"/>
      <trkpt lat="-9.1644749" lon="148.3272585"/>
      <trkpt lat="-9.1644406" lon="148.3271265"/>
      <trkpt lat="-9.1644139" lon="148.3269942"/>
      <trkpt lat="-9.1644123" lon="148.3268596"/>
      <trkpt lat="-9.1644552" lon="148.3266879"/>
      <trkpt lat="-9.1644910" lon="148.3265202"/>
      <trkpt lat="-9.1644618" lon="148.3263646"/>
      <trkpt lat="-9.1643695" lon="148.3262503"/>
      <trkpt lat="-9.1642408" lon="148.3261414"/>
      <trkpt lat="-9.1641419" lon="148.3260191"/>
      <trkpt lat="-9.1640552" lon="148.3258775"/>
      <trkpt lat="-9.1639588" lon="148.3257428"/>
      <trkpt lat="-9.1638245" lon="148.3256411"/>
      <trkpt lat="-9.1636913" lon="148.3255342"/>
      <trkpt lat="-9.1635432" lon="148.3254595"/>
      <trkpt lat="-9.1633942" lon="148.3254383"/>
      <trkpt lat="-9.1632375" lon="148.3254926"/>
      <trkpt lat="-9.1630813" lon="148.3255591"/>
      <trkpt lat="-9.1629180" lon="148.3255923"/>
      <trkpt lat="-9.1627497" lon="148.3255664"/>
      <trkpt lat="-9.1625827" lon="148.3255113"/>
      <trkpt lat="-9.1624258" lon="148.3254260"/>
      <trkpt lat="-9.1622661" lon="148.3253472"/>
      <trkpt lat="-9.1621079" lon="148.3252664"/>
      <trkpt lat="-9.1619472" lon="148.3251915"/>
      <trkpt lat="-9.1617925" lon="148.3251095"/>
      <trkpt lat="-9.1616733" lon="148.3250469"/>
      <trkpt lat="-9.1616174" lon="148.3249939"/>
      <trkpt lat="-9.1616208" lon="148.3249977"/>
      <trkpt lat="-9.1616473" lon="148.3249793"/>
      <trkpt lat="-9.1616397" lon="148.3249627"/>
      <trkpt lat="-9.1615971" lon="148.3248666"/>
      <trkpt lat="-9.1614943" lon="148.3247747"/>
      <trkpt lat="-9.1613827" lon="148.3246530"/>
      <trkpt lat="-9.1613057" lon="148.3245251"/>
      <trkpt lat="-9.1612464" lon="148.3243824"/>
      <trkpt lat="-9.1612178" lon="148.3242312"/>
      <trkpt lat="-9.1611990" lon="148.3240774"/>
      <trkpt lat="-9.1612664" lon="148.3239412"/>
      <trkpt lat="-9.1613853" lon="148.3238331"/>
      <trkpt lat="-9.1615147" lon="148.3237292"/>
      <trkpt lat="-9.1616446" lon="148.3236196"/>
      <trkpt lat="-9.1617538" lon="148.3234853"/>
      <trkpt lat="-9.1618437" lon="148.3233444"/>
      <trkpt lat="-9.1618892" lon="148.3231771"/>
      <trkpt lat="-9.1619015" lon="148.3230558"/>
      <trkpt lat="-9.1619274" lon="148.3229828"/>
      <trkpt lat="-9.1618960" lon="148.3229897"/>
      <trkpt lat="-9.1618989" lon="148.3230120"/>
      <trkpt lat="-9.1618904" lon="148.3230305"/>
      <trkpt lat="-9.1619374" lon="148.3230061"/>
      <trkpt lat="-9.1619556" lon="148.3229722"/>
      <trkpt lat="-9.1619592" lon="148.3229615"/>
      <trkpt lat="-9.1619465" lon="148.3229853"/>
      <trkpt lat="-9.1619210" lon="148.3230092"/>
      <trkpt lat="-9.1619295" lon="148.3230134"/>
      <trkpt lat="-9.1620088" lon="148.3230135"/>
      <trkpt lat="-9.1621549" lon="148.3229921"/>
      <trkpt lat="-9.1623192" lon="148.3229477"/>
      <trkpt lat="-9.1624812" lon="148.3228738"/>
      <trkpt lat="-9.1626425" lon="148.3227991"/>
      <trkpt lat="-9.1628152" lon="148.3227578"/>
      <trkpt lat="-9.1629775" lon="148.3227651"/>
      <trkpt lat="-9.1630924" lon="148.3228530"/>
      <trkpt lat="-9.1631673" lon="148.3229978"/>
      <trkpt lat="-9.1631972" lon="148.3231723"/>
      <trkpt lat="-9.1632125" lon="148.3233213"/>
      <trkpt lat="-9.1632114" lon="148.3234330"/>
      <trkpt lat="-9.1632667" lon="148.3235036"/>
      <trkpt lat="-9.1633546" lon="148.3235849"/>
      <trkpt lat="-9.1634914" lon="148.3236258"/>
      <trkpt lat="-9.1636200" lon="148.3236365"/>
      <trkpt lat="-9.1637688" lon="148.3235647"/>
      <trkpt lat="-9.1639065" lon="148.3234957"/>
      <trkpt lat="-9.1640367" lon="148.3234200"/>
    </trkseg>
    <trkseg>
      <trkpt lat="-9.1640883" lon="148.3234767"/>
      <trkpt lat="-9.1640297" lon="148.3233058"/>
      <trkpt lat="-9.1639503" lon="148.3231459"/>
      <trkpt lat="-9.1638595" lon="148.3229918"/>
      <trkpt lat="-9.1637648" lon="148.3228406"/>
      <trkpt lat="-9.1636635" lon="148.3226961"/>
      <trkpt lat="-9.1635607" lon="148.3225550"/>
      <trkpt lat="-9.1634363" lon="148.3224334"/>
      <trkpt lat="-9.1633398" lon="148.3222947"/>
      <trkpt lat="-9.1632510" lon="148.3221694"/>
      <trkpt lat="-9.1631900" lon="148.3220417"/>
    </trkseg>
    <trkseg>
      <trkpt lat="-9.1636733" lon="148.3224017"/>
      <trkpt lat="-9.1636360" lon="148.3223466"/>
      <trkpt lat="-9.1636233" lon="148.3223533"/>
    </trkseg>
    <trkseg>
      <trkpt lat="-9.1635417" lon="148.3222000"/>
      <trkpt lat="-9.1633735" lon="148.3221331"/>
      <trkpt lat="-9.1632109" lon="148.3220655"/>
      <trkpt lat="-9.1630505" lon="148.3219942"/>
      <trkpt lat="-9.1628928" lon="148.3219170"/>
      <trkpt lat="-9.1627302" lon="148.3218391"/>
      <trkpt lat="-9.1625659" lon="148.3217655"/>
      <trkpt lat="-9.1623953" lon="148.3217140"/>
      <trkpt lat="-9.1622246" lon="148.3216675"/>
      <trkpt lat="-9.1620504" lon="148.3216350"/>
      <trkpt lat="-9.1618837" lon="148.3215783"/>
      <trkpt lat="-9.1617175" lon="148.3215177"/>
      <trkpt lat="-9.1615589" lon="148.3214333"/>
      <trkpt lat="-9.1614115" lon="148.3213568"/>
      <trkpt lat="-9.1612905" lon="148.3213099"/>
      <trkpt lat="-9.1611638" lon="148.3212758"/>
      <trkpt lat="-9.1610283" lon="148.3212301"/>
      <trkpt lat="-9.1609066" lon="148.3211195"/>
      <trkpt lat="-9.1608288" lon="148.3209734"/>
      <trkpt lat="-9.1607595" lon="148.3208182"/>
      <trkpt lat="-9.1606616" lon="148.3206790"/>
      <trkpt lat="-9.1605691" lon="148.3205376"/>
      <trkpt lat="-9.1605005" lon="148.3203814"/>
      <trkpt lat="-9.1604603" lon="148.3202086"/>
      <trkpt lat="-9.1604034" lon="148.3200369"/>
      <trkpt lat="-9.1603282" lon="148.3198747"/>
      <trkpt lat="-9.1602303" lon="148.3197253"/>
      <trkpt lat="-9.1601235" lon="148.3195823"/>
      <trkpt lat="-9.1600018" lon="148.3194565"/>
      <trkpt lat="-9.1598616" lon="148.3193562"/>
      <trkpt lat="-9.1596989" lon="148.3193213"/>
      <trkpt lat="-9.1595384" lon="148.3193522"/>
      <trkpt lat="-9.1593745" lon="148.3194064"/>
      <trkpt lat="-9.1592069" lon="148.3194471"/>
      <trkpt lat="-9.1590281" lon="148.3194529"/>
      <trkpt lat="-9.1588485" lon="148.3194548"/>
      <trkpt lat="-9.1586880" lon="148.3194142"/>
      <trkpt lat="-9.1585449" lon="148.3193311"/>
      <trkpt lat="-9.1584257" lon="148.3192017"/>
      <trkpt lat="-9.1583111" lon="148.3190773"/>
      <trkpt lat="-9.1582723" lon="148.3189492"/>
      <trkpt lat="-9.1583238" lon="148.3188413"/>
      <trkpt lat="-9.1583696" lon="148.3187235"/>
      <trkpt lat="-9.1583921" lon="148.3186178"/>
      <trkpt lat="-9.1583240" lon="148.3185218"/>
      <trkpt lat="-9.1582994" lon="148.3185209"/>
      <trkpt lat="-9.1582261" lon="148.3185800"/>
      <trkpt lat="-9.1581690" lon="148.3187126"/>
      <trkpt lat="-9.1580612" lon="148.3188076"/>
      <trkpt lat="-9.1579429" lon="148.3188433"/>
      <trkpt lat="-9.1578013" lon="148.3187816"/>
      <trkpt lat="-9.1576554" lon="148.3187163"/>
      <trkpt lat="-9.1575088" lon="148.3187039"/>
      <trkpt lat="-9.1573711" lon="148.3187140"/>
      <trkpt lat="-9.1572564" lon="148.3187518"/>
      <trkpt lat="-9.1571479" lon="148.3187325"/>
      <trkpt lat="-9.1570225" lon="148.3187250"/>
      <trkpt lat="-9.1568797" lon="148.3187135"/>
      <trkpt lat="-9.1567228" lon="148.3187305"/>
      <trkpt lat="-9.1566105" lon="148.3187001"/>
      <trkpt lat="-9.1565908" lon="148.3186045"/>
      <trkpt lat="-9.1566788" lon="148.3185011"/>
      <trkpt lat="-9.1567277" lon="148.3184230"/>
      <trkpt lat="-9.1567139" lon="148.3183324"/>
      <trkpt lat="-9.1566172" lon="148.3182802"/>
      <trkpt lat="-9.1565394" lon="148.3182295"/>
      <trkpt lat="-9.1564225" lon="148.3182014"/>
      <trkpt lat="-9.1563037" lon="148.3181170"/>
      <trkpt lat="-9.1561557" lon="148.3180761"/>
      <trkpt lat="-9.1560240" lon="148.3181023"/>
      <trkpt lat="-9.1559299" lon="148.3182187"/>
      <trkpt lat="-9.1558829" lon="148.3183771"/>
      <trkpt lat="-9.1558775" lon="148.3185497"/>
      <trkpt lat="-9.1558428" lon="148.3187205"/>
      <trkpt lat="-9.1558395" lon="148.3188896"/>
      <trkpt lat="-9.1557921" lon="148.3189877"/>
      <trkpt lat="-9.1557548" lon="148.3189749"/>
      <trkpt lat="-9.1557027" lon="148.3188468"/>
      <trkpt lat="-9.1556620" lon="148.3186799"/>
      <trkpt lat="-9.1556044" lon="148.3185210"/>
      <trkpt lat="-9.1554890" lon="148.3184031"/>
      <trkpt lat="-9.1553740" lon="148.3182842"/>
      <trkpt lat="-9.1553183" lon="148.3181901"/>
      <trkpt lat="-9.1553702" lon="148.3181048"/>
      <trkpt lat="-9.1554245" lon="148.3180402"/>
      <trkpt lat="-9.1553933" lon="148.3179953"/>
      <trkpt lat="-9.1552474" lon="148.3179435"/>
      <trkpt lat="-9.1550695" lon="148.3179200"/>
      <trkpt lat="-9.1548914" lon="148.3179051"/>
      <trkpt lat="-9.1547116" lon="148.3179155"/>
      <trkpt lat="-9.1545451" lon="148.3179035"/>
      <trkpt lat="-9.1544433" lon="148.3178273"/>
      <trkpt lat="-9.1544129" lon="148.3176832"/>
      <trkpt lat="-9.1544065" lon="148.3175082"/>
      <trkpt lat="-9.1544293" lon="148.3173440"/>
      <trkpt lat="-9.1544061" lon="148.3171905"/>
      <trkpt lat="-9.1543534" lon="148.3170925"/>
      <trkpt lat="-9.1542224" lon="148.3170775"/>
      <trkpt lat="-9.1541362" lon="148.3171652"/>
      <trkpt lat="-9.1540996" lon="148.3173100"/>
      <trkpt lat="-9.1540823" lon="148.3174715"/>
      <trkpt lat="-9.1539959" lon="148.3175830"/>
      <trkpt lat="-9.1538550" lon="148.3176203"/>
      <trkpt lat="-9.1537155" lon="148.3175527"/>
      <trkpt lat="-9.1535880" lon="148.3174611"/>
      <trkpt lat="-9.1534925" lon="148.3173441"/>
      <trkpt lat="-9.1533648" lon="148.3172761"/>
      <trkpt lat="-9.1532350" lon="148.3172037"/>
      <trkpt lat="-9.1530795" lon="148.3171733"/>
      <trkpt lat="-9.1529207" lon="148.3171513"/>
      <trkpt lat="-9.1527552" lon="148.3171371"/>
      <trkpt lat="-9.1526061" lon="148.3170748"/>
      <trkpt lat="-9.1524758" lon="148.3169686"/>
      <trkpt lat="-9.1523567" lon="148.3168883"/>
      <trkpt lat="-9.1522598" lon="148.3169158"/>
      <trkpt lat="-9.1522037" lon="148.3170452"/>
      <trkpt lat="-9.1521895" lon="148.3172248"/>
      <trkpt lat="-9.1521809" lon="148.3174062"/>
      <trkpt lat="-9.1521471" lon="148.3175821"/>
      <trkpt lat="-9.1520615" lon="148.3176748"/>
      <trkpt lat="-9.1519263" lon="148.3177267"/>
      <trkpt lat="-9.1518235" lon="148.3176819"/>
      <trkpt lat="-9.1517853" lon="148.3176048"/>
      <trkpt lat="-9.1518299" lon="148.3174608"/>
      <trkpt lat="-9.1518532" lon="148.3173016"/>
      <trkpt lat="-9.1518177" lon="148.3171663"/>
      <trkpt lat="-9.1517117" lon="148.3170386"/>
      <trkpt lat="-9.1515636" lon="148.3169503"/>
      <trkpt lat="-9.1514063" lon="148.3168736"/>
      <trkpt lat="-9.1513212" lon="148.3167940"/>
      <trkpt lat="-9.1512703" lon="148.3166754"/>
      <trkpt lat="-9.1512845" lon="148.3165189"/>
      <trkpt lat="-9.1512835" lon="148.3163513"/>
      <trkpt lat="-9.1513178" lon="148.3161987"/>
      <trkpt lat="-9.1513153" lon="148.3160510"/>
      <trkpt lat="-9.1513126" lon="148.3159504"/>
      <trkpt lat="-9.1513051" lon="148.3158315"/>
      <trkpt lat="-9.1513104" lon="148.3157093"/>
      <trkpt lat="-9.1513247" lon="148.3155389"/>
      <trkpt lat="-9.1513273" lon="148.3153679"/>
      <trkpt lat="-9.1513494" lon="148.3151954"/>
      <trkpt lat="-9.1513267" lon="148.3150224"/>
      <trkpt lat="-9.1512704" lon="148.3148617"/>
      <trkpt lat="-9.1511614" lon="148.3147272"/>
      <trkpt lat="-9.1510182" lon="148.3146327"/>
      <trkpt lat="-9.1508574" lon="148.3145601"/>
      <trkpt lat="-9.1506900" lon="148.3144951"/>
      <trkpt lat="-9.1505236" lon="148.3144265"/>
      <trkpt lat="-9.1503593" lon="148.3143538"/>
      <trkpt lat="-9.1502060" lon="148.3142646"/>
      <trkpt lat="-9.1500717" lon="148.3141493"/>
      <trkpt lat="-9.1499318" lon="148.3140721"/>
      <trkpt lat="-9.1497784" lon="148.3140371"/>
      <trkpt lat="-9.1496031" lon="148.3140500"/>
      <trkpt lat="-9.1494284" lon="148.3140727"/>
      <trkpt lat="-9.1492557" lon="148.3141136"/>
      <trkpt lat="-9.1490853" lon="148.3141710"/>
      <trkpt lat="-9.1489130" lon="148.3142207"/>
      <trkpt lat="-9.1487372" lon="148.3142485"/>
      <trkpt lat="-9.1485620" lon="148.3142388"/>
      <trkpt lat="-9.1484042" lon="148.3141766"/>
      <trkpt lat="-9.1482650" lon="148.3140710"/>
      <trkpt lat="-9.1481280" lon="148.3139616"/>
      <trkpt lat="-9.1479804" lon="148.3138662"/>
      <trkpt lat="-9.1478248" lon="148.3137806"/>
      <trkpt lat="-9.1476758" lon="148.3136870"/>
      <trkpt lat="-9.1475419" lon="148.3135744"/>
      <trkpt lat="-9.1474083" lon="148.3134617"/>
      <trkpt lat="-9.1472717" lon="148.3133479"/>
      <trkpt lat="-9.1471367" lon="148.3132329"/>
      <trkpt lat="-9.1470093" lon="148.3131084"/>
      <trkpt lat="-9.1468826" lon="148.3129818"/>
      <trkpt lat="-9.1467371" lon="148.3128790"/>
      <trkpt lat="-9.1465794" lon="148.3127929"/>
      <trkpt lat="-9.1464118" lon="148.3127339"/>
      <trkpt lat="-9.1462454" lon="148.3126748"/>
      <trkpt lat="-9.1461102" lon="148.3125868"/>
      <trkpt lat="-9.1460172" lon="148.3124588"/>
      <trkpt lat="-9.1459939" lon="148.3123061"/>
      <trkpt lat="-9.1460204" lon="148.3121632"/>
      <trkpt lat="-9.1460285" lon="148.3120247"/>
      <trkpt lat="-9.1460431" lon="148.3119167"/>
      <trkpt lat="-9.1460157" lon="148.3118490"/>
      <trkpt lat="-9.1460340" lon="148.3117645"/>
      <trkpt lat="-9.1460205" lon="148.3116442"/>
      <trkpt lat="-9.1460588" lon="148.3115161"/>
      <trkpt lat="-9.1461250" lon="148.3114333"/>
    </trkseg>
    <trkseg>
      <trkpt lat="-9.1460717" lon="148.3112900"/>
      <trkpt lat="-9.1460701" lon="148.3111208"/>
      <trkpt lat="-9.1460721" lon="148.3109485"/>
      <trkpt lat="-9.1460937" lon="148.3107879"/>
      <trkpt lat="-9.1461233" lon="148.3106383"/>
    </trkseg>
    <trkseg>
      <trkpt lat="-9.1460950" lon="148.3106850"/>
      <trkpt lat="-9.1460685" lon="148.3105228"/>
      <trkpt lat="-9.1460336" lon="148.3103572"/>
      <trkpt lat="-9.1460163" lon="148.3101841"/>
      <trkpt lat="-9.1460083" lon="148.3100088"/>
      <trkpt lat="-9.1459982" lon="148.3098319"/>
      <trkpt lat="-9.1459675" lon="148.3096556"/>
      <trkpt lat="-9.1459252" lon="148.3094793"/>
      <trkpt lat="-9.1458847" lon="148.3093025"/>
      <trkpt lat="-9.1458395" lon="148.3091267"/>
      <trkpt lat="-9.1458004" lon="148.3089502"/>
      <trkpt lat="-9.1457530" lon="148.3087793"/>
      <trkpt lat="-9.1456862" lon="148.3086194"/>
      <trkpt lat="-9.1455913" lon="148.3084714"/>
      <trkpt lat="-9.1454858" lon="148.3083284"/>
      <trkpt lat="-9.1453571" lon="148.3082342"/>
      <trkpt lat="-9.1452020" lon="148.3081938"/>
      <trkpt lat="-9.1450253" lon="148.3082167"/>
      <trkpt lat="-9.1448500" lon="148.3082511"/>
      <trkpt lat="-9.1446926" lon="148.3083209"/>
      <trkpt lat="-9.1445361" lon="148.3083939"/>
      <trkpt lat="-9.1443780" lon="148.3084463"/>
      <trkpt lat="-9.1442047" lon="148.3084437"/>
      <trkpt lat="-9.1440309" lon="148.3084376"/>
      <trkpt lat="-9.1438578" lon="148.3084531"/>
      <trkpt lat="-9.1436871" lon="148.3085062"/>
      <trkpt lat="-9.1435268" lon="148.3085815"/>
      <trkpt lat="-9.1433850" lon="148.3086865"/>
      <trkpt lat="-9.1432489" lon="148.3087879"/>
      <trkpt lat="-9.1431003" lon="148.3088603"/>
      <trkpt lat="-9.1429321" lon="148.3088875"/>
      <trkpt lat="-9.1427559" lon="148.3088771"/>
      <trkpt lat="-9.1425903" lon="148.3088251"/>
      <trkpt lat="-9.1424265" lon="148.3087739"/>
      <trkpt lat="-9.1422656" lon="148.3087141"/>
      <trkpt lat="-9.1420970" lon="148.3086667"/>
      <trkpt lat="-9.1419336" lon="148.3085904"/>
      <trkpt lat="-9.1417673" lon="148.3085261"/>
      <trkpt lat="-9.1415986" lon="148.3084711"/>
      <trkpt lat="-9.1414223" lon="148.3084445"/>
      <trkpt lat="-9.1412442" lon="148.3084413"/>
      <trkpt lat="-9.1410725" lon="148.3084783"/>
      <trkpt lat="-9.1409055" lon="148.3085403"/>
      <trkpt lat="-9.1407386" lon="148.3085914"/>
      <trkpt lat="-9.1405678" lon="148.3085979"/>
      <trkpt lat="-9.1404513" lon="148.3085238"/>
      <trkpt lat="-9.1403993" lon="148.3083913"/>
      <trkpt lat="-9.1404231" lon="148.3082172"/>
      <trkpt lat="-9.1404678" lon="148.3080427"/>
      <trkpt lat="-9.1405400" lon="148.3078784"/>
      <trkpt lat="-9.1406065" lon="148.3077160"/>
      <trkpt lat="-9.1406746" lon="148.3075573"/>
      <trkpt lat="-9.1406835" lon="148.3073942"/>
      <trkpt lat="-9.1406660" lon="148.3072345"/>
      <trkpt lat="-9.1405887" lon="148.3070821"/>
      <trkpt lat="-9.1405026" lon="148.3069530"/>
      <trkpt lat="-9.1404154" lon="148.3068167"/>
      <trkpt lat="-9.1403436" lon="148.3066794"/>
      <trkpt lat="-9.1402532" lon="148.3065457"/>
      <trkpt lat="-9.1401344" lon="148.3064294"/>
      <trkpt lat="-9.1400688" lon="148.3063243"/>
      <trkpt lat="-9.1400647" lon="148.3061892"/>
      <trkpt lat="-9.1401325" lon="148.3060448"/>
      <trkpt lat="-9.1401658" lon="148.3058787"/>
      <trkpt lat="-9.1401364" lon="148.3057537"/>
      <trkpt lat="-9.1400282" lon="148.3056462"/>
      <trkpt lat="-9.1398693" lon="148.3055716"/>
      <trkpt lat="-9.1397276" lon="148.3054689"/>
      <trkpt lat="-9.1396042" lon="148.3053479"/>
      <trkpt lat="-9.1394867" lon="148.3052188"/>
      <trkpt lat="-9.1393510" lon="148.3051122"/>
      <trkpt lat="-9.1392272" lon="148.3050109"/>
      <trkpt lat="-9.1391063" lon="148.3049046"/>
      <trkpt lat="-9.1390085" lon="148.3047706"/>
      <trkpt lat="-9.1389037" lon="148.3046293"/>
      <trkpt lat="-9.1388225" lon="148.3044712"/>
      <trkpt lat="-9.1387777" lon="148.3043023"/>
      <trkpt lat="-9.1387835" lon="148.3041327"/>
      <trkpt lat="-9.1388394" lon="148.3039644"/>
      <trkpt lat="-9.1388920" lon="148.3037991"/>
      <trkpt lat="-9.1388922" lon="148.3036386"/>
      <trkpt lat="-9.1388446" lon="148.3034771"/>
      <trkpt lat="-9.1387401" lon="148.3033557"/>
      <trkpt lat="-9.1386074" lon="148.3032629"/>
      <trkpt lat="-9.1384404" lon="148.3031995"/>
      <trkpt lat="-9.1382803" lon="148.3031776"/>
      <trkpt lat="-9.1381174" lon="148.3031821"/>
      <trkpt lat="-9.1379524" lon="148.3031922"/>
      <trkpt lat="-9.1377783" lon="148.3031697"/>
      <trkpt lat="-9.1376076" lon="148.3031301"/>
      <trkpt lat="-9.1374466" lon="148.3031066"/>
      <trkpt lat="-9.1372873" lon="148.3030828"/>
      <trkpt lat="-9.1371343" lon="148.3030955"/>
      <trkpt lat="-9.1369696" lon="148.3031005"/>
      <trkpt lat="-9.1368066" lon="148.3031253"/>
      <trkpt lat="-9.1366401" lon="148.3031030"/>
      <trkpt lat="-9.1364816" lon="148.3031138"/>
      <trkpt lat="-9.1363411" lon="148.3030833"/>
      <trkpt lat="-9.1362200" lon="148.3030262"/>
      <trkpt lat="-9.1361347" lon="148.3028900"/>
      <trkpt lat="-9.1360916" lon="148.3027235"/>
      <trkpt lat="-9.1361088" lon="148.3025522"/>
      <trkpt lat="-9.1361346" lon="148.3023797"/>
      <trkpt lat="-9.1361440" lon="148.3022082"/>
      <trkpt lat="-9.1361170" lon="148.3020305"/>
      <trkpt lat="-9.1360864" lon="148.3018518"/>
      <trkpt lat="-9.1360582" lon="148.3016728"/>
      <trkpt lat="-9.1360362" lon="148.3014942"/>
      <trkpt lat="-9.1360046" lon="148.3013180"/>
      <trkpt lat="-9.1360021" lon="148.3011469"/>
      <trkpt lat="-9.1360105" lon="148.3009760"/>
      <trkpt lat="-9.1360228" lon="148.3008040"/>
      <trkpt lat="-9.1360105" lon="148.3006264"/>
      <trkpt lat="-9.1359861" lon="148.3004486"/>
      <trkpt lat="-9.1359762" lon="148.3002710"/>
      <trkpt lat="-9.1360035" lon="148.3001031"/>
      <trkpt lat="-9.1360280" lon="148.2999379"/>
      <trkpt lat="-9.1360506" lon="148.2998248"/>
      <trkpt lat="-9.1360383" lon="148.2997567"/>
    </trkseg>
    <trkseg>
      <trkpt lat="-9.1475667" lon="148.2999883"/>
      <trkpt lat="-9.1476363" lon="148.2999326"/>
      <trkpt lat="-9.1476140" lon="148.2998540"/>
      <trkpt lat="-9.1474885" lon="148.2997801"/>
      <trkpt lat="-9.1473476" lon="148.2997047"/>
      <trkpt lat="-9.1472657" lon="148.2997008"/>
      <trkpt lat="-9.1472418" lon="148.2996772"/>
      <trkpt lat="-9.1472602" lon="148.2996933"/>
      <trkpt lat="-9.1472783" lon="148.2996683"/>
    </trkseg>
    <trkseg>
      <trkpt lat="-9.1360250" lon="148.2997933"/>
      <trkpt lat="-9.1360260" lon="148.2997851"/>
      <trkpt lat="-9.1361005" lon="148.2997699"/>
      <trkpt lat="-9.1362504" lon="148.2997550"/>
      <trkpt lat="-9.1364183" lon="148.2997329"/>
      <trkpt lat="-9.1365836" lon="148.2996899"/>
      <trkpt lat="-9.1367371" lon="148.2996039"/>
      <trkpt lat="-9.1368798" lon="148.2994999"/>
      <trkpt lat="-9.1370176" lon="148.2993866"/>
      <trkpt lat="-9.1371169" lon="148.2992531"/>
      <trkpt lat="-9.1371876" lon="148.2991027"/>
      <trkpt lat="-9.1372635" lon="148.2989625"/>
      <trkpt lat="-9.1373819" lon="148.2988494"/>
      <trkpt lat="-9.1375380" lon="148.2987681"/>
      <trkpt lat="-9.1376626" lon="148.2986582"/>
      <trkpt lat="-9.1377355" lon="148.2985205"/>
      <trkpt lat="-9.1377495" lon="148.2983477"/>
      <trkpt lat="-9.1377056" lon="148.2981817"/>
      <trkpt lat="-9.1376184" lon="148.2980370"/>
      <trkpt lat="-9.1375071" lon="148.2979063"/>
      <trkpt lat="-9.1374738" lon="148.2977862"/>
      <trkpt lat="-9.1375385" lon="148.2976833"/>
      <trkpt lat="-9.1376556" lon="148.2975710"/>
      <trkpt lat="-9.1377868" lon="148.2974730"/>
      <trkpt lat="-9.1379152" lon="148.2974281"/>
      <trkpt lat="-9.1380781" lon="148.2974469"/>
      <trkpt lat="-9.1382327" lon="148.2975206"/>
      <trkpt lat="-9.1383715" lon="148.2976134"/>
      <trkpt lat="-9.1384918" lon="148.2977416"/>
      <trkpt lat="-9.1386224" lon="148.2978505"/>
      <trkpt lat="-9.1387777" lon="148.2979218"/>
      <trkpt lat="-9.1389460" lon="148.2979744"/>
      <trkpt lat="-9.1391165" lon="148.2980065"/>
      <trkpt lat="-9.1392881" lon="148.2980180"/>
      <trkpt lat="-9.1394674" lon="148.2979966"/>
      <trkpt lat="-9.1396446" lon="148.2979691"/>
      <trkpt lat="-9.1398051" lon="148.2979080"/>
      <trkpt lat="-9.1399351" lon="148.2978017"/>
      <trkpt lat="-9.1400558" lon="148.2976774"/>
      <trkpt lat="-9.1401568" lon="148.2975399"/>
      <trkpt lat="-9.1402562" lon="148.2974021"/>
      <trkpt lat="-9.1403379" lon="148.2972422"/>
      <trkpt lat="-9.1404010" lon="148.2970772"/>
      <trkpt lat="-9.1404533" lon="148.2969078"/>
      <trkpt lat="-9.1405213" lon="148.2967572"/>
      <trkpt lat="-9.1406052" lon="148.2966228"/>
      <trkpt lat="-9.1406762" lon="148.2964902"/>
      <trkpt lat="-9.1407064" lon="148.2963405"/>
      <trkpt lat="-9.1406828" lon="148.2961849"/>
      <trkpt lat="-9.1406108" lon="148.2960451"/>
      <trkpt lat="-9.1405147" lon="148.2959009"/>
      <trkpt lat="-9.1404093" lon="148.2957633"/>
      <trkpt lat="-9.1403216" lon="148.2956144"/>
      <trkpt lat="-9.1401995" lon="148.2954929"/>
      <trkpt lat="-9.1400679" lon="148.2953875"/>
      <trkpt lat="-9.1399426" lon="148.2952766"/>
      <trkpt lat="-9.1398627" lon="148.2951365"/>
      <trkpt lat="-9.1398604" lon="148.2949694"/>
      <trkpt lat="-9.1399180" lon="148.2948148"/>
      <trkpt lat="-9.1400051" lon="148.2946625"/>
      <trkpt lat="-9.1400920" lon="148.2945107"/>
      <trkpt lat="-9.1401920" lon="148.2943790"/>
      <trkpt lat="-9.1403204" lon="148.2943330"/>
      <trkpt lat="-9.1404689" lon="148.2943711"/>
      <trkpt lat="-9.1406180" lon="148.2944064"/>
      <trkpt lat="-9.1407631" lon="148.2943832"/>
      <trkpt lat="-9.1409128" lon="148.2943551"/>
      <trkpt lat="-9.1410451" lon="148.2944000"/>
      <trkpt lat="-9.1411806" lon="148.2945054"/>
      <trkpt lat="-9.1413205" lon="148.2946104"/>
      <trkpt lat="-9.1414784" lon="148.2946975"/>
      <trkpt lat="-9.1416365" lon="148.2947843"/>
      <trkpt lat="-9.1417948" lon="148.2948705"/>
      <trkpt lat="-9.1419564" lon="148.2949450"/>
      <trkpt lat="-9.1421249" lon="148.2950001"/>
      <trkpt lat="-9.1422914" lon="148.2950528"/>
      <trkpt lat="-9.1424530" lon="148.2951196"/>
      <trkpt lat="-9.1426008" lon="148.2952136"/>
      <trkpt lat="-9.1427418" lon="148.2953224"/>
      <trkpt lat="-9.1428703" lon="148.2954451"/>
      <trkpt lat="-9.1429913" lon="148.2955746"/>
      <trkpt lat="-9.1431065" lon="148.2956921"/>
      <trkpt lat="-9.1432404" lon="148.2957526"/>
      <trkpt lat="-9.1433960" lon="148.2957571"/>
      <trkpt lat="-9.1435659" lon="148.2957609"/>
      <trkpt lat="-9.1437375" lon="148.2957727"/>
      <trkpt lat="-9.1439113" lon="148.2957957"/>
      <trkpt lat="-9.1440566" lon="148.2958041"/>
      <trkpt lat="-9.1441683" lon="148.2958267"/>
    </trkseg>
    <trkseg>
      <trkpt lat="-9.1441850" lon="148.2958000"/>
      <trkpt lat="-9.1442513" lon="148.2957569"/>
      <trkpt lat="-9.1442840" lon="148.2957491"/>
      <trkpt lat="-9.1442833" lon="148.2957767"/>
    </trkseg>
    <trkseg>
      <trkpt lat="-9.1441600" lon="148.2958083"/>
      <trkpt lat="-9.1442709" lon="148.2959484"/>
      <trkpt lat="-9.1443932" lon="148.2960766"/>
      <trkpt lat="-9.1445305" lon="148.2961798"/>
      <trkpt lat="-9.1446697" lon="148.2962806"/>
      <trkpt lat="-9.1448148" lon="148.2963716"/>
      <trkpt lat="-9.1449598" lon="148.2964712"/>
      <trkpt lat="-9.1451087" lon="148.2965705"/>
      <trkpt lat="-9.1452493" lon="148.2966831"/>
      <trkpt lat="-9.1453963" lon="148.2967716"/>
      <trkpt lat="-9.1455518" lon="148.2967905"/>
      <trkpt lat="-9.1457087" lon="148.2967644"/>
      <trkpt lat="-9.1458511" lon="148.2967509"/>
      <trkpt lat="-9.1459876" lon="148.2967717"/>
      <trkpt lat="-9.1461197" lon="148.2968342"/>
      <trkpt lat="-9.1462679" lon="148.2968711"/>
      <trkpt lat="-9.1464241" lon="148.2969232"/>
      <trkpt lat="-9.1465895" lon="148.2969513"/>
      <trkpt lat="-9.1467385" lon="148.2969431"/>
      <trkpt lat="-9.1468748" lon="148.2968709"/>
      <trkpt lat="-9.1470148" lon="148.2967654"/>
      <trkpt lat="-9.1471409" lon="148.2966570"/>
      <trkpt lat="-9.1472386" lon="148.2965333"/>
      <trkpt lat="-9.1472830" lon="148.2963699"/>
      <trkpt lat="-9.1472837" lon="148.2961922"/>
      <trkpt lat="-9.1472802" lon="148.2960137"/>
      <trkpt lat="-9.1472957" lon="148.2958392"/>
      <trkpt lat="-9.1473636" lon="148.2956776"/>
      <trkpt lat="-9.1474611" lon="148.2955316"/>
      <trkpt lat="-9.1475974" lon="148.2954375"/>
      <trkpt lat="-9.1477535" lon="148.2953883"/>
      <trkpt lat="-9.1479176" lon="148.2953611"/>
      <trkpt lat="-9.1480484" lon="148.2952845"/>
      <trkpt lat="-9.1481600" lon="148.2951616"/>
      <trkpt lat="-9.1482368" lon="148.2950038"/>
      <trkpt lat="-9.1483106" lon="148.2948464"/>
      <trkpt lat="-9.1483960" lon="148.2947058"/>
      <trkpt lat="-9.1485290" lon="148.2946141"/>
      <trkpt lat="-9.1486982" lon="148.2945717"/>
      <trkpt lat="-9.1488728" lon="148.2945375"/>
      <trkpt lat="-9.1490419" lon="148.2944907"/>
      <trkpt lat="-9.1491961" lon="148.2944104"/>
      <trkpt lat="-9.1493547" lon="148.2943470"/>
      <trkpt lat="-9.1495078" lon="148.2942684"/>
      <trkpt lat="-9.1496707" lon="148.2942037"/>
      <trkpt lat="-9.1498281" lon="148.2941203"/>
      <trkpt lat="-9.1499686" lon="148.2940870"/>
      <trkpt lat="-9.1500970" lon="148.2940371"/>
      <trkpt lat="-9.1502292" lon="148.2940214"/>
      <trkpt lat="-9.1503701" lon="148.2940348"/>
      <trkpt lat="-9.1505202" lon="148.2941181"/>
      <trkpt lat="-9.1506606" lon="148.2942275"/>
      <trkpt lat="-9.1508116" lon="148.2943078"/>
      <trkpt lat="-9.1509478" lon="148.2944034"/>
      <trkpt lat="-9.1510602" lon="148.2945166"/>
      <trkpt lat="-9.1511741" lon="148.2946113"/>
      <trkpt lat="-9.1513097" lon="148.2946626"/>
      <trkpt lat="-9.1514783" lon="148.2946614"/>
      <trkpt lat="-9.1516517" lon="148.2946490"/>
      <trkpt lat="-9.1518249" lon="148.2946483"/>
      <trkpt lat="-9.1519762" lon="148.2946894"/>
      <trkpt lat="-9.1521194" lon="148.2947808"/>
      <trkpt lat="-9.1522377" lon="148.2949055"/>
      <trkpt lat="-9.1523737" lon="148.2950058"/>
      <trkpt lat="-9.1524978" lon="148.2951148"/>
      <trkpt lat="-9.1526399" lon="148.2952074"/>
      <trkpt lat="-9.1527812" lon="148.2953093"/>
      <trkpt lat="-9.1529267" lon="148.2954038"/>
      <trkpt lat="-9.1530574" lon="148.2955119"/>
      <trkpt lat="-9.1531950" lon="148.2955955"/>
      <trkpt lat="-9.1533507" lon="148.2956335"/>
      <trkpt lat="-9.1535256" lon="148.2956368"/>
      <trkpt lat="-9.1536969" lon="148.2956584"/>
      <trkpt lat="-9.1538618" lon="148.2957166"/>
      <trkpt lat="-9.1540270" lon="148.2957743"/>
      <trkpt lat="-9.1541460" lon="148.2958622"/>
      <trkpt lat="-9.1542695" lon="148.2959088"/>
      <trkpt lat="-9.1543890" lon="148.2959179"/>
      <trkpt lat="-9.1545286" lon="148.2959090"/>
      <trkpt lat="-9.1546594" lon="148.2958975"/>
      <trkpt lat="-9.1547867" lon="148.2958821"/>
      <trkpt lat="-9.1549318" lon="148.2958678"/>
      <trkpt lat="-9.1550774" lon="148.2959030"/>
      <trkpt lat="-9.1552202" lon="148.2960088"/>
      <trkpt lat="-9.1553489" lon="148.2961243"/>
      <trkpt lat="-9.1554680" lon="148.2962494"/>
      <trkpt lat="-9.1555825" lon="148.2963797"/>
      <trkpt lat="-9.1556809" lon="148.2965182"/>
      <trkpt lat="-9.1557965" lon="148.2966334"/>
      <trkpt lat="-9.1559284" lon="148.2967159"/>
      <trkpt lat="-9.1560976" lon="148.2967205"/>
      <trkpt lat="-9.1562534" lon="148.2966666"/>
      <trkpt lat="-9.1564051" lon="148.2966272"/>
      <trkpt lat="-9.1565535" lon="148.2966445"/>
      <trkpt lat="-9.1566994" lon="148.2967343"/>
      <trkpt lat="-9.1568440" lon="148.2967872"/>
      <trkpt lat="-9.1569819" lon="148.2968005"/>
      <trkpt lat="-9.1571194" lon="148.2968173"/>
      <trkpt lat="-9.1572621" lon="148.2968324"/>
      <trkpt lat="-9.1574189" lon="148.2968389"/>
      <trkpt lat="-9.1575835" lon="148.2968348"/>
      <trkpt lat="-9.1577428" lon="148.2968676"/>
      <trkpt lat="-9.1579037" lon="148.2969095"/>
      <trkpt lat="-9.1580683" lon="148.2969003"/>
      <trkpt lat="-9.1582323" lon="148.2968402"/>
      <trkpt lat="-9.1583940" lon="148.2967717"/>
      <trkpt lat="-9.1585601" lon="148.2967082"/>
      <trkpt lat="-9.1587325" lon="148.2966680"/>
      <trkpt lat="-9.1588988" lon="148.2966749"/>
      <trkpt lat="-9.1590547" lon="148.2967407"/>
      <trkpt lat="-9.1591956" lon="148.2968528"/>
      <trkpt lat="-9.1593354" lon="148.2969190"/>
      <trkpt lat="-9.1594746" lon="148.2969071"/>
      <trkpt lat="-9.1596124" lon="148.2968115"/>
      <trkpt lat="-9.1597570" lon="148.2967500"/>
      <trkpt lat="-9.1599059" lon="148.2967609"/>
      <trkpt lat="-9.1600312" lon="148.2968318"/>
      <trkpt lat="-9.1601183" lon="148.2969000"/>
    </trkseg>
  </trk>
  <trk>
    <name>Rondi - Jefferson Amunisa</name>
    <desc>Walked by Jefferson Amunisa. 29.7 km, 28 track(s), recorded on the ground. Rondi, Zone 2.</desc>
    <type>walked-boundary</type>
    <trkseg>
      <trkpt lat="-9.1600867" lon="148.2969567"/>
      <trkpt lat="-9.1599211" lon="148.2970297"/>
      <trkpt lat="-9.1597983" lon="148.2971356"/>
      <trkpt lat="-9.1597167" lon="148.2972733"/>
      <trkpt lat="-9.1596525" lon="148.2974325"/>
      <trkpt lat="-9.1595847" lon="148.2975928"/>
      <trkpt lat="-9.1595239" lon="148.2977579"/>
      <trkpt lat="-9.1594781" lon="148.2979298"/>
      <trkpt lat="-9.1593974" lon="148.2980733"/>
      <trkpt lat="-9.1592714" lon="148.2981858"/>
      <trkpt lat="-9.1591213" lon="148.2982800"/>
      <trkpt lat="-9.1590226" lon="148.2983991"/>
      <trkpt lat="-9.1589970" lon="148.2985438"/>
      <trkpt lat="-9.1590354" lon="148.2987014"/>
      <trkpt lat="-9.1590870" lon="148.2988638"/>
      <trkpt lat="-9.1591309" lon="148.2990301"/>
      <trkpt lat="-9.1591819" lon="148.2992025"/>
      <trkpt lat="-9.1592408" lon="148.2993722"/>
      <trkpt lat="-9.1593062" lon="148.2995406"/>
      <trkpt lat="-9.1593496" lon="148.2996640"/>
      <trkpt lat="-9.1593750" lon="148.2997417"/>
    </trkseg>
    <trkseg>
      <trkpt lat="-9.1592767" lon="148.2997500"/>
      <trkpt lat="-9.1591114" lon="148.2998140"/>
      <trkpt lat="-9.1589574" lon="148.2998998"/>
      <trkpt lat="-9.1588440" lon="148.3000263"/>
      <trkpt lat="-9.1587505" lon="148.3001741"/>
      <trkpt lat="-9.1586589" lon="148.3003251"/>
      <trkpt lat="-9.1585457" lon="148.3004640"/>
      <trkpt lat="-9.1584238" lon="148.3005921"/>
      <trkpt lat="-9.1583180" lon="148.3007318"/>
      <trkpt lat="-9.1582109" lon="148.3008711"/>
      <trkpt lat="-9.1581209" lon="148.3010260"/>
      <trkpt lat="-9.1580323" lon="148.3011812"/>
      <trkpt lat="-9.1579852" lon="148.3013495"/>
      <trkpt lat="-9.1579826" lon="148.3015096"/>
      <trkpt lat="-9.1580250" lon="148.3016617"/>
    </trkseg>
    <trkseg>
      <trkpt lat="-9.1576600" lon="148.3032567"/>
      <trkpt lat="-9.1577213" lon="148.3033219"/>
      <trkpt lat="-9.1577904" lon="148.3034352"/>
      <trkpt lat="-9.1578626" lon="148.3035990"/>
      <trkpt lat="-9.1579300" lon="148.3037633"/>
      <trkpt lat="-9.1579749" lon="148.3039361"/>
      <trkpt lat="-9.1580130" lon="148.3041120"/>
      <trkpt lat="-9.1580637" lon="148.3042852"/>
      <trkpt lat="-9.1581152" lon="148.3044585"/>
      <trkpt lat="-9.1581562" lon="148.3046350"/>
      <trkpt lat="-9.1581770" lon="148.3048145"/>
      <trkpt lat="-9.1581709" lon="148.3049922"/>
      <trkpt lat="-9.1581199" lon="148.3051592"/>
      <trkpt lat="-9.1580095" lon="148.3052606"/>
      <trkpt lat="-9.1578728" lon="148.3052706"/>
      <trkpt lat="-9.1577544" lon="148.3051774"/>
      <trkpt lat="-9.1577111" lon="148.3050530"/>
      <trkpt lat="-9.1576944" lon="148.3049147"/>
      <trkpt lat="-9.1576542" lon="148.3048267"/>
      <trkpt lat="-9.1575688" lon="148.3048138"/>
      <trkpt lat="-9.1574626" lon="148.3048745"/>
      <trkpt lat="-9.1573363" lon="148.3049467"/>
      <trkpt lat="-9.1571938" lon="148.3049985"/>
      <trkpt lat="-9.1570603" lon="148.3049748"/>
      <trkpt lat="-9.1569773" lon="148.3048858"/>
      <trkpt lat="-9.1568962" lon="148.3047458"/>
      <trkpt lat="-9.1568657" lon="148.3046068"/>
      <trkpt lat="-9.1568560" lon="148.3044667"/>
      <trkpt lat="-9.1568934" lon="148.3042992"/>
      <trkpt lat="-9.1569022" lon="148.3041200"/>
      <trkpt lat="-9.1568741" lon="148.3039448"/>
      <trkpt lat="-9.1568037" lon="148.3038392"/>
      <trkpt lat="-9.1567046" lon="148.3038355"/>
      <trkpt lat="-9.1565900" lon="148.3038766"/>
      <trkpt lat="-9.1564758" lon="148.3038623"/>
      <trkpt lat="-9.1563680" lon="148.3037554"/>
      <trkpt lat="-9.1563174" lon="148.3036005"/>
      <trkpt lat="-9.1563463" lon="148.3034487"/>
      <trkpt lat="-9.1564298" lon="148.3032934"/>
      <trkpt lat="-9.1565510" lon="148.3031864"/>
      <trkpt lat="-9.1566867" lon="148.3031072"/>
      <trkpt lat="-9.1568521" lon="148.3030871"/>
      <trkpt lat="-9.1570161" lon="148.3031047"/>
      <trkpt lat="-9.1571828" lon="148.3031274"/>
      <trkpt lat="-9.1573532" lon="148.3031457"/>
      <trkpt lat="-9.1575002" lon="148.3031395"/>
      <trkpt lat="-9.1576183" lon="148.3031467"/>
    </trkseg>
    <trkseg>
      <trkpt lat="-9.1580167" lon="148.3016867"/>
      <trkpt lat="-9.1581615" lon="148.3017750"/>
      <trkpt lat="-9.1583238" lon="148.3018246"/>
      <trkpt lat="-9.1585020" lon="148.3018435"/>
      <trkpt lat="-9.1586708" lon="148.3018863"/>
      <trkpt lat="-9.1588319" lon="148.3019578"/>
      <trkpt lat="-9.1589604" lon="148.3020694"/>
      <trkpt lat="-9.1590141" lon="148.3022038"/>
      <trkpt lat="-9.1589974" lon="148.3023663"/>
      <trkpt lat="-9.1589426" lon="148.3025385"/>
      <trkpt lat="-9.1589195" lon="148.3027156"/>
      <trkpt lat="-9.1589319" lon="148.3028923"/>
      <trkpt lat="-9.1589806" lon="148.3030655"/>
      <trkpt lat="-9.1590533" lon="148.3032303"/>
      <trkpt lat="-9.1591432" lon="148.3033873"/>
      <trkpt lat="-9.1592410" lon="148.3035399"/>
      <trkpt lat="-9.1593352" lon="148.3036945"/>
      <trkpt lat="-9.1594311" lon="148.3038457"/>
      <trkpt lat="-9.1595262" lon="148.3039937"/>
      <trkpt lat="-9.1596058" lon="148.3041466"/>
      <trkpt lat="-9.1596650" lon="148.3043113"/>
      <trkpt lat="-9.1597022" lon="148.3044873"/>
      <trkpt lat="-9.1597550" lon="148.3046582"/>
      <trkpt lat="-9.1598186" lon="148.3048255"/>
      <trkpt lat="-9.1598983" lon="148.3049884"/>
      <trkpt lat="-9.1599661" lon="148.3051547"/>
      <trkpt lat="-9.1600068" lon="148.3053275"/>
      <trkpt lat="-9.1600312" lon="148.3055052"/>
      <trkpt lat="-9.1600568" lon="148.3056839"/>
      <trkpt lat="-9.1600913" lon="148.3058618"/>
      <trkpt lat="-9.1601216" lon="148.3060402"/>
      <trkpt lat="-9.1601299" lon="148.3062203"/>
      <trkpt lat="-9.1601153" lon="148.3063996"/>
      <trkpt lat="-9.1601126" lon="148.3065759"/>
      <trkpt lat="-9.1601393" lon="148.3067478"/>
      <trkpt lat="-9.1601936" lon="148.3069192"/>
      <trkpt lat="-9.1602385" lon="148.3070934"/>
      <trkpt lat="-9.1602795" lon="148.3072679"/>
      <trkpt lat="-9.1603094" lon="148.3074420"/>
      <trkpt lat="-9.1603463" lon="148.3076150"/>
      <trkpt lat="-9.1603758" lon="148.3077887"/>
      <trkpt lat="-9.1604230" lon="148.3079611"/>
      <trkpt lat="-9.1604710" lon="148.3081330"/>
      <trkpt lat="-9.1605266" lon="148.3083052"/>
      <trkpt lat="-9.1605711" lon="148.3084794"/>
      <trkpt lat="-9.1606297" lon="148.3086479"/>
      <trkpt lat="-9.1607078" lon="148.3087994"/>
      <trkpt lat="-9.1608161" lon="148.3089331"/>
      <trkpt lat="-9.1609007" lon="148.3090744"/>
      <trkpt lat="-9.1609389" lon="148.3092362"/>
      <trkpt lat="-9.1609253" lon="148.3094149"/>
      <trkpt lat="-9.1609113" lon="148.3095937"/>
      <trkpt lat="-9.1609148" lon="148.3097715"/>
      <trkpt lat="-9.1609527" lon="148.3099477"/>
      <trkpt lat="-9.1610068" lon="148.3101205"/>
      <trkpt lat="-9.1610699" lon="148.3102908"/>
      <trkpt lat="-9.1611381" lon="148.3104590"/>
      <trkpt lat="-9.1612232" lon="148.3106161"/>
      <trkpt lat="-9.1613393" lon="148.3107468"/>
      <trkpt lat="-9.1614854" lon="148.3108334"/>
      <trkpt lat="-9.1616476" lon="148.3108883"/>
      <trkpt lat="-9.1617674" lon="148.3109283"/>
      <trkpt lat="-9.1618321" lon="148.3109561"/>
      <trkpt lat="-9.1618510" lon="148.3109966"/>
      <trkpt lat="-9.1619035" lon="148.3110613"/>
      <trkpt lat="-9.1619767" lon="148.3111838"/>
      <trkpt lat="-9.1620321" lon="148.3113355"/>
      <trkpt lat="-9.1620298" lon="148.3115062"/>
      <trkpt lat="-9.1620321" lon="148.3116717"/>
      <trkpt lat="-9.1620927" lon="148.3118166"/>
      <trkpt lat="-9.1621971" lon="148.3119550"/>
      <trkpt lat="-9.1623005" lon="148.3120905"/>
      <trkpt lat="-9.1623628" lon="148.3121564"/>
      <trkpt lat="-9.1624345" lon="148.3122027"/>
      <trkpt lat="-9.1625337" lon="148.3122268"/>
      <trkpt lat="-9.1626828" lon="148.3122990"/>
      <trkpt lat="-9.1628436" lon="148.3123718"/>
      <trkpt lat="-9.1630010" lon="148.3124442"/>
      <trkpt lat="-9.1631375" lon="148.3125502"/>
      <trkpt lat="-9.1632541" lon="148.3126756"/>
      <trkpt lat="-9.1633631" lon="148.3128155"/>
      <trkpt lat="-9.1634838" lon="148.3129432"/>
      <trkpt lat="-9.1636188" lon="148.3130589"/>
      <trkpt lat="-9.1637607" lon="148.3131691"/>
      <trkpt lat="-9.1639130" lon="148.3132548"/>
      <trkpt lat="-9.1640760" lon="148.3133204"/>
      <trkpt lat="-9.1642453" lon="148.3133748"/>
      <trkpt lat="-9.1643994" lon="148.3134551"/>
      <trkpt lat="-9.1645350" lon="148.3135624"/>
      <trkpt lat="-9.1646673" lon="148.3136764"/>
      <trkpt lat="-9.1648089" lon="148.3137834"/>
      <trkpt lat="-9.1649637" lon="148.3138764"/>
      <trkpt lat="-9.1650862" lon="148.3139954"/>
      <trkpt lat="-9.1651924" lon="148.3141331"/>
      <trkpt lat="-9.1652738" lon="148.3142910"/>
      <trkpt lat="-9.1653649" lon="148.3144392"/>
      <trkpt lat="-9.1654094" lon="148.3145438"/>
      <trkpt lat="-9.1654277" lon="148.3145933"/>
      <trkpt lat="-9.1654150" lon="148.3145950"/>
    </trkseg>
    <trkseg>
      <trkpt lat="-9.1646500" lon="148.3155683"/>
      <trkpt lat="-9.1644978" lon="148.3155366"/>
      <trkpt lat="-9.1643406" lon="148.3155367"/>
      <trkpt lat="-9.1641734" lon="148.3155542"/>
      <trkpt lat="-9.1640115" lon="148.3155812"/>
      <trkpt lat="-9.1638756" lon="148.3156348"/>
      <trkpt lat="-9.1637412" lon="148.3157070"/>
      <trkpt lat="-9.1636392" lon="148.3157987"/>
      <trkpt lat="-9.1635581" lon="148.3159148"/>
      <trkpt lat="-9.1635387" lon="148.3160817"/>
      <trkpt lat="-9.1635534" lon="148.3162530"/>
      <trkpt lat="-9.1635972" lon="148.3164246"/>
      <trkpt lat="-9.1636790" lon="148.3165810"/>
      <trkpt lat="-9.1637793" lon="148.3167133"/>
      <trkpt lat="-9.1638735" lon="148.3167842"/>
      <trkpt lat="-9.1639417" lon="148.3168050"/>
    </trkseg>
    <trkseg>
      <trkpt lat="-9.1681950" lon="148.3164533"/>
      <trkpt lat="-9.1680606" lon="148.3164687"/>
      <trkpt lat="-9.1679636" lon="148.3165550"/>
      <trkpt lat="-9.1679323" lon="148.3167116"/>
      <trkpt lat="-9.1679146" lon="148.3168768"/>
      <trkpt lat="-9.1679651" lon="148.3170032"/>
      <trkpt lat="-9.1680308" lon="148.3171157"/>
      <trkpt lat="-9.1681270" lon="148.3172259"/>
      <trkpt lat="-9.1682040" lon="148.3173668"/>
      <trkpt lat="-9.1683057" lon="148.3174869"/>
      <trkpt lat="-9.1684573" lon="148.3175595"/>
      <trkpt lat="-9.1685847" lon="148.3176269"/>
      <trkpt lat="-9.1687043" lon="148.3176984"/>
      <trkpt lat="-9.1688032" lon="148.3178080"/>
      <trkpt lat="-9.1689390" lon="148.3178601"/>
      <trkpt lat="-9.1690593" lon="148.3178425"/>
      <trkpt lat="-9.1691911" lon="148.3177996"/>
      <trkpt lat="-9.1693330" lon="148.3177731"/>
      <trkpt lat="-9.1694875" lon="148.3177564"/>
      <trkpt lat="-9.1696142" lon="148.3176648"/>
      <trkpt lat="-9.1696979" lon="148.3175146"/>
      <trkpt lat="-9.1697504" lon="148.3173468"/>
      <trkpt lat="-9.1697825" lon="148.3171745"/>
      <trkpt lat="-9.1697675" lon="148.3170171"/>
      <trkpt lat="-9.1696792" lon="148.3169036"/>
      <trkpt lat="-9.1695310" lon="148.3168378"/>
      <trkpt lat="-9.1693571" lon="148.3167943"/>
      <trkpt lat="-9.1691828" lon="148.3167568"/>
      <trkpt lat="-9.1690089" lon="148.3167160"/>
      <trkpt lat="-9.1688348" lon="148.3166745"/>
      <trkpt lat="-9.1686690" lon="148.3166064"/>
      <trkpt lat="-9.1685031" lon="148.3165459"/>
      <trkpt lat="-9.1683573" lon="148.3165119"/>
      <trkpt lat="-9.1682267" lon="148.3165133"/>
    </trkseg>
    <trkseg>
      <trkpt lat="-9.1653717" lon="148.3145500"/>
      <trkpt lat="-9.1655147" lon="148.3145177"/>
      <trkpt lat="-9.1656462" lon="148.3144728"/>
      <trkpt lat="-9.1657739" lon="148.3144457"/>
      <trkpt lat="-9.1659324" lon="148.3144557"/>
      <trkpt lat="-9.1661016" lon="148.3144591"/>
      <trkpt lat="-9.1662762" lon="148.3144424"/>
      <trkpt lat="-9.1664533" lon="148.3144446"/>
      <trkpt lat="-9.1666247" lon="148.3144879"/>
      <trkpt lat="-9.1667894" lon="148.3145531"/>
      <trkpt lat="-9.1669540" lon="148.3146197"/>
      <trkpt lat="-9.1671212" lon="148.3146816"/>
      <trkpt lat="-9.1672916" lon="148.3147337"/>
      <trkpt lat="-9.1674624" lon="148.3147805"/>
      <trkpt lat="-9.1676380" lon="148.3147969"/>
      <trkpt lat="-9.1678162" lon="148.3147871"/>
      <trkpt lat="-9.1679949" lon="148.3147664"/>
      <trkpt lat="-9.1681731" lon="148.3147404"/>
      <trkpt lat="-9.1683473" lon="148.3147439"/>
      <trkpt lat="-9.1685137" lon="148.3147789"/>
      <trkpt lat="-9.1686800" lon="148.3148332"/>
      <trkpt lat="-9.1688512" lon="148.3148699"/>
      <trkpt lat="-9.1690179" lon="148.3148988"/>
      <trkpt lat="-9.1691614" lon="148.3149617"/>
      <trkpt lat="-9.1692955" lon="148.3150550"/>
      <trkpt lat="-9.1694317" lon="148.3151625"/>
      <trkpt lat="-9.1695886" lon="148.3152437"/>
      <trkpt lat="-9.1697418" lon="148.3153114"/>
      <trkpt lat="-9.1698857" lon="148.3153901"/>
      <trkpt lat="-9.1700166" lon="148.3154950"/>
      <trkpt lat="-9.1701434" lon="148.3156179"/>
      <trkpt lat="-9.1702604" lon="148.3157476"/>
      <trkpt lat="-9.1703606" lon="148.3158900"/>
      <trkpt lat="-9.1704494" lon="148.3160462"/>
      <trkpt lat="-9.1705493" lon="148.3161926"/>
      <trkpt lat="-9.1706808" lon="148.3162965"/>
      <trkpt lat="-9.1708072" lon="148.3164038"/>
      <trkpt lat="-9.1709473" lon="148.3164594"/>
      <trkpt lat="-9.1710879" lon="148.3164917"/>
      <trkpt lat="-9.1712622" lon="148.3164665"/>
      <trkpt lat="-9.1714354" lon="148.3164323"/>
      <trkpt lat="-9.1716021" lon="148.3163907"/>
      <trkpt lat="-9.1717298" lon="148.3164043"/>
      <trkpt lat="-9.1718370" lon="148.3164814"/>
      <trkpt lat="-9.1719394" lon="148.3165544"/>
      <trkpt lat="-9.1720712" lon="148.3165922"/>
      <trkpt lat="-9.1722113" lon="148.3165639"/>
      <trkpt lat="-9.1723577" lon="148.3165856"/>
      <trkpt lat="-9.1724892" lon="148.3166179"/>
      <trkpt lat="-9.1726183" lon="148.3166815"/>
      <trkpt lat="-9.1727377" lon="148.3167319"/>
      <trkpt lat="-9.1728774" lon="148.3167366"/>
      <trkpt lat="-9.1730362" lon="148.3167387"/>
      <trkpt lat="-9.1731807" lon="148.3166811"/>
      <trkpt lat="-9.1733127" lon="148.3166447"/>
      <trkpt lat="-9.1734070" lon="148.3166572"/>
      <trkpt lat="-9.1735145" lon="148.3167120"/>
      <trkpt lat="-9.1735803" lon="148.3167048"/>
      <trkpt lat="-9.1736254" lon="148.3165819"/>
      <trkpt lat="-9.1736714" lon="148.3164337"/>
      <trkpt lat="-9.1737726" lon="148.3163259"/>
      <trkpt lat="-9.1739172" lon="148.3162716"/>
      <trkpt lat="-9.1740750" lon="148.3162412"/>
      <trkpt lat="-9.1742073" lon="148.3162155"/>
      <trkpt lat="-9.1743556" lon="148.3161923"/>
      <trkpt lat="-9.1744820" lon="148.3162189"/>
      <trkpt lat="-9.1746222" lon="148.3162987"/>
      <trkpt lat="-9.1747443" lon="148.3163525"/>
      <trkpt lat="-9.1748270" lon="148.3163056"/>
      <trkpt lat="-9.1748255" lon="148.3161733"/>
      <trkpt lat="-9.1747972" lon="148.3160690"/>
      <trkpt lat="-9.1748174" lon="148.3160182"/>
      <trkpt lat="-9.1748846" lon="148.3159543"/>
      <trkpt lat="-9.1749632" lon="148.3158412"/>
      <trkpt lat="-9.1750374" lon="148.3157217"/>
      <trkpt lat="-9.1751504" lon="148.3156838"/>
      <trkpt lat="-9.1752627" lon="148.3156720"/>
      <trkpt lat="-9.1753914" lon="148.3156869"/>
      <trkpt lat="-9.1755295" lon="148.3156909"/>
      <trkpt lat="-9.1756711" lon="148.3157597"/>
      <trkpt lat="-9.1758009" lon="148.3158321"/>
      <trkpt lat="-9.1759190" lon="148.3158528"/>
      <trkpt lat="-9.1760270" lon="148.3157966"/>
      <trkpt lat="-9.1761476" lon="148.3157244"/>
      <trkpt lat="-9.1762649" lon="148.3157194"/>
      <trkpt lat="-9.1763346" lon="148.3157827"/>
      <trkpt lat="-9.1763103" lon="148.3158807"/>
      <trkpt lat="-9.1762826" lon="148.3159820"/>
      <trkpt lat="-9.1763030" lon="148.3160855"/>
      <trkpt lat="-9.1764124" lon="148.3161216"/>
      <trkpt lat="-9.1765429" lon="148.3161323"/>
      <trkpt lat="-9.1766947" lon="148.3161515"/>
      <trkpt lat="-9.1768461" lon="148.3161926"/>
      <trkpt lat="-9.1769630" lon="148.3161957"/>
      <trkpt lat="-9.1770692" lon="148.3161167"/>
      <trkpt lat="-9.1771503" lon="148.3159922"/>
      <trkpt lat="-9.1772465" lon="148.3159450"/>
      <trkpt lat="-9.1773341" lon="148.3159950"/>
      <trkpt lat="-9.1774208" lon="148.3161507"/>
      <trkpt lat="-9.1774949" lon="148.3163165"/>
      <trkpt lat="-9.1775541" lon="148.3164857"/>
      <trkpt lat="-9.1776154" lon="148.3166522"/>
      <trkpt lat="-9.1776714" lon="148.3168210"/>
      <trkpt lat="-9.1777545" lon="148.3169787"/>
      <trkpt lat="-9.1778551" lon="148.3171239"/>
      <trkpt lat="-9.1779760" lon="148.3172559"/>
      <trkpt lat="-9.1781130" lon="148.3173725"/>
      <trkpt lat="-9.1782389" lon="148.3174966"/>
      <trkpt lat="-9.1783572" lon="148.3176233"/>
      <trkpt lat="-9.1784749" lon="148.3177492"/>
      <trkpt lat="-9.1785835" lon="148.3178829"/>
      <trkpt lat="-9.1786830" lon="148.3180255"/>
      <trkpt lat="-9.1787653" lon="148.3181846"/>
      <trkpt lat="-9.1788563" lon="148.3183352"/>
      <trkpt lat="-9.1789608" lon="148.3184752"/>
      <trkpt lat="-9.1790395" lon="148.3186260"/>
      <trkpt lat="-9.1791049" lon="148.3187871"/>
      <trkpt lat="-9.1791426" lon="148.3189615"/>
      <trkpt lat="-9.1792202" lon="148.3191145"/>
      <trkpt lat="-9.1793166" lon="148.3192482"/>
      <trkpt lat="-9.1794048" lon="148.3193828"/>
      <trkpt lat="-9.1794458" lon="148.3194664"/>
      <trkpt lat="-9.1794867" lon="148.3195586"/>
      <trkpt lat="-9.1795595" lon="148.3196414"/>
      <trkpt lat="-9.1796677" lon="148.3197858"/>
      <trkpt lat="-9.1797766" lon="148.3199294"/>
      <trkpt lat="-9.1798770" lon="148.3200784"/>
      <trkpt lat="-9.1799779" lon="148.3202267"/>
      <trkpt lat="-9.1800750" lon="148.3203779"/>
      <trkpt lat="-9.1801884" lon="148.3205153"/>
      <trkpt lat="-9.1803042" lon="148.3206483"/>
      <trkpt lat="-9.1804230" lon="148.3207781"/>
      <trkpt lat="-9.1805386" lon="148.3209131"/>
      <trkpt lat="-9.1806643" lon="148.3210389"/>
      <trkpt lat="-9.1807895" lon="148.3211663"/>
      <trkpt lat="-9.1809100" lon="148.3212962"/>
      <trkpt lat="-9.1810391" lon="148.3214074"/>
      <trkpt lat="-9.1811844" lon="148.3214933"/>
      <trkpt lat="-9.1813413" lon="148.3215701"/>
      <trkpt lat="-9.1814913" lon="148.3216643"/>
      <trkpt lat="-9.1816418" lon="148.3217562"/>
      <trkpt lat="-9.1818000" lon="148.3218205"/>
      <trkpt lat="-9.1819315" lon="148.3219040"/>
      <trkpt lat="-9.1820623" lon="148.3219906"/>
      <trkpt lat="-9.1821984" lon="148.3220747"/>
      <trkpt lat="-9.1823708" lon="148.3221189"/>
      <trkpt lat="-9.1825485" lon="148.3221432"/>
      <trkpt lat="-9.1827269" lon="148.3221643"/>
      <trkpt lat="-9.1829065" lon="148.3221672"/>
      <trkpt lat="-9.1830857" lon="148.3221762"/>
      <trkpt lat="-9.1832624" lon="148.3221974"/>
      <trkpt lat="-9.1834384" lon="148.3222340"/>
      <trkpt lat="-9.1836047" lon="148.3222963"/>
      <trkpt lat="-9.1837642" lon="148.3223722"/>
      <trkpt lat="-9.1839241" lon="148.3224462"/>
      <trkpt lat="-9.1840921" lon="148.3225025"/>
      <trkpt lat="-9.1842651" lon="148.3225493"/>
      <trkpt lat="-9.1844310" lon="148.3226165"/>
      <trkpt lat="-9.1845865" lon="148.3227043"/>
      <trkpt lat="-9.1847370" lon="148.3228022"/>
      <trkpt lat="-9.1848938" lon="148.3228804"/>
      <trkpt lat="-9.1850599" lon="148.3229412"/>
      <trkpt lat="-9.1852268" lon="148.3229999"/>
      <trkpt lat="-9.1853814" lon="148.3230879"/>
      <trkpt lat="-9.1855224" lon="148.3231987"/>
      <trkpt lat="-9.1856572" lon="148.3233191"/>
      <trkpt lat="-9.1857974" lon="148.3234302"/>
      <trkpt lat="-9.1859391" lon="148.3235367"/>
      <trkpt lat="-9.1860909" lon="148.3236281"/>
      <trkpt lat="-9.1862412" lon="148.3237223"/>
      <trkpt lat="-9.1863947" lon="148.3238152"/>
      <trkpt lat="-9.1865463" lon="148.3239114"/>
      <trkpt lat="-9.1866964" lon="148.3240110"/>
      <trkpt lat="-9.1868360" lon="148.3241201"/>
      <trkpt lat="-9.1869676" lon="148.3242382"/>
      <trkpt lat="-9.1870976" lon="148.3243573"/>
      <trkpt lat="-9.1872374" lon="148.3244675"/>
      <trkpt lat="-9.1873772" lon="148.3245806"/>
      <trkpt lat="-9.1875090" lon="148.3247028"/>
      <trkpt lat="-9.1876392" lon="148.3248263"/>
      <trkpt lat="-9.1877519" lon="148.3249618"/>
      <trkpt lat="-9.1878770" lon="148.3250810"/>
      <trkpt lat="-9.1880081" lon="148.3251928"/>
      <trkpt lat="-9.1881678" lon="148.3252746"/>
      <trkpt lat="-9.1883334" lon="148.3253429"/>
      <trkpt lat="-9.1885063" lon="148.3253898"/>
      <trkpt lat="-9.1886818" lon="148.3254275"/>
      <trkpt lat="-9.1888553" lon="148.3254307"/>
      <trkpt lat="-9.1890246" lon="148.3254143"/>
      <trkpt lat="-9.1891876" lon="148.3254144"/>
      <trkpt lat="-9.1893393" lon="148.3254704"/>
      <trkpt lat="-9.1894804" lon="148.3255760"/>
      <trkpt lat="-9.1896284" lon="148.3256596"/>
      <trkpt lat="-9.1897701" lon="148.3256706"/>
      <trkpt lat="-9.1899203" lon="148.3256705"/>
      <trkpt lat="-9.1900699" lon="148.3256676"/>
      <trkpt lat="-9.1902400" lon="148.3256854"/>
      <trkpt lat="-9.1904172" lon="148.3256740"/>
      <trkpt lat="-9.1905925" lon="148.3256731"/>
      <trkpt lat="-9.1907629" lon="148.3257151"/>
      <trkpt lat="-9.1909253" lon="148.3257893"/>
      <trkpt lat="-9.1910840" lon="148.3258753"/>
      <trkpt lat="-9.1912491" lon="148.3259410"/>
      <trkpt lat="-9.1914212" lon="148.3259870"/>
      <trkpt lat="-9.1915947" lon="148.3260258"/>
      <trkpt lat="-9.1917626" lon="148.3260834"/>
      <trkpt lat="-9.1919244" lon="148.3261546"/>
      <trkpt lat="-9.1920753" lon="148.3262445"/>
      <trkpt lat="-9.1922204" lon="148.3263421"/>
      <trkpt lat="-9.1923619" lon="148.3264482"/>
      <trkpt lat="-9.1925140" lon="148.3265319"/>
      <trkpt lat="-9.1926688" lon="148.3266033"/>
      <trkpt lat="-9.1928017" lon="148.3266954"/>
      <trkpt lat="-9.1929100" lon="148.3268232"/>
      <trkpt lat="-9.1930016" lon="148.3269776"/>
      <trkpt lat="-9.1931042" lon="148.3271247"/>
      <trkpt lat="-9.1932079" lon="148.3272709"/>
      <trkpt lat="-9.1933196" lon="148.3274117"/>
      <trkpt lat="-9.1934246" lon="148.3275571"/>
      <trkpt lat="-9.1935359" lon="148.3276988"/>
      <trkpt lat="-9.1936224" lon="148.3278509"/>
      <trkpt lat="-9.1936854" lon="148.3280097"/>
      <trkpt lat="-9.1937295" lon="148.3281785"/>
      <trkpt lat="-9.1937353" lon="148.3283462"/>
      <trkpt lat="-9.1937353" lon="148.3285165"/>
      <trkpt lat="-9.1937404" lon="148.3286851"/>
      <trkpt lat="-9.1937982" lon="148.3288526"/>
      <trkpt lat="-9.1938975" lon="148.3290007"/>
      <trkpt lat="-9.1940087" lon="148.3291410"/>
      <trkpt lat="-9.1941051" lon="148.3292817"/>
      <trkpt lat="-9.1942127" lon="148.3293992"/>
      <trkpt lat="-9.1942909" lon="148.3295255"/>
      <trkpt lat="-9.1943509" lon="148.3296557"/>
      <trkpt lat="-9.1943934" lon="148.3298147"/>
      <trkpt lat="-9.1944451" lon="148.3299752"/>
      <trkpt lat="-9.1945237" lon="148.3301343"/>
      <trkpt lat="-9.1946108" lon="148.3302852"/>
      <trkpt lat="-9.1947359" lon="148.3304057"/>
      <trkpt lat="-9.1948884" lon="148.3304994"/>
      <trkpt lat="-9.1950490" lon="148.3305782"/>
      <trkpt lat="-9.1952155" lon="148.3306336"/>
      <trkpt lat="-9.1953885" lon="148.3306680"/>
      <trkpt lat="-9.1955609" lon="148.3306850"/>
      <trkpt lat="-9.1957278" lon="148.3306948"/>
      <trkpt lat="-9.1958936" lon="148.3306873"/>
      <trkpt lat="-9.1960659" lon="148.3306740"/>
      <trkpt lat="-9.1962407" lon="148.3306585"/>
      <trkpt lat="-9.1964148" lon="148.3306494"/>
      <trkpt lat="-9.1965854" lon="148.3306183"/>
      <trkpt lat="-9.1967572" lon="148.3306062"/>
      <trkpt lat="-9.1969294" lon="148.3305910"/>
      <trkpt lat="-9.1971030" lon="148.3306091"/>
      <trkpt lat="-9.1972783" lon="148.3306221"/>
      <trkpt lat="-9.1974494" lon="148.3306659"/>
      <trkpt lat="-9.1976210" lon="148.3306988"/>
      <trkpt lat="-9.1977915" lon="148.3307079"/>
      <trkpt lat="-9.1979668" lon="148.3306827"/>
      <trkpt lat="-9.1981431" lon="148.3306430"/>
      <trkpt lat="-9.1983194" lon="148.3306051"/>
      <trkpt lat="-9.1984941" lon="148.3305947"/>
      <trkpt lat="-9.1986673" lon="148.3306138"/>
      <trkpt lat="-9.1988391" lon="148.3306605"/>
      <trkpt lat="-9.1989976" lon="148.3307319"/>
      <trkpt lat="-9.1991475" lon="148.3308197"/>
      <trkpt lat="-9.1992725" lon="148.3309440"/>
      <trkpt lat="-9.1993995" lon="148.3310661"/>
      <trkpt lat="-9.1995188" lon="148.3311986"/>
      <trkpt lat="-9.1995902" lon="148.3313389"/>
      <trkpt lat="-9.1996012" lon="148.3314994"/>
      <trkpt lat="-9.1995557" lon="148.3316754"/>
      <trkpt lat="-9.1994961" lon="148.3318439"/>
      <trkpt lat="-9.1994074" lon="148.3319944"/>
      <trkpt lat="-9.1993030" lon="148.3321378"/>
      <trkpt lat="-9.1992071" lon="148.3322858"/>
      <trkpt lat="-9.1991761" lon="148.3324486"/>
      <trkpt lat="-9.1992026" lon="148.3326146"/>
      <trkpt lat="-9.1992956" lon="148.3327638"/>
      <trkpt lat="-9.1994122" lon="148.3328970"/>
      <trkpt lat="-9.1995374" lon="148.3330248"/>
      <trkpt lat="-9.1996524" lon="148.3331627"/>
      <trkpt lat="-9.1997556" lon="148.3333093"/>
      <trkpt lat="-9.1998772" lon="148.3334354"/>
      <trkpt lat="-9.2000126" lon="148.3335475"/>
      <trkpt lat="-9.2001711" lon="148.3336317"/>
      <trkpt lat="-9.2003308" lon="148.3337125"/>
      <trkpt lat="-9.2004940" lon="148.3337877"/>
      <trkpt lat="-9.2006380" lon="148.3338880"/>
      <trkpt lat="-9.2007768" lon="148.3339927"/>
      <trkpt lat="-9.2009188" lon="148.3340856"/>
      <trkpt lat="-9.2010770" lon="148.3341592"/>
      <trkpt lat="-9.2012287" lon="148.3342453"/>
      <trkpt lat="-9.2013581" lon="148.3343619"/>
      <trkpt lat="-9.2014300" lon="148.3345095"/>
      <trkpt lat="-9.2014544" lon="148.3346755"/>
      <trkpt lat="-9.2014130" lon="148.3348410"/>
      <trkpt lat="-9.2013221" lon="148.3349756"/>
      <trkpt lat="-9.2011785" lon="148.3350676"/>
      <trkpt lat="-9.2010188" lon="148.3351402"/>
      <trkpt lat="-9.2008697" lon="148.3352264"/>
      <trkpt lat="-9.2007263" lon="148.3353197"/>
      <trkpt lat="-9.2005970" lon="148.3354336"/>
      <trkpt lat="-9.2005053" lon="148.3355667"/>
      <trkpt lat="-9.2004798" lon="148.3357339"/>
      <trkpt lat="-9.2005208" lon="148.3359020"/>
      <trkpt lat="-9.2006005" lon="148.3360613"/>
      <trkpt lat="-9.2007113" lon="148.3362008"/>
      <trkpt lat="-9.2008373" lon="148.3363266"/>
      <trkpt lat="-9.2009667" lon="148.3364470"/>
      <trkpt lat="-9.2010862" lon="148.3365764"/>
      <trkpt lat="-9.2011810" lon="148.3367234"/>
      <trkpt lat="-9.2012372" lon="148.3368861"/>
      <trkpt lat="-9.2012548" lon="148.3370614"/>
      <trkpt lat="-9.2012485" lon="148.3372431"/>
      <trkpt lat="-9.2012414" lon="148.3374122"/>
      <trkpt lat="-9.2012751" lon="148.3375669"/>
      <trkpt lat="-9.2013650" lon="148.3376836"/>
      <trkpt lat="-9.2015169" lon="148.3377498"/>
      <trkpt lat="-9.2016906" lon="148.3377738"/>
      <trkpt lat="-9.2018688" lon="148.3377674"/>
      <trkpt lat="-9.2020467" lon="148.3377597"/>
      <trkpt lat="-9.2022223" lon="148.3377646"/>
      <trkpt lat="-9.2023787" lon="148.3378184"/>
      <trkpt lat="-9.2025018" lon="148.3379307"/>
      <trkpt lat="-9.2026162" lon="148.3380593"/>
      <trkpt lat="-9.2027447" lon="148.3381699"/>
      <trkpt lat="-9.2028876" lon="148.3382712"/>
      <trkpt lat="-9.2030040" lon="148.3383960"/>
      <trkpt lat="-9.2030714" lon="148.3385577"/>
      <trkpt lat="-9.2031038" lon="148.3387334"/>
      <trkpt lat="-9.2031418" lon="148.3389066"/>
      <trkpt lat="-9.2032037" lon="148.3390726"/>
      <trkpt lat="-9.2032880" lon="148.3392325"/>
      <trkpt lat="-9.2033760" lon="148.3393900"/>
      <trkpt lat="-9.2034647" lon="148.3395430"/>
      <trkpt lat="-9.2035398" lon="148.3396513"/>
      <trkpt lat="-9.2035967" lon="148.3397167"/>
    </trkseg>
    <trkseg>
      <trkpt lat="-9.2036333" lon="148.3397417"/>
      <trkpt lat="-9.2037790" lon="148.3398448"/>
      <trkpt lat="-9.2039004" lon="148.3399712"/>
      <trkpt lat="-9.2039999" lon="148.3401162"/>
      <trkpt lat="-9.2040683" lon="148.3402704"/>
      <trkpt lat="-9.2041426" lon="148.3404209"/>
      <trkpt lat="-9.2041769" lon="148.3405623"/>
      <trkpt lat="-9.2041654" lon="148.3406466"/>
      <trkpt lat="-9.2041392" lon="148.3407086"/>
      <trkpt lat="-9.2040832" lon="148.3407763"/>
      <trkpt lat="-9.2040350" lon="148.3408947"/>
      <trkpt lat="-9.2039918" lon="148.3410398"/>
      <trkpt lat="-9.2039768" lon="148.3411993"/>
      <trkpt lat="-9.2039818" lon="148.3413710"/>
      <trkpt lat="-9.2039693" lon="148.3415472"/>
      <trkpt lat="-9.2039539" lon="148.3417189"/>
      <trkpt lat="-9.2039076" lon="148.3418760"/>
      <trkpt lat="-9.2038798" lon="148.3420213"/>
      <trkpt lat="-9.2038829" lon="148.3421662"/>
      <trkpt lat="-9.2039388" lon="148.3423238"/>
      <trkpt lat="-9.2039681" lon="148.3424959"/>
      <trkpt lat="-9.2040257" lon="148.3426468"/>
      <trkpt lat="-9.2040372" lon="148.3427568"/>
      <trkpt lat="-9.2040179" lon="148.3428560"/>
      <trkpt lat="-9.2039421" lon="148.3429810"/>
      <trkpt lat="-9.2038617" lon="148.3431352"/>
      <trkpt lat="-9.2037890" lon="148.3432941"/>
      <trkpt lat="-9.2037166" lon="148.3434514"/>
      <trkpt lat="-9.2036837" lon="148.3436218"/>
      <trkpt lat="-9.2036406" lon="148.3437861"/>
      <trkpt lat="-9.2035962" lon="148.3439479"/>
      <trkpt lat="-9.2035676" lon="148.3441050"/>
      <trkpt lat="-9.2036006" lon="148.3442047"/>
      <trkpt lat="-9.2036580" lon="148.3443088"/>
      <trkpt lat="-9.2037337" lon="148.3443748"/>
      <trkpt lat="-9.2038189" lon="148.3444899"/>
      <trkpt lat="-9.2039215" lon="148.3445916"/>
      <trkpt lat="-9.2040008" lon="148.3447331"/>
      <trkpt lat="-9.2040616" lon="148.3448925"/>
      <trkpt lat="-9.2041053" lon="148.3450645"/>
      <trkpt lat="-9.2041233" lon="148.3452401"/>
      <trkpt lat="-9.2041289" lon="148.3454157"/>
      <trkpt lat="-9.2041305" lon="148.3455913"/>
      <trkpt lat="-9.2041446" lon="148.3457678"/>
      <trkpt lat="-9.2041516" lon="148.3459465"/>
      <trkpt lat="-9.2041247" lon="148.3461090"/>
      <trkpt lat="-9.2040430" lon="148.3461875"/>
      <trkpt lat="-9.2039550" lon="148.3462625"/>
      <trkpt lat="-9.2039256" lon="148.3463442"/>
      <trkpt lat="-9.2039363" lon="148.3465074"/>
      <trkpt lat="-9.2039580" lon="148.3466708"/>
      <trkpt lat="-9.2039890" lon="148.3468215"/>
      <trkpt lat="-9.2040517" lon="148.3469728"/>
      <trkpt lat="-9.2041218" lon="148.3471269"/>
      <trkpt lat="-9.2041585" lon="148.3473047"/>
      <trkpt lat="-9.2041774" lon="148.3474849"/>
      <trkpt lat="-9.2041580" lon="148.3476540"/>
      <trkpt lat="-9.2041003" lon="148.3478131"/>
      <trkpt lat="-9.2040561" lon="148.3479461"/>
      <trkpt lat="-9.2040562" lon="148.3480832"/>
      <trkpt lat="-9.2040793" lon="148.3482293"/>
      <trkpt lat="-9.2040877" lon="148.3484016"/>
      <trkpt lat="-9.2040765" lon="148.3485812"/>
      <trkpt lat="-9.2040762" lon="148.3487612"/>
      <trkpt lat="-9.2040970" lon="148.3489369"/>
      <trkpt lat="-9.2041320" lon="148.3491098"/>
      <trkpt lat="-9.2041567" lon="148.3492804"/>
      <trkpt lat="-9.2041647" lon="148.3494486"/>
      <trkpt lat="-9.2041413" lon="148.3496168"/>
      <trkpt lat="-9.2041066" lon="148.3497844"/>
      <trkpt lat="-9.2040105" lon="148.3499052"/>
      <trkpt lat="-9.2038899" lon="148.3500066"/>
      <trkpt lat="-9.2037466" lon="148.3500920"/>
      <trkpt lat="-9.2036158" lon="148.3502077"/>
      <trkpt lat="-9.2034863" lon="148.3503243"/>
      <trkpt lat="-9.2033492" lon="148.3504332"/>
      <trkpt lat="-9.2031991" lon="148.3504944"/>
      <trkpt lat="-9.2030666" lon="148.3505681"/>
      <trkpt lat="-9.2029478" lon="148.3506575"/>
      <trkpt lat="-9.2028576" lon="148.3508093"/>
      <trkpt lat="-9.2027731" lon="148.3509661"/>
      <trkpt lat="-9.2027074" lon="148.3511321"/>
      <trkpt lat="-9.2026622" lon="148.3513058"/>
      <trkpt lat="-9.2026218" lon="148.3514803"/>
      <trkpt lat="-9.2025812" lon="148.3516505"/>
      <trkpt lat="-9.2025756" lon="148.3518143"/>
      <trkpt lat="-9.2025980" lon="148.3519788"/>
      <trkpt lat="-9.2026128" lon="148.3521448"/>
      <trkpt lat="-9.2025857" lon="148.3523142"/>
      <trkpt lat="-9.2025478" lon="148.3524866"/>
      <trkpt lat="-9.2025371" lon="148.3526584"/>
      <trkpt lat="-9.2025265" lon="148.3528308"/>
      <trkpt lat="-9.2024943" lon="148.3529995"/>
      <trkpt lat="-9.2024440" lon="148.3531654"/>
      <trkpt lat="-9.2023877" lon="148.3533230"/>
      <trkpt lat="-9.2023817" lon="148.3534494"/>
      <trkpt lat="-9.2023791" lon="148.3535831"/>
      <trkpt lat="-9.2023491" lon="148.3536877"/>
      <trkpt lat="-9.2022532" lon="148.3538156"/>
      <trkpt lat="-9.2021136" lon="148.3539097"/>
      <trkpt lat="-9.2019954" lon="148.3540336"/>
      <trkpt lat="-9.2018743" lon="148.3541533"/>
      <trkpt lat="-9.2017534" lon="148.3542693"/>
      <trkpt lat="-9.2016027" lon="148.3543227"/>
      <trkpt lat="-9.2014339" lon="148.3543464"/>
      <trkpt lat="-9.2012787" lon="148.3543920"/>
      <trkpt lat="-9.2011286" lon="148.3544772"/>
      <trkpt lat="-9.2009766" lon="148.3545482"/>
      <trkpt lat="-9.2008078" lon="148.3545912"/>
      <trkpt lat="-9.2006328" lon="148.3546150"/>
      <trkpt lat="-9.2004759" lon="148.3546807"/>
      <trkpt lat="-9.2003464" lon="148.3547826"/>
      <trkpt lat="-9.2002502" lon="148.3549304"/>
      <trkpt lat="-9.2001841" lon="148.3550799"/>
      <trkpt lat="-9.2001303" lon="148.3552336"/>
      <trkpt lat="-9.2001077" lon="148.3553925"/>
      <trkpt lat="-9.2000929" lon="148.3555663"/>
      <trkpt lat="-9.2000549" lon="148.3557217"/>
      <trkpt lat="-9.1999553" lon="148.3558367"/>
      <trkpt lat="-9.1998179" lon="148.3559279"/>
      <trkpt lat="-9.1996681" lon="148.3559549"/>
      <trkpt lat="-9.1995167" lon="148.3559514"/>
      <trkpt lat="-9.1993458" lon="148.3559075"/>
      <trkpt lat="-9.1991704" lon="148.3558830"/>
      <trkpt lat="-9.1989963" lon="148.3558727"/>
      <trkpt lat="-9.1988236" lon="148.3558535"/>
      <trkpt lat="-9.1986563" lon="148.3558169"/>
      <trkpt lat="-9.1984934" lon="148.3558015"/>
      <trkpt lat="-9.1983417" lon="148.3558157"/>
      <trkpt lat="-9.1981920" lon="148.3558412"/>
      <trkpt lat="-9.1980472" lon="148.3558072"/>
      <trkpt lat="-9.1978992" lon="148.3557246"/>
      <trkpt lat="-9.1977704" lon="148.3556777"/>
      <trkpt lat="-9.1976560" lon="148.3556550"/>
      <trkpt lat="-9.1975724" lon="148.3556420"/>
      <trkpt lat="-9.1974620" lon="148.3556003"/>
      <trkpt lat="-9.1973464" lon="148.3555996"/>
      <trkpt lat="-9.1971945" lon="148.3556214"/>
      <trkpt lat="-9.1970461" lon="148.3556310"/>
      <trkpt lat="-9.1968879" lon="148.3556433"/>
      <trkpt lat="-9.1968248" lon="148.3556884"/>
      <trkpt lat="-9.1968331" lon="148.3558000"/>
      <trkpt lat="-9.1968886" lon="148.3558851"/>
      <trkpt lat="-9.1969033" lon="148.3559433"/>
    </trkseg>
    <trkseg>
      <trkpt lat="-9.2017183" lon="148.3485833"/>
      <trkpt lat="-9.2016531" lon="148.3485557"/>
      <trkpt lat="-9.2016492" lon="148.3485335"/>
      <trkpt lat="-9.2017067" lon="148.3485167"/>
    </trkseg>
    <trkseg>
      <trkpt lat="-9.1956550" lon="148.3386967"/>
      <trkpt lat="-9.1956322" lon="148.3385321"/>
      <trkpt lat="-9.1955651" lon="148.3384519"/>
      <trkpt lat="-9.1954589" lon="148.3384647"/>
      <trkpt lat="-9.1953225" lon="148.3385677"/>
      <trkpt lat="-9.1952875" lon="148.3386682"/>
      <trkpt lat="-9.1953504" lon="148.3387647"/>
      <trkpt lat="-9.1954916" lon="148.3387898"/>
      <trkpt lat="-9.1955981" lon="148.3387805"/>
      <trkpt lat="-9.1956683" lon="148.3387300"/>
    </trkseg>
    <trkseg>
      <trkpt lat="-9.1974700" lon="148.3417967"/>
      <trkpt lat="-9.1973165" lon="148.3417004"/>
      <trkpt lat="-9.1971631" lon="148.3416041"/>
      <trkpt lat="-9.1970096" lon="148.3415077"/>
      <trkpt lat="-9.1968562" lon="148.3414114"/>
      <trkpt lat="-9.1967027" lon="148.3413151"/>
      <trkpt lat="-9.1965616" lon="148.3412161"/>
      <trkpt lat="-9.1964576" lon="148.3411067"/>
      <trkpt lat="-9.1964538" lon="148.3410423"/>
      <trkpt lat="-9.1964763" lon="148.3410475"/>
      <trkpt lat="-9.1964832" lon="148.3410814"/>
      <trkpt lat="-9.1964117" lon="148.3410883"/>
    </trkseg>
    <trkseg>
      <trkpt lat="-9.1968383" lon="148.3558750"/>
      <trkpt lat="-9.1967181" lon="148.3558843"/>
      <trkpt lat="-9.1965862" lon="148.3558498"/>
      <trkpt lat="-9.1964711" lon="148.3557375"/>
      <trkpt lat="-9.1963482" lon="148.3556264"/>
      <trkpt lat="-9.1962676" lon="148.3554747"/>
      <trkpt lat="-9.1962230" lon="148.3553127"/>
      <trkpt lat="-9.1962214" lon="148.3551357"/>
      <trkpt lat="-9.1962573" lon="148.3550114"/>
      <trkpt lat="-9.1962817" lon="148.3549512"/>
      <trkpt lat="-9.1963050" lon="148.3550081"/>
      <trkpt lat="-9.1963479" lon="148.3550978"/>
      <trkpt lat="-9.1964545" lon="148.3551811"/>
      <trkpt lat="-9.1966056" lon="148.3552268"/>
      <trkpt lat="-9.1967269" lon="148.3553028"/>
      <trkpt lat="-9.1967649" lon="148.3554319"/>
      <trkpt lat="-9.1967504" lon="148.3555952"/>
      <trkpt lat="-9.1967571" lon="148.3557383"/>
      <trkpt lat="-9.1967922" lon="148.3558321"/>
      <trkpt lat="-9.1968333" lon="148.3558733"/>
    </trkseg>
    <trkseg>
      <trkpt lat="-9.1968517" lon="148.3559067"/>
      <trkpt lat="-9.1967184" lon="148.3557933"/>
      <trkpt lat="-9.1965788" lon="148.3557354"/>
      <trkpt lat="-9.1964351" lon="148.3556827"/>
      <trkpt lat="-9.1963051" lon="148.3556196"/>
      <trkpt lat="-9.1962229" lon="148.3554821"/>
      <trkpt lat="-9.1961728" lon="148.3554358"/>
      <trkpt lat="-9.1961220" lon="148.3554408"/>
      <trkpt lat="-9.1960218" lon="148.3554753"/>
      <trkpt lat="-9.1958748" lon="148.3554556"/>
      <trkpt lat="-9.1957152" lon="148.3554003"/>
      <trkpt lat="-9.1955569" lon="148.3553385"/>
      <trkpt lat="-9.1954576" lon="148.3552412"/>
      <trkpt lat="-9.1953516" lon="148.3551748"/>
      <trkpt lat="-9.1952411" lon="148.3551359"/>
      <trkpt lat="-9.1950786" lon="148.3551592"/>
      <trkpt lat="-9.1949438" lon="148.3552248"/>
      <trkpt lat="-9.1948104" lon="148.3553303"/>
      <trkpt lat="-9.1946925" lon="148.3554377"/>
      <trkpt lat="-9.1945558" lon="148.3555333"/>
      <trkpt lat="-9.1944342" lon="148.3555570"/>
      <trkpt lat="-9.1943214" lon="148.3555889"/>
      <trkpt lat="-9.1941984" lon="148.3555783"/>
      <trkpt lat="-9.1940513" lon="148.3556044"/>
      <trkpt lat="-9.1938728" lon="148.3555903"/>
      <trkpt lat="-9.1936924" lon="148.3555788"/>
      <trkpt lat="-9.1935150" lon="148.3555570"/>
      <trkpt lat="-9.1933483" lon="148.3555037"/>
      <trkpt lat="-9.1931921" lon="148.3554258"/>
      <trkpt lat="-9.1930781" lon="148.3553038"/>
      <trkpt lat="-9.1929978" lon="148.3551567"/>
      <trkpt lat="-9.1929438" lon="148.3549881"/>
      <trkpt lat="-9.1928835" lon="148.3548254"/>
      <trkpt lat="-9.1928401" lon="148.3546611"/>
      <trkpt lat="-9.1927941" lon="148.3544958"/>
      <trkpt lat="-9.1927137" lon="148.3543655"/>
      <trkpt lat="-9.1925812" lon="148.3542652"/>
      <trkpt lat="-9.1924277" lon="148.3541790"/>
      <trkpt lat="-9.1922804" lon="148.3540807"/>
      <trkpt lat="-9.1921370" lon="148.3539773"/>
      <trkpt lat="-9.1919957" lon="148.3538720"/>
      <trkpt lat="-9.1918897" lon="148.3537392"/>
      <trkpt lat="-9.1917842" lon="148.3536671"/>
      <trkpt lat="-9.1916667" lon="148.3536511"/>
      <trkpt lat="-9.1915103" lon="148.3537212"/>
      <trkpt lat="-9.1913509" lon="148.3537798"/>
      <trkpt lat="-9.1912221" lon="148.3537697"/>
      <trkpt lat="-9.1910878" lon="148.3537219"/>
      <trkpt lat="-9.1909659" lon="148.3536173"/>
      <trkpt lat="-9.1908344" lon="148.3535167"/>
      <trkpt lat="-9.1907128" lon="148.3533915"/>
      <trkpt lat="-9.1905809" lon="148.3532725"/>
      <trkpt lat="-9.1904693" lon="148.3531449"/>
      <trkpt lat="-9.1904296" lon="148.3529976"/>
      <trkpt lat="-9.1904629" lon="148.3528321"/>
      <trkpt lat="-9.1905281" lon="148.3526672"/>
      <trkpt lat="-9.1905384" lon="148.3525065"/>
      <trkpt lat="-9.1904774" lon="148.3523678"/>
      <trkpt lat="-9.1903549" lon="148.3522562"/>
      <trkpt lat="-9.1902329" lon="148.3521427"/>
      <trkpt lat="-9.1901002" lon="148.3520484"/>
      <trkpt lat="-9.1899530" lon="148.3519805"/>
      <trkpt lat="-9.1897791" lon="148.3519574"/>
      <trkpt lat="-9.1896042" lon="148.3519354"/>
      <trkpt lat="-9.1894372" lon="148.3519146"/>
      <trkpt lat="-9.1892712" lon="148.3518823"/>
      <trkpt lat="-9.1891056" lon="148.3518453"/>
      <trkpt lat="-9.1889372" lon="148.3517852"/>
      <trkpt lat="-9.1887673" lon="148.3517374"/>
      <trkpt lat="-9.1885957" lon="148.3516992"/>
      <trkpt lat="-9.1884558" lon="148.3517296"/>
      <trkpt lat="-9.1883327" lon="148.3518040"/>
      <trkpt lat="-9.1882130" lon="148.3519081"/>
      <trkpt lat="-9.1880675" lon="148.3520043"/>
      <trkpt lat="-9.1879251" lon="148.3520339"/>
      <trkpt lat="-9.1877903" lon="148.3520115"/>
      <trkpt lat="-9.1876465" lon="148.3519460"/>
      <trkpt lat="-9.1874872" lon="148.3519327"/>
      <trkpt lat="-9.1873157" lon="148.3519484"/>
      <trkpt lat="-9.1871453" lon="148.3519516"/>
      <trkpt lat="-9.1869798" lon="148.3518997"/>
      <trkpt lat="-9.1868552" lon="148.3517916"/>
      <trkpt lat="-9.1867528" lon="148.3516546"/>
      <trkpt lat="-9.1866559" lon="148.3515073"/>
      <trkpt lat="-9.1865280" lon="148.3513839"/>
      <trkpt lat="-9.1863828" lon="148.3512775"/>
      <trkpt lat="-9.1862310" lon="148.3511836"/>
      <trkpt lat="-9.1860761" lon="148.3510970"/>
      <trkpt lat="-9.1859172" lon="148.3510186"/>
      <trkpt lat="-9.1857513" lon="148.3509517"/>
      <trkpt lat="-9.1855798" lon="148.3508980"/>
      <trkpt lat="-9.1854069" lon="148.3508644"/>
      <trkpt lat="-9.1852360" lon="148.3508540"/>
      <trkpt lat="-9.1850674" lon="148.3508744"/>
      <trkpt lat="-9.1848971" lon="148.3508836"/>
      <trkpt lat="-9.1847233" lon="148.3508916"/>
      <trkpt lat="-9.1845471" lon="148.3508894"/>
      <trkpt lat="-9.1843914" lon="148.3508706"/>
      <trkpt lat="-9.1842620" lon="148.3507963"/>
      <trkpt lat="-9.1841401" lon="148.3506834"/>
      <trkpt lat="-9.1839963" lon="148.3505952"/>
      <trkpt lat="-9.1838250" lon="148.3505624"/>
      <trkpt lat="-9.1836476" lon="148.3505756"/>
      <trkpt lat="-9.1834734" lon="148.3505754"/>
      <trkpt lat="-9.1833034" lon="148.3505481"/>
      <trkpt lat="-9.1831328" lon="148.3505047"/>
      <trkpt lat="-9.1829601" lon="148.3504806"/>
      <trkpt lat="-9.1827839" lon="148.3504713"/>
      <trkpt lat="-9.1826083" lon="148.3504470"/>
      <trkpt lat="-9.1824376" lon="148.3503972"/>
      <trkpt lat="-9.1822663" lon="148.3503550"/>
      <trkpt lat="-9.1821044" lon="148.3502924"/>
      <trkpt lat="-9.1819437" lon="148.3502288"/>
      <trkpt lat="-9.1817910" lon="148.3501427"/>
      <trkpt lat="-9.1817057" lon="148.3500352"/>
      <trkpt lat="-9.1816597" lon="148.3498957"/>
      <trkpt lat="-9.1816415" lon="148.3497238"/>
      <trkpt lat="-9.1815820" lon="148.3495534"/>
      <trkpt lat="-9.1815212" lon="148.3493839"/>
      <trkpt lat="-9.1814859" lon="148.3492109"/>
      <trkpt lat="-9.1814805" lon="148.3490348"/>
      <trkpt lat="-9.1814914" lon="148.3488589"/>
      <trkpt lat="-9.1815220" lon="148.3486856"/>
      <trkpt lat="-9.1815393" lon="148.3485120"/>
      <trkpt lat="-9.1815333" lon="148.3483399"/>
      <trkpt lat="-9.1814935" lon="148.3481650"/>
      <trkpt lat="-9.1814552" lon="148.3479889"/>
      <trkpt lat="-9.1814141" lon="148.3478141"/>
      <trkpt lat="-9.1813612" lon="148.3476440"/>
      <trkpt lat="-9.1813135" lon="148.3474745"/>
      <trkpt lat="-9.1812942" lon="148.3473001"/>
      <trkpt lat="-9.1813001" lon="148.3471196"/>
      <trkpt lat="-9.1813079" lon="148.3469386"/>
      <trkpt lat="-9.1813190" lon="148.3467578"/>
      <trkpt lat="-9.1813208" lon="148.3465778"/>
      <trkpt lat="-9.1813073" lon="148.3463990"/>
      <trkpt lat="-9.1812694" lon="148.3462220"/>
      <trkpt lat="-9.1812428" lon="148.3460445"/>
      <trkpt lat="-9.1812676" lon="148.3458824"/>
      <trkpt lat="-9.1813151" lon="148.3457242"/>
      <trkpt lat="-9.1813492" lon="148.3455666"/>
      <trkpt lat="-9.1813199" lon="148.3453978"/>
      <trkpt lat="-9.1812595" lon="148.3452286"/>
      <trkpt lat="-9.1812091" lon="148.3450586"/>
      <trkpt lat="-9.1811818" lon="148.3448834"/>
      <trkpt lat="-9.1811799" lon="148.3447022"/>
      <trkpt lat="-9.1811526" lon="148.3445271"/>
      <trkpt lat="-9.1811277" lon="148.3443531"/>
      <trkpt lat="-9.1810891" lon="148.3441822"/>
      <trkpt lat="-9.1810601" lon="148.3440111"/>
      <trkpt lat="-9.1810403" lon="148.3438398"/>
      <trkpt lat="-9.1810603" lon="148.3436719"/>
      <trkpt lat="-9.1811047" lon="148.3434992"/>
      <trkpt lat="-9.1811767" lon="148.3433399"/>
      <trkpt lat="-9.1812407" lon="148.3431777"/>
      <trkpt lat="-9.1813099" lon="148.3430154"/>
      <trkpt lat="-9.1813592" lon="148.3428420"/>
      <trkpt lat="-9.1813883" lon="148.3426653"/>
      <trkpt lat="-9.1813819" lon="148.3424936"/>
      <trkpt lat="-9.1813683" lon="148.3423208"/>
      <trkpt lat="-9.1813465" lon="148.3421483"/>
      <trkpt lat="-9.1813446" lon="148.3420161"/>
      <trkpt lat="-9.1813300" lon="148.3419283"/>
    </trkseg>
    <trkseg>
      <trkpt lat="-9.1915983" lon="148.3441250"/>
      <trkpt lat="-9.1915749" lon="148.3441634"/>
      <trkpt lat="-9.1915788" lon="148.3441711"/>
      <trkpt lat="-9.1916100" lon="148.3441483"/>
    </trkseg>
    <trkseg>
      <trkpt lat="-9.1840183" lon="148.3382167"/>
      <trkpt lat="-9.1840340" lon="148.3382061"/>
      <trkpt lat="-9.1840173" lon="148.3382233"/>
      <trkpt lat="-9.1839683" lon="148.3382683"/>
    </trkseg>
    <trkseg>
      <trkpt lat="-9.1826633" lon="148.3322917"/>
      <trkpt lat="-9.1826543" lon="148.3322103"/>
      <trkpt lat="-9.1826804" lon="148.3321986"/>
      <trkpt lat="-9.1827417" lon="148.3322567"/>
    </trkseg>
    <trkseg>
      <trkpt lat="-9.1825600" lon="148.3366633"/>
      <trkpt lat="-9.1826406" lon="148.3367028"/>
      <trkpt lat="-9.1826950" lon="148.3367062"/>
      <trkpt lat="-9.1827233" lon="148.3366733"/>
    </trkseg>
    <trkseg>
      <trkpt lat="-9.1812783" lon="148.3421100"/>
      <trkpt lat="-9.1811715" lon="148.3419779"/>
      <trkpt lat="-9.1810566" lon="148.3418488"/>
      <trkpt lat="-9.1809475" lon="148.3417135"/>
      <trkpt lat="-9.1808722" lon="148.3415519"/>
      <trkpt lat="-9.1807750" lon="148.3414211"/>
      <trkpt lat="-9.1806427" lon="148.3413623"/>
      <trkpt lat="-9.1804687" lon="148.3413514"/>
      <trkpt lat="-9.1802984" lon="148.3413342"/>
      <trkpt lat="-9.1801669" lon="148.3412874"/>
      <trkpt lat="-9.1800590" lon="148.3412109"/>
      <trkpt lat="-9.1799498" lon="148.3411364"/>
      <trkpt lat="-9.1798173" lon="148.3410618"/>
      <trkpt lat="-9.1797030" lon="148.3409711"/>
      <trkpt lat="-9.1796062" lon="148.3408617"/>
      <trkpt lat="-9.1794921" lon="148.3407561"/>
      <trkpt lat="-9.1793445" lon="148.3406756"/>
      <trkpt lat="-9.1792100" lon="148.3405966"/>
      <trkpt lat="-9.1790936" lon="148.3404978"/>
      <trkpt lat="-9.1789720" lon="148.3404079"/>
      <trkpt lat="-9.1788435" lon="148.3403112"/>
      <trkpt lat="-9.1787029" lon="148.3402171"/>
      <trkpt lat="-9.1785630" lon="148.3401234"/>
      <trkpt lat="-9.1784093" lon="148.3400358"/>
      <trkpt lat="-9.1782729" lon="148.3399354"/>
      <trkpt lat="-9.1781366" lon="148.3398354"/>
      <trkpt lat="-9.1779894" lon="148.3397635"/>
      <trkpt lat="-9.1778303" lon="148.3397034"/>
      <trkpt lat="-9.1776834" lon="148.3396307"/>
      <trkpt lat="-9.1775363" lon="148.3395852"/>
      <trkpt lat="-9.1774006" lon="148.3395221"/>
      <trkpt lat="-9.1772535" lon="148.3394694"/>
      <trkpt lat="-9.1771084" lon="148.3393846"/>
      <trkpt lat="-9.1769399" lon="148.3393384"/>
      <trkpt lat="-9.1767824" lon="148.3392784"/>
      <trkpt lat="-9.1766336" lon="148.3392131"/>
      <trkpt lat="-9.1765097" lon="148.3391055"/>
      <trkpt lat="-9.1763835" lon="148.3389968"/>
      <trkpt lat="-9.1762655" lon="148.3388619"/>
      <trkpt lat="-9.1761353" lon="148.3387778"/>
      <trkpt lat="-9.1760067" lon="148.3386911"/>
      <trkpt lat="-9.1758808" lon="148.3386024"/>
      <trkpt lat="-9.1757547" lon="148.3384750"/>
      <trkpt lat="-9.1756236" lon="148.3383544"/>
      <trkpt lat="-9.1754829" lon="148.3382423"/>
      <trkpt lat="-9.1753563" lon="148.3381165"/>
      <trkpt lat="-9.1752524" lon="148.3379791"/>
      <trkpt lat="-9.1751960" lon="148.3378261"/>
      <trkpt lat="-9.1751857" lon="148.3376670"/>
      <trkpt lat="-9.1751629" lon="148.3375190"/>
      <trkpt lat="-9.1750848" lon="148.3373985"/>
      <trkpt lat="-9.1749619" lon="148.3372839"/>
      <trkpt lat="-9.1748592" lon="148.3371471"/>
      <trkpt lat="-9.1747629" lon="148.3370079"/>
      <trkpt lat="-9.1746407" lon="148.3369078"/>
      <trkpt lat="-9.1745248" lon="148.3368112"/>
      <trkpt lat="-9.1744108" lon="148.3367078"/>
      <trkpt lat="-9.1743106" lon="148.3365776"/>
      <trkpt lat="-9.1742464" lon="148.3364941"/>
      <trkpt lat="-9.1742145" lon="148.3364455"/>
      <trkpt lat="-9.1741970" lon="148.3363847"/>
      <trkpt lat="-9.1741212" lon="148.3363168"/>
      <trkpt lat="-9.1740053" lon="148.3362589"/>
      <trkpt lat="-9.1738972" lon="148.3362436"/>
      <trkpt lat="-9.1738033" lon="148.3362333"/>
    </trkseg>
    <trkseg>
      <trkpt lat="-9.1746200" lon="148.3348767"/>
      <trkpt lat="-9.1748006" lon="148.3348855"/>
      <trkpt lat="-9.1749813" lon="148.3348942"/>
      <trkpt lat="-9.1751619" lon="148.3349030"/>
      <trkpt lat="-9.1753426" lon="148.3349118"/>
      <trkpt lat="-9.1755232" lon="148.3349205"/>
      <trkpt lat="-9.1756395" lon="148.3349203"/>
      <trkpt lat="-9.1756674" lon="148.3349361"/>
      <trkpt lat="-9.1756528" lon="148.3349941"/>
      <trkpt lat="-9.1756600" lon="148.3351033"/>
    </trkseg>
    <trkseg>
      <trkpt lat="-9.1739867" lon="148.3360117"/>
      <trkpt lat="-9.1741218" lon="148.3359626"/>
      <trkpt lat="-9.1741597" lon="148.3359811"/>
      <trkpt lat="-9.1740981" lon="148.3360652"/>
      <trkpt lat="-9.1739711" lon="148.3361581"/>
      <trkpt lat="-9.1738901" lon="148.3361553"/>
      <trkpt lat="-9.1739031" lon="148.3360769"/>
      <trkpt lat="-9.1739583" lon="148.3359449"/>
      <trkpt lat="-9.1740248" lon="148.3358242"/>
      <trkpt lat="-9.1740403" lon="148.3356870"/>
      <trkpt lat="-9.1740135" lon="148.3355547"/>
      <trkpt lat="-9.1739523" lon="148.3354062"/>
      <trkpt lat="-9.1738823" lon="148.3352487"/>
      <trkpt lat="-9.1738449" lon="148.3350731"/>
      <trkpt lat="-9.1737926" lon="148.3349049"/>
      <trkpt lat="-9.1737111" lon="148.3347520"/>
      <trkpt lat="-9.1736119" lon="148.3346027"/>
      <trkpt lat="-9.1735305" lon="148.3344462"/>
      <trkpt lat="-9.1735031" lon="148.3342755"/>
      <trkpt lat="-9.1735167" lon="148.3341082"/>
      <trkpt lat="-9.1735099" lon="148.3339717"/>
      <trkpt lat="-9.1734429" lon="148.3338622"/>
      <trkpt lat="-9.1733651" lon="148.3337947"/>
      <trkpt lat="-9.1733265" lon="148.3337148"/>
      <trkpt lat="-9.1732956" lon="148.3336199"/>
      <trkpt lat="-9.1732171" lon="148.3335052"/>
      <trkpt lat="-9.1731362" lon="148.3333878"/>
      <trkpt lat="-9.1730727" lon="148.3332615"/>
      <trkpt lat="-9.1730342" lon="148.3331080"/>
      <trkpt lat="-9.1729881" lon="148.3329400"/>
      <trkpt lat="-9.1729207" lon="148.3327912"/>
      <trkpt lat="-9.1728652" lon="148.3326704"/>
      <trkpt lat="-9.1728112" lon="148.3325773"/>
    </trkseg>
    <trkseg>
      <trkpt lat="-9.1713717" lon="148.3324367"/>
      <trkpt lat="-9.1712573" lon="148.3323788"/>
      <trkpt lat="-9.1712140" lon="148.3323043"/>
      <trkpt lat="-9.1712417" lon="148.3322133"/>
    </trkseg>
    <trkseg>
      <trkpt lat="-9.1729683" lon="148.3325467"/>
      <trkpt lat="-9.1728567" lon="148.3325242"/>
      <trkpt lat="-9.1727665" lon="148.3324304"/>
      <trkpt lat="-9.1726839" lon="148.3322737"/>
      <trkpt lat="-9.1726246" lon="148.3321074"/>
      <trkpt lat="-9.1725487" lon="148.3319488"/>
      <trkpt lat="-9.1724779" lon="148.3317855"/>
      <trkpt lat="-9.1723947" lon="148.3316262"/>
      <trkpt lat="-9.1723379" lon="148.3314584"/>
      <trkpt lat="-9.1723253" lon="148.3312968"/>
      <trkpt lat="-9.1723254" lon="148.3311860"/>
      <trkpt lat="-9.1722841" lon="148.3311031"/>
      <trkpt lat="-9.1721963" lon="148.3310145"/>
      <trkpt lat="-9.1720884" lon="148.3308789"/>
      <trkpt lat="-9.1719936" lon="148.3307261"/>
      <trkpt lat="-9.1718828" lon="148.3305867"/>
      <trkpt lat="-9.1717794" lon="148.3304438"/>
      <trkpt lat="-9.1716787" lon="148.3302980"/>
      <trkpt lat="-9.1715723" lon="148.3301585"/>
      <trkpt lat="-9.1714527" lon="148.3300396"/>
      <trkpt lat="-9.1713068" lon="148.3299674"/>
      <trkpt lat="-9.1711534" lon="148.3299156"/>
      <trkpt lat="-9.1709772" lon="148.3298988"/>
      <trkpt lat="-9.1708014" lon="148.3298867"/>
      <trkpt lat="-9.1706316" lon="148.3299093"/>
      <trkpt lat="-9.1704678" lon="148.3299089"/>
      <trkpt lat="-9.1703034" lon="148.3299043"/>
      <trkpt lat="-9.1701308" lon="148.3298894"/>
      <trkpt lat="-9.1699559" lon="148.3298764"/>
      <trkpt lat="-9.1698032" lon="148.3298203"/>
      <trkpt lat="-9.1696650" lon="148.3297234"/>
      <trkpt lat="-9.1695593" lon="148.3295996"/>
      <trkpt lat="-9.1694308" lon="148.3295296"/>
      <trkpt lat="-9.1692896" lon="148.3294984"/>
      <trkpt lat="-9.1691256" lon="148.3294788"/>
      <trkpt lat="-9.1689831" lon="148.3294054"/>
      <trkpt lat="-9.1688490" lon="148.3292921"/>
      <trkpt lat="-9.1687032" lon="148.3292052"/>
      <trkpt lat="-9.1685664" lon="148.3291169"/>
      <trkpt lat="-9.1684440" lon="148.3290108"/>
      <trkpt lat="-9.1683429" lon="148.3288676"/>
      <trkpt lat="-9.1682358" lon="148.3287246"/>
      <trkpt lat="-9.1681107" lon="148.3286007"/>
      <trkpt lat="-9.1679705" lon="148.3284947"/>
      <trkpt lat="-9.1678078" lon="148.3284208"/>
      <trkpt lat="-9.1676434" lon="148.3283564"/>
      <trkpt lat="-9.1674940" lon="148.3282743"/>
      <trkpt lat="-9.1673866" lon="148.3281501"/>
      <trkpt lat="-9.1673090" lon="148.3280605"/>
      <trkpt lat="-9.1672473" lon="148.3280691"/>
      <trkpt lat="-9.1671448" lon="148.3281555"/>
      <trkpt lat="-9.1670227" lon="148.3282676"/>
      <trkpt lat="-9.1668712" lon="148.3283604"/>
      <trkpt lat="-9.1667289" lon="148.3284706"/>
      <trkpt lat="-9.1665815" lon="148.3285723"/>
      <trkpt lat="-9.1664439" lon="148.3286808"/>
      <trkpt lat="-9.1662971" lon="148.3287680"/>
      <trkpt lat="-9.1661405" lon="148.3288214"/>
      <trkpt lat="-9.1659674" lon="148.3288193"/>
      <trkpt lat="-9.1657925" lon="148.3287999"/>
      <trkpt lat="-9.1656179" lon="148.3287744"/>
      <trkpt lat="-9.1654464" lon="148.3287411"/>
      <trkpt lat="-9.1652785" lon="148.3286856"/>
      <trkpt lat="-9.1651153" lon="148.3286247"/>
      <trkpt lat="-9.1649561" lon="148.3285610"/>
      <trkpt lat="-9.1648746" lon="148.3284676"/>
      <trkpt lat="-9.1648064" lon="148.3283427"/>
      <trkpt lat="-9.1647439" lon="148.3282045"/>
      <trkpt lat="-9.1646260" lon="148.3280704"/>
      <trkpt lat="-9.1645632" lon="148.3279266"/>
      <trkpt lat="-9.1645398" lon="148.3277656"/>
      <trkpt lat="-9.1645158" lon="148.3276176"/>
      <trkpt lat="-9.1644991" lon="148.3274702"/>
      <trkpt lat="-9.1644803" lon="148.3273201"/>
      <trkpt lat="-9.1644592" lon="148.3271855"/>
      <trkpt lat="-9.1644215" lon="148.3270461"/>
      <trkpt lat="-9.1644137" lon="148.3269109"/>
      <trkpt lat="-9.1644562" lon="148.3267440"/>
      <trkpt lat="-9.1644962" lon="148.3265758"/>
      <trkpt lat="-9.1644834" lon="148.3264140"/>
      <trkpt lat="-9.1644323" lon="148.3262802"/>
      <trkpt lat="-9.1643725" lon="148.3262071"/>
      <trkpt lat="-9.1643028" lon="148.3261578"/>
      <trkpt lat="-9.1642386" lon="148.3260754"/>
      <trkpt lat="-9.1641521" lon="148.3259462"/>
      <trkpt lat="-9.1640745" lon="148.3258036"/>
      <trkpt lat="-9.1639684" lon="148.3256843"/>
      <trkpt lat="-9.1638330" lon="148.3255992"/>
      <trkpt lat="-9.1636926" lon="148.3255050"/>
      <trkpt lat="-9.1635392" lon="148.3254469"/>
      <trkpt lat="-9.1633966" lon="148.3254311"/>
      <trkpt lat="-9.1632424" lon="148.3254976"/>
      <trkpt lat="-9.1630925" lon="148.3255734"/>
      <trkpt lat="-9.1629315" lon="148.3256020"/>
      <trkpt lat="-9.1627690" lon="148.3255659"/>
      <trkpt lat="-9.1626052" lon="148.3254975"/>
      <trkpt lat="-9.1624536" lon="148.3254160"/>
      <trkpt lat="-9.1623000" lon="148.3253460"/>
      <trkpt lat="-9.1621483" lon="148.3252843"/>
      <trkpt lat="-9.1619925" lon="148.3252206"/>
      <trkpt lat="-9.1618465" lon="148.3251442"/>
      <trkpt lat="-9.1617242" lon="148.3250770"/>
      <trkpt lat="-9.1616345" lon="148.3250697"/>
      <trkpt lat="-9.1615801" lon="148.3250649"/>
      <trkpt lat="-9.1615779" lon="148.3251014"/>
      <trkpt lat="-9.1616005" lon="148.3251700"/>
      <trkpt lat="-9.1616251" lon="148.3252290"/>
      <trkpt lat="-9.1616212" lon="148.3251900"/>
      <trkpt lat="-9.1616032" lon="148.3250308"/>
      <trkpt lat="-9.1615619" lon="148.3248816"/>
      <trkpt lat="-9.1614828" lon="148.3247610"/>
      <trkpt lat="-9.1613864" lon="148.3246500"/>
      <trkpt lat="-9.1613235" lon="148.3245077"/>
      <trkpt lat="-9.1612710" lon="148.3243647"/>
      <trkpt lat="-9.1612231" lon="148.3242339"/>
      <trkpt lat="-9.1611983" lon="148.3241101"/>
      <trkpt lat="-9.1612564" lon="148.3239859"/>
      <trkpt lat="-9.1613884" lon="148.3238749"/>
      <trkpt lat="-9.1615167" lon="148.3237696"/>
      <trkpt lat="-9.1616353" lon="148.3236681"/>
      <trkpt lat="-9.1617393" lon="148.3235494"/>
      <trkpt lat="-9.1618341" lon="148.3234230"/>
      <trkpt lat="-9.1619084" lon="148.3232705"/>
      <trkpt lat="-9.1619360" lon="148.3231071"/>
      <trkpt lat="-9.1619308" lon="148.3230165"/>
      <trkpt lat="-9.1618746" lon="148.3230055"/>
      <trkpt lat="-9.1618631" lon="148.3230253"/>
      <trkpt lat="-9.1618394" lon="148.3230684"/>
      <trkpt lat="-9.1618807" lon="148.3230558"/>
      <trkpt lat="-9.1618631" lon="148.3231070"/>
      <trkpt lat="-9.1618712" lon="148.3231006"/>
      <trkpt lat="-9.1618810" lon="148.3230869"/>
      <trkpt lat="-9.1618912" lon="148.3230644"/>
      <trkpt lat="-9.1619509" lon="148.3230367"/>
      <trkpt lat="-9.1620132" lon="148.3229990"/>
      <trkpt lat="-9.1621321" lon="148.3228804"/>
      <trkpt lat="-9.1622348" lon="148.3227476"/>
      <trkpt lat="-9.1622867" lon="148.3227222"/>
      <trkpt lat="-9.1622877" lon="148.3228042"/>
      <trkpt lat="-9.1622718" lon="148.3228991"/>
      <trkpt lat="-9.1623234" lon="148.3229175"/>
      <trkpt lat="-9.1624360" lon="148.3228388"/>
      <trkpt lat="-9.1625893" lon="148.3227654"/>
      <trkpt lat="-9.1627491" lon="148.3227189"/>
      <trkpt lat="-9.1629155" lon="148.3227032"/>
      <trkpt lat="-9.1630772" lon="148.3226724"/>
      <trkpt lat="-9.1632082" lon="148.3226686"/>
      <trkpt lat="-9.1632853" lon="148.3227323"/>
      <trkpt lat="-9.1632871" lon="148.3228820"/>
      <trkpt lat="-9.1632552" lon="148.3230423"/>
      <trkpt lat="-9.1632668" lon="148.3231692"/>
      <trkpt lat="-9.1632783" lon="148.3232680"/>
      <trkpt lat="-9.1633251" lon="148.3233203"/>
      <trkpt lat="-9.1632878" lon="148.3233750"/>
      <trkpt lat="-9.1633007" lon="148.3234230"/>
      <trkpt lat="-9.1633177" lon="148.3235122"/>
      <trkpt lat="-9.1634264" lon="148.3235921"/>
      <trkpt lat="-9.1635679" lon="148.3236354"/>
      <trkpt lat="-9.1637235" lon="148.3236030"/>
      <trkpt lat="-9.1638694" lon="148.3235274"/>
      <trkpt lat="-9.1639983" lon="148.3234467"/>
    </trkseg>
    <trkseg>
      <trkpt lat="-9.1640633" lon="148.3233817"/>
      <trkpt lat="-9.1639903" lon="148.3232200"/>
      <trkpt lat="-9.1638982" lon="148.3230685"/>
      <trkpt lat="-9.1637924" lon="148.3229239"/>
      <trkpt lat="-9.1636911" lon="148.3227749"/>
      <trkpt lat="-9.1635907" lon="148.3226255"/>
      <trkpt lat="-9.1634922" lon="148.3224771"/>
      <trkpt lat="-9.1633820" lon="148.3223442"/>
      <trkpt lat="-9.1632858" lon="148.3222032"/>
      <trkpt lat="-9.1631972" lon="148.3220559"/>
    </trkseg>
    <trkseg>
      <trkpt lat="-9.1636150" lon="148.3224750"/>
      <trkpt lat="-9.1636050" lon="148.3223767"/>
    </trkseg>
    <trkseg>
      <trkpt lat="-9.1631900" lon="148.3220283"/>
      <trkpt lat="-9.1630471" lon="148.3219906"/>
      <trkpt lat="-9.1628979" lon="148.3219269"/>
      <trkpt lat="-9.1627370" lon="148.3218512"/>
      <trkpt lat="-9.1625728" lon="148.3217851"/>
      <trkpt lat="-9.1624028" lon="148.3217365"/>
      <trkpt lat="-9.1622405" lon="148.3216696"/>
      <trkpt lat="-9.1620751" lon="148.3216258"/>
      <trkpt lat="-9.1619153" lon="148.3215672"/>
      <trkpt lat="-9.1617505" lon="148.3215260"/>
      <trkpt lat="-9.1615962" lon="148.3214510"/>
      <trkpt lat="-9.1614435" lon="148.3213712"/>
      <trkpt lat="-9.1612868" lon="148.3213020"/>
      <trkpt lat="-9.1611198" lon="148.3212491"/>
      <trkpt lat="-9.1609757" lon="148.3211758"/>
      <trkpt lat="-9.1608809" lon="148.3210484"/>
      <trkpt lat="-9.1608066" lon="148.3208904"/>
      <trkpt lat="-9.1607179" lon="148.3207417"/>
      <trkpt lat="-9.1606175" lon="148.3205981"/>
      <trkpt lat="-9.1605374" lon="148.3204437"/>
      <trkpt lat="-9.1604819" lon="148.3202744"/>
      <trkpt lat="-9.1604196" lon="148.3201057"/>
      <trkpt lat="-9.1603445" lon="148.3199419"/>
      <trkpt lat="-9.1602449" lon="148.3197923"/>
      <trkpt lat="-9.1601357" lon="148.3196507"/>
      <trkpt lat="-9.1600185" lon="148.3195176"/>
      <trkpt lat="-9.1598857" lon="148.3194114"/>
      <trkpt lat="-9.1597320" lon="148.3193437"/>
      <trkpt lat="-9.1595628" lon="148.3193501"/>
      <trkpt lat="-9.1593923" lon="148.3193821"/>
      <trkpt lat="-9.1592208" lon="148.3194183"/>
      <trkpt lat="-9.1590422" lon="148.3194332"/>
      <trkpt lat="-9.1588624" lon="148.3194407"/>
      <trkpt lat="-9.1587115" lon="148.3194067"/>
      <trkpt lat="-9.1585722" lon="148.3193367"/>
      <trkpt lat="-9.1584545" lon="148.3192183"/>
      <trkpt lat="-9.1583434" lon="148.3190892"/>
      <trkpt lat="-9.1583068" lon="148.3189378"/>
      <trkpt lat="-9.1583291" lon="148.3188098"/>
      <trkpt lat="-9.1583777" lon="148.3186957"/>
      <trkpt lat="-9.1583455" lon="148.3186404"/>
      <trkpt lat="-9.1582797" lon="148.3186517"/>
      <trkpt lat="-9.1581761" lon="148.3187372"/>
      <trkpt lat="-9.1580838" lon="148.3188390"/>
      <trkpt lat="-9.1579578" lon="148.3188619"/>
      <trkpt lat="-9.1578221" lon="148.3188140"/>
      <trkpt lat="-9.1576712" lon="148.3187463"/>
      <trkpt lat="-9.1575207" lon="148.3187218"/>
      <trkpt lat="-9.1573836" lon="148.3186894"/>
      <trkpt lat="-9.1572836" lon="148.3187077"/>
      <trkpt lat="-9.1571826" lon="148.3187069"/>
      <trkpt lat="-9.1570716" lon="148.3187112"/>
      <trkpt lat="-9.1569346" lon="148.3186903"/>
      <trkpt lat="-9.1568197" lon="148.3187194"/>
      <trkpt lat="-9.1566952" lon="148.3187652"/>
      <trkpt lat="-9.1565891" lon="148.3187312"/>
      <trkpt lat="-9.1565491" lon="148.3186183"/>
      <trkpt lat="-9.1566100" lon="148.3185266"/>
      <trkpt lat="-9.1566649" lon="148.3184417"/>
      <trkpt lat="-9.1566682" lon="148.3183769"/>
      <trkpt lat="-9.1565929" lon="148.3182749"/>
      <trkpt lat="-9.1564993" lon="148.3181854"/>
      <trkpt lat="-9.1563698" lon="148.3181128"/>
      <trkpt lat="-9.1562225" lon="148.3180534"/>
      <trkpt lat="-9.1560878" lon="148.3180680"/>
      <trkpt lat="-9.1559778" lon="148.3181305"/>
      <trkpt lat="-9.1559175" lon="148.3182716"/>
      <trkpt lat="-9.1558963" lon="148.3184284"/>
      <trkpt lat="-9.1558949" lon="148.3186001"/>
      <trkpt lat="-9.1558656" lon="148.3187729"/>
      <trkpt lat="-9.1558437" lon="148.3189167"/>
      <trkpt lat="-9.1557766" lon="148.3189803"/>
      <trkpt lat="-9.1557518" lon="148.3189345"/>
      <trkpt lat="-9.1557118" lon="148.3188028"/>
      <trkpt lat="-9.1556804" lon="148.3186465"/>
      <trkpt lat="-9.1556060" lon="148.3184929"/>
      <trkpt lat="-9.1554807" lon="148.3183905"/>
      <trkpt lat="-9.1553564" lon="148.3183061"/>
      <trkpt lat="-9.1552795" lon="148.3182273"/>
      <trkpt lat="-9.1553196" lon="148.3181415"/>
      <trkpt lat="-9.1554307" lon="148.3180630"/>
      <trkpt lat="-9.1554657" lon="148.3180211"/>
      <trkpt lat="-9.1553851" lon="148.3179791"/>
      <trkpt lat="-9.1552224" lon="148.3179306"/>
      <trkpt lat="-9.1550568" lon="148.3178888"/>
      <trkpt lat="-9.1548908" lon="148.3178623"/>
      <trkpt lat="-9.1547150" lon="148.3178595"/>
      <trkpt lat="-9.1545749" lon="148.3178162"/>
      <trkpt lat="-9.1545012" lon="148.3177083"/>
      <trkpt lat="-9.1544861" lon="148.3176103"/>
      <trkpt lat="-9.1544608" lon="148.3175370"/>
      <trkpt lat="-9.1544292" lon="148.3174672"/>
      <trkpt lat="-9.1544075" lon="148.3173690"/>
      <trkpt lat="-9.1544258" lon="148.3172325"/>
      <trkpt lat="-9.1544018" lon="148.3171109"/>
      <trkpt lat="-9.1543277" lon="148.3169968"/>
      <trkpt lat="-9.1542185" lon="148.3169937"/>
      <trkpt lat="-9.1541488" lon="148.3170889"/>
      <trkpt lat="-9.1541220" lon="148.3172571"/>
      <trkpt lat="-9.1541034" lon="148.3174257"/>
      <trkpt lat="-9.1540338" lon="148.3175617"/>
      <trkpt lat="-9.1539071" lon="148.3176265"/>
      <trkpt lat="-9.1537563" lon="148.3175976"/>
      <trkpt lat="-9.1536399" lon="148.3174868"/>
      <trkpt lat="-9.1535326" lon="148.3173532"/>
      <trkpt lat="-9.1534223" lon="148.3172374"/>
      <trkpt lat="-9.1532728" lon="148.3171960"/>
      <trkpt lat="-9.1531542" lon="148.3172082"/>
      <trkpt lat="-9.1530267" lon="148.3172216"/>
      <trkpt lat="-9.1529113" lon="148.3171961"/>
      <trkpt lat="-9.1527580" lon="148.3171523"/>
      <trkpt lat="-9.1526119" lon="148.3170946"/>
      <trkpt lat="-9.1524914" lon="148.3170111"/>
      <trkpt lat="-9.1523809" lon="148.3168882"/>
      <trkpt lat="-9.1522759" lon="148.3168063"/>
      <trkpt lat="-9.1521945" lon="148.3168132"/>
      <trkpt lat="-9.1521556" lon="148.3169163"/>
      <trkpt lat="-9.1521782" lon="148.3170698"/>
      <trkpt lat="-9.1521975" lon="148.3172340"/>
      <trkpt lat="-9.1522067" lon="148.3174002"/>
      <trkpt lat="-9.1521902" lon="148.3175696"/>
      <trkpt lat="-9.1521398" lon="148.3177251"/>
      <trkpt lat="-9.1520509" lon="148.3177872"/>
      <trkpt lat="-9.1519173" lon="148.3177604"/>
      <trkpt lat="-9.1518158" lon="148.3176400"/>
      <trkpt lat="-9.1517894" lon="148.3175064"/>
      <trkpt lat="-9.1518201" lon="148.3173438"/>
      <trkpt lat="-9.1518071" lon="148.3172213"/>
      <trkpt lat="-9.1517474" lon="148.3170990"/>
      <trkpt lat="-9.1516380" lon="148.3170059"/>
      <trkpt lat="-9.1515175" lon="148.3169231"/>
      <trkpt lat="-9.1514035" lon="148.3168345"/>
      <trkpt lat="-9.1513559" lon="148.3167285"/>
      <trkpt lat="-9.1513203" lon="148.3165911"/>
      <trkpt lat="-9.1512901" lon="148.3164481"/>
      <trkpt lat="-9.1512609" lon="148.3162988"/>
      <trkpt lat="-9.1512854" lon="148.3161385"/>
      <trkpt lat="-9.1513001" lon="148.3160468"/>
      <trkpt lat="-9.1512579" lon="148.3159836"/>
      <trkpt lat="-9.1512065" lon="148.3159633"/>
      <trkpt lat="-9.1512005" lon="148.3158787"/>
      <trkpt lat="-9.1512340" lon="148.3157720"/>
      <trkpt lat="-9.1512651" lon="148.3156117"/>
      <trkpt lat="-9.1512943" lon="148.3154614"/>
      <trkpt lat="-9.1513117" lon="148.3152981"/>
      <trkpt lat="-9.1513193" lon="148.3151355"/>
      <trkpt lat="-9.1512844" lon="148.3149603"/>
      <trkpt lat="-9.1512120" lon="148.3148106"/>
      <trkpt lat="-9.1510959" lon="148.3146941"/>
      <trkpt lat="-9.1509454" lon="148.3146034"/>
      <trkpt lat="-9.1507849" lon="148.3145206"/>
      <trkpt lat="-9.1506221" lon="148.3144454"/>
      <trkpt lat="-9.1504540" lon="148.3143915"/>
      <trkpt lat="-9.1502899" lon="148.3143306"/>
      <trkpt lat="-9.1501426" lon="148.3142425"/>
      <trkpt lat="-9.1499986" lon="148.3141459"/>
      <trkpt lat="-9.1498463" lon="148.3140734"/>
      <trkpt lat="-9.1496768" lon="148.3140497"/>
      <trkpt lat="-9.1495102" lon="148.3140684"/>
      <trkpt lat="-9.1493507" lon="148.3141215"/>
      <trkpt lat="-9.1491929" lon="148.3141904"/>
      <trkpt lat="-9.1490264" lon="148.3142420"/>
      <trkpt lat="-9.1488530" lon="148.3142717"/>
      <trkpt lat="-9.1486757" lon="148.3142732"/>
      <trkpt lat="-9.1485019" lon="148.3142478"/>
      <trkpt lat="-9.1483432" lon="148.3141777"/>
      <trkpt lat="-9.1482063" lon="148.3140719"/>
      <trkpt lat="-9.1480717" lon="148.3139591"/>
      <trkpt lat="-9.1479293" lon="148.3138572"/>
      <trkpt lat="-9.1477746" lon="148.3137661"/>
      <trkpt lat="-9.1476400" lon="148.3136524"/>
      <trkpt lat="-9.1475108" lon="148.3135301"/>
      <trkpt lat="-9.1473782" lon="148.3134158"/>
      <trkpt lat="-9.1472333" lon="148.3133257"/>
      <trkpt lat="-9.1471003" lon="148.3132254"/>
      <trkpt lat="-9.1469759" lon="148.3131098"/>
      <trkpt lat="-9.1468460" lon="148.3129879"/>
      <trkpt lat="-9.1466937" lon="148.3128936"/>
      <trkpt lat="-9.1465340" lon="148.3128106"/>
      <trkpt lat="-9.1463674" lon="148.3127546"/>
      <trkpt lat="-9.1462103" lon="148.3126853"/>
      <trkpt lat="-9.1460741" lon="148.3125975"/>
      <trkpt lat="-9.1459974" lon="148.3124540"/>
      <trkpt lat="-9.1459874" lon="148.3122995"/>
      <trkpt lat="-9.1460283" lon="148.3121483"/>
      <trkpt lat="-9.1460242" lon="148.3120311"/>
      <trkpt lat="-9.1460194" lon="148.3119383"/>
      <trkpt lat="-9.1460050" lon="148.3118781"/>
      <trkpt lat="-9.1460318" lon="148.3117845"/>
      <trkpt lat="-9.1460246" lon="148.3116579"/>
      <trkpt lat="-9.1460521" lon="148.3115222"/>
      <trkpt lat="-9.1461267" lon="148.3114250"/>
    </trkseg>
    <trkseg>
      <trkpt lat="-9.1461117" lon="148.3113350"/>
      <trkpt lat="-9.1460669" lon="148.3111683"/>
      <trkpt lat="-9.1460559" lon="148.3110006"/>
      <trkpt lat="-9.1460646" lon="148.3108283"/>
      <trkpt lat="-9.1460906" lon="148.3106813"/>
      <trkpt lat="-9.1461033" lon="148.3105600"/>
    </trkseg>
    <trkseg>
      <trkpt lat="-9.1460750" lon="148.3107200"/>
      <trkpt lat="-9.1460974" lon="148.3105505"/>
      <trkpt lat="-9.1460763" lon="148.3103838"/>
      <trkpt lat="-9.1460477" lon="148.3102138"/>
      <trkpt lat="-9.1460316" lon="148.3100422"/>
      <trkpt lat="-9.1460182" lon="148.3098679"/>
      <trkpt lat="-9.1459790" lon="148.3096943"/>
      <trkpt lat="-9.1459280" lon="148.3095211"/>
      <trkpt lat="-9.1458843" lon="148.3093452"/>
      <trkpt lat="-9.1458429" lon="148.3091686"/>
      <trkpt lat="-9.1458065" lon="148.3089911"/>
      <trkpt lat="-9.1457656" lon="148.3088158"/>
      <trkpt lat="-9.1457050" lon="148.3086498"/>
      <trkpt lat="-9.1456134" lon="148.3084970"/>
      <trkpt lat="-9.1455082" lon="148.3083509"/>
      <trkpt lat="-9.1454000" lon="148.3082232"/>
      <trkpt lat="-9.1452797" lon="148.3081739"/>
      <trkpt lat="-9.1451341" lon="148.3081802"/>
      <trkpt lat="-9.1449681" lon="148.3082374"/>
      <trkpt lat="-9.1447967" lon="148.3082882"/>
      <trkpt lat="-9.1446311" lon="148.3083597"/>
      <trkpt lat="-9.1444636" lon="148.3084203"/>
      <trkpt lat="-9.1442943" lon="148.3084366"/>
      <trkpt lat="-9.1441194" lon="148.3084323"/>
      <trkpt lat="-9.1439455" lon="148.3084370"/>
      <trkpt lat="-9.1437721" lon="148.3084827"/>
      <trkpt lat="-9.1436042" lon="148.3085479"/>
      <trkpt lat="-9.1434475" lon="148.3086328"/>
      <trkpt lat="-9.1433116" lon="148.3087429"/>
      <trkpt lat="-9.1431721" lon="148.3088253"/>
      <trkpt lat="-9.1430201" lon="148.3088729"/>
      <trkpt lat="-9.1428452" lon="148.3088616"/>
      <trkpt lat="-9.1426721" lon="148.3088305"/>
      <trkpt lat="-9.1425003" lon="148.3087810"/>
      <trkpt lat="-9.1423286" lon="148.3087287"/>
      <trkpt lat="-9.1421571" lon="148.3086754"/>
      <trkpt lat="-9.1419875" lon="148.3086166"/>
      <trkpt lat="-9.1418242" lon="148.3085412"/>
      <trkpt lat="-9.1416582" lon="148.3084753"/>
      <trkpt lat="-9.1414878" lon="148.3084290"/>
      <trkpt lat="-9.1413096" lon="148.3084218"/>
      <trkpt lat="-9.1411356" lon="148.3084539"/>
      <trkpt lat="-9.1409678" lon="148.3085138"/>
      <trkpt lat="-9.1407999" lon="148.3085731"/>
      <trkpt lat="-9.1406269" lon="148.3085989"/>
      <trkpt lat="-9.1404843" lon="148.3085542"/>
      <trkpt lat="-9.1404166" lon="148.3084434"/>
      <trkpt lat="-9.1404253" lon="148.3082839"/>
      <trkpt lat="-9.1404726" lon="148.3081113"/>
      <trkpt lat="-9.1405241" lon="148.3079406"/>
      <trkpt lat="-9.1405839" lon="148.3077721"/>
      <trkpt lat="-9.1406534" lon="148.3076138"/>
      <trkpt lat="-9.1406874" lon="148.3074538"/>
      <trkpt lat="-9.1406664" lon="148.3072987"/>
      <trkpt lat="-9.1406020" lon="148.3071402"/>
      <trkpt lat="-9.1405131" lon="148.3069951"/>
      <trkpt lat="-9.1404333" lon="148.3068431"/>
      <trkpt lat="-9.1403559" lon="148.3066912"/>
      <trkpt lat="-9.1402642" lon="148.3065585"/>
      <trkpt lat="-9.1401586" lon="148.3064386"/>
      <trkpt lat="-9.1400634" lon="148.3063287"/>
      <trkpt lat="-9.1400686" lon="148.3062091"/>
      <trkpt lat="-9.1400947" lon="148.3060773"/>
      <trkpt lat="-9.1401598" lon="148.3059409"/>
      <trkpt lat="-9.1401519" lon="148.3058050"/>
      <trkpt lat="-9.1401039" lon="148.3057055"/>
      <trkpt lat="-9.1399688" lon="148.3056254"/>
      <trkpt lat="-9.1398106" lon="148.3055491"/>
      <trkpt lat="-9.1396723" lon="148.3054425"/>
      <trkpt lat="-9.1395634" lon="148.3053071"/>
      <trkpt lat="-9.1394511" lon="148.3051831"/>
      <trkpt lat="-9.1393262" lon="148.3050861"/>
      <trkpt lat="-9.1391997" lon="148.3049921"/>
      <trkpt lat="-9.1390795" lon="148.3048815"/>
      <trkpt lat="-9.1389733" lon="148.3047433"/>
      <trkpt lat="-9.1388753" lon="148.3045984"/>
      <trkpt lat="-9.1387977" lon="148.3044384"/>
      <trkpt lat="-9.1387648" lon="148.3042707"/>
      <trkpt lat="-9.1387696" lon="148.3041035"/>
      <trkpt lat="-9.1388332" lon="148.3039387"/>
      <trkpt lat="-9.1388779" lon="148.3037748"/>
      <trkpt lat="-9.1388770" lon="148.3036150"/>
      <trkpt lat="-9.1388193" lon="148.3034561"/>
      <trkpt lat="-9.1387157" lon="148.3033570"/>
      <trkpt lat="-9.1385863" lon="148.3032830"/>
      <trkpt lat="-9.1384296" lon="148.3032296"/>
      <trkpt lat="-9.1382665" lon="148.3031857"/>
      <trkpt lat="-9.1380949" lon="148.3031734"/>
      <trkpt lat="-9.1379212" lon="148.3031659"/>
      <trkpt lat="-9.1377479" lon="148.3031381"/>
      <trkpt lat="-9.1375832" lon="148.3031286"/>
      <trkpt lat="-9.1374199" lon="148.3031223"/>
      <trkpt lat="-9.1372634" lon="148.3031196"/>
      <trkpt lat="-9.1371030" lon="148.3031106"/>
      <trkpt lat="-9.1369378" lon="148.3031068"/>
      <trkpt lat="-9.1367664" lon="148.3031250"/>
      <trkpt lat="-9.1365957" lon="148.3031157"/>
      <trkpt lat="-9.1364286" lon="148.3031336"/>
      <trkpt lat="-9.1362824" lon="148.3030884"/>
      <trkpt lat="-9.1361683" lon="148.3030001"/>
      <trkpt lat="-9.1361046" lon="148.3028399"/>
      <trkpt lat="-9.1360787" lon="148.3026719"/>
      <trkpt lat="-9.1361016" lon="148.3025044"/>
      <trkpt lat="-9.1361168" lon="148.3023364"/>
      <trkpt lat="-9.1361168" lon="148.3021636"/>
      <trkpt lat="-9.1360851" lon="148.3019848"/>
      <trkpt lat="-9.1360519" lon="148.3018064"/>
      <trkpt lat="-9.1360198" lon="148.3016277"/>
      <trkpt lat="-9.1359911" lon="148.3014508"/>
      <trkpt lat="-9.1359584" lon="148.3012750"/>
      <trkpt lat="-9.1359714" lon="148.3011099"/>
      <trkpt lat="-9.1359899" lon="148.3009437"/>
      <trkpt lat="-9.1360045" lon="148.3007790"/>
      <trkpt lat="-9.1359873" lon="148.3006029"/>
      <trkpt lat="-9.1359602" lon="148.3004268"/>
      <trkpt lat="-9.1359596" lon="148.3002537"/>
      <trkpt lat="-9.1359866" lon="148.3000869"/>
      <trkpt lat="-9.1360286" lon="148.2999455"/>
      <trkpt lat="-9.1360733" lon="148.2998233"/>
    </trkseg>
    <trkseg>
      <trkpt lat="-9.1471100" lon="148.2993983"/>
      <trkpt lat="-9.1470384" lon="148.2995042"/>
      <trkpt lat="-9.1470034" lon="148.2995475"/>
      <trkpt lat="-9.1470050" lon="148.2995283"/>
    </trkseg>
    <trkseg>
      <trkpt lat="-9.1359833" lon="148.2998517"/>
      <trkpt lat="-9.1360580" lon="148.2997686"/>
      <trkpt lat="-9.1361829" lon="148.2997314"/>
      <trkpt lat="-9.1363541" lon="148.2997136"/>
      <trkpt lat="-9.1365231" lon="148.2996879"/>
      <trkpt lat="-9.1366832" lon="148.2996169"/>
      <trkpt lat="-9.1368362" lon="148.2995247"/>
      <trkpt lat="-9.1369730" lon="148.2994084"/>
      <trkpt lat="-9.1370832" lon="148.2992746"/>
      <trkpt lat="-9.1371606" lon="148.2991192"/>
      <trkpt lat="-9.1372409" lon="148.2989794"/>
      <trkpt lat="-9.1373491" lon="148.2988589"/>
      <trkpt lat="-9.1374943" lon="148.2987659"/>
      <trkpt lat="-9.1376278" lon="148.2986519"/>
      <trkpt lat="-9.1377132" lon="148.2985105"/>
      <trkpt lat="-9.1377334" lon="148.2983416"/>
      <trkpt lat="-9.1376830" lon="148.2981769"/>
      <trkpt lat="-9.1375873" lon="148.2980296"/>
      <trkpt lat="-9.1374805" lon="148.2978912"/>
      <trkpt lat="-9.1374570" lon="148.2977620"/>
      <trkpt lat="-9.1375212" lon="148.2976418"/>
      <trkpt lat="-9.1376472" lon="148.2975246"/>
      <trkpt lat="-9.1377852" lon="148.2974336"/>
      <trkpt lat="-9.1379242" lon="148.2974110"/>
      <trkpt lat="-9.1380822" lon="148.2974311"/>
      <trkpt lat="-9.1382306" lon="148.2974972"/>
      <trkpt lat="-9.1383626" lon="148.2975812"/>
      <trkpt lat="-9.1384799" lon="148.2977107"/>
      <trkpt lat="-9.1386090" lon="148.2978205"/>
      <trkpt lat="-9.1387665" lon="148.2978888"/>
      <trkpt lat="-9.1389376" lon="148.2979393"/>
      <trkpt lat="-9.1391101" lon="148.2979744"/>
      <trkpt lat="-9.1392834" lon="148.2979863"/>
      <trkpt lat="-9.1394614" lon="148.2979651"/>
      <trkpt lat="-9.1396372" lon="148.2979342"/>
      <trkpt lat="-9.1397893" lon="148.2978670"/>
      <trkpt lat="-9.1399081" lon="148.2977546"/>
      <trkpt lat="-9.1400189" lon="148.2976270"/>
      <trkpt lat="-9.1401137" lon="148.2974905"/>
      <trkpt lat="-9.1402029" lon="148.2973519"/>
      <trkpt lat="-9.1402784" lon="148.2971911"/>
      <trkpt lat="-9.1403487" lon="148.2970295"/>
      <trkpt lat="-9.1404116" lon="148.2968665"/>
      <trkpt lat="-9.1404829" lon="148.2967116"/>
      <trkpt lat="-9.1405604" lon="148.2965679"/>
      <trkpt lat="-9.1406411" lon="148.2964273"/>
      <trkpt lat="-9.1406558" lon="148.2962846"/>
      <trkpt lat="-9.1406051" lon="148.2961510"/>
      <trkpt lat="-9.1404890" lon="148.2960372"/>
      <trkpt lat="-9.1403932" lon="148.2959047"/>
      <trkpt lat="-9.1403063" lon="148.2957701"/>
      <trkpt lat="-9.1402451" lon="148.2956147"/>
      <trkpt lat="-9.1401300" lon="148.2954987"/>
      <trkpt lat="-9.1400085" lon="148.2953822"/>
      <trkpt lat="-9.1398885" lon="148.2952650"/>
      <trkpt lat="-9.1398199" lon="148.2951089"/>
      <trkpt lat="-9.1398240" lon="148.2949424"/>
      <trkpt lat="-9.1398789" lon="148.2947803"/>
      <trkpt lat="-9.1399601" lon="148.2946224"/>
      <trkpt lat="-9.1400451" lon="148.2944663"/>
      <trkpt lat="-9.1401558" lon="148.2943388"/>
      <trkpt lat="-9.1403005" lon="148.2942852"/>
      <trkpt lat="-9.1404550" lon="148.2943145"/>
      <trkpt lat="-9.1406120" lon="148.2943534"/>
      <trkpt lat="-9.1407637" lon="148.2943498"/>
      <trkpt lat="-9.1409230" lon="148.2943399"/>
      <trkpt lat="-9.1410628" lon="148.2943893"/>
      <trkpt lat="-9.1412010" lon="148.2944964"/>
      <trkpt lat="-9.1413441" lon="148.2945978"/>
      <trkpt lat="-9.1415047" lon="148.2946785"/>
      <trkpt lat="-9.1416679" lon="148.2947551"/>
      <trkpt lat="-9.1418296" lon="148.2948358"/>
      <trkpt lat="-9.1419913" lon="148.2949007"/>
      <trkpt lat="-9.1421576" lon="148.2949498"/>
      <trkpt lat="-9.1423215" lon="148.2949986"/>
      <trkpt lat="-9.1424754" lon="148.2950787"/>
      <trkpt lat="-9.1426189" lon="148.2951805"/>
      <trkpt lat="-9.1427506" lon="148.2953005"/>
      <trkpt lat="-9.1428795" lon="148.2954220"/>
      <trkpt lat="-9.1430013" lon="148.2955528"/>
      <trkpt lat="-9.1431278" lon="148.2956462"/>
      <trkpt lat="-9.1432425" lon="148.2957038"/>
      <trkpt lat="-9.1433775" lon="148.2957066"/>
      <trkpt lat="-9.1435257" lon="148.2957179"/>
      <trkpt lat="-9.1437005" lon="148.2957312"/>
      <trkpt lat="-9.1438753" lon="148.2957512"/>
      <trkpt lat="-9.1440377" lon="148.2957656"/>
      <trkpt lat="-9.1441883" lon="148.2957817"/>
    </trkseg>
    <trkseg>
      <trkpt lat="-9.1442083" lon="148.2958383"/>
      <trkpt lat="-9.1442547" lon="148.2957765"/>
      <trkpt lat="-9.1442780" lon="148.2957565"/>
      <trkpt lat="-9.1442783" lon="148.2957783"/>
    </trkseg>
    <trkseg>
      <trkpt lat="-9.1441533" lon="148.2958183"/>
      <trkpt lat="-9.1442512" lon="148.2959706"/>
      <trkpt lat="-9.1443653" lon="148.2961063"/>
      <trkpt lat="-9.1444908" lon="148.2962330"/>
      <trkpt lat="-9.1446262" lon="148.2963509"/>
      <trkpt lat="-9.1447700" lon="148.2964519"/>
      <trkpt lat="-9.1449248" lon="148.2965360"/>
      <trkpt lat="-9.1450869" lon="148.2966107"/>
      <trkpt lat="-9.1452413" lon="148.2967022"/>
      <trkpt lat="-9.1453986" lon="148.2967775"/>
      <trkpt lat="-9.1455604" lon="148.2967984"/>
      <trkpt lat="-9.1457141" lon="148.2967727"/>
      <trkpt lat="-9.1458627" lon="148.2967590"/>
      <trkpt lat="-9.1460028" lon="148.2967798"/>
      <trkpt lat="-9.1461462" lon="148.2968417"/>
      <trkpt lat="-9.1462965" lon="148.2968887"/>
      <trkpt lat="-9.1464564" lon="148.2969454"/>
      <trkpt lat="-9.1466229" lon="148.2969734"/>
      <trkpt lat="-9.1467698" lon="148.2969507"/>
      <trkpt lat="-9.1469019" lon="148.2968620"/>
      <trkpt lat="-9.1470396" lon="148.2967547"/>
      <trkpt lat="-9.1471582" lon="148.2966433"/>
      <trkpt lat="-9.1472512" lon="148.2965174"/>
      <trkpt lat="-9.1472908" lon="148.2963498"/>
      <trkpt lat="-9.1473001" lon="148.2961725"/>
      <trkpt lat="-9.1472979" lon="148.2959931"/>
      <trkpt lat="-9.1473173" lon="148.2958206"/>
      <trkpt lat="-9.1473837" lon="148.2956604"/>
      <trkpt lat="-9.1474881" lon="148.2955200"/>
      <trkpt lat="-9.1476268" lon="148.2954330"/>
      <trkpt lat="-9.1477841" lon="148.2953971"/>
      <trkpt lat="-9.1479435" lon="148.2953852"/>
      <trkpt lat="-9.1480532" lon="148.2953160"/>
      <trkpt lat="-9.1481480" lon="148.2951992"/>
      <trkpt lat="-9.1482231" lon="148.2950480"/>
      <trkpt lat="-9.1482867" lon="148.2949001"/>
      <trkpt lat="-9.1483446" lon="148.2947466"/>
      <trkpt lat="-9.1484360" lon="148.2946391"/>
      <trkpt lat="-9.1485887" lon="148.2945765"/>
      <trkpt lat="-9.1487658" lon="148.2945538"/>
      <trkpt lat="-9.1489446" lon="148.2945279"/>
      <trkpt lat="-9.1491100" lon="148.2944728"/>
      <trkpt lat="-9.1492652" lon="148.2943971"/>
      <trkpt lat="-9.1494185" lon="148.2943178"/>
      <trkpt lat="-9.1495753" lon="148.2942472"/>
      <trkpt lat="-9.1497341" lon="148.2941777"/>
      <trkpt lat="-9.1498919" lon="148.2941034"/>
      <trkpt lat="-9.1500515" lon="148.2940436"/>
      <trkpt lat="-9.1502140" lon="148.2940211"/>
      <trkpt lat="-9.1503596" lon="148.2940579"/>
      <trkpt lat="-9.1505016" lon="148.2941461"/>
      <trkpt lat="-9.1506434" lon="148.2942517"/>
      <trkpt lat="-9.1507951" lon="148.2943338"/>
      <trkpt lat="-9.1509305" lon="148.2944297"/>
      <trkpt lat="-9.1510357" lon="148.2945336"/>
      <trkpt lat="-9.1511373" lon="148.2946432"/>
      <trkpt lat="-9.1512653" lon="148.2946905"/>
      <trkpt lat="-9.1514280" lon="148.2947125"/>
      <trkpt lat="-9.1516008" lon="148.2946884"/>
      <trkpt lat="-9.1517715" lon="148.2946736"/>
      <trkpt lat="-9.1519259" lon="148.2946917"/>
      <trkpt lat="-9.1520644" lon="148.2947738"/>
      <trkpt lat="-9.1521932" lon="148.2948842"/>
      <trkpt lat="-9.1523236" lon="148.2949936"/>
      <trkpt lat="-9.1524610" lon="148.2950966"/>
      <trkpt lat="-9.1526037" lon="148.2952007"/>
      <trkpt lat="-9.1527538" lon="148.2952947"/>
      <trkpt lat="-9.1529102" lon="148.2953706"/>
      <trkpt lat="-9.1530348" lon="148.2954753"/>
      <trkpt lat="-9.1531609" lon="148.2955695"/>
      <trkpt lat="-9.1532917" lon="148.2956364"/>
      <trkpt lat="-9.1534630" lon="148.2956508"/>
      <trkpt lat="-9.1536321" lon="148.2956689"/>
      <trkpt lat="-9.1538001" lon="148.2957047"/>
      <trkpt lat="-9.1539578" lon="148.2957629"/>
      <trkpt lat="-9.1541117" lon="148.2958156"/>
      <trkpt lat="-9.1542281" lon="148.2958863"/>
      <trkpt lat="-9.1543490" lon="148.2959074"/>
      <trkpt lat="-9.1544671" lon="148.2959065"/>
      <trkpt lat="-9.1545935" lon="148.2959125"/>
      <trkpt lat="-9.1547145" lon="148.2959104"/>
      <trkpt lat="-9.1548425" lon="148.2959163"/>
      <trkpt lat="-9.1550002" lon="148.2959067"/>
      <trkpt lat="-9.1551543" lon="148.2959681"/>
      <trkpt lat="-9.1552951" lon="148.2960716"/>
      <trkpt lat="-9.1554201" lon="148.2961971"/>
      <trkpt lat="-9.1555463" lon="148.2963218"/>
      <trkpt lat="-9.1556529" lon="148.2964533"/>
      <trkpt lat="-9.1557620" lon="148.2965791"/>
      <trkpt lat="-9.1558794" lon="148.2966901"/>
      <trkpt lat="-9.1560361" lon="148.2967415"/>
      <trkpt lat="-9.1561914" lon="148.2967166"/>
      <trkpt lat="-9.1563368" lon="148.2966577"/>
      <trkpt lat="-9.1564792" lon="148.2966291"/>
      <trkpt lat="-9.1566232" lon="148.2966805"/>
      <trkpt lat="-9.1567667" lon="148.2967455"/>
      <trkpt lat="-9.1569090" lon="148.2967811"/>
      <trkpt lat="-9.1570569" lon="148.2968120"/>
      <trkpt lat="-9.1572190" lon="148.2968295"/>
      <trkpt lat="-9.1573869" lon="148.2968394"/>
      <trkpt lat="-9.1575577" lon="148.2968358"/>
      <trkpt lat="-9.1577192" lon="148.2968707"/>
      <trkpt lat="-9.1578819" lon="148.2969130"/>
      <trkpt lat="-9.1580455" lon="148.2969104"/>
      <trkpt lat="-9.1582117" lon="148.2968516"/>
      <trkpt lat="-9.1583765" lon="148.2967873"/>
      <trkpt lat="-9.1585399" lon="148.2967233"/>
      <trkpt lat="-9.1587089" lon="148.2966740"/>
      <trkpt lat="-9.1588693" lon="148.2966607"/>
      <trkpt lat="-9.1590239" lon="148.2967105"/>
      <trkpt lat="-9.1591585" lon="148.2968195"/>
      <trkpt lat="-9.1592966" lon="148.2969082"/>
      <trkpt lat="-9.1594367" lon="148.2969242"/>
      <trkpt lat="-9.1595768" lon="148.2968482"/>
      <trkpt lat="-9.1597185" lon="148.2967726"/>
      <trkpt lat="-9.1598641" lon="148.2967608"/>
      <trkpt lat="-9.1600009" lon="148.2968210"/>
      <trkpt lat="-9.1601117" lon="148.2969017"/>
    </trkseg>
  </trk>
</gpx>
