<?xml version="1.0" encoding="UTF-8"?>
<gpx version="1.1" creator="MCA Maps — Managalas clan boundary survey"
     xmlns="http://www.topografix.com/GPX/1/1"
     xmlns:xsi="http://www.w3.org/2001/XMLSchema-instance"
     xsi:schemaLocation="http://www.topografix.com/GPX/1/1 http://www.topografix.com/GPX/1/1/gpx.xsd">
  <metadata>
    <name>Tuoko — clan land boundary</name>
    <desc>Tuoko, Zone 2. 47.7 km walked; 17.0 km still to walk in 7 gaps. 1 join(s) under the marking threshold are not shown.</desc>
    <time>2026-08-23T00:00:00Z</time>
  </metadata>
  <wpt lat="-9.1405517" lon="148.2688233">
    <name>GAP 1 OF 7 START</name>
    <desc>0.23 km not walked. This straight line is not a boundary — it joins the two ends so the shape can be closed on paper. Tuoko, Zone 2.</desc>
    <sym>Flag</sym>
  </wpt>
  <wpt lat="-9.1425983" lon="148.2693133">
    <name>GAP 1 OF 7 END</name>
    <desc>0.23 km not walked. This straight line is not a boundary — it joins the two ends so the shape can be closed on paper. Tuoko, Zone 2.</desc>
    <sym>Flag</sym>
  </wpt>
  <wpt lat="-9.1459317" lon="148.2174600">
    <name>GAP 2 OF 7 START</name>
    <desc>2.25 km not walked. This straight line is not a boundary — it joins the two ends so the shape can be closed on paper. Tuoko, Zone 2.</desc>
    <sym>Flag</sym>
  </wpt>
  <wpt lat="-9.1400900" lon="148.1978833">
    <name>GAP 2 OF 7 END</name>
    <desc>2.25 km not walked. This straight line is not a boundary — it joins the two ends so the shape can be closed on paper. Tuoko, Zone 2.</desc>
    <sym>Flag</sym>
  </wpt>
  <wpt lat="-9.1419767" lon="148.1597283">
    <name>GAP 3 OF 7 START</name>
    <desc>3.44 km not walked. This straight line is not a boundary — it joins the two ends so the shape can be closed on paper. Tuoko, Zone 2.</desc>
    <sym>Flag</sym>
  </wpt>
  <wpt lat="-9.1110667" lon="148.1629167">
    <name>GAP 3 OF 7 END</name>
    <desc>3.44 km not walked. This straight line is not a boundary — it joins the two ends so the shape can be closed on paper. Tuoko, Zone 2.</desc>
    <sym>Flag</sym>
  </wpt>
  <wpt lat="-9.1217850" lon="148.2256967">
    <name>GAP 4 OF 7 START</name>
    <desc>5.25 km not walked. This straight line is not a boundary — it joins the two ends so the shape can be closed on paper. Tuoko, Zone 2.</desc>
    <sym>Flag</sym>
  </wpt>
  <wpt lat="-9.1208217" lon="148.2734333">
    <name>GAP 4 OF 7 END</name>
    <desc>5.25 km not walked. This straight line is not a boundary — it joins the two ends so the shape can be closed on paper. Tuoko, Zone 2.</desc>
    <sym>Flag</sym>
  </wpt>
  <wpt lat="-9.1209967" lon="148.2737267">
    <name>GAP 5 OF 7 START</name>
    <desc>1.67 km not walked. This straight line is not a boundary — it joins the two ends so the shape can be closed on paper. Tuoko, Zone 2.</desc>
    <sym>Flag</sym>
  </wpt>
  <wpt lat="-9.1359717" lon="148.2756150">
    <name>GAP 5 OF 7 END</name>
    <desc>1.67 km not walked. This straight line is not a boundary — it joins the two ends so the shape can be closed on paper. Tuoko, Zone 2.</desc>
    <sym>Flag</sym>
  </wpt>
  <wpt lat="-9.1430900" lon="148.2633383">
    <name>GAP 6 OF 7 START</name>
    <desc>0.74 km not walked. This straight line is not a boundary — it joins the two ends so the shape can be closed on paper. Tuoko, Zone 2.</desc>
    <sym>Flag</sym>
  </wpt>
  <wpt lat="-9.1495950" lon="148.2618550">
    <name>GAP 6 OF 7 END</name>
    <desc>0.74 km not walked. This straight line is not a boundary — it joins the two ends so the shape can be closed on paper. Tuoko, Zone 2.</desc>
    <sym>Flag</sym>
  </wpt>
  <wpt lat="-9.1495950" lon="148.2618550">
    <name>GAP 7 OF 7 START</name>
    <desc>3.47 km not walked. This straight line is not a boundary — it joins the two ends so the shape can be closed on paper. Tuoko, Zone 2.</desc>
    <sym>Flag</sym>
  </wpt>
  <wpt lat="-9.1296817" lon="148.2374100">
    <name>GAP 7 OF 7 END</name>
    <desc>3.47 km not walked. This straight line is not a boundary — it joins the two ends so the shape can be closed on paper. Tuoko, Zone 2.</desc>
    <sym>Flag</sym>
  </wpt>
  <trk>
    <name>GAP 1 OF 7 - NOT WALKED - 0.23 km</name>
    <desc>0.23 km not walked. This straight line is not a boundary — it joins the two ends so the shape can be closed on paper. Tuoko, Zone 2.</desc>
    <type>not-walked</type>
    <trkseg>
      <trkpt lat="-9.1405517" lon="148.2688233"/>
      <trkpt lat="-9.1425983" lon="148.2693133"/>
    </trkseg>
  </trk>
  <trk>
    <name>GAP 2 OF 7 - NOT WALKED - 2.25 km</name>
    <desc>2.25 km not walked. This straight line is not a boundary — it joins the two ends so the shape can be closed on paper. Tuoko, Zone 2.</desc>
    <type>not-walked</type>
    <trkseg>
      <trkpt lat="-9.1459317" lon="148.2174600"/>
      <trkpt lat="-9.1400900" lon="148.1978833"/>
    </trkseg>
  </trk>
  <trk>
    <name>GAP 3 OF 7 - NOT WALKED - 3.44 km</name>
    <desc>3.44 km not walked. This straight line is not a boundary — it joins the two ends so the shape can be closed on paper. Tuoko, Zone 2.</desc>
    <type>not-walked</type>
    <trkseg>
      <trkpt lat="-9.1419767" lon="148.1597283"/>
      <trkpt lat="-9.1110667" lon="148.1629167"/>
    </trkseg>
  </trk>
  <trk>
    <name>GAP 4 OF 7 - NOT WALKED - 5.25 km</name>
    <desc>5.25 km not walked. This straight line is not a boundary — it joins the two ends so the shape can be closed on paper. Tuoko, Zone 2.</desc>
    <type>not-walked</type>
    <trkseg>
      <trkpt lat="-9.1217850" lon="148.2256967"/>
      <trkpt lat="-9.1208217" lon="148.2734333"/>
    </trkseg>
  </trk>
  <trk>
    <name>GAP 5 OF 7 - NOT WALKED - 1.67 km</name>
    <desc>1.67 km not walked. This straight line is not a boundary — it joins the two ends so the shape can be closed on paper. Tuoko, Zone 2.</desc>
    <type>not-walked</type>
    <trkseg>
      <trkpt lat="-9.1209967" lon="148.2737267"/>
      <trkpt lat="-9.1359717" lon="148.2756150"/>
    </trkseg>
  </trk>
  <trk>
    <name>GAP 6 OF 7 - NOT WALKED - 0.74 km</name>
    <desc>0.74 km not walked. This straight line is not a boundary — it joins the two ends so the shape can be closed on paper. Tuoko, Zone 2.</desc>
    <type>not-walked</type>
    <trkseg>
      <trkpt lat="-9.1430900" lon="148.2633383"/>
      <trkpt lat="-9.1495950" lon="148.2618550"/>
    </trkseg>
  </trk>
  <trk>
    <name>GAP 7 OF 7 - NOT WALKED - 3.47 km</name>
    <desc>3.47 km not walked. This straight line is not a boundary — it joins the two ends so the shape can be closed on paper. Tuoko, Zone 2.</desc>
    <type>not-walked</type>
    <trkseg>
      <trkpt lat="-9.1495950" lon="148.2618550"/>
      <trkpt lat="-9.1296817" lon="148.2374100"/>
    </trkseg>
  </trk>
  <trk>
    <name>Tuoko - Kaupa Dota</name>
    <desc>Walked by Kaupa Dota. 11.2 km, 6 track(s), recorded on the ground. Tuoko, Zone 2.</desc>
    <type>walked-boundary</type>
    <trkseg>
      <trkpt lat="-9.1488167" lon="148.2618367"/>
      <trkpt lat="-9.1488264" lon="148.2616556"/>
      <trkpt lat="-9.1488403" lon="148.2614751"/>
      <trkpt lat="-9.1488534" lon="148.2612945"/>
      <trkpt lat="-9.1488548" lon="148.2611133"/>
      <trkpt lat="-9.1488673" lon="148.2609372"/>
      <trkpt lat="-9.1488750" lon="148.2607620"/>
      <trkpt lat="-9.1489054" lon="148.2605901"/>
      <trkpt lat="-9.1489415" lon="148.2604171"/>
      <trkpt lat="-9.1490129" lon="148.2602526"/>
      <trkpt lat="-9.1490920" lon="148.2600908"/>
      <trkpt lat="-9.1491797" lon="148.2599331"/>
      <trkpt lat="-9.1492602" lon="148.2597718"/>
      <trkpt lat="-9.1493310" lon="148.2596070"/>
      <trkpt lat="-9.1493466" lon="148.2594407"/>
      <trkpt lat="-9.1493300" lon="148.2592750"/>
      <trkpt lat="-9.1493196" lon="148.2591119"/>
      <trkpt lat="-9.1493367" lon="148.2589423"/>
      <trkpt lat="-9.1493658" lon="148.2587663"/>
      <trkpt lat="-9.1493748" lon="148.2585854"/>
      <trkpt lat="-9.1493741" lon="148.2584044"/>
      <trkpt lat="-9.1493746" lon="148.2582239"/>
      <trkpt lat="-9.1494019" lon="148.2580566"/>
      <trkpt lat="-9.1494512" lon="148.2579180"/>
      <trkpt lat="-9.1495153" lon="148.2578504"/>
      <trkpt lat="-9.1495080" lon="148.2578055"/>
      <trkpt lat="-9.1494871" lon="148.2577926"/>
      <trkpt lat="-9.1494382" lon="148.2577396"/>
      <trkpt lat="-9.1494446" lon="148.2576517"/>
      <trkpt lat="-9.1494198" lon="148.2575123"/>
      <trkpt lat="-9.1493615" lon="148.2573600"/>
      <trkpt lat="-9.1492675" lon="148.2572111"/>
      <trkpt lat="-9.1491902" lon="148.2570588"/>
      <trkpt lat="-9.1491431" lon="148.2568927"/>
      <trkpt lat="-9.1491155" lon="148.2567231"/>
      <trkpt lat="-9.1490958" lon="148.2565491"/>
      <trkpt lat="-9.1490732" lon="148.2563729"/>
      <trkpt lat="-9.1490725" lon="148.2561993"/>
      <trkpt lat="-9.1491190" lon="148.2560633"/>
      <trkpt lat="-9.1491442" lon="148.2559386"/>
      <trkpt lat="-9.1491483" lon="148.2558100"/>
      <trkpt lat="-9.1491022" lon="148.2556424"/>
      <trkpt lat="-9.1490778" lon="148.2554639"/>
      <trkpt lat="-9.1490439" lon="148.2552873"/>
      <trkpt lat="-9.1490407" lon="148.2551189"/>
      <trkpt lat="-9.1490770" lon="148.2549537"/>
      <trkpt lat="-9.1491457" lon="148.2547905"/>
      <trkpt lat="-9.1491849" lon="148.2546201"/>
      <trkpt lat="-9.1491761" lon="148.2544498"/>
      <trkpt lat="-9.1491910" lon="148.2542958"/>
      <trkpt lat="-9.1492511" lon="148.2541554"/>
      <trkpt lat="-9.1493507" lon="148.2540116"/>
      <trkpt lat="-9.1493921" lon="148.2538511"/>
      <trkpt lat="-9.1494210" lon="148.2536871"/>
      <trkpt lat="-9.1494489" lon="148.2535243"/>
      <trkpt lat="-9.1494956" lon="148.2533580"/>
      <trkpt lat="-9.1495034" lon="148.2531831"/>
      <trkpt lat="-9.1494795" lon="148.2530073"/>
      <trkpt lat="-9.1494415" lon="148.2528323"/>
      <trkpt lat="-9.1494054" lon="148.2526560"/>
      <trkpt lat="-9.1494126" lon="148.2524956"/>
      <trkpt lat="-9.1494695" lon="148.2523498"/>
      <trkpt lat="-9.1495659" lon="148.2522098"/>
      <trkpt lat="-9.1496319" lon="148.2520539"/>
      <trkpt lat="-9.1496559" lon="148.2518854"/>
      <trkpt lat="-9.1496566" lon="148.2517111"/>
      <trkpt lat="-9.1496218" lon="148.2515492"/>
      <trkpt lat="-9.1495805" lon="148.2513886"/>
      <trkpt lat="-9.1495653" lon="148.2512383"/>
      <trkpt lat="-9.1496322" lon="148.2510916"/>
      <trkpt lat="-9.1497579" lon="148.2509704"/>
      <trkpt lat="-9.1498971" lon="148.2508609"/>
      <trkpt lat="-9.1500104" lon="148.2507357"/>
      <trkpt lat="-9.1500980" lon="148.2505880"/>
      <trkpt lat="-9.1501291" lon="148.2504192"/>
      <trkpt lat="-9.1501224" lon="148.2502527"/>
      <trkpt lat="-9.1500815" lon="148.2500900"/>
      <trkpt lat="-9.1500628" lon="148.2499623"/>
      <trkpt lat="-9.1500750" lon="148.2498667"/>
    </trkseg>
    <trkseg>
      <trkpt lat="-9.1496333" lon="148.2495383"/>
      <trkpt lat="-9.1497844" lon="148.2496216"/>
      <trkpt lat="-9.1498583" lon="148.2497067"/>
    </trkseg>
    <trkseg>
      <trkpt lat="-9.1498233" lon="148.2496217"/>
      <trkpt lat="-9.1496624" lon="148.2495536"/>
      <trkpt lat="-9.1495411" lon="148.2494498"/>
      <trkpt lat="-9.1494314" lon="148.2493304"/>
      <trkpt lat="-9.1493391" lon="148.2491934"/>
      <trkpt lat="-9.1492643" lon="148.2490535"/>
      <trkpt lat="-9.1492148" lon="148.2489004"/>
      <trkpt lat="-9.1491901" lon="148.2487450"/>
      <trkpt lat="-9.1491783" lon="148.2485957"/>
      <trkpt lat="-9.1491926" lon="148.2484392"/>
      <trkpt lat="-9.1492375" lon="148.2482709"/>
      <trkpt lat="-9.1492870" lon="148.2481059"/>
      <trkpt lat="-9.1492989" lon="148.2479549"/>
      <trkpt lat="-9.1492493" lon="148.2478211"/>
      <trkpt lat="-9.1491330" lon="148.2477199"/>
      <trkpt lat="-9.1490153" lon="148.2476822"/>
      <trkpt lat="-9.1489109" lon="148.2476315"/>
      <trkpt lat="-9.1488200" lon="148.2475566"/>
      <trkpt lat="-9.1487747" lon="148.2474183"/>
      <trkpt lat="-9.1487557" lon="148.2472854"/>
      <trkpt lat="-9.1487177" lon="148.2471674"/>
      <trkpt lat="-9.1486321" lon="148.2470439"/>
      <trkpt lat="-9.1485185" lon="148.2469149"/>
      <trkpt lat="-9.1484653" lon="148.2467620"/>
      <trkpt lat="-9.1484745" lon="148.2466069"/>
      <trkpt lat="-9.1485521" lon="148.2464584"/>
      <trkpt lat="-9.1486410" lon="148.2463061"/>
      <trkpt lat="-9.1487024" lon="148.2461446"/>
      <trkpt lat="-9.1487305" lon="148.2459784"/>
      <trkpt lat="-9.1487898" lon="148.2458658"/>
      <trkpt lat="-9.1488966" lon="148.2457993"/>
      <trkpt lat="-9.1490075" lon="148.2457246"/>
      <trkpt lat="-9.1490753" lon="148.2455919"/>
      <trkpt lat="-9.1490836" lon="148.2454242"/>
      <trkpt lat="-9.1490473" lon="148.2452738"/>
      <trkpt lat="-9.1490294" lon="148.2451421"/>
      <trkpt lat="-9.1490651" lon="148.2450214"/>
      <trkpt lat="-9.1491761" lon="148.2448974"/>
      <trkpt lat="-9.1492806" lon="148.2447591"/>
      <trkpt lat="-9.1493658" lon="148.2446077"/>
      <trkpt lat="-9.1494256" lon="148.2444448"/>
      <trkpt lat="-9.1494817" lon="148.2443236"/>
      <trkpt lat="-9.1495053" lon="148.2441970"/>
      <trkpt lat="-9.1495181" lon="148.2440684"/>
      <trkpt lat="-9.1495041" lon="148.2439514"/>
      <trkpt lat="-9.1495088" lon="148.2438321"/>
      <trkpt lat="-9.1495030" lon="148.2437138"/>
      <trkpt lat="-9.1494972" lon="148.2435402"/>
      <trkpt lat="-9.1494796" lon="148.2434252"/>
      <trkpt lat="-9.1494683" lon="148.2433667"/>
    </trkseg>
    <trkseg>
      <trkpt lat="-9.1487600" lon="148.2430567"/>
      <trkpt lat="-9.1487330" lon="148.2429756"/>
      <trkpt lat="-9.1487197" lon="148.2429363"/>
      <trkpt lat="-9.1487189" lon="148.2429072"/>
      <trkpt lat="-9.1487328" lon="148.2429583"/>
      <trkpt lat="-9.1487506" lon="148.2429857"/>
      <trkpt lat="-9.1487572" lon="148.2430101"/>
      <trkpt lat="-9.1487317" lon="148.2430050"/>
    </trkseg>
    <trkseg>
      <trkpt lat="-9.1493550" lon="148.2431017"/>
      <trkpt lat="-9.1493563" lon="148.2429454"/>
      <trkpt lat="-9.1493618" lon="148.2427784"/>
      <trkpt lat="-9.1493917" lon="148.2426051"/>
      <trkpt lat="-9.1494180" lon="148.2424337"/>
      <trkpt lat="-9.1494508" lon="148.2422666"/>
      <trkpt lat="-9.1495080" lon="148.2421174"/>
      <trkpt lat="-9.1495756" lon="148.2419677"/>
      <trkpt lat="-9.1496631" lon="148.2418252"/>
      <trkpt lat="-9.1497458" lon="148.2416829"/>
      <trkpt lat="-9.1498030" lon="148.2416432"/>
      <trkpt lat="-9.1498476" lon="148.2416191"/>
      <trkpt lat="-9.1498560" lon="148.2415768"/>
      <trkpt lat="-9.1499019" lon="148.2414380"/>
      <trkpt lat="-9.1499680" lon="148.2412825"/>
      <trkpt lat="-9.1500488" lon="148.2411253"/>
      <trkpt lat="-9.1500615" lon="148.2409857"/>
      <trkpt lat="-9.1500281" lon="148.2408377"/>
      <trkpt lat="-9.1499482" lon="148.2407040"/>
      <trkpt lat="-9.1498842" lon="148.2405462"/>
      <trkpt lat="-9.1498255" lon="148.2403867"/>
      <trkpt lat="-9.1498181" lon="148.2402203"/>
      <trkpt lat="-9.1498545" lon="148.2400570"/>
      <trkpt lat="-9.1499137" lon="148.2398940"/>
      <trkpt lat="-9.1499643" lon="148.2397362"/>
      <trkpt lat="-9.1499628" lon="148.2396135"/>
      <trkpt lat="-9.1499764" lon="148.2395145"/>
      <trkpt lat="-9.1499474" lon="148.2394122"/>
      <trkpt lat="-9.1499592" lon="148.2392716"/>
      <trkpt lat="-9.1499899" lon="148.2391372"/>
      <trkpt lat="-9.1500966" lon="148.2390154"/>
      <trkpt lat="-9.1501937" lon="148.2388914"/>
      <trkpt lat="-9.1502672" lon="148.2387428"/>
      <trkpt lat="-9.1502624" lon="148.2385787"/>
      <trkpt lat="-9.1502917" lon="148.2384588"/>
      <trkpt lat="-9.1502932" lon="148.2383592"/>
      <trkpt lat="-9.1503481" lon="148.2382567"/>
      <trkpt lat="-9.1503520" lon="148.2381695"/>
      <trkpt lat="-9.1503687" lon="148.2380836"/>
      <trkpt lat="-9.1503759" lon="148.2380390"/>
      <trkpt lat="-9.1504332" lon="148.2379466"/>
      <trkpt lat="-9.1505120" lon="148.2378349"/>
      <trkpt lat="-9.1505553" lon="148.2377489"/>
      <trkpt lat="-9.1505088" lon="148.2377382"/>
      <trkpt lat="-9.1503957" lon="148.2377651"/>
      <trkpt lat="-9.1503208" lon="148.2377210"/>
      <trkpt lat="-9.1503240" lon="148.2376011"/>
      <trkpt lat="-9.1503619" lon="148.2374630"/>
      <trkpt lat="-9.1504292" lon="148.2373438"/>
      <trkpt lat="-9.1504656" lon="148.2372709"/>
      <trkpt lat="-9.1505088" lon="148.2372491"/>
      <trkpt lat="-9.1504890" lon="148.2372866"/>
      <trkpt lat="-9.1504677" lon="148.2373265"/>
      <trkpt lat="-9.1504430" lon="148.2373473"/>
      <trkpt lat="-9.1504222" lon="148.2373293"/>
      <trkpt lat="-9.1504000" lon="148.2373231"/>
      <trkpt lat="-9.1503926" lon="148.2373005"/>
      <trkpt lat="-9.1504326" lon="148.2372679"/>
      <trkpt lat="-9.1504693" lon="148.2371743"/>
      <trkpt lat="-9.1505161" lon="148.2370524"/>
      <trkpt lat="-9.1505162" lon="148.2369066"/>
      <trkpt lat="-9.1505336" lon="148.2367562"/>
      <trkpt lat="-9.1505360" lon="148.2366205"/>
      <trkpt lat="-9.1505927" lon="148.2364961"/>
      <trkpt lat="-9.1506793" lon="148.2363763"/>
      <trkpt lat="-9.1507713" lon="148.2362357"/>
      <trkpt lat="-9.1508547" lon="148.2360854"/>
      <trkpt lat="-9.1508845" lon="148.2359315"/>
      <trkpt lat="-9.1508628" lon="148.2358358"/>
      <trkpt lat="-9.1508503" lon="148.2357497"/>
      <trkpt lat="-9.1509080" lon="148.2356861"/>
      <trkpt lat="-9.1510444" lon="148.2355755"/>
      <trkpt lat="-9.1511609" lon="148.2354495"/>
      <trkpt lat="-9.1512337" lon="148.2353646"/>
      <trkpt lat="-9.1512763" lon="148.2352794"/>
      <trkpt lat="-9.1513368" lon="148.2352239"/>
      <trkpt lat="-9.1514198" lon="148.2351108"/>
      <trkpt lat="-9.1514926" lon="148.2349966"/>
      <trkpt lat="-9.1515015" lon="148.2349639"/>
      <trkpt lat="-9.1514976" lon="148.2349890"/>
      <trkpt lat="-9.1514907" lon="148.2350121"/>
      <trkpt lat="-9.1515579" lon="148.2349450"/>
      <trkpt lat="-9.1516668" lon="148.2348649"/>
      <trkpt lat="-9.1518318" lon="148.2348355"/>
      <trkpt lat="-9.1519709" lon="148.2347971"/>
      <trkpt lat="-9.1520989" lon="148.2347501"/>
      <trkpt lat="-9.1522149" lon="148.2347018"/>
      <trkpt lat="-9.1523628" lon="148.2346729"/>
      <trkpt lat="-9.1524724" lon="148.2346593"/>
      <trkpt lat="-9.1525381" lon="148.2346447"/>
      <trkpt lat="-9.1525763" lon="148.2346211"/>
      <trkpt lat="-9.1525928" lon="148.2345831"/>
      <trkpt lat="-9.1525585" lon="148.2345111"/>
      <trkpt lat="-9.1524709" lon="148.2344195"/>
      <trkpt lat="-9.1523785" lon="148.2342792"/>
      <trkpt lat="-9.1523199" lon="148.2341088"/>
      <trkpt lat="-9.1522637" lon="148.2339367"/>
      <trkpt lat="-9.1522097" lon="148.2337638"/>
      <trkpt lat="-9.1521741" lon="148.2335913"/>
      <trkpt lat="-9.1521464" lon="148.2334173"/>
      <trkpt lat="-9.1521633" lon="148.2332508"/>
      <trkpt lat="-9.1521931" lon="148.2330847"/>
      <trkpt lat="-9.1522606" lon="148.2329197"/>
      <trkpt lat="-9.1523255" lon="148.2327529"/>
      <trkpt lat="-9.1523926" lon="148.2325860"/>
      <trkpt lat="-9.1524494" lon="148.2324155"/>
      <trkpt lat="-9.1524879" lon="148.2322385"/>
      <trkpt lat="-9.1524942" lon="148.2320611"/>
      <trkpt lat="-9.1524893" lon="148.2318831"/>
      <trkpt lat="-9.1524594" lon="148.2317082"/>
      <trkpt lat="-9.1524248" lon="148.2315343"/>
      <trkpt lat="-9.1523895" lon="148.2313604"/>
      <trkpt lat="-9.1523887" lon="148.2311861"/>
      <trkpt lat="-9.1523984" lon="148.2310121"/>
      <trkpt lat="-9.1523950" lon="148.2308398"/>
      <trkpt lat="-9.1523373" lon="148.2306760"/>
      <trkpt lat="-9.1522388" lon="148.2305338"/>
      <trkpt lat="-9.1521034" lon="148.2304191"/>
      <trkpt lat="-9.1519635" lon="148.2303075"/>
      <trkpt lat="-9.1518402" lon="148.2301802"/>
      <trkpt lat="-9.1517135" lon="148.2300654"/>
      <trkpt lat="-9.1515710" lon="148.2299741"/>
      <trkpt lat="-9.1514040" lon="148.2299177"/>
      <trkpt lat="-9.1512501" lon="148.2298363"/>
      <trkpt lat="-9.1511176" lon="148.2297268"/>
      <trkpt lat="-9.1510287" lon="148.2295754"/>
      <trkpt lat="-9.1509631" lon="148.2294097"/>
      <trkpt lat="-9.1509289" lon="148.2292341"/>
      <trkpt lat="-9.1509096" lon="148.2290562"/>
      <trkpt lat="-9.1508865" lon="148.2288797"/>
      <trkpt lat="-9.1508511" lon="148.2287044"/>
      <trkpt lat="-9.1508197" lon="148.2285299"/>
      <trkpt lat="-9.1508153" lon="148.2283514"/>
      <trkpt lat="-9.1508545" lon="148.2281780"/>
      <trkpt lat="-9.1509202" lon="148.2280131"/>
      <trkpt lat="-9.1509929" lon="148.2278534"/>
      <trkpt lat="-9.1510678" lon="148.2276949"/>
      <trkpt lat="-9.1511248" lon="148.2275294"/>
      <trkpt lat="-9.1511741" lon="148.2273596"/>
      <trkpt lat="-9.1512071" lon="148.2271833"/>
      <trkpt lat="-9.1512314" lon="148.2270049"/>
      <trkpt lat="-9.1512556" lon="148.2268254"/>
      <trkpt lat="-9.1512862" lon="148.2266515"/>
      <trkpt lat="-9.1513128" lon="148.2264814"/>
      <trkpt lat="-9.1513837" lon="148.2263391"/>
      <trkpt lat="-9.1514858" lon="148.2262244"/>
      <trkpt lat="-9.1516449" lon="148.2261551"/>
      <trkpt lat="-9.1518138" lon="148.2261154"/>
      <trkpt lat="-9.1519905" lon="148.2260929"/>
      <trkpt lat="-9.1521577" lon="148.2260471"/>
      <trkpt lat="-9.1523048" lon="148.2259663"/>
      <trkpt lat="-9.1524361" lon="148.2259061"/>
      <trkpt lat="-9.1525196" lon="148.2258469"/>
      <trkpt lat="-9.1526064" lon="148.2257851"/>
      <trkpt lat="-9.1526755" lon="148.2256567"/>
      <trkpt lat="-9.1527745" lon="148.2255101"/>
      <trkpt lat="-9.1528607" lon="148.2253516"/>
      <trkpt lat="-9.1529500" lon="148.2251944"/>
      <trkpt lat="-9.1530434" lon="148.2250395"/>
      <trkpt lat="-9.1531299" lon="148.2248818"/>
      <trkpt lat="-9.1532246" lon="148.2247292"/>
      <trkpt lat="-9.1533285" lon="148.2245854"/>
      <trkpt lat="-9.1534484" lon="148.2244508"/>
      <trkpt lat="-9.1535654" lon="148.2243143"/>
      <trkpt lat="-9.1536751" lon="148.2241712"/>
      <trkpt lat="-9.1537990" lon="148.2240461"/>
      <trkpt lat="-9.1539311" lon="148.2239282"/>
      <trkpt lat="-9.1540696" lon="148.2238158"/>
      <trkpt lat="-9.1541969" lon="148.2236878"/>
      <trkpt lat="-9.1543175" lon="148.2235534"/>
      <trkpt lat="-9.1544197" lon="148.2234062"/>
      <trkpt lat="-9.1545020" lon="148.2232515"/>
      <trkpt lat="-9.1545972" lon="148.2231126"/>
      <trkpt lat="-9.1546896" lon="148.2229738"/>
      <trkpt lat="-9.1547502" lon="148.2228736"/>
      <trkpt lat="-9.1547698" lon="148.2228323"/>
      <trkpt lat="-9.1547237" lon="148.2228226"/>
      <trkpt lat="-9.1546378" lon="148.2227921"/>
      <trkpt lat="-9.1544936" lon="148.2227070"/>
      <trkpt lat="-9.1543919" lon="148.2225845"/>
      <trkpt lat="-9.1543219" lon="148.2224398"/>
      <trkpt lat="-9.1542835" lon="148.2222665"/>
      <trkpt lat="-9.1542050" lon="148.2221092"/>
      <trkpt lat="-9.1540978" lon="148.2219702"/>
      <trkpt lat="-9.1539515" lon="148.2218800"/>
      <trkpt lat="-9.1537886" lon="148.2218420"/>
      <trkpt lat="-9.1536141" lon="148.2218514"/>
      <trkpt lat="-9.1534377" lon="148.2218642"/>
      <trkpt lat="-9.1532603" lon="148.2218584"/>
      <trkpt lat="-9.1530845" lon="148.2218261"/>
      <trkpt lat="-9.1529109" lon="148.2217864"/>
      <trkpt lat="-9.1527362" lon="148.2217500"/>
      <trkpt lat="-9.1525588" lon="148.2217384"/>
      <trkpt lat="-9.1523808" lon="148.2217300"/>
      <trkpt lat="-9.1522091" lon="148.2217522"/>
      <trkpt lat="-9.1520383" lon="148.2217635"/>
      <trkpt lat="-9.1518665" lon="148.2217906"/>
      <trkpt lat="-9.1516912" lon="148.2217873"/>
      <trkpt lat="-9.1515335" lon="148.2217521"/>
      <trkpt lat="-9.1513833" lon="148.2216805"/>
      <trkpt lat="-9.1512327" lon="148.2215981"/>
      <trkpt lat="-9.1510866" lon="148.2215071"/>
      <trkpt lat="-9.1509537" lon="148.2214005"/>
      <trkpt lat="-9.1508234" lon="148.2212895"/>
      <trkpt lat="-9.1506774" lon="148.2211952"/>
      <trkpt lat="-9.1505112" lon="148.2211419"/>
      <trkpt lat="-9.1503432" lon="148.2210970"/>
      <trkpt lat="-9.1501847" lon="148.2211189"/>
      <trkpt lat="-9.1500257" lon="148.2211475"/>
      <trkpt lat="-9.1498693" lon="148.2211644"/>
      <trkpt lat="-9.1497179" lon="148.2211077"/>
      <trkpt lat="-9.1495702" lon="148.2210347"/>
      <trkpt lat="-9.1494267" lon="148.2209548"/>
      <trkpt lat="-9.1492662" lon="148.2209020"/>
      <trkpt lat="-9.1491187" lon="148.2208304"/>
      <trkpt lat="-9.1489606" lon="148.2207943"/>
      <trkpt lat="-9.1488002" lon="148.2207809"/>
      <trkpt lat="-9.1486273" lon="148.2208123"/>
      <trkpt lat="-9.1484765" lon="148.2207956"/>
      <trkpt lat="-9.1483516" lon="148.2207134"/>
      <trkpt lat="-9.1482746" lon="148.2205617"/>
      <trkpt lat="-9.1482153" lon="148.2203996"/>
      <trkpt lat="-9.1481770" lon="148.2202282"/>
      <trkpt lat="-9.1481288" lon="148.2200576"/>
      <trkpt lat="-9.1480588" lon="148.2198997"/>
      <trkpt lat="-9.1479552" lon="148.2197640"/>
      <trkpt lat="-9.1478158" lon="148.2196616"/>
      <trkpt lat="-9.1476633" lon="148.2195816"/>
      <trkpt lat="-9.1475077" lon="148.2195036"/>
      <trkpt lat="-9.1473631" lon="148.2194076"/>
      <trkpt lat="-9.1472407" lon="148.2192811"/>
      <trkpt lat="-9.1471181" lon="148.2191536"/>
      <trkpt lat="-9.1470005" lon="148.2190201"/>
      <trkpt lat="-9.1468715" lon="148.2188968"/>
      <trkpt lat="-9.1467641" lon="148.2187546"/>
      <trkpt lat="-9.1466755" lon="148.2186044"/>
      <trkpt lat="-9.1466159" lon="148.2184374"/>
      <trkpt lat="-9.1465458" lon="148.2182796"/>
      <trkpt lat="-9.1464570" lon="148.2181315"/>
      <trkpt lat="-9.1463563" lon="148.2179930"/>
      <trkpt lat="-9.1462509" lon="148.2178659"/>
      <trkpt lat="-9.1461252" lon="148.2177745"/>
      <trkpt lat="-9.1460214" lon="148.2176916"/>
      <trkpt lat="-9.1459514" lon="148.2175947"/>
      <trkpt lat="-9.1459317" lon="148.2174600"/>
    </trkseg>
    <trkseg>
      <trkpt lat="-9.1400900" lon="148.1978833"/>
      <trkpt lat="-9.1399983" lon="148.1978967"/>
    </trkseg>
    <trkseg>
      <trkpt lat="-9.1400750" lon="148.1978417"/>
      <trkpt lat="-9.1402307" lon="148.1977588"/>
      <trkpt lat="-9.1403640" lon="148.1976498"/>
      <trkpt lat="-9.1404549" lon="148.1975088"/>
      <trkpt lat="-9.1404744" lon="148.1973431"/>
      <trkpt lat="-9.1404641" lon="148.1971695"/>
      <trkpt lat="-9.1404531" lon="148.1969971"/>
      <trkpt lat="-9.1404869" lon="148.1968294"/>
      <trkpt lat="-9.1405205" lon="148.1966609"/>
      <trkpt lat="-9.1405274" lon="148.1964919"/>
      <trkpt lat="-9.1405096" lon="148.1963149"/>
      <trkpt lat="-9.1405194" lon="148.1961453"/>
      <trkpt lat="-9.1405507" lon="148.1959731"/>
      <trkpt lat="-9.1405750" lon="148.1958011"/>
      <trkpt lat="-9.1405409" lon="148.1956297"/>
      <trkpt lat="-9.1404603" lon="148.1954754"/>
      <trkpt lat="-9.1403648" lon="148.1953260"/>
      <trkpt lat="-9.1402852" lon="148.1951701"/>
      <trkpt lat="-9.1402294" lon="148.1949992"/>
      <trkpt lat="-9.1401965" lon="148.1948224"/>
      <trkpt lat="-9.1401830" lon="148.1946443"/>
      <trkpt lat="-9.1401754" lon="148.1944661"/>
      <trkpt lat="-9.1401435" lon="148.1942932"/>
      <trkpt lat="-9.1400990" lon="148.1941209"/>
      <trkpt lat="-9.1400556" lon="148.1939470"/>
      <trkpt lat="-9.1400281" lon="148.1937681"/>
      <trkpt lat="-9.1400095" lon="148.1935885"/>
      <trkpt lat="-9.1400069" lon="148.1934088"/>
      <trkpt lat="-9.1400447" lon="148.1932374"/>
      <trkpt lat="-9.1401018" lon="148.1930701"/>
      <trkpt lat="-9.1401737" lon="148.1929064"/>
      <trkpt lat="-9.1402021" lon="148.1927366"/>
      <trkpt lat="-9.1401922" lon="148.1925662"/>
      <trkpt lat="-9.1401602" lon="148.1923912"/>
      <trkpt lat="-9.1401323" lon="148.1922142"/>
      <trkpt lat="-9.1401128" lon="148.1920372"/>
      <trkpt lat="-9.1401138" lon="148.1918634"/>
      <trkpt lat="-9.1400983" lon="148.1916954"/>
      <trkpt lat="-9.1400567" lon="148.1915359"/>
      <trkpt lat="-9.1399538" lon="148.1913909"/>
      <trkpt lat="-9.1398279" lon="148.1912666"/>
      <trkpt lat="-9.1397027" lon="148.1911413"/>
      <trkpt lat="-9.1396052" lon="148.1910012"/>
      <trkpt lat="-9.1395589" lon="148.1908336"/>
      <trkpt lat="-9.1395437" lon="148.1906550"/>
      <trkpt lat="-9.1395445" lon="148.1904750"/>
      <trkpt lat="-9.1394977" lon="148.1903189"/>
      <trkpt lat="-9.1394134" lon="148.1901812"/>
      <trkpt lat="-9.1392908" lon="148.1900547"/>
      <trkpt lat="-9.1391821" lon="148.1899136"/>
      <trkpt lat="-9.1390713" lon="148.1897721"/>
      <trkpt lat="-9.1389510" lon="148.1896400"/>
      <trkpt lat="-9.1388193" lon="148.1895257"/>
      <trkpt lat="-9.1387518" lon="148.1893985"/>
      <trkpt lat="-9.1387519" lon="148.1892547"/>
      <trkpt lat="-9.1388236" lon="148.1890913"/>
      <trkpt lat="-9.1389111" lon="148.1889357"/>
      <trkpt lat="-9.1390272" lon="148.1888024"/>
      <trkpt lat="-9.1391631" lon="148.1886867"/>
      <trkpt lat="-9.1393046" lon="148.1885775"/>
      <trkpt lat="-9.1394332" lon="148.1884535"/>
      <trkpt lat="-9.1395471" lon="148.1883162"/>
      <trkpt lat="-9.1396646" lon="148.1881813"/>
      <trkpt lat="-9.1397724" lon="148.1880408"/>
      <trkpt lat="-9.1398582" lon="148.1878897"/>
      <trkpt lat="-9.1399135" lon="148.1877213"/>
      <trkpt lat="-9.1399544" lon="148.1875475"/>
      <trkpt lat="-9.1399523" lon="148.1873849"/>
      <trkpt lat="-9.1399039" lon="148.1872266"/>
      <trkpt lat="-9.1398399" lon="148.1870711"/>
      <trkpt lat="-9.1398053" lon="148.1869035"/>
      <trkpt lat="-9.1398112" lon="148.1867278"/>
      <trkpt lat="-9.1398210" lon="148.1865476"/>
      <trkpt lat="-9.1398111" lon="148.1863760"/>
      <trkpt lat="-9.1397610" lon="148.1862155"/>
      <trkpt lat="-9.1396975" lon="148.1860560"/>
      <trkpt lat="-9.1396543" lon="148.1858880"/>
      <trkpt lat="-9.1396652" lon="148.1857146"/>
      <trkpt lat="-9.1397199" lon="148.1855509"/>
      <trkpt lat="-9.1398234" lon="148.1854114"/>
      <trkpt lat="-9.1399512" lon="148.1852903"/>
      <trkpt lat="-9.1400858" lon="148.1851742"/>
      <trkpt lat="-9.1402055" lon="148.1850436"/>
      <trkpt lat="-9.1402970" lon="148.1848916"/>
      <trkpt lat="-9.1403716" lon="148.1847274"/>
      <trkpt lat="-9.1404239" lon="148.1845546"/>
      <trkpt lat="-9.1404589" lon="148.1843786"/>
      <trkpt lat="-9.1404874" lon="148.1842004"/>
      <trkpt lat="-9.1405240" lon="148.1840242"/>
      <trkpt lat="-9.1405573" lon="148.1838482"/>
      <trkpt lat="-9.1405415" lon="148.1836815"/>
      <trkpt lat="-9.1404916" lon="148.1835135"/>
      <trkpt lat="-9.1404265" lon="148.1833472"/>
      <trkpt lat="-9.1403965" lon="148.1831698"/>
      <trkpt lat="-9.1403892" lon="148.1829911"/>
      <trkpt lat="-9.1403949" lon="148.1828108"/>
      <trkpt lat="-9.1403908" lon="148.1826314"/>
      <trkpt lat="-9.1403819" lon="148.1824526"/>
      <trkpt lat="-9.1403670" lon="148.1822746"/>
      <trkpt lat="-9.1403695" lon="148.1820978"/>
      <trkpt lat="-9.1403638" lon="148.1819242"/>
      <trkpt lat="-9.1403307" lon="148.1817614"/>
      <trkpt lat="-9.1402590" lon="148.1816045"/>
      <trkpt lat="-9.1401644" lon="148.1814508"/>
      <trkpt lat="-9.1400781" lon="148.1812920"/>
      <trkpt lat="-9.1400297" lon="148.1811266"/>
      <trkpt lat="-9.1400170" lon="148.1809542"/>
      <trkpt lat="-9.1400411" lon="148.1807754"/>
      <trkpt lat="-9.1400813" lon="148.1806004"/>
      <trkpt lat="-9.1401150" lon="148.1804272"/>
      <trkpt lat="-9.1401512" lon="148.1802542"/>
      <trkpt lat="-9.1401493" lon="148.1800785"/>
      <trkpt lat="-9.1401245" lon="148.1799048"/>
      <trkpt lat="-9.1400809" lon="148.1797305"/>
      <trkpt lat="-9.1400161" lon="148.1795671"/>
      <trkpt lat="-9.1399545" lon="148.1794041"/>
      <trkpt lat="-9.1398631" lon="148.1792546"/>
      <trkpt lat="-9.1397641" lon="148.1791136"/>
      <trkpt lat="-9.1396322" lon="148.1790020"/>
      <trkpt lat="-9.1395081" lon="148.1788840"/>
      <trkpt lat="-9.1393875" lon="148.1787607"/>
      <trkpt lat="-9.1392792" lon="148.1786180"/>
      <trkpt lat="-9.1391771" lon="148.1784723"/>
      <trkpt lat="-9.1390911" lon="148.1783146"/>
      <trkpt lat="-9.1390566" lon="148.1781447"/>
      <trkpt lat="-9.1390646" lon="148.1779736"/>
      <trkpt lat="-9.1391246" lon="148.1778059"/>
      <trkpt lat="-9.1392158" lon="148.1776549"/>
      <trkpt lat="-9.1393362" lon="148.1775259"/>
      <trkpt lat="-9.1394759" lon="148.1774132"/>
      <trkpt lat="-9.1396136" lon="148.1772993"/>
      <trkpt lat="-9.1397477" lon="148.1771821"/>
      <trkpt lat="-9.1398797" lon="148.1770621"/>
      <trkpt lat="-9.1400074" lon="148.1769367"/>
      <trkpt lat="-9.1401275" lon="148.1768024"/>
      <trkpt lat="-9.1402401" lon="148.1766602"/>
      <trkpt lat="-9.1403517" lon="148.1765186"/>
      <trkpt lat="-9.1404622" lon="148.1763783"/>
      <trkpt lat="-9.1405537" lon="148.1762290"/>
      <trkpt lat="-9.1406081" lon="148.1760696"/>
      <trkpt lat="-9.1406581" lon="148.1759061"/>
      <trkpt lat="-9.1407057" lon="148.1757418"/>
      <trkpt lat="-9.1407572" lon="148.1755747"/>
      <trkpt lat="-9.1407406" lon="148.1754174"/>
      <trkpt lat="-9.1407093" lon="148.1752642"/>
      <trkpt lat="-9.1406703" lon="148.1751133"/>
      <trkpt lat="-9.1406819" lon="148.1749441"/>
      <trkpt lat="-9.1406891" lon="148.1747672"/>
      <trkpt lat="-9.1407050" lon="148.1745878"/>
      <trkpt lat="-9.1407199" lon="148.1744083"/>
      <trkpt lat="-9.1407606" lon="148.1742336"/>
      <trkpt lat="-9.1408211" lon="148.1740663"/>
      <trkpt lat="-9.1408910" lon="148.1739026"/>
      <trkpt lat="-9.1409586" lon="148.1737406"/>
      <trkpt lat="-9.1410092" lon="148.1735764"/>
      <trkpt lat="-9.1410311" lon="148.1734087"/>
      <trkpt lat="-9.1410115" lon="148.1732446"/>
      <trkpt lat="-9.1410118" lon="148.1730826"/>
      <trkpt lat="-9.1410225" lon="148.1729201"/>
      <trkpt lat="-9.1410468" lon="148.1727476"/>
      <trkpt lat="-9.1410248" lon="148.1725708"/>
      <trkpt lat="-9.1409941" lon="148.1724530"/>
      <trkpt lat="-9.1410067" lon="148.1723658"/>
      <trkpt lat="-9.1410275" lon="148.1722826"/>
      <trkpt lat="-9.1410447" lon="148.1721406"/>
      <trkpt lat="-9.1410380" lon="148.1719733"/>
      <trkpt lat="-9.1410515" lon="148.1718071"/>
      <trkpt lat="-9.1411022" lon="148.1716592"/>
      <trkpt lat="-9.1411723" lon="148.1715166"/>
      <trkpt lat="-9.1412603" lon="148.1714003"/>
      <trkpt lat="-9.1412897" lon="148.1713234"/>
      <trkpt lat="-9.1413168" lon="148.1712861"/>
      <trkpt lat="-9.1413399" lon="148.1712386"/>
      <trkpt lat="-9.1413849" lon="148.1711351"/>
      <trkpt lat="-9.1414077" lon="148.1709838"/>
      <trkpt lat="-9.1414240" lon="148.1708106"/>
      <trkpt lat="-9.1414547" lon="148.1706353"/>
      <trkpt lat="-9.1414801" lon="148.1704570"/>
      <trkpt lat="-9.1414765" lon="148.1702792"/>
      <trkpt lat="-9.1414439" lon="148.1701054"/>
      <trkpt lat="-9.1413973" lon="148.1699326"/>
      <trkpt lat="-9.1413492" lon="148.1698125"/>
      <trkpt lat="-9.1413457" lon="148.1696934"/>
      <trkpt lat="-9.1413318" lon="148.1695856"/>
      <trkpt lat="-9.1412865" lon="148.1694488"/>
      <trkpt lat="-9.1411866" lon="148.1693168"/>
      <trkpt lat="-9.1411019" lon="148.1691753"/>
      <trkpt lat="-9.1410465" lon="148.1690113"/>
      <trkpt lat="-9.1410052" lon="148.1688481"/>
      <trkpt lat="-9.1409566" lon="148.1687707"/>
      <trkpt lat="-9.1409020" lon="148.1687327"/>
      <trkpt lat="-9.1408792" lon="148.1687010"/>
      <trkpt lat="-9.1408755" lon="148.1685961"/>
      <trkpt lat="-9.1408943" lon="148.1684525"/>
      <trkpt lat="-9.1408906" lon="148.1682919"/>
      <trkpt lat="-9.1408886" lon="148.1681189"/>
      <trkpt lat="-9.1408819" lon="148.1680048"/>
      <trkpt lat="-9.1408599" lon="148.1679117"/>
      <trkpt lat="-9.1407926" lon="148.1678377"/>
      <trkpt lat="-9.1407336" lon="148.1677138"/>
      <trkpt lat="-9.1406802" lon="148.1675744"/>
      <trkpt lat="-9.1406732" lon="148.1674149"/>
      <trkpt lat="-9.1406873" lon="148.1672466"/>
      <trkpt lat="-9.1407402" lon="148.1670760"/>
      <trkpt lat="-9.1408126" lon="148.1669145"/>
      <trkpt lat="-9.1409068" lon="148.1667706"/>
      <trkpt lat="-9.1410311" lon="148.1666596"/>
      <trkpt lat="-9.1411476" lon="148.1665528"/>
      <trkpt lat="-9.1412735" lon="148.1664674"/>
      <trkpt lat="-9.1413897" lon="148.1663611"/>
      <trkpt lat="-9.1415064" lon="148.1662461"/>
      <trkpt lat="-9.1415621" lon="148.1660868"/>
      <trkpt lat="-9.1415723" lon="148.1659127"/>
      <trkpt lat="-9.1415389" lon="148.1657870"/>
      <trkpt lat="-9.1415020" lon="148.1656702"/>
      <trkpt lat="-9.1414933" lon="148.1655571"/>
      <trkpt lat="-9.1415401" lon="148.1653988"/>
      <trkpt lat="-9.1416338" lon="148.1652455"/>
      <trkpt lat="-9.1417477" lon="148.1651064"/>
      <trkpt lat="-9.1418757" lon="148.1649793"/>
      <trkpt lat="-9.1419859" lon="148.1648437"/>
      <trkpt lat="-9.1420504" lon="148.1646901"/>
      <trkpt lat="-9.1420697" lon="148.1645152"/>
      <trkpt lat="-9.1420799" lon="148.1643490"/>
      <trkpt lat="-9.1420958" lon="148.1642404"/>
      <trkpt lat="-9.1420782" lon="148.1641477"/>
      <trkpt lat="-9.1420418" lon="148.1640415"/>
      <trkpt lat="-9.1420024" lon="148.1638767"/>
      <trkpt lat="-9.1420034" lon="148.1636963"/>
      <trkpt lat="-9.1420222" lon="148.1635165"/>
      <trkpt lat="-9.1420367" lon="148.1633374"/>
      <trkpt lat="-9.1420197" lon="148.1631643"/>
      <trkpt lat="-9.1419681" lon="148.1629992"/>
      <trkpt lat="-9.1419493" lon="148.1628742"/>
      <trkpt lat="-9.1419103" lon="148.1628063"/>
      <trkpt lat="-9.1419255" lon="148.1627677"/>
      <trkpt lat="-9.1418742" lon="148.1627100"/>
      <trkpt lat="-9.1418413" lon="148.1625961"/>
      <trkpt lat="-9.1417807" lon="148.1624454"/>
      <trkpt lat="-9.1417950" lon="148.1622879"/>
      <trkpt lat="-9.1418327" lon="148.1621241"/>
      <trkpt lat="-9.1418925" lon="148.1619686"/>
      <trkpt lat="-9.1419227" lon="148.1618032"/>
      <trkpt lat="-9.1419168" lon="148.1616521"/>
      <trkpt lat="-9.1418423" lon="148.1615119"/>
      <trkpt lat="-9.1417303" lon="148.1613747"/>
      <trkpt lat="-9.1416475" lon="148.1612264"/>
      <trkpt lat="-9.1416214" lon="148.1610612"/>
      <trkpt lat="-9.1416528" lon="148.1608988"/>
      <trkpt lat="-9.1417235" lon="148.1607427"/>
      <trkpt lat="-9.1418143" lon="148.1605927"/>
      <trkpt lat="-9.1419108" lon="148.1604422"/>
      <trkpt lat="-9.1419981" lon="148.1602903"/>
      <trkpt lat="-9.1420440" lon="148.1601310"/>
      <trkpt lat="-9.1420231" lon="148.1599728"/>
      <trkpt lat="-9.1419798" lon="148.1598346"/>
      <trkpt lat="-9.1419563" lon="148.1597558"/>
      <trkpt lat="-9.1419767" lon="148.1597283"/>
    </trkseg>
    <trkseg>
      <trkpt lat="-9.1420050" lon="148.1598150"/>
      <trkpt lat="-9.1418983" lon="148.1597500"/>
    </trkseg>
    <trkseg>
      <trkpt lat="-9.1419267" lon="148.1596583"/>
      <trkpt lat="-9.1419917" lon="148.1595950"/>
    </trkseg>
    <trkseg>
      <trkpt lat="-9.1495950" lon="148.2618550"/>
      <trkpt lat="-9.1495317" lon="148.2619250"/>
    </trkseg>
    <trkseg>
      <trkpt lat="-9.1208217" lon="148.2734333"/>
      <trkpt lat="-9.1209559" lon="148.2733114"/>
      <trkpt lat="-9.1210300" lon="148.2732200"/>
    </trkseg>
    <trkseg>
      <trkpt lat="-9.1209517" lon="148.2732800"/>
      <trkpt lat="-9.1208151" lon="148.2733841"/>
      <trkpt lat="-9.1207683" lon="148.2733883"/>
    </trkseg>
    <trkseg>
      <trkpt lat="-9.1207733" lon="148.2734000"/>
      <trkpt lat="-9.1208833" lon="148.2732597"/>
      <trkpt lat="-9.1210089" lon="148.2731551"/>
      <trkpt lat="-9.1211239" lon="148.2731537"/>
      <trkpt lat="-9.1212116" lon="148.2732511"/>
      <trkpt lat="-9.1212037" lon="148.2733988"/>
      <trkpt lat="-9.1211174" lon="148.2734882"/>
      <trkpt lat="-9.1209671" lon="148.2734859"/>
      <trkpt lat="-9.1208611" lon="148.2734455"/>
      <trkpt lat="-9.1208083" lon="148.2734083"/>
    </trkseg>
    <trkseg>
      <trkpt lat="-9.1206583" lon="148.2734767"/>
      <trkpt lat="-9.1207383" lon="148.2734333"/>
    </trkseg>
    <trkseg>
      <trkpt lat="-9.1208333" lon="148.2734200"/>
      <trkpt lat="-9.1209290" lon="148.2735585"/>
      <trkpt lat="-9.1209835" lon="148.2736607"/>
      <trkpt lat="-9.1209967" lon="148.2737267"/>
    </trkseg>
    <trkseg>
      <trkpt lat="-9.1208350" lon="148.2737650"/>
      <trkpt lat="-9.1206966" lon="148.2737490"/>
      <trkpt lat="-9.1206443" lon="148.2736687"/>
      <trkpt lat="-9.1207021" lon="148.2735434"/>
      <trkpt lat="-9.1207856" lon="148.2734569"/>
      <trkpt lat="-9.1208467" lon="148.2734183"/>
    </trkseg>
  </trk>
  <trk>
    <name>Tuoko - Terrence Dobija</name>
    <desc>Walked by Terrence Dobija. 36.5 km, 3 track(s), recorded on the ground. Tuoko, Zone 2.</desc>
    <type>walked-boundary</type>
    <trkseg>
      <trkpt lat="-9.1612050" lon="148.2953867"/>
      <trkpt lat="-9.1611518" lon="148.2953099"/>
      <trkpt lat="-9.1610999" lon="148.2952304"/>
      <trkpt lat="-9.1610972" lon="148.2951031"/>
      <trkpt lat="-9.1610951" lon="148.2949760"/>
      <trkpt lat="-9.1611322" lon="148.2948000"/>
      <trkpt lat="-9.1611579" lon="148.2946200"/>
      <trkpt lat="-9.1611821" lon="148.2944398"/>
      <trkpt lat="-9.1612088" lon="148.2942601"/>
      <trkpt lat="-9.1612455" lon="148.2940831"/>
      <trkpt lat="-9.1613029" lon="148.2939118"/>
      <trkpt lat="-9.1613626" lon="148.2937410"/>
      <trkpt lat="-9.1614199" lon="148.2935691"/>
      <trkpt lat="-9.1614604" lon="148.2934175"/>
      <trkpt lat="-9.1614950" lon="148.2932900"/>
    </trkseg>
    <trkseg>
      <trkpt lat="-9.1359717" lon="148.2756150"/>
      <trkpt lat="-9.1357909" lon="148.2756156"/>
      <trkpt lat="-9.1356117" lon="148.2756291"/>
      <trkpt lat="-9.1354336" lon="148.2756543"/>
      <trkpt lat="-9.1352579" lon="148.2756947"/>
      <trkpt lat="-9.1350819" lon="148.2757341"/>
      <trkpt lat="-9.1349056" lon="148.2757683"/>
      <trkpt lat="-9.1347284" lon="148.2757745"/>
      <trkpt lat="-9.1345502" lon="148.2757644"/>
      <trkpt lat="-9.1343710" lon="148.2757451"/>
      <trkpt lat="-9.1341914" lon="148.2757486"/>
      <trkpt lat="-9.1340127" lon="148.2757677"/>
      <trkpt lat="-9.1338363" lon="148.2758064"/>
      <trkpt lat="-9.1336635" lon="148.2758570"/>
      <trkpt lat="-9.1334912" lon="148.2759105"/>
      <trkpt lat="-9.1333185" lon="148.2759622"/>
      <trkpt lat="-9.1331416" lon="148.2759949"/>
      <trkpt lat="-9.1329642" lon="148.2760021"/>
      <trkpt lat="-9.1327882" lon="148.2759764"/>
      <trkpt lat="-9.1326238" lon="148.2759145"/>
      <trkpt lat="-9.1324598" lon="148.2758635"/>
      <trkpt lat="-9.1322959" lon="148.2758110"/>
      <trkpt lat="-9.1321236" lon="148.2757735"/>
      <trkpt lat="-9.1319509" lon="148.2757329"/>
      <trkpt lat="-9.1317772" lon="148.2756950"/>
      <trkpt lat="-9.1316028" lon="148.2756572"/>
      <trkpt lat="-9.1314285" lon="148.2756255"/>
      <trkpt lat="-9.1312522" lon="148.2756044"/>
      <trkpt lat="-9.1310738" lon="148.2755928"/>
      <trkpt lat="-9.1308958" lon="148.2755635"/>
      <trkpt lat="-9.1307195" lon="148.2755251"/>
      <trkpt lat="-9.1305432" lon="148.2754859"/>
      <trkpt lat="-9.1303663" lon="148.2754492"/>
      <trkpt lat="-9.1301875" lon="148.2754275"/>
      <trkpt lat="-9.1300087" lon="148.2754086"/>
      <trkpt lat="-9.1298295" lon="148.2753962"/>
      <trkpt lat="-9.1296508" lon="148.2753783"/>
      <trkpt lat="-9.1294752" lon="148.2753471"/>
      <trkpt lat="-9.1293082" lon="148.2752889"/>
      <trkpt lat="-9.1291512" lon="148.2752025"/>
      <trkpt lat="-9.1289999" lon="148.2751036"/>
      <trkpt lat="-9.1288472" lon="148.2750089"/>
      <trkpt lat="-9.1286941" lon="148.2749168"/>
      <trkpt lat="-9.1285824" lon="148.2747998"/>
      <trkpt lat="-9.1285170" lon="148.2746508"/>
      <trkpt lat="-9.1285024" lon="148.2744728"/>
      <trkpt lat="-9.1285154" lon="148.2742957"/>
      <trkpt lat="-9.1285494" lon="148.2741208"/>
      <trkpt lat="-9.1286145" lon="148.2739552"/>
      <trkpt lat="-9.1286829" lon="148.2737893"/>
      <trkpt lat="-9.1287673" lon="148.2736300"/>
      <trkpt lat="-9.1288470" lon="148.2734677"/>
      <trkpt lat="-9.1289289" lon="148.2733065"/>
      <trkpt lat="-9.1289941" lon="148.2731397"/>
      <trkpt lat="-9.1290602" lon="148.2729826"/>
      <trkpt lat="-9.1291611" lon="148.2728757"/>
      <trkpt lat="-9.1293024" lon="148.2728003"/>
      <trkpt lat="-9.1294622" lon="148.2727319"/>
      <trkpt lat="-9.1295761" lon="148.2726147"/>
      <trkpt lat="-9.1296352" lon="148.2724629"/>
      <trkpt lat="-9.1296380" lon="148.2722891"/>
      <trkpt lat="-9.1296175" lon="148.2721097"/>
      <trkpt lat="-9.1295959" lon="148.2719300"/>
      <trkpt lat="-9.1296071" lon="148.2717545"/>
      <trkpt lat="-9.1296492" lon="148.2715818"/>
      <trkpt lat="-9.1297359" lon="148.2714276"/>
      <trkpt lat="-9.1298467" lon="148.2712912"/>
      <trkpt lat="-9.1299887" lon="148.2711807"/>
      <trkpt lat="-9.1301286" lon="148.2710687"/>
      <trkpt lat="-9.1302718" lon="148.2709611"/>
      <trkpt lat="-9.1304031" lon="148.2708405"/>
      <trkpt lat="-9.1304873" lon="148.2707035"/>
      <trkpt lat="-9.1305293" lon="148.2705404"/>
      <trkpt lat="-9.1305385" lon="148.2703616"/>
      <trkpt lat="-9.1305447" lon="148.2701870"/>
      <trkpt lat="-9.1305002" lon="148.2700289"/>
      <trkpt lat="-9.1303994" lon="148.2698964"/>
      <trkpt lat="-9.1303015" lon="148.2698238"/>
      <trkpt lat="-9.1302247" lon="148.2697386"/>
      <trkpt lat="-9.1301514" lon="148.2696498"/>
      <trkpt lat="-9.1300533" lon="148.2695054"/>
      <trkpt lat="-9.1299415" lon="148.2693677"/>
      <trkpt lat="-9.1298523" lon="148.2692113"/>
      <trkpt lat="-9.1297589" lon="148.2690571"/>
      <trkpt lat="-9.1296762" lon="148.2688970"/>
      <trkpt lat="-9.1296419" lon="148.2687447"/>
      <trkpt lat="-9.1296928" lon="148.2686111"/>
      <trkpt lat="-9.1298192" lon="148.2685003"/>
      <trkpt lat="-9.1299720" lon="148.2684063"/>
      <trkpt lat="-9.1301247" lon="148.2683093"/>
      <trkpt lat="-9.1302751" lon="148.2682086"/>
      <trkpt lat="-9.1304278" lon="148.2681124"/>
      <trkpt lat="-9.1305836" lon="148.2680220"/>
      <trkpt lat="-9.1307456" lon="148.2679434"/>
      <trkpt lat="-9.1309058" lon="148.2678612"/>
      <trkpt lat="-9.1310691" lon="148.2677857"/>
      <trkpt lat="-9.1312290" lon="148.2677027"/>
      <trkpt lat="-9.1313892" lon="148.2676200"/>
      <trkpt lat="-9.1315455" lon="148.2675287"/>
      <trkpt lat="-9.1317064" lon="148.2674473"/>
      <trkpt lat="-9.1318715" lon="148.2673769"/>
      <trkpt lat="-9.1320441" lon="148.2673355"/>
      <trkpt lat="-9.1322203" lon="148.2673251"/>
      <trkpt lat="-9.1323997" lon="148.2673394"/>
      <trkpt lat="-9.1325793" lon="148.2673499"/>
      <trkpt lat="-9.1327588" lon="148.2673415"/>
      <trkpt lat="-9.1329358" lon="148.2673093"/>
      <trkpt lat="-9.1331067" lon="148.2672548"/>
      <trkpt lat="-9.1332713" lon="148.2671814"/>
      <trkpt lat="-9.1334327" lon="148.2670995"/>
      <trkpt lat="-9.1335915" lon="148.2670128"/>
      <trkpt lat="-9.1337530" lon="148.2669324"/>
      <trkpt lat="-9.1339189" lon="148.2668660"/>
      <trkpt lat="-9.1340936" lon="148.2668275"/>
      <trkpt lat="-9.1342723" lon="148.2668166"/>
      <trkpt lat="-9.1344520" lon="148.2668256"/>
      <trkpt lat="-9.1346316" lon="148.2668366"/>
      <trkpt lat="-9.1348102" lon="148.2668293"/>
      <trkpt lat="-9.1349855" lon="148.2667941"/>
      <trkpt lat="-9.1351528" lon="148.2667301"/>
      <trkpt lat="-9.1353111" lon="148.2666449"/>
      <trkpt lat="-9.1354589" lon="148.2665410"/>
      <trkpt lat="-9.1355980" lon="148.2664256"/>
      <trkpt lat="-9.1357316" lon="148.2663036"/>
      <trkpt lat="-9.1358641" lon="148.2661813"/>
      <trkpt lat="-9.1360091" lon="148.2660790"/>
      <trkpt lat="-9.1361694" lon="148.2660082"/>
      <trkpt lat="-9.1363445" lon="148.2659694"/>
      <trkpt lat="-9.1365234" lon="148.2659457"/>
      <trkpt lat="-9.1367007" lon="148.2659152"/>
      <trkpt lat="-9.1368738" lon="148.2658691"/>
      <trkpt lat="-9.1370440" lon="148.2658102"/>
      <trkpt lat="-9.1372112" lon="148.2657429"/>
      <trkpt lat="-9.1373769" lon="148.2656722"/>
      <trkpt lat="-9.1375403" lon="148.2655962"/>
      <trkpt lat="-9.1377000" lon="148.2655131"/>
      <trkpt lat="-9.1378638" lon="148.2654403"/>
      <trkpt lat="-9.1380325" lon="148.2653824"/>
      <trkpt lat="-9.1382090" lon="148.2653440"/>
      <trkpt lat="-9.1383874" lon="148.2653171"/>
      <trkpt lat="-9.1385657" lon="148.2652901"/>
      <trkpt lat="-9.1387385" lon="148.2652472"/>
      <trkpt lat="-9.1389048" lon="148.2651810"/>
      <trkpt lat="-9.1390650" lon="148.2650967"/>
      <trkpt lat="-9.1392235" lon="148.2650093"/>
      <trkpt lat="-9.1393834" lon="148.2649254"/>
      <trkpt lat="-9.1395361" lon="148.2648307"/>
      <trkpt lat="-9.1396838" lon="148.2647289"/>
      <trkpt lat="-9.1398206" lon="148.2646103"/>
      <trkpt lat="-9.1399556" lon="148.2644897"/>
      <trkpt lat="-9.1400844" lon="148.2643628"/>
      <trkpt lat="-9.1402142" lon="148.2642367"/>
      <trkpt lat="-9.1403469" lon="148.2641139"/>
      <trkpt lat="-9.1404832" lon="148.2639944"/>
      <trkpt lat="-9.1406219" lon="148.2638780"/>
      <trkpt lat="-9.1407643" lon="148.2637672"/>
      <trkpt lat="-9.1409222" lon="148.2636899"/>
      <trkpt lat="-9.1410925" lon="148.2636442"/>
      <trkpt lat="-9.1412724" lon="148.2636312"/>
      <trkpt lat="-9.1414518" lon="148.2636219"/>
      <trkpt lat="-9.1416306" lon="148.2636292"/>
      <trkpt lat="-9.1418091" lon="148.2636423"/>
      <trkpt lat="-9.1419883" lon="148.2636597"/>
      <trkpt lat="-9.1421685" lon="148.2636635"/>
      <trkpt lat="-9.1423475" lon="148.2636472"/>
      <trkpt lat="-9.1425230" lon="148.2636110"/>
      <trkpt lat="-9.1426926" lon="148.2635512"/>
      <trkpt lat="-9.1428591" lon="148.2634817"/>
      <trkpt lat="-9.1429907" lon="148.2634085"/>
      <trkpt lat="-9.1430900" lon="148.2633383"/>
    </trkseg>
    <trkseg>
      <trkpt lat="-9.1488433" lon="148.2618000"/>
      <trkpt lat="-9.1488349" lon="148.2619806"/>
      <trkpt lat="-9.1488457" lon="148.2621601"/>
      <trkpt lat="-9.1488671" lon="148.2623396"/>
      <trkpt lat="-9.1488982" lon="148.2625178"/>
      <trkpt lat="-9.1489143" lon="148.2626959"/>
      <trkpt lat="-9.1489318" lon="148.2628736"/>
      <trkpt lat="-9.1489353" lon="148.2630508"/>
      <trkpt lat="-9.1489420" lon="148.2632298"/>
      <trkpt lat="-9.1489493" lon="148.2634089"/>
      <trkpt lat="-9.1489600" lon="148.2635893"/>
      <trkpt lat="-9.1489900" lon="148.2637657"/>
      <trkpt lat="-9.1490167" lon="148.2639414"/>
      <trkpt lat="-9.1490453" lon="148.2641177"/>
      <trkpt lat="-9.1490464" lon="148.2642949"/>
      <trkpt lat="-9.1490434" lon="148.2644714"/>
      <trkpt lat="-9.1490386" lon="148.2646473"/>
      <trkpt lat="-9.1490440" lon="148.2648261"/>
      <trkpt lat="-9.1490518" lon="148.2650068"/>
      <trkpt lat="-9.1490565" lon="148.2651879"/>
      <trkpt lat="-9.1490752" lon="148.2653657"/>
      <trkpt lat="-9.1490848" lon="148.2655427"/>
      <trkpt lat="-9.1491031" lon="148.2657157"/>
      <trkpt lat="-9.1491160" lon="148.2658904"/>
      <trkpt lat="-9.1491624" lon="148.2660593"/>
      <trkpt lat="-9.1492272" lon="148.2662253"/>
      <trkpt lat="-9.1492841" lon="148.2663927"/>
      <trkpt lat="-9.1493186" lon="148.2665665"/>
      <trkpt lat="-9.1493255" lon="148.2667478"/>
      <trkpt lat="-9.1493322" lon="148.2669289"/>
      <trkpt lat="-9.1493467" lon="148.2670958"/>
      <trkpt lat="-9.1494104" lon="148.2672384"/>
      <trkpt lat="-9.1494890" lon="148.2673766"/>
      <trkpt lat="-9.1495883" lon="148.2675192"/>
      <trkpt lat="-9.1496590" lon="148.2676825"/>
      <trkpt lat="-9.1497196" lon="148.2678491"/>
      <trkpt lat="-9.1497650" lon="148.2680230"/>
      <trkpt lat="-9.1497794" lon="148.2681947"/>
      <trkpt lat="-9.1497787" lon="148.2683664"/>
      <trkpt lat="-9.1497210" lon="148.2685202"/>
      <trkpt lat="-9.1496522" lon="148.2686727"/>
      <trkpt lat="-9.1495879" lon="148.2688266"/>
      <trkpt lat="-9.1495535" lon="148.2690002"/>
      <trkpt lat="-9.1495262" lon="148.2691777"/>
      <trkpt lat="-9.1494782" lon="148.2693512"/>
      <trkpt lat="-9.1494230" lon="148.2695235"/>
      <trkpt lat="-9.1493726" lon="148.2696976"/>
      <trkpt lat="-9.1493346" lon="148.2698753"/>
      <trkpt lat="-9.1492973" lon="148.2700483"/>
      <trkpt lat="-9.1492649" lon="148.2702219"/>
      <trkpt lat="-9.1492374" lon="148.2703858"/>
      <trkpt lat="-9.1492600" lon="148.2705434"/>
      <trkpt lat="-9.1493139" lon="148.2706912"/>
      <trkpt lat="-9.1493735" lon="148.2708491"/>
      <trkpt lat="-9.1493878" lon="148.2710190"/>
      <trkpt lat="-9.1493613" lon="148.2711966"/>
      <trkpt lat="-9.1493491" lon="148.2713718"/>
      <trkpt lat="-9.1493504" lon="148.2715471"/>
      <trkpt lat="-9.1493500" lon="148.2717183"/>
      <trkpt lat="-9.1493332" lon="148.2718815"/>
      <trkpt lat="-9.1493414" lon="148.2720363"/>
      <trkpt lat="-9.1493927" lon="148.2721922"/>
      <trkpt lat="-9.1494558" lon="148.2723578"/>
      <trkpt lat="-9.1494984" lon="148.2725323"/>
      <trkpt lat="-9.1495373" lon="148.2727083"/>
      <trkpt lat="-9.1495646" lon="148.2728823"/>
      <trkpt lat="-9.1495725" lon="148.2730534"/>
      <trkpt lat="-9.1495494" lon="148.2731645"/>
      <trkpt lat="-9.1494718" lon="148.2732068"/>
      <trkpt lat="-9.1493607" lon="148.2732315"/>
      <trkpt lat="-9.1492488" lon="148.2733105"/>
      <trkpt lat="-9.1491915" lon="148.2734572"/>
      <trkpt lat="-9.1492029" lon="148.2736206"/>
      <trkpt lat="-9.1491758" lon="148.2737680"/>
      <trkpt lat="-9.1490991" lon="148.2738913"/>
      <trkpt lat="-9.1489469" lon="148.2739889"/>
      <trkpt lat="-9.1487907" lon="148.2740803"/>
      <trkpt lat="-9.1486285" lon="148.2741576"/>
      <trkpt lat="-9.1484663" lon="148.2742351"/>
      <trkpt lat="-9.1483047" lon="148.2743136"/>
      <trkpt lat="-9.1481442" lon="148.2743959"/>
      <trkpt lat="-9.1479815" lon="148.2744428"/>
      <trkpt lat="-9.1478322" lon="148.2744138"/>
      <trkpt lat="-9.1477135" lon="148.2743080"/>
      <trkpt lat="-9.1476205" lon="148.2741594"/>
      <trkpt lat="-9.1475389" lon="148.2740038"/>
      <trkpt lat="-9.1474557" lon="148.2738490"/>
      <trkpt lat="-9.1473755" lon="148.2736929"/>
      <trkpt lat="-9.1472747" lon="148.2735534"/>
      <trkpt lat="-9.1471563" lon="148.2734273"/>
      <trkpt lat="-9.1470319" lon="148.2733027"/>
      <trkpt lat="-9.1469283" lon="148.2731621"/>
      <trkpt lat="-9.1468202" lon="148.2730278"/>
      <trkpt lat="-9.1466935" lon="148.2729080"/>
      <trkpt lat="-9.1465514" lon="148.2728031"/>
      <trkpt lat="-9.1464153" lon="148.2727106"/>
      <trkpt lat="-9.1462720" lon="148.2726345"/>
      <trkpt lat="-9.1461144" lon="148.2725770"/>
      <trkpt lat="-9.1459658" lon="148.2724988"/>
      <trkpt lat="-9.1458518" lon="148.2723831"/>
      <trkpt lat="-9.1458034" lon="148.2722341"/>
      <trkpt lat="-9.1458020" lon="148.2720751"/>
      <trkpt lat="-9.1458192" lon="148.2719100"/>
      <trkpt lat="-9.1458114" lon="148.2717390"/>
      <trkpt lat="-9.1457643" lon="148.2715681"/>
      <trkpt lat="-9.1456707" lon="148.2714248"/>
      <trkpt lat="-9.1455444" lon="148.2713045"/>
      <trkpt lat="-9.1454317" lon="148.2711844"/>
      <trkpt lat="-9.1453897" lon="148.2710405"/>
      <trkpt lat="-9.1453933" lon="148.2708764"/>
      <trkpt lat="-9.1453692" lon="148.2707216"/>
      <trkpt lat="-9.1452846" lon="148.2705788"/>
      <trkpt lat="-9.1451502" lon="148.2704684"/>
      <trkpt lat="-9.1449996" lon="148.2703870"/>
      <trkpt lat="-9.1448311" lon="148.2703463"/>
      <trkpt lat="-9.1446701" lon="148.2702973"/>
      <trkpt lat="-9.1445095" lon="148.2702465"/>
      <trkpt lat="-9.1443467" lon="148.2702029"/>
      <trkpt lat="-9.1441694" lon="148.2701938"/>
      <trkpt lat="-9.1439947" lon="148.2701839"/>
      <trkpt lat="-9.1438290" lon="148.2701458"/>
      <trkpt lat="-9.1436693" lon="148.2701286"/>
      <trkpt lat="-9.1435046" lon="148.2701304"/>
      <trkpt lat="-9.1433309" lon="148.2701598"/>
      <trkpt lat="-9.1431831" lon="148.2701213"/>
      <trkpt lat="-9.1430728" lon="148.2700340"/>
      <trkpt lat="-9.1429685" lon="148.2699209"/>
      <trkpt lat="-9.1428385" lon="148.2698262"/>
      <trkpt lat="-9.1427210" lon="148.2697289"/>
      <trkpt lat="-9.1426483" lon="148.2696067"/>
    </trkseg>
    <trkseg>
      <trkpt lat="-9.1425983" lon="148.2693133"/>
      <trkpt lat="-9.1425636" lon="148.2691350"/>
      <trkpt lat="-9.1425600" lon="148.2691017"/>
    </trkseg>
    <trkseg>
      <trkpt lat="-9.1425067" lon="148.2690250"/>
      <trkpt lat="-9.1423921" lon="148.2688869"/>
      <trkpt lat="-9.1422677" lon="148.2687761"/>
      <trkpt lat="-9.1421247" lon="148.2687286"/>
      <trkpt lat="-9.1419686" lon="148.2687556"/>
      <trkpt lat="-9.1418034" lon="148.2687860"/>
      <trkpt lat="-9.1416457" lon="148.2687641"/>
      <trkpt lat="-9.1414905" lon="148.2687179"/>
      <trkpt lat="-9.1413778" lon="148.2687122"/>
      <trkpt lat="-9.1413000" lon="148.2687667"/>
    </trkseg>
    <trkseg>
      <trkpt lat="-9.1405517" lon="148.2688233"/>
      <trkpt lat="-9.1405477" lon="148.2689638"/>
      <trkpt lat="-9.1405465" lon="148.2690011"/>
      <trkpt lat="-9.1405483" lon="148.2689350"/>
    </trkseg>
    <trkseg>
      <trkpt lat="-9.1405683" lon="148.2690250"/>
      <trkpt lat="-9.1404704" lon="148.2691755"/>
      <trkpt lat="-9.1403559" lon="148.2693095"/>
      <trkpt lat="-9.1402213" lon="148.2694156"/>
      <trkpt lat="-9.1400664" lon="148.2694788"/>
      <trkpt lat="-9.1399122" lon="148.2695450"/>
      <trkpt lat="-9.1398296" lon="148.2695891"/>
      <trkpt lat="-9.1397797" lon="148.2696463"/>
      <trkpt lat="-9.1397539" lon="148.2696528"/>
      <trkpt lat="-9.1396569" lon="148.2696637"/>
      <trkpt lat="-9.1395278" lon="148.2696683"/>
      <trkpt lat="-9.1393670" lon="148.2696671"/>
      <trkpt lat="-9.1391982" lon="148.2696569"/>
      <trkpt lat="-9.1390371" lon="148.2696677"/>
      <trkpt lat="-9.1388804" lon="148.2697304"/>
      <trkpt lat="-9.1387259" lon="148.2698201"/>
      <trkpt lat="-9.1385694" lon="148.2699039"/>
      <trkpt lat="-9.1384010" lon="148.2699533"/>
      <trkpt lat="-9.1382328" lon="148.2700023"/>
      <trkpt lat="-9.1380682" lon="148.2700544"/>
      <trkpt lat="-9.1379044" lon="148.2701000"/>
      <trkpt lat="-9.1377365" lon="148.2701092"/>
      <trkpt lat="-9.1375642" lon="148.2701076"/>
      <trkpt lat="-9.1374041" lon="148.2701351"/>
      <trkpt lat="-9.1372458" lon="148.2701853"/>
      <trkpt lat="-9.1370998" lon="148.2702592"/>
      <trkpt lat="-9.1369427" lon="148.2703127"/>
      <trkpt lat="-9.1367877" lon="148.2703312"/>
      <trkpt lat="-9.1366165" lon="148.2702990"/>
      <trkpt lat="-9.1364447" lon="148.2702565"/>
      <trkpt lat="-9.1362700" lon="148.2702268"/>
      <trkpt lat="-9.1360934" lon="148.2702136"/>
      <trkpt lat="-9.1359166" lon="148.2701981"/>
      <trkpt lat="-9.1357413" lon="148.2701736"/>
      <trkpt lat="-9.1355848" lon="148.2700996"/>
      <trkpt lat="-9.1354880" lon="148.2699842"/>
      <trkpt lat="-9.1354712" lon="148.2698352"/>
      <trkpt lat="-9.1354867" lon="148.2696701"/>
      <trkpt lat="-9.1354900" lon="148.2694990"/>
      <trkpt lat="-9.1354807" lon="148.2693294"/>
      <trkpt lat="-9.1354902" lon="148.2691590"/>
      <trkpt lat="-9.1354748" lon="148.2690114"/>
      <trkpt lat="-9.1354064" lon="148.2688812"/>
      <trkpt lat="-9.1353089" lon="148.2687532"/>
      <trkpt lat="-9.1352197" lon="148.2686091"/>
      <trkpt lat="-9.1351550" lon="148.2684423"/>
      <trkpt lat="-9.1350874" lon="148.2682778"/>
      <trkpt lat="-9.1350235" lon="148.2681105"/>
      <trkpt lat="-9.1349637" lon="148.2679429"/>
      <trkpt lat="-9.1349253" lon="148.2677720"/>
      <trkpt lat="-9.1348974" lon="148.2676072"/>
      <trkpt lat="-9.1348641" lon="148.2674463"/>
      <trkpt lat="-9.1348056" lon="148.2672894"/>
      <trkpt lat="-9.1347622" lon="148.2671214"/>
      <trkpt lat="-9.1347124" lon="148.2669726"/>
      <trkpt lat="-9.1346283" lon="148.2668792"/>
      <trkpt lat="-9.1344830" lon="148.2668434"/>
      <trkpt lat="-9.1343022" lon="148.2668406"/>
      <trkpt lat="-9.1341217" lon="148.2668393"/>
      <trkpt lat="-9.1339591" lon="148.2668089"/>
      <trkpt lat="-9.1338424" lon="148.2667219"/>
      <trkpt lat="-9.1337764" lon="148.2665723"/>
      <trkpt lat="-9.1337563" lon="148.2663945"/>
      <trkpt lat="-9.1337659" lon="148.2662179"/>
      <trkpt lat="-9.1337485" lon="148.2660540"/>
      <trkpt lat="-9.1336902" lon="148.2659031"/>
      <trkpt lat="-9.1335956" lon="148.2657546"/>
      <trkpt lat="-9.1335121" lon="148.2655989"/>
      <trkpt lat="-9.1334437" lon="148.2654337"/>
      <trkpt lat="-9.1333859" lon="148.2652640"/>
      <trkpt lat="-9.1333524" lon="148.2651440"/>
      <trkpt lat="-9.1333400" lon="148.2650750"/>
    </trkseg>
    <trkseg>
      <trkpt lat="-9.1333900" lon="148.2649967"/>
      <trkpt lat="-9.1333501" lon="148.2648212"/>
      <trkpt lat="-9.1333359" lon="148.2646436"/>
      <trkpt lat="-9.1333341" lon="148.2644633"/>
      <trkpt lat="-9.1333151" lon="148.2642874"/>
      <trkpt lat="-9.1332756" lon="148.2641135"/>
      <trkpt lat="-9.1332172" lon="148.2639553"/>
      <trkpt lat="-9.1331937" lon="148.2637934"/>
      <trkpt lat="-9.1331942" lon="148.2636300"/>
      <trkpt lat="-9.1332314" lon="148.2634527"/>
      <trkpt lat="-9.1332921" lon="148.2632872"/>
      <trkpt lat="-9.1333319" lon="148.2631234"/>
      <trkpt lat="-9.1333466" lon="148.2629620"/>
      <trkpt lat="-9.1333307" lon="148.2627916"/>
      <trkpt lat="-9.1333525" lon="148.2626321"/>
      <trkpt lat="-9.1333956" lon="148.2624740"/>
      <trkpt lat="-9.1334282" lon="148.2623127"/>
      <trkpt lat="-9.1334085" lon="148.2621431"/>
      <trkpt lat="-9.1333884" lon="148.2619702"/>
      <trkpt lat="-9.1333619" lon="148.2617981"/>
      <trkpt lat="-9.1333321" lon="148.2616264"/>
      <trkpt lat="-9.1333067" lon="148.2614700"/>
      <trkpt lat="-9.1332778" lon="148.2613177"/>
      <trkpt lat="-9.1332792" lon="148.2611610"/>
      <trkpt lat="-9.1332363" lon="148.2610000"/>
      <trkpt lat="-9.1331948" lon="148.2608375"/>
      <trkpt lat="-9.1331133" lon="148.2606870"/>
      <trkpt lat="-9.1330354" lon="148.2605299"/>
      <trkpt lat="-9.1329391" lon="148.2603788"/>
      <trkpt lat="-9.1328555" lon="148.2602193"/>
      <trkpt lat="-9.1327578" lon="148.2600732"/>
      <trkpt lat="-9.1326410" lon="148.2599479"/>
      <trkpt lat="-9.1324922" lon="148.2598554"/>
      <trkpt lat="-9.1323370" lon="148.2597726"/>
      <trkpt lat="-9.1321932" lon="148.2596796"/>
      <trkpt lat="-9.1320710" lon="148.2595586"/>
      <trkpt lat="-9.1319588" lon="148.2594215"/>
      <trkpt lat="-9.1318566" lon="148.2592723"/>
      <trkpt lat="-9.1317503" lon="148.2591263"/>
      <trkpt lat="-9.1316456" lon="148.2589809"/>
      <trkpt lat="-9.1315149" lon="148.2588769"/>
      <trkpt lat="-9.1313896" lon="148.2587722"/>
      <trkpt lat="-9.1312595" lon="148.2586827"/>
      <trkpt lat="-9.1311361" lon="148.2585891"/>
      <trkpt lat="-9.1310269" lon="148.2584875"/>
      <trkpt lat="-9.1309344" lon="148.2583640"/>
      <trkpt lat="-9.1309037" lon="148.2581979"/>
      <trkpt lat="-9.1308881" lon="148.2580292"/>
      <trkpt lat="-9.1309186" lon="148.2578569"/>
      <trkpt lat="-9.1309453" lon="148.2576847"/>
      <trkpt lat="-9.1309663" lon="148.2575120"/>
      <trkpt lat="-9.1309344" lon="148.2573460"/>
      <trkpt lat="-9.1309108" lon="148.2571824"/>
      <trkpt lat="-9.1309457" lon="148.2570471"/>
      <trkpt lat="-9.1310581" lon="148.2569235"/>
      <trkpt lat="-9.1312013" lon="148.2568186"/>
      <trkpt lat="-9.1313243" lon="148.2566921"/>
      <trkpt lat="-9.1314295" lon="148.2565517"/>
      <trkpt lat="-9.1314726" lon="148.2563911"/>
      <trkpt lat="-9.1314366" lon="148.2562478"/>
      <trkpt lat="-9.1313442" lon="148.2561046"/>
      <trkpt lat="-9.1312654" lon="148.2559575"/>
      <trkpt lat="-9.1312415" lon="148.2557857"/>
      <trkpt lat="-9.1312786" lon="148.2556166"/>
      <trkpt lat="-9.1313642" lon="148.2554721"/>
      <trkpt lat="-9.1314884" lon="148.2553465"/>
      <trkpt lat="-9.1316186" lon="148.2552247"/>
      <trkpt lat="-9.1317125" lon="148.2550789"/>
      <trkpt lat="-9.1317568" lon="148.2549134"/>
      <trkpt lat="-9.1317565" lon="148.2547334"/>
      <trkpt lat="-9.1317038" lon="148.2545745"/>
      <trkpt lat="-9.1316239" lon="148.2544263"/>
      <trkpt lat="-9.1315125" lon="148.2542912"/>
      <trkpt lat="-9.1314099" lon="148.2541441"/>
      <trkpt lat="-9.1313206" lon="148.2539901"/>
      <trkpt lat="-9.1312392" lon="148.2538309"/>
      <trkpt lat="-9.1311739" lon="148.2536703"/>
      <trkpt lat="-9.1311655" lon="148.2535190"/>
      <trkpt lat="-9.1312158" lon="148.2533689"/>
      <trkpt lat="-9.1313021" lon="148.2532138"/>
      <trkpt lat="-9.1313836" lon="148.2530563"/>
      <trkpt lat="-9.1314645" lon="148.2528998"/>
      <trkpt lat="-9.1315375" lon="148.2527439"/>
      <trkpt lat="-9.1315831" lon="148.2525840"/>
      <trkpt lat="-9.1315750" lon="148.2524248"/>
      <trkpt lat="-9.1315770" lon="148.2522656"/>
      <trkpt lat="-9.1315858" lon="148.2521013"/>
      <trkpt lat="-9.1316271" lon="148.2519278"/>
      <trkpt lat="-9.1316352" lon="148.2517642"/>
      <trkpt lat="-9.1316155" lon="148.2516005"/>
      <trkpt lat="-9.1316093" lon="148.2514419"/>
      <trkpt lat="-9.1316414" lon="148.2512767"/>
      <trkpt lat="-9.1317197" lon="148.2511191"/>
      <trkpt lat="-9.1317994" lon="148.2509610"/>
      <trkpt lat="-9.1318856" lon="148.2508060"/>
      <trkpt lat="-9.1319656" lon="148.2506485"/>
      <trkpt lat="-9.1320275" lon="148.2504920"/>
      <trkpt lat="-9.1320506" lon="148.2503260"/>
      <trkpt lat="-9.1320389" lon="148.2501555"/>
      <trkpt lat="-9.1320421" lon="148.2499815"/>
      <trkpt lat="-9.1320446" lon="148.2498071"/>
      <trkpt lat="-9.1320503" lon="148.2496302"/>
      <trkpt lat="-9.1320291" lon="148.2494495"/>
      <trkpt lat="-9.1320383" lon="148.2492760"/>
      <trkpt lat="-9.1320570" lon="148.2491042"/>
      <trkpt lat="-9.1320924" lon="148.2489350"/>
      <trkpt lat="-9.1320930" lon="148.2487598"/>
      <trkpt lat="-9.1320711" lon="148.2485952"/>
      <trkpt lat="-9.1320317" lon="148.2484286"/>
      <trkpt lat="-9.1319868" lon="148.2482757"/>
      <trkpt lat="-9.1319636" lon="148.2481106"/>
      <trkpt lat="-9.1319975" lon="148.2479929"/>
      <trkpt lat="-9.1320893" lon="148.2478852"/>
      <trkpt lat="-9.1321902" lon="148.2477783"/>
      <trkpt lat="-9.1322660" lon="148.2476285"/>
      <trkpt lat="-9.1323010" lon="148.2474535"/>
      <trkpt lat="-9.1323184" lon="148.2472779"/>
      <trkpt lat="-9.1323235" lon="148.2471026"/>
      <trkpt lat="-9.1323396" lon="148.2469303"/>
      <trkpt lat="-9.1323727" lon="148.2467585"/>
      <trkpt lat="-9.1323974" lon="148.2465816"/>
      <trkpt lat="-9.1323923" lon="148.2464109"/>
      <trkpt lat="-9.1323663" lon="148.2462404"/>
      <trkpt lat="-9.1323497" lon="148.2460723"/>
      <trkpt lat="-9.1323635" lon="148.2459000"/>
      <trkpt lat="-9.1323910" lon="148.2457275"/>
      <trkpt lat="-9.1324047" lon="148.2455539"/>
      <trkpt lat="-9.1323670" lon="148.2453916"/>
      <trkpt lat="-9.1322833" lon="148.2452470"/>
      <trkpt lat="-9.1321607" lon="148.2451187"/>
      <trkpt lat="-9.1320342" lon="148.2449966"/>
      <trkpt lat="-9.1319222" lon="148.2448636"/>
      <trkpt lat="-9.1318181" lon="148.2447230"/>
      <trkpt lat="-9.1317091" lon="148.2445859"/>
      <trkpt lat="-9.1316055" lon="148.2444511"/>
      <trkpt lat="-9.1315340" lon="148.2443061"/>
      <trkpt lat="-9.1314783" lon="148.2441473"/>
      <trkpt lat="-9.1314112" lon="148.2439893"/>
      <trkpt lat="-9.1313337" lon="148.2438328"/>
      <trkpt lat="-9.1312740" lon="148.2436672"/>
      <trkpt lat="-9.1312171" lon="148.2435016"/>
      <trkpt lat="-9.1311603" lon="148.2433368"/>
      <trkpt lat="-9.1311037" lon="148.2431726"/>
      <trkpt lat="-9.1310495" lon="148.2430067"/>
      <trkpt lat="-9.1309830" lon="148.2428436"/>
      <trkpt lat="-9.1308803" lon="148.2427230"/>
      <trkpt lat="-9.1307564" lon="148.2426368"/>
      <trkpt lat="-9.1306601" lon="148.2425532"/>
      <trkpt lat="-9.1306142" lon="148.2424234"/>
      <trkpt lat="-9.1305940" lon="148.2422556"/>
      <trkpt lat="-9.1305680" lon="148.2420808"/>
      <trkpt lat="-9.1305424" lon="148.2419067"/>
      <trkpt lat="-9.1305313" lon="148.2417294"/>
      <trkpt lat="-9.1305410" lon="148.2415549"/>
      <trkpt lat="-9.1305387" lon="148.2413822"/>
      <trkpt lat="-9.1305281" lon="148.2412098"/>
      <trkpt lat="-9.1305174" lon="148.2410381"/>
      <trkpt lat="-9.1305558" lon="148.2408769"/>
      <trkpt lat="-9.1306396" lon="148.2407190"/>
      <trkpt lat="-9.1307015" lon="148.2405567"/>
      <trkpt lat="-9.1306953" lon="148.2403969"/>
      <trkpt lat="-9.1306300" lon="148.2402415"/>
      <trkpt lat="-9.1305765" lon="148.2400896"/>
      <trkpt lat="-9.1305426" lon="148.2399292"/>
      <trkpt lat="-9.1305068" lon="148.2397733"/>
      <trkpt lat="-9.1304021" lon="148.2396654"/>
      <trkpt lat="-9.1302559" lon="148.2395947"/>
      <trkpt lat="-9.1300937" lon="148.2395430"/>
      <trkpt lat="-9.1299436" lon="148.2394632"/>
      <trkpt lat="-9.1298315" lon="148.2393415"/>
      <trkpt lat="-9.1297601" lon="148.2391915"/>
      <trkpt lat="-9.1297397" lon="148.2390289"/>
      <trkpt lat="-9.1297255" lon="148.2388674"/>
      <trkpt lat="-9.1297287" lon="148.2387005"/>
      <trkpt lat="-9.1297341" lon="148.2385230"/>
      <trkpt lat="-9.1297308" lon="148.2383455"/>
      <trkpt lat="-9.1296997" lon="148.2381707"/>
      <trkpt lat="-9.1296550" lon="148.2379958"/>
      <trkpt lat="-9.1296238" lon="148.2378183"/>
      <trkpt lat="-9.1296257" lon="148.2376395"/>
      <trkpt lat="-9.1296460" lon="148.2375034"/>
      <trkpt lat="-9.1296817" lon="148.2374100"/>
    </trkseg>
    <trkseg>
      <trkpt lat="-9.1217850" lon="148.2256967"/>
      <trkpt lat="-9.1217083" lon="148.2256417"/>
    </trkseg>
    <trkseg>
      <trkpt lat="-9.1218000" lon="148.2256633"/>
      <trkpt lat="-9.1218300" lon="148.2255404"/>
      <trkpt lat="-9.1218121" lon="148.2254248"/>
      <trkpt lat="-9.1217893" lon="148.2253184"/>
      <trkpt lat="-9.1217466" lon="148.2252117"/>
      <trkpt lat="-9.1217029" lon="148.2250805"/>
      <trkpt lat="-9.1216521" lon="148.2249278"/>
      <trkpt lat="-9.1216300" lon="148.2247833"/>
    </trkseg>
    <trkseg>
      <trkpt lat="-9.1216683" lon="148.2246917"/>
      <trkpt lat="-9.1216416" lon="148.2245161"/>
      <trkpt lat="-9.1216413" lon="148.2243430"/>
      <trkpt lat="-9.1216586" lon="148.2241711"/>
      <trkpt lat="-9.1217067" lon="148.2240032"/>
      <trkpt lat="-9.1217463" lon="148.2238319"/>
      <trkpt lat="-9.1217808" lon="148.2236581"/>
      <trkpt lat="-9.1217824" lon="148.2234790"/>
      <trkpt lat="-9.1217879" lon="148.2233015"/>
      <trkpt lat="-9.1217662" lon="148.2231293"/>
      <trkpt lat="-9.1217104" lon="148.2229738"/>
      <trkpt lat="-9.1216307" lon="148.2228183"/>
      <trkpt lat="-9.1215599" lon="148.2226595"/>
      <trkpt lat="-9.1215225" lon="148.2224850"/>
      <trkpt lat="-9.1214982" lon="148.2223085"/>
      <trkpt lat="-9.1214646" lon="148.2221350"/>
      <trkpt lat="-9.1214258" lon="148.2219621"/>
      <trkpt lat="-9.1213997" lon="148.2217906"/>
      <trkpt lat="-9.1214025" lon="148.2216149"/>
      <trkpt lat="-9.1214075" lon="148.2214380"/>
      <trkpt lat="-9.1213974" lon="148.2212591"/>
      <trkpt lat="-9.1213814" lon="148.2210786"/>
      <trkpt lat="-9.1213651" lon="148.2208990"/>
      <trkpt lat="-9.1213242" lon="148.2207257"/>
      <trkpt lat="-9.1212921" lon="148.2205566"/>
      <trkpt lat="-9.1212532" lon="148.2203905"/>
      <trkpt lat="-9.1212632" lon="148.2202270"/>
      <trkpt lat="-9.1212442" lon="148.2200682"/>
      <trkpt lat="-9.1212123" lon="148.2199141"/>
      <trkpt lat="-9.1211632" lon="148.2197518"/>
      <trkpt lat="-9.1210930" lon="148.2195992"/>
      <trkpt lat="-9.1210108" lon="148.2194562"/>
      <trkpt lat="-9.1209224" lon="148.2193147"/>
      <trkpt lat="-9.1208488" lon="148.2191657"/>
      <trkpt lat="-9.1208142" lon="148.2190620"/>
      <trkpt lat="-9.1207335" lon="148.2189804"/>
      <trkpt lat="-9.1206379" lon="148.2189073"/>
      <trkpt lat="-9.1205046" lon="148.2187893"/>
      <trkpt lat="-9.1203980" lon="148.2186530"/>
      <trkpt lat="-9.1203041" lon="148.2185056"/>
      <trkpt lat="-9.1202213" lon="148.2183475"/>
      <trkpt lat="-9.1201512" lon="148.2181865"/>
      <trkpt lat="-9.1200906" lon="148.2180208"/>
      <trkpt lat="-9.1200261" lon="148.2178591"/>
      <trkpt lat="-9.1199351" lon="148.2177078"/>
      <trkpt lat="-9.1198409" lon="148.2175577"/>
      <trkpt lat="-9.1197784" lon="148.2174013"/>
      <trkpt lat="-9.1197389" lon="148.2172328"/>
      <trkpt lat="-9.1197113" lon="148.2170606"/>
      <trkpt lat="-9.1196808" lon="148.2168829"/>
      <trkpt lat="-9.1196548" lon="148.2167043"/>
      <trkpt lat="-9.1196316" lon="148.2165250"/>
      <trkpt lat="-9.1196032" lon="148.2163459"/>
      <trkpt lat="-9.1195700" lon="148.2161672"/>
      <trkpt lat="-9.1195604" lon="148.2159958"/>
      <trkpt lat="-9.1195584" lon="148.2158236"/>
      <trkpt lat="-9.1195371" lon="148.2156626"/>
      <trkpt lat="-9.1194854" lon="148.2154961"/>
      <trkpt lat="-9.1194606" lon="148.2153395"/>
      <trkpt lat="-9.1194950" lon="148.2151836"/>
      <trkpt lat="-9.1195428" lon="148.2150255"/>
      <trkpt lat="-9.1195695" lon="148.2148594"/>
      <trkpt lat="-9.1195829" lon="148.2146838"/>
      <trkpt lat="-9.1196205" lon="148.2145138"/>
      <trkpt lat="-9.1196893" lon="148.2143520"/>
      <trkpt lat="-9.1197143" lon="148.2142114"/>
      <trkpt lat="-9.1196836" lon="148.2140923"/>
      <trkpt lat="-9.1196540" lon="148.2139768"/>
      <trkpt lat="-9.1197084" lon="148.2138720"/>
      <trkpt lat="-9.1198547" lon="148.2137849"/>
      <trkpt lat="-9.1199906" lon="148.2137604"/>
      <trkpt lat="-9.1200798" lon="148.2137266"/>
      <trkpt lat="-9.1201506" lon="148.2136646"/>
      <trkpt lat="-9.1202461" lon="148.2135715"/>
      <trkpt lat="-9.1203669" lon="148.2134625"/>
      <trkpt lat="-9.1204870" lon="148.2133515"/>
      <trkpt lat="-9.1206173" lon="148.2132403"/>
      <trkpt lat="-9.1207685" lon="148.2131539"/>
      <trkpt lat="-9.1208896" lon="148.2130596"/>
      <trkpt lat="-9.1209477" lon="148.2129197"/>
      <trkpt lat="-9.1209452" lon="148.2127454"/>
      <trkpt lat="-9.1209882" lon="148.2125984"/>
      <trkpt lat="-9.1210902" lon="148.2124860"/>
      <trkpt lat="-9.1212373" lon="148.2123914"/>
      <trkpt lat="-9.1213536" lon="148.2122701"/>
      <trkpt lat="-9.1214207" lon="148.2121208"/>
      <trkpt lat="-9.1214781" lon="148.2119758"/>
      <trkpt lat="-9.1215329" lon="148.2118288"/>
      <trkpt lat="-9.1215875" lon="148.2116772"/>
      <trkpt lat="-9.1216494" lon="148.2115186"/>
      <trkpt lat="-9.1217005" lon="148.2113564"/>
      <trkpt lat="-9.1217303" lon="148.2111968"/>
      <trkpt lat="-9.1217559" lon="148.2110624"/>
      <trkpt lat="-9.1217882" lon="148.2109413"/>
      <trkpt lat="-9.1218963" lon="148.2108855"/>
      <trkpt lat="-9.1220195" lon="148.2108621"/>
      <trkpt lat="-9.1221728" lon="148.2108460"/>
      <trkpt lat="-9.1223074" lon="148.2107825"/>
      <trkpt lat="-9.1224515" lon="148.2106887"/>
      <trkpt lat="-9.1225953" lon="148.2105973"/>
      <trkpt lat="-9.1226973" lon="148.2104828"/>
      <trkpt lat="-9.1227767" lon="148.2103474"/>
      <trkpt lat="-9.1228485" lon="148.2102112"/>
      <trkpt lat="-9.1229781" lon="148.2101176"/>
      <trkpt lat="-9.1230966" lon="148.2100262"/>
      <trkpt lat="-9.1232100" lon="148.2099297"/>
      <trkpt lat="-9.1233167" lon="148.2098203"/>
      <trkpt lat="-9.1234317" lon="148.2097111"/>
      <trkpt lat="-9.1235552" lon="148.2096032"/>
      <trkpt lat="-9.1236888" lon="148.2095334"/>
      <trkpt lat="-9.1238318" lon="148.2094764"/>
      <trkpt lat="-9.1239220" lon="148.2094074"/>
      <trkpt lat="-9.1239994" lon="148.2092978"/>
      <trkpt lat="-9.1240270" lon="148.2091577"/>
      <trkpt lat="-9.1241051" lon="148.2090397"/>
      <trkpt lat="-9.1241683" lon="148.2089173"/>
      <trkpt lat="-9.1242825" lon="148.2088088"/>
      <trkpt lat="-9.1243737" lon="148.2086742"/>
      <trkpt lat="-9.1244541" lon="148.2085219"/>
      <trkpt lat="-9.1244728" lon="148.2083704"/>
      <trkpt lat="-9.1244568" lon="148.2082361"/>
      <trkpt lat="-9.1244683" lon="148.2081228"/>
      <trkpt lat="-9.1245370" lon="148.2080026"/>
      <trkpt lat="-9.1246672" lon="148.2078812"/>
      <trkpt lat="-9.1247910" lon="148.2078292"/>
      <trkpt lat="-9.1248471" lon="148.2078034"/>
      <trkpt lat="-9.1248562" lon="148.2077607"/>
      <trkpt lat="-9.1248096" lon="148.2076374"/>
      <trkpt lat="-9.1248278" lon="148.2074860"/>
      <trkpt lat="-9.1248757" lon="148.2073936"/>
      <trkpt lat="-9.1249220" lon="148.2072882"/>
      <trkpt lat="-9.1249520" lon="148.2072027"/>
      <trkpt lat="-9.1249772" lon="148.2070637"/>
      <trkpt lat="-9.1250263" lon="148.2069237"/>
      <trkpt lat="-9.1250673" lon="148.2068414"/>
      <trkpt lat="-9.1250583" lon="148.2067616"/>
      <trkpt lat="-9.1250419" lon="148.2066835"/>
      <trkpt lat="-9.1250021" lon="148.2065177"/>
      <trkpt lat="-9.1249886" lon="148.2064078"/>
      <trkpt lat="-9.1250130" lon="148.2063849"/>
      <trkpt lat="-9.1250555" lon="148.2064092"/>
      <trkpt lat="-9.1251201" lon="148.2064392"/>
      <trkpt lat="-9.1251564" lon="148.2063952"/>
      <trkpt lat="-9.1251571" lon="148.2063132"/>
      <trkpt lat="-9.1251253" lon="148.2061599"/>
      <trkpt lat="-9.1250865" lon="148.2059911"/>
      <trkpt lat="-9.1250783" lon="148.2058379"/>
      <trkpt lat="-9.1251416" lon="148.2057490"/>
      <trkpt lat="-9.1251745" lon="148.2056823"/>
      <trkpt lat="-9.1251756" lon="148.2055994"/>
      <trkpt lat="-9.1250941" lon="148.2054704"/>
      <trkpt lat="-9.1250603" lon="148.2053274"/>
      <trkpt lat="-9.1250598" lon="148.2051752"/>
      <trkpt lat="-9.1250468" lon="148.2050159"/>
      <trkpt lat="-9.1250252" lon="148.2048558"/>
      <trkpt lat="-9.1249607" lon="148.2047124"/>
      <trkpt lat="-9.1249229" lon="148.2045645"/>
      <trkpt lat="-9.1248419" lon="148.2044607"/>
      <trkpt lat="-9.1248413" lon="148.2043677"/>
      <trkpt lat="-9.1248349" lon="148.2043208"/>
      <trkpt lat="-9.1248954" lon="148.2042399"/>
      <trkpt lat="-9.1249477" lon="148.2041465"/>
      <trkpt lat="-9.1250207" lon="148.2040047"/>
      <trkpt lat="-9.1250857" lon="148.2038524"/>
      <trkpt lat="-9.1251569" lon="148.2036987"/>
      <trkpt lat="-9.1252510" lon="148.2035514"/>
      <trkpt lat="-9.1253066" lon="148.2034269"/>
      <trkpt lat="-9.1253327" lon="148.2032908"/>
      <trkpt lat="-9.1253582" lon="148.2031663"/>
      <trkpt lat="-9.1254174" lon="148.2030196"/>
      <trkpt lat="-9.1254843" lon="148.2028720"/>
      <trkpt lat="-9.1255405" lon="148.2027115"/>
      <trkpt lat="-9.1256332" lon="148.2026010"/>
      <trkpt lat="-9.1257448" lon="148.2025015"/>
      <trkpt lat="-9.1258813" lon="148.2024120"/>
      <trkpt lat="-9.1259740" lon="148.2022785"/>
      <trkpt lat="-9.1260446" lon="148.2021362"/>
      <trkpt lat="-9.1261030" lon="148.2019878"/>
      <trkpt lat="-9.1262011" lon="148.2018645"/>
      <trkpt lat="-9.1263266" lon="148.2017937"/>
      <trkpt lat="-9.1264549" lon="148.2017931"/>
      <trkpt lat="-9.1265443" lon="148.2017665"/>
      <trkpt lat="-9.1265732" lon="148.2017425"/>
      <trkpt lat="-9.1265626" lon="148.2016413"/>
      <trkpt lat="-9.1264834" lon="148.2015588"/>
      <trkpt lat="-9.1263670" lon="148.2014675"/>
      <trkpt lat="-9.1262612" lon="148.2013867"/>
      <trkpt lat="-9.1262018" lon="148.2012799"/>
      <trkpt lat="-9.1261851" lon="148.2011745"/>
      <trkpt lat="-9.1261245" lon="148.2011182"/>
      <trkpt lat="-9.1260510" lon="148.2010621"/>
      <trkpt lat="-9.1259457" lon="148.2009908"/>
      <trkpt lat="-9.1258950" lon="148.2008866"/>
      <trkpt lat="-9.1258184" lon="148.2007973"/>
      <trkpt lat="-9.1257463" lon="148.2007169"/>
      <trkpt lat="-9.1256858" lon="148.2006871"/>
      <trkpt lat="-9.1256536" lon="148.2006715"/>
      <trkpt lat="-9.1256275" lon="148.2006783"/>
      <trkpt lat="-9.1255464" lon="148.2006238"/>
      <trkpt lat="-9.1254466" lon="148.2005467"/>
      <trkpt lat="-9.1253463" lon="148.2004154"/>
      <trkpt lat="-9.1252258" lon="148.2002858"/>
      <trkpt lat="-9.1250863" lon="148.2001767"/>
      <trkpt lat="-9.1249341" lon="148.2000848"/>
      <trkpt lat="-9.1247759" lon="148.2000507"/>
      <trkpt lat="-9.1246207" lon="148.2000414"/>
      <trkpt lat="-9.1244588" lon="148.2000774"/>
      <trkpt lat="-9.1243158" lon="148.2000463"/>
      <trkpt lat="-9.1241765" lon="148.1999887"/>
      <trkpt lat="-9.1240580" lon="148.1998661"/>
      <trkpt lat="-9.1239436" lon="148.1997369"/>
      <trkpt lat="-9.1238231" lon="148.1996272"/>
      <trkpt lat="-9.1236888" lon="148.1995324"/>
      <trkpt lat="-9.1235366" lon="148.1994564"/>
      <trkpt lat="-9.1233913" lon="148.1994153"/>
      <trkpt lat="-9.1232389" lon="148.1994167"/>
      <trkpt lat="-9.1230877" lon="148.1994204"/>
      <trkpt lat="-9.1229273" lon="148.1993825"/>
      <trkpt lat="-9.1227639" lon="148.1993284"/>
      <trkpt lat="-9.1225935" lon="148.1992819"/>
      <trkpt lat="-9.1224333" lon="148.1992130"/>
      <trkpt lat="-9.1222921" lon="148.1991078"/>
      <trkpt lat="-9.1221490" lon="148.1990134"/>
      <trkpt lat="-9.1219922" lon="148.1989454"/>
      <trkpt lat="-9.1218262" lon="148.1988977"/>
      <trkpt lat="-9.1216657" lon="148.1988344"/>
      <trkpt lat="-9.1215067" lon="148.1987672"/>
      <trkpt lat="-9.1213522" lon="148.1986946"/>
      <trkpt lat="-9.1211993" lon="148.1986401"/>
      <trkpt lat="-9.1210580" lon="148.1985662"/>
      <trkpt lat="-9.1209055" lon="148.1985021"/>
      <trkpt lat="-9.1207569" lon="148.1984097"/>
      <trkpt lat="-9.1205975" lon="148.1983333"/>
      <trkpt lat="-9.1204464" lon="148.1982392"/>
      <trkpt lat="-9.1202938" lon="148.1981465"/>
      <trkpt lat="-9.1201668" lon="148.1980225"/>
      <trkpt lat="-9.1200606" lon="148.1978815"/>
      <trkpt lat="-9.1199631" lon="148.1977311"/>
      <trkpt lat="-9.1198618" lon="148.1975827"/>
      <trkpt lat="-9.1197591" lon="148.1974813"/>
      <trkpt lat="-9.1196498" lon="148.1974032"/>
      <trkpt lat="-9.1195228" lon="148.1973479"/>
      <trkpt lat="-9.1193735" lon="148.1972704"/>
      <trkpt lat="-9.1192196" lon="148.1971842"/>
      <trkpt lat="-9.1191123" lon="148.1970672"/>
      <trkpt lat="-9.1190413" lon="148.1969205"/>
      <trkpt lat="-9.1190043" lon="148.1967505"/>
      <trkpt lat="-9.1189587" lon="148.1965831"/>
      <trkpt lat="-9.1188962" lon="148.1964223"/>
      <trkpt lat="-9.1188091" lon="148.1962892"/>
      <trkpt lat="-9.1187224" lon="148.1961597"/>
      <trkpt lat="-9.1186888" lon="148.1960276"/>
      <trkpt lat="-9.1187326" lon="148.1958730"/>
      <trkpt lat="-9.1187966" lon="148.1957181"/>
      <trkpt lat="-9.1188169" lon="148.1955631"/>
      <trkpt lat="-9.1187532" lon="148.1954747"/>
      <trkpt lat="-9.1186255" lon="148.1954303"/>
      <trkpt lat="-9.1184627" lon="148.1954281"/>
      <trkpt lat="-9.1183044" lon="148.1953681"/>
      <trkpt lat="-9.1181630" lon="148.1952759"/>
      <trkpt lat="-9.1180201" lon="148.1952056"/>
      <trkpt lat="-9.1178623" lon="148.1951760"/>
      <trkpt lat="-9.1176916" lon="148.1951596"/>
      <trkpt lat="-9.1175587" lon="148.1950786"/>
      <trkpt lat="-9.1174610" lon="148.1949425"/>
      <trkpt lat="-9.1173831" lon="148.1947843"/>
      <trkpt lat="-9.1172834" lon="148.1946390"/>
      <trkpt lat="-9.1171854" lon="148.1944928"/>
      <trkpt lat="-9.1171404" lon="148.1943415"/>
      <trkpt lat="-9.1171587" lon="148.1941778"/>
      <trkpt lat="-9.1172038" lon="148.1940101"/>
      <trkpt lat="-9.1172427" lon="148.1938418"/>
      <trkpt lat="-9.1172708" lon="148.1936713"/>
      <trkpt lat="-9.1173081" lon="148.1935020"/>
      <trkpt lat="-9.1173398" lon="148.1933296"/>
      <trkpt lat="-9.1173634" lon="148.1931532"/>
      <trkpt lat="-9.1173825" lon="148.1929752"/>
      <trkpt lat="-9.1174273" lon="148.1928067"/>
      <trkpt lat="-9.1174946" lon="148.1926433"/>
      <trkpt lat="-9.1175713" lon="148.1924828"/>
      <trkpt lat="-9.1175976" lon="148.1923155"/>
      <trkpt lat="-9.1176061" lon="148.1921446"/>
      <trkpt lat="-9.1175990" lon="148.1919704"/>
      <trkpt lat="-9.1176030" lon="148.1917912"/>
      <trkpt lat="-9.1175759" lon="148.1916159"/>
      <trkpt lat="-9.1175454" lon="148.1914401"/>
      <trkpt lat="-9.1175052" lon="148.1912661"/>
      <trkpt lat="-9.1174690" lon="148.1910904"/>
      <trkpt lat="-9.1174164" lon="148.1909181"/>
      <trkpt lat="-9.1173641" lon="148.1907455"/>
      <trkpt lat="-9.1173018" lon="148.1905787"/>
      <trkpt lat="-9.1172389" lon="148.1904127"/>
      <trkpt lat="-9.1171723" lon="148.1902479"/>
      <trkpt lat="-9.1171142" lon="148.1900793"/>
      <trkpt lat="-9.1170390" lon="148.1899173"/>
      <trkpt lat="-9.1169695" lon="148.1897542"/>
      <trkpt lat="-9.1169261" lon="148.1895904"/>
      <trkpt lat="-9.1169046" lon="148.1894171"/>
      <trkpt lat="-9.1168962" lon="148.1892420"/>
      <trkpt lat="-9.1168824" lon="148.1890623"/>
      <trkpt lat="-9.1168960" lon="148.1888836"/>
      <trkpt lat="-9.1169419" lon="148.1887148"/>
      <trkpt lat="-9.1170157" lon="148.1885542"/>
      <trkpt lat="-9.1171060" lon="148.1884002"/>
      <trkpt lat="-9.1171832" lon="148.1882393"/>
      <trkpt lat="-9.1172383" lon="148.1880710"/>
      <trkpt lat="-9.1172961" lon="148.1879045"/>
      <trkpt lat="-9.1173528" lon="148.1877375"/>
      <trkpt lat="-9.1174498" lon="148.1875917"/>
      <trkpt lat="-9.1175542" lon="148.1874798"/>
      <trkpt lat="-9.1176817" lon="148.1874100"/>
    </trkseg>
    <trkseg>
      <trkpt lat="-9.1175767" lon="148.1875117"/>
      <trkpt lat="-9.1174628" lon="148.1874063"/>
      <trkpt lat="-9.1173611" lon="148.1872830"/>
      <trkpt lat="-9.1172424" lon="148.1871679"/>
      <trkpt lat="-9.1171437" lon="148.1870373"/>
      <trkpt lat="-9.1170556" lon="148.1869211"/>
      <trkpt lat="-9.1170600" lon="148.1868754"/>
      <trkpt lat="-9.1171331" lon="148.1869225"/>
      <trkpt lat="-9.1172564" lon="148.1870541"/>
      <trkpt lat="-9.1173597" lon="148.1871954"/>
      <trkpt lat="-9.1174689" lon="148.1873105"/>
      <trkpt lat="-9.1175738" lon="148.1873377"/>
      <trkpt lat="-9.1177029" lon="148.1872795"/>
      <trkpt lat="-9.1178206" lon="148.1871495"/>
      <trkpt lat="-9.1179506" lon="148.1870331"/>
      <trkpt lat="-9.1180556" lon="148.1868972"/>
      <trkpt lat="-9.1181675" lon="148.1867648"/>
      <trkpt lat="-9.1182460" lon="148.1866057"/>
      <trkpt lat="-9.1183356" lon="148.1864546"/>
      <trkpt lat="-9.1184396" lon="148.1863211"/>
      <trkpt lat="-9.1185680" lon="148.1862036"/>
      <trkpt lat="-9.1186995" lon="148.1860885"/>
      <trkpt lat="-9.1188156" lon="148.1859560"/>
      <trkpt lat="-9.1189221" lon="148.1858138"/>
      <trkpt lat="-9.1190169" lon="148.1856628"/>
      <trkpt lat="-9.1190735" lon="148.1855010"/>
      <trkpt lat="-9.1191187" lon="148.1853344"/>
      <trkpt lat="-9.1191102" lon="148.1851666"/>
      <trkpt lat="-9.1191020" lon="148.1850547"/>
      <trkpt lat="-9.1190733" lon="148.1849983"/>
    </trkseg>
    <trkseg>
      <trkpt lat="-9.1189750" lon="148.1848833"/>
      <trkpt lat="-9.1189019" lon="148.1847240"/>
      <trkpt lat="-9.1188206" lon="148.1845758"/>
      <trkpt lat="-9.1187984" lon="148.1844439"/>
      <trkpt lat="-9.1188509" lon="148.1843103"/>
      <trkpt lat="-9.1189285" lon="148.1841643"/>
      <trkpt lat="-9.1189530" lon="148.1840021"/>
      <trkpt lat="-9.1189152" lon="148.1838299"/>
      <trkpt lat="-9.1188603" lon="148.1836592"/>
      <trkpt lat="-9.1188058" lon="148.1834877"/>
      <trkpt lat="-9.1187795" lon="148.1833110"/>
      <trkpt lat="-9.1187766" lon="148.1831317"/>
      <trkpt lat="-9.1187635" lon="148.1829555"/>
      <trkpt lat="-9.1187260" lon="148.1827829"/>
      <trkpt lat="-9.1186556" lon="148.1826167"/>
      <trkpt lat="-9.1185817" lon="148.1824511"/>
      <trkpt lat="-9.1185021" lon="148.1822885"/>
      <trkpt lat="-9.1184035" lon="148.1821419"/>
      <trkpt lat="-9.1182962" lon="148.1820001"/>
      <trkpt lat="-9.1181988" lon="148.1818540"/>
      <trkpt lat="-9.1180956" lon="148.1817198"/>
      <trkpt lat="-9.1180463" lon="148.1816350"/>
      <trkpt lat="-9.1180731" lon="148.1816098"/>
      <trkpt lat="-9.1181491" lon="148.1815501"/>
      <trkpt lat="-9.1182227" lon="148.1814334"/>
      <trkpt lat="-9.1182509" lon="148.1812560"/>
      <trkpt lat="-9.1182787" lon="148.1810806"/>
      <trkpt lat="-9.1182948" lon="148.1809034"/>
      <trkpt lat="-9.1183031" lon="148.1807248"/>
      <trkpt lat="-9.1182898" lon="148.1805502"/>
      <trkpt lat="-9.1182309" lon="148.1803897"/>
      <trkpt lat="-9.1181381" lon="148.1802367"/>
      <trkpt lat="-9.1180357" lon="148.1800919"/>
      <trkpt lat="-9.1179163" lon="148.1799930"/>
      <trkpt lat="-9.1177731" lon="148.1799183"/>
      <trkpt lat="-9.1176286" lon="148.1798425"/>
      <trkpt lat="-9.1175270" lon="148.1797077"/>
      <trkpt lat="-9.1174833" lon="148.1795422"/>
      <trkpt lat="-9.1175064" lon="148.1793726"/>
      <trkpt lat="-9.1175709" lon="148.1792115"/>
      <trkpt lat="-9.1176862" lon="148.1790949"/>
      <trkpt lat="-9.1177974" lon="148.1789758"/>
      <trkpt lat="-9.1179016" lon="148.1788504"/>
      <trkpt lat="-9.1179614" lon="148.1786805"/>
      <trkpt lat="-9.1180205" lon="148.1785106"/>
      <trkpt lat="-9.1180939" lon="148.1783480"/>
      <trkpt lat="-9.1181830" lon="148.1781917"/>
      <trkpt lat="-9.1182837" lon="148.1780421"/>
      <trkpt lat="-9.1183677" lon="148.1778842"/>
      <trkpt lat="-9.1183930" lon="148.1777289"/>
      <trkpt lat="-9.1183479" lon="148.1775707"/>
      <trkpt lat="-9.1182550" lon="148.1774173"/>
      <trkpt lat="-9.1181664" lon="148.1772600"/>
      <trkpt lat="-9.1180928" lon="148.1770959"/>
      <trkpt lat="-9.1180405" lon="148.1769244"/>
      <trkpt lat="-9.1180049" lon="148.1767473"/>
      <trkpt lat="-9.1179904" lon="148.1765716"/>
      <trkpt lat="-9.1179760" lon="148.1764009"/>
      <trkpt lat="-9.1179151" lon="148.1762851"/>
      <trkpt lat="-9.1177938" lon="148.1762413"/>
      <trkpt lat="-9.1176204" lon="148.1762541"/>
      <trkpt lat="-9.1174459" lon="148.1762579"/>
      <trkpt lat="-9.1172733" lon="148.1762602"/>
      <trkpt lat="-9.1171027" lon="148.1762599"/>
      <trkpt lat="-9.1169476" lon="148.1762317"/>
      <trkpt lat="-9.1168056" lon="148.1761478"/>
      <trkpt lat="-9.1167349" lon="148.1760088"/>
      <trkpt lat="-9.1167117" lon="148.1758526"/>
      <trkpt lat="-9.1167306" lon="148.1756774"/>
      <trkpt lat="-9.1167407" lon="148.1754991"/>
      <trkpt lat="-9.1167549" lon="148.1753210"/>
      <trkpt lat="-9.1167712" lon="148.1751474"/>
      <trkpt lat="-9.1167428" lon="148.1749985"/>
      <trkpt lat="-9.1166668" lon="148.1748616"/>
      <trkpt lat="-9.1165584" lon="148.1747302"/>
      <trkpt lat="-9.1164726" lon="148.1745776"/>
      <trkpt lat="-9.1164077" lon="148.1744136"/>
      <trkpt lat="-9.1163499" lon="148.1742551"/>
      <trkpt lat="-9.1162607" lon="148.1741212"/>
      <trkpt lat="-9.1161291" lon="148.1740524"/>
      <trkpt lat="-9.1159617" lon="148.1740255"/>
      <trkpt lat="-9.1157959" lon="148.1739975"/>
      <trkpt lat="-9.1156750" lon="148.1739048"/>
      <trkpt lat="-9.1156172" lon="148.1737545"/>
      <trkpt lat="-9.1156004" lon="148.1735767"/>
      <trkpt lat="-9.1155623" lon="148.1734100"/>
      <trkpt lat="-9.1154935" lon="148.1732505"/>
      <trkpt lat="-9.1154000" lon="148.1731021"/>
      <trkpt lat="-9.1152889" lon="148.1729707"/>
      <trkpt lat="-9.1151555" lon="148.1728582"/>
      <trkpt lat="-9.1150072" lon="148.1727591"/>
      <trkpt lat="-9.1148553" lon="148.1726680"/>
      <trkpt lat="-9.1147317" lon="148.1725780"/>
      <trkpt lat="-9.1146169" lon="148.1724951"/>
      <trkpt lat="-9.1145139" lon="148.1723938"/>
      <trkpt lat="-9.1143885" lon="148.1722889"/>
      <trkpt lat="-9.1142583" lon="148.1721743"/>
      <trkpt lat="-9.1141249" lon="148.1720655"/>
      <trkpt lat="-9.1139791" lon="148.1719717"/>
      <trkpt lat="-9.1138221" lon="148.1718872"/>
      <trkpt lat="-9.1136816" lon="148.1717875"/>
      <trkpt lat="-9.1135962" lon="148.1716498"/>
      <trkpt lat="-9.1135425" lon="148.1714837"/>
      <trkpt lat="-9.1134953" lon="148.1713186"/>
      <trkpt lat="-9.1134193" lon="148.1711645"/>
      <trkpt lat="-9.1133355" lon="148.1710147"/>
      <trkpt lat="-9.1132767" lon="148.1708565"/>
      <trkpt lat="-9.1132704" lon="148.1706920"/>
      <trkpt lat="-9.1133035" lon="148.1705213"/>
      <trkpt lat="-9.1133542" lon="148.1703496"/>
      <trkpt lat="-9.1134045" lon="148.1701788"/>
      <trkpt lat="-9.1134567" lon="148.1700071"/>
      <trkpt lat="-9.1135004" lon="148.1698344"/>
      <trkpt lat="-9.1135409" lon="148.1696589"/>
      <trkpt lat="-9.1135804" lon="148.1694836"/>
      <trkpt lat="-9.1136029" lon="148.1693069"/>
      <trkpt lat="-9.1135849" lon="148.1691348"/>
      <trkpt lat="-9.1135393" lon="148.1689653"/>
      <trkpt lat="-9.1134968" lon="148.1687962"/>
      <trkpt lat="-9.1134988" lon="148.1686239"/>
      <trkpt lat="-9.1135346" lon="148.1685087"/>
      <trkpt lat="-9.1135470" lon="148.1684049"/>
      <trkpt lat="-9.1135466" lon="148.1683014"/>
      <trkpt lat="-9.1135262" lon="148.1681774"/>
      <trkpt lat="-9.1135244" lon="148.1680764"/>
      <trkpt lat="-9.1135360" lon="148.1679762"/>
      <trkpt lat="-9.1135785" lon="148.1678424"/>
      <trkpt lat="-9.1136311" lon="148.1676772"/>
      <trkpt lat="-9.1136911" lon="148.1675175"/>
      <trkpt lat="-9.1137586" lon="148.1673674"/>
      <trkpt lat="-9.1138173" lon="148.1672364"/>
      <trkpt lat="-9.1138518" lon="148.1671947"/>
      <trkpt lat="-9.1138482" lon="148.1672047"/>
      <trkpt lat="-9.1138500" lon="148.1672600"/>
    </trkseg>
    <trkseg>
      <trkpt lat="-9.1139217" lon="148.1671850"/>
      <trkpt lat="-9.1137990" lon="148.1671162"/>
      <trkpt lat="-9.1137480" lon="148.1670579"/>
      <trkpt lat="-9.1136994" lon="148.1670352"/>
      <trkpt lat="-9.1136169" lon="148.1669908"/>
      <trkpt lat="-9.1134727" lon="148.1669222"/>
      <trkpt lat="-9.1133575" lon="148.1667934"/>
      <trkpt lat="-9.1132890" lon="148.1666389"/>
      <trkpt lat="-9.1132279" lon="148.1664813"/>
      <trkpt lat="-9.1131730" lon="148.1663178"/>
      <trkpt lat="-9.1131133" lon="148.1661546"/>
      <trkpt lat="-9.1130541" lon="148.1659936"/>
      <trkpt lat="-9.1129785" lon="148.1658399"/>
      <trkpt lat="-9.1128635" lon="148.1657098"/>
      <trkpt lat="-9.1127690" lon="148.1655822"/>
      <trkpt lat="-9.1126978" lon="148.1654490"/>
      <trkpt lat="-9.1126465" lon="148.1653000"/>
      <trkpt lat="-9.1126004" lon="148.1651329"/>
      <trkpt lat="-9.1125255" lon="148.1649832"/>
      <trkpt lat="-9.1124692" lon="148.1648258"/>
      <trkpt lat="-9.1124397" lon="148.1646710"/>
      <trkpt lat="-9.1124126" lon="148.1645487"/>
      <trkpt lat="-9.1123478" lon="148.1644541"/>
      <trkpt lat="-9.1122152" lon="148.1643835"/>
      <trkpt lat="-9.1120789" lon="148.1642738"/>
      <trkpt lat="-9.1119712" lon="148.1641386"/>
      <trkpt lat="-9.1119019" lon="148.1639756"/>
      <trkpt lat="-9.1118533" lon="148.1638036"/>
      <trkpt lat="-9.1118019" lon="148.1636366"/>
      <trkpt lat="-9.1117716" lon="148.1635082"/>
      <trkpt lat="-9.1117017" lon="148.1634215"/>
      <trkpt lat="-9.1116285" lon="148.1633393"/>
      <trkpt lat="-9.1114983" lon="148.1632419"/>
      <trkpt lat="-9.1113741" lon="148.1631273"/>
      <trkpt lat="-9.1112262" lon="148.1630297"/>
      <trkpt lat="-9.1111226" lon="148.1629612"/>
      <trkpt lat="-9.1110667" lon="148.1629167"/>
    </trkseg>
    <trkseg>
      <trkpt lat="-9.1110500" lon="148.1628100"/>
      <trkpt lat="-9.1109801" lon="148.1626517"/>
      <trkpt lat="-9.1109337" lon="148.1624847"/>
      <trkpt lat="-9.1108808" lon="148.1623219"/>
      <trkpt lat="-9.1107899" lon="148.1621758"/>
      <trkpt lat="-9.1106762" lon="148.1620372"/>
      <trkpt lat="-9.1105756" lon="148.1618953"/>
      <trkpt lat="-9.1104990" lon="148.1617526"/>
      <trkpt lat="-9.1104556" lon="148.1616029"/>
      <trkpt lat="-9.1104367" lon="148.1614441"/>
      <trkpt lat="-9.1104030" lon="148.1612818"/>
      <trkpt lat="-9.1103507" lon="148.1611754"/>
      <trkpt lat="-9.1103045" lon="148.1610666"/>
      <trkpt lat="-9.1102781" lon="148.1609459"/>
      <trkpt lat="-9.1102658" lon="148.1607674"/>
      <trkpt lat="-9.1102358" lon="148.1605900"/>
      <trkpt lat="-9.1102018" lon="148.1604138"/>
      <trkpt lat="-9.1101507" lon="148.1602423"/>
      <trkpt lat="-9.1101207" lon="148.1600724"/>
      <trkpt lat="-9.1101310" lon="148.1599066"/>
      <trkpt lat="-9.1101607" lon="148.1597366"/>
      <trkpt lat="-9.1101867" lon="148.1595665"/>
      <trkpt lat="-9.1102050" lon="148.1593931"/>
      <trkpt lat="-9.1102267" lon="148.1592182"/>
      <trkpt lat="-9.1102704" lon="148.1590491"/>
      <trkpt lat="-9.1103289" lon="148.1588841"/>
      <trkpt lat="-9.1103826" lon="148.1587698"/>
      <trkpt lat="-9.1104324" lon="148.1586702"/>
      <trkpt lat="-9.1104502" lon="148.1585877"/>
      <trkpt lat="-9.1104474" lon="148.1585102"/>
      <trkpt lat="-9.1104810" lon="148.1584725"/>
      <trkpt lat="-9.1105768" lon="148.1584788"/>
      <trkpt lat="-9.1107531" lon="148.1584760"/>
      <trkpt lat="-9.1109193" lon="148.1584366"/>
      <trkpt lat="-9.1110745" lon="148.1583813"/>
      <trkpt lat="-9.1112155" lon="148.1583587"/>
      <trkpt lat="-9.1113551" lon="148.1583348"/>
      <trkpt lat="-9.1114957" lon="148.1582848"/>
      <trkpt lat="-9.1116441" lon="148.1581843"/>
      <trkpt lat="-9.1117828" lon="148.1580750"/>
      <trkpt lat="-9.1119190" lon="148.1579637"/>
      <trkpt lat="-9.1120210" lon="148.1578261"/>
      <trkpt lat="-9.1121361" lon="148.1577017"/>
      <trkpt lat="-9.1122549" lon="148.1575806"/>
      <trkpt lat="-9.1124094" lon="148.1574954"/>
      <trkpt lat="-9.1125718" lon="148.1574462"/>
      <trkpt lat="-9.1127425" lon="148.1574178"/>
      <trkpt lat="-9.1129079" lon="148.1573806"/>
      <trkpt lat="-9.1130672" lon="148.1573257"/>
      <trkpt lat="-9.1132131" lon="148.1572436"/>
      <trkpt lat="-9.1133566" lon="148.1571544"/>
      <trkpt lat="-9.1135055" lon="148.1570667"/>
      <trkpt lat="-9.1136645" lon="148.1569946"/>
      <trkpt lat="-9.1138310" lon="148.1569713"/>
      <trkpt lat="-9.1139299" lon="148.1569643"/>
      <trkpt lat="-9.1139997" lon="148.1569407"/>
      <trkpt lat="-9.1140161" lon="148.1568535"/>
      <trkpt lat="-9.1140523" lon="148.1567292"/>
      <trkpt lat="-9.1140527" lon="148.1566751"/>
      <trkpt lat="-9.1141085" lon="148.1566981"/>
      <trkpt lat="-9.1142113" lon="148.1567484"/>
      <trkpt lat="-9.1143795" lon="148.1567468"/>
      <trkpt lat="-9.1145402" lon="148.1566864"/>
      <trkpt lat="-9.1147015" lon="148.1566220"/>
      <trkpt lat="-9.1148584" lon="148.1565717"/>
      <trkpt lat="-9.1150043" lon="148.1565116"/>
      <trkpt lat="-9.1151329" lon="148.1564217"/>
      <trkpt lat="-9.1152558" lon="148.1563003"/>
      <trkpt lat="-9.1153926" lon="148.1561895"/>
      <trkpt lat="-9.1155459" lon="148.1561148"/>
      <trkpt lat="-9.1157044" lon="148.1560553"/>
      <trkpt lat="-9.1158557" lon="148.1559870"/>
      <trkpt lat="-9.1159821" lon="148.1558909"/>
      <trkpt lat="-9.1160205" lon="148.1558637"/>
      <trkpt lat="-9.1159707" lon="148.1559180"/>
      <trkpt lat="-9.1158357" lon="148.1560207"/>
      <trkpt lat="-9.1156798" lon="148.1560949"/>
      <trkpt lat="-9.1155239" lon="148.1561691"/>
      <trkpt lat="-9.1153714" lon="148.1562594"/>
      <trkpt lat="-9.1152359" lon="148.1563760"/>
      <trkpt lat="-9.1150976" lon="148.1564887"/>
      <trkpt lat="-9.1149525" lon="148.1565843"/>
      <trkpt lat="-9.1147931" lon="148.1566541"/>
      <trkpt lat="-9.1146275" lon="148.1567083"/>
      <trkpt lat="-9.1144615" lon="148.1567614"/>
      <trkpt lat="-9.1142922" lon="148.1567880"/>
      <trkpt lat="-9.1141422" lon="148.1567496"/>
      <trkpt lat="-9.1140479" lon="148.1566346"/>
      <trkpt lat="-9.1139907" lon="148.1564725"/>
      <trkpt lat="-9.1139516" lon="148.1563006"/>
      <trkpt lat="-9.1138698" lon="148.1561542"/>
      <trkpt lat="-9.1137790" lon="148.1560120"/>
      <trkpt lat="-9.1136770" lon="148.1558763"/>
      <trkpt lat="-9.1135660" lon="148.1557468"/>
      <trkpt lat="-9.1134279" lon="148.1556575"/>
      <trkpt lat="-9.1132625" lon="148.1556029"/>
      <trkpt lat="-9.1131368" lon="148.1555224"/>
      <trkpt lat="-9.1130791" lon="148.1553964"/>
      <trkpt lat="-9.1131019" lon="148.1552367"/>
      <trkpt lat="-9.1131560" lon="148.1550775"/>
      <trkpt lat="-9.1131730" lon="148.1549220"/>
      <trkpt lat="-9.1131769" lon="148.1548236"/>
      <trkpt lat="-9.1132164" lon="148.1547667"/>
      <trkpt lat="-9.1133243" lon="148.1547227"/>
      <trkpt lat="-9.1134569" lon="148.1546224"/>
      <trkpt lat="-9.1135600" lon="148.1544792"/>
      <trkpt lat="-9.1136591" lon="148.1543313"/>
      <trkpt lat="-9.1137508" lon="148.1541849"/>
      <trkpt lat="-9.1138722" lon="148.1540701"/>
      <trkpt lat="-9.1140076" lon="148.1539716"/>
      <trkpt lat="-9.1141423" lon="148.1538672"/>
      <trkpt lat="-9.1142221" lon="148.1537271"/>
      <trkpt lat="-9.1142485" lon="148.1535555"/>
      <trkpt lat="-9.1142408" lon="148.1533754"/>
      <trkpt lat="-9.1142345" lon="148.1531944"/>
      <trkpt lat="-9.1142041" lon="148.1530223"/>
      <trkpt lat="-9.1141628" lon="148.1528541"/>
      <trkpt lat="-9.1140914" lon="148.1526961"/>
      <trkpt lat="-9.1140138" lon="148.1525456"/>
      <trkpt lat="-9.1139578" lon="148.1523912"/>
      <trkpt lat="-9.1139065" lon="148.1522412"/>
      <trkpt lat="-9.1138650" lon="148.1520828"/>
      <trkpt lat="-9.1137611" lon="148.1519816"/>
      <trkpt lat="-9.1136240" lon="148.1519153"/>
      <trkpt lat="-9.1134519" lon="148.1518858"/>
      <trkpt lat="-9.1133060" lon="148.1518116"/>
      <trkpt lat="-9.1132011" lon="148.1516901"/>
      <trkpt lat="-9.1131125" lon="148.1515421"/>
      <trkpt lat="-9.1130334" lon="148.1513873"/>
      <trkpt lat="-9.1129413" lon="148.1512385"/>
      <trkpt lat="-9.1128908" lon="148.1510725"/>
      <trkpt lat="-9.1128325" lon="148.1509136"/>
      <trkpt lat="-9.1127878" lon="148.1507490"/>
      <trkpt lat="-9.1127356" lon="148.1505834"/>
      <trkpt lat="-9.1127235" lon="148.1504104"/>
      <trkpt lat="-9.1126965" lon="148.1502495"/>
      <trkpt lat="-9.1126374" lon="148.1501040"/>
      <trkpt lat="-9.1125248" lon="148.1499726"/>
      <trkpt lat="-9.1123933" lon="148.1498533"/>
      <trkpt lat="-9.1122513" lon="148.1497439"/>
      <trkpt lat="-9.1121099" lon="148.1496332"/>
      <trkpt lat="-9.1119765" lon="148.1495154"/>
      <trkpt lat="-9.1118342" lon="148.1494153"/>
      <trkpt lat="-9.1116753" lon="148.1493579"/>
      <trkpt lat="-9.1115091" lon="148.1493082"/>
      <trkpt lat="-9.1113486" lon="148.1492479"/>
      <trkpt lat="-9.1111964" lon="148.1491562"/>
      <trkpt lat="-9.1110602" lon="148.1490539"/>
      <trkpt lat="-9.1109900" lon="148.1489255"/>
      <trkpt lat="-9.1110125" lon="148.1487845"/>
      <trkpt lat="-9.1110951" lon="148.1486341"/>
      <trkpt lat="-9.1112189" lon="148.1485159"/>
      <trkpt lat="-9.1113558" lon="148.1484165"/>
      <trkpt lat="-9.1115193" lon="148.1483546"/>
      <trkpt lat="-9.1116503" lon="148.1482612"/>
      <trkpt lat="-9.1117231" lon="148.1481324"/>
      <trkpt lat="-9.1117576" lon="148.1479651"/>
      <trkpt lat="-9.1117977" lon="148.1477987"/>
      <trkpt lat="-9.1118931" lon="148.1476639"/>
      <trkpt lat="-9.1120305" lon="148.1475646"/>
      <trkpt lat="-9.1121585" lon="148.1474719"/>
      <trkpt lat="-9.1122447" lon="148.1473489"/>
      <trkpt lat="-9.1122816" lon="148.1471840"/>
      <trkpt lat="-9.1123023" lon="148.1470052"/>
      <trkpt lat="-9.1123451" lon="148.1468356"/>
      <trkpt lat="-9.1124354" lon="148.1467226"/>
      <trkpt lat="-9.1125808" lon="148.1466854"/>
      <trkpt lat="-9.1127526" lon="148.1467083"/>
      <trkpt lat="-9.1129199" lon="148.1467110"/>
      <trkpt lat="-9.1130833" lon="148.1467113"/>
      <trkpt lat="-9.1132388" lon="148.1467279"/>
      <trkpt lat="-9.1133723" lon="148.1468213"/>
      <trkpt lat="-9.1134780" lon="148.1469423"/>
      <trkpt lat="-9.1135805" lon="148.1469992"/>
      <trkpt lat="-9.1136987" lon="148.1469723"/>
      <trkpt lat="-9.1138471" lon="148.1468931"/>
      <trkpt lat="-9.1140064" lon="148.1468389"/>
      <trkpt lat="-9.1141809" lon="148.1468211"/>
      <trkpt lat="-9.1143381" lon="148.1468554"/>
      <trkpt lat="-9.1144759" lon="148.1469482"/>
      <trkpt lat="-9.1145966" lon="148.1470399"/>
      <trkpt lat="-9.1146603" lon="148.1471487"/>
      <trkpt lat="-9.1146538" lon="148.1472632"/>
      <trkpt lat="-9.1146041" lon="148.1474286"/>
      <trkpt lat="-9.1145996" lon="148.1475783"/>
      <trkpt lat="-9.1146137" lon="148.1477294"/>
      <trkpt lat="-9.1146349" lon="148.1478826"/>
      <trkpt lat="-9.1146408" lon="148.1480529"/>
      <trkpt lat="-9.1146747" lon="148.1482265"/>
      <trkpt lat="-9.1147231" lon="148.1483954"/>
      <trkpt lat="-9.1147468" lon="148.1485641"/>
      <trkpt lat="-9.1147368" lon="148.1487324"/>
      <trkpt lat="-9.1147435" lon="148.1488930"/>
      <trkpt lat="-9.1148071" lon="148.1490360"/>
      <trkpt lat="-9.1149411" lon="148.1491443"/>
      <trkpt lat="-9.1150781" lon="148.1492518"/>
      <trkpt lat="-9.1152258" lon="148.1493247"/>
      <trkpt lat="-9.1153780" lon="148.1493738"/>
      <trkpt lat="-9.1155320" lon="148.1494183"/>
      <trkpt lat="-9.1156739" lon="148.1494925"/>
      <trkpt lat="-9.1158167" lon="148.1495678"/>
      <trkpt lat="-9.1159640" lon="148.1495769"/>
      <trkpt lat="-9.1160991" lon="148.1495527"/>
      <trkpt lat="-9.1162129" lon="148.1495498"/>
      <trkpt lat="-9.1162734" lon="148.1495795"/>
      <trkpt lat="-9.1162435" lon="148.1496089"/>
      <trkpt lat="-9.1161932" lon="148.1496382"/>
      <trkpt lat="-9.1161934" lon="148.1496575"/>
      <trkpt lat="-9.1163051" lon="148.1496788"/>
      <trkpt lat="-9.1164372" lon="148.1497210"/>
      <trkpt lat="-9.1165817" lon="148.1497797"/>
      <trkpt lat="-9.1167097" lon="148.1498818"/>
      <trkpt lat="-9.1167886" lon="148.1498862"/>
      <trkpt lat="-9.1168322" lon="148.1498233"/>
      <trkpt lat="-9.1168835" lon="148.1497279"/>
      <trkpt lat="-9.1170031" lon="148.1497071"/>
      <trkpt lat="-9.1170980" lon="148.1497484"/>
      <trkpt lat="-9.1171166" lon="148.1497873"/>
      <trkpt lat="-9.1171185" lon="148.1498166"/>
      <trkpt lat="-9.1171456" lon="148.1498677"/>
      <trkpt lat="-9.1171941" lon="148.1499457"/>
      <trkpt lat="-9.1172212" lon="148.1500636"/>
      <trkpt lat="-9.1172258" lon="148.1502087"/>
      <trkpt lat="-9.1172719" lon="148.1503656"/>
      <trkpt lat="-9.1173074" lon="148.1505333"/>
      <trkpt lat="-9.1173544" lon="148.1507034"/>
      <trkpt lat="-9.1173690" lon="148.1508818"/>
      <trkpt lat="-9.1173485" lon="148.1510515"/>
      <trkpt lat="-9.1173426" lon="148.1512132"/>
      <trkpt lat="-9.1173784" lon="148.1513147"/>
      <trkpt lat="-9.1174658" lon="148.1514200"/>
      <trkpt lat="-9.1175363" lon="148.1515338"/>
      <trkpt lat="-9.1175683" lon="148.1516933"/>
      <trkpt lat="-9.1175874" lon="148.1517999"/>
      <trkpt lat="-9.1175838" lon="148.1518581"/>
      <trkpt lat="-9.1176055" lon="148.1519231"/>
      <trkpt lat="-9.1176466" lon="148.1520306"/>
      <trkpt lat="-9.1177339" lon="148.1520945"/>
      <trkpt lat="-9.1178159" lon="148.1520801"/>
      <trkpt lat="-9.1179169" lon="148.1520275"/>
      <trkpt lat="-9.1180162" lon="148.1520459"/>
      <trkpt lat="-9.1181026" lon="148.1521442"/>
      <trkpt lat="-9.1181452" lon="148.1522948"/>
      <trkpt lat="-9.1181211" lon="148.1524559"/>
      <trkpt lat="-9.1180729" lon="148.1526206"/>
      <trkpt lat="-9.1180155" lon="148.1527856"/>
      <trkpt lat="-9.1180292" lon="148.1529497"/>
      <trkpt lat="-9.1181049" lon="148.1530927"/>
      <trkpt lat="-9.1182209" lon="148.1532222"/>
      <trkpt lat="-9.1183288" lon="148.1533578"/>
      <trkpt lat="-9.1184014" lon="148.1535164"/>
      <trkpt lat="-9.1184172" lon="148.1536864"/>
      <trkpt lat="-9.1184237" lon="148.1538158"/>
      <trkpt lat="-9.1183756" lon="148.1538886"/>
      <trkpt lat="-9.1183213" lon="148.1539544"/>
      <trkpt lat="-9.1182001" lon="148.1540400"/>
      <trkpt lat="-9.1181018" lon="148.1541776"/>
      <trkpt lat="-9.1180075" lon="148.1543219"/>
      <trkpt lat="-9.1179110" lon="148.1544616"/>
      <trkpt lat="-9.1177876" lon="148.1545804"/>
      <trkpt lat="-9.1176437" lon="148.1546854"/>
      <trkpt lat="-9.1174994" lon="148.1547712"/>
      <trkpt lat="-9.1173461" lon="148.1548287"/>
      <trkpt lat="-9.1171859" lon="148.1548724"/>
      <trkpt lat="-9.1170450" lon="148.1549581"/>
      <trkpt lat="-9.1169239" lon="148.1550657"/>
      <trkpt lat="-9.1168063" lon="148.1551758"/>
      <trkpt lat="-9.1166827" lon="148.1552812"/>
      <trkpt lat="-9.1165856" lon="148.1554177"/>
      <trkpt lat="-9.1165210" lon="148.1555802"/>
      <trkpt lat="-9.1165067" lon="148.1556960"/>
      <trkpt lat="-9.1165388" lon="148.1557628"/>
      <trkpt lat="-9.1166427" lon="148.1557787"/>
      <trkpt lat="-9.1167857" lon="148.1558060"/>
      <trkpt lat="-9.1169514" lon="148.1558041"/>
      <trkpt lat="-9.1171179" lon="148.1558071"/>
      <trkpt lat="-9.1172893" lon="148.1558212"/>
      <trkpt lat="-9.1174636" lon="148.1558579"/>
      <trkpt lat="-9.1176263" lon="148.1558567"/>
      <trkpt lat="-9.1177639" lon="148.1557877"/>
      <trkpt lat="-9.1178569" lon="148.1556568"/>
      <trkpt lat="-9.1179359" lon="148.1555024"/>
      <trkpt lat="-9.1180163" lon="148.1553425"/>
      <trkpt lat="-9.1181045" lon="148.1551859"/>
      <trkpt lat="-9.1181864" lon="148.1551102"/>
      <trkpt lat="-9.1182797" lon="148.1551063"/>
      <trkpt lat="-9.1183976" lon="148.1551587"/>
      <trkpt lat="-9.1185238" lon="148.1551312"/>
      <trkpt lat="-9.1186309" lon="148.1550569"/>
      <trkpt lat="-9.1187147" lon="148.1550312"/>
      <trkpt lat="-9.1187985" lon="148.1550948"/>
      <trkpt lat="-9.1188519" lon="148.1552448"/>
      <trkpt lat="-9.1188806" lon="148.1553955"/>
      <trkpt lat="-9.1188569" lon="148.1555219"/>
      <trkpt lat="-9.1188359" lon="148.1556483"/>
      <trkpt lat="-9.1188041" lon="148.1557836"/>
      <trkpt lat="-9.1187945" lon="148.1558833"/>
      <trkpt lat="-9.1188125" lon="148.1559143"/>
      <trkpt lat="-9.1188374" lon="148.1559459"/>
      <trkpt lat="-9.1188553" lon="148.1560570"/>
      <trkpt lat="-9.1188505" lon="148.1562343"/>
      <trkpt lat="-9.1188479" lon="148.1564119"/>
      <trkpt lat="-9.1188923" lon="148.1565641"/>
      <trkpt lat="-9.1189776" lon="148.1566254"/>
      <trkpt lat="-9.1191195" lon="148.1566031"/>
      <trkpt lat="-9.1192724" lon="148.1565495"/>
      <trkpt lat="-9.1193741" lon="148.1565523"/>
      <trkpt lat="-9.1194129" lon="148.1565510"/>
      <trkpt lat="-9.1194519" lon="148.1565525"/>
      <trkpt lat="-9.1195555" lon="148.1565159"/>
      <trkpt lat="-9.1197243" lon="148.1565050"/>
      <trkpt lat="-9.1198826" lon="148.1564598"/>
      <trkpt lat="-9.1200273" lon="148.1563884"/>
      <trkpt lat="-9.1201738" lon="148.1563074"/>
      <trkpt lat="-9.1203339" lon="148.1562509"/>
      <trkpt lat="-9.1205118" lon="148.1562388"/>
      <trkpt lat="-9.1206853" lon="148.1562127"/>
      <trkpt lat="-9.1208564" lon="148.1561799"/>
      <trkpt lat="-9.1210249" lon="148.1561613"/>
      <trkpt lat="-9.1211985" lon="148.1561781"/>
      <trkpt lat="-9.1213670" lon="148.1561755"/>
      <trkpt lat="-9.1215278" lon="148.1561212"/>
      <trkpt lat="-9.1216826" lon="148.1560304"/>
      <trkpt lat="-9.1218345" lon="148.1559403"/>
      <trkpt lat="-9.1219746" lon="148.1559243"/>
      <trkpt lat="-9.1221159" lon="148.1559515"/>
      <trkpt lat="-9.1222653" lon="148.1560229"/>
      <trkpt lat="-9.1224231" lon="148.1560830"/>
      <trkpt lat="-9.1225836" lon="148.1561100"/>
      <trkpt lat="-9.1227096" lon="148.1560688"/>
      <trkpt lat="-9.1228206" lon="148.1559481"/>
      <trkpt lat="-9.1229117" lon="148.1558079"/>
      <trkpt lat="-9.1230333" lon="148.1557091"/>
      <trkpt lat="-9.1231836" lon="148.1556682"/>
      <trkpt lat="-9.1233559" lon="148.1556735"/>
      <trkpt lat="-9.1235337" lon="148.1556778"/>
      <trkpt lat="-9.1237092" lon="148.1556576"/>
      <trkpt lat="-9.1238774" lon="148.1556001"/>
      <trkpt lat="-9.1240299" lon="148.1555142"/>
      <trkpt lat="-9.1241537" lon="148.1553939"/>
      <trkpt lat="-9.1242623" lon="148.1552521"/>
      <trkpt lat="-9.1243661" lon="148.1551120"/>
      <trkpt lat="-9.1244392" lon="148.1549642"/>
      <trkpt lat="-9.1244859" lon="148.1548050"/>
      <trkpt lat="-9.1245216" lon="148.1546390"/>
      <trkpt lat="-9.1245643" lon="148.1544739"/>
      <trkpt lat="-9.1246112" lon="148.1543147"/>
      <trkpt lat="-9.1246256" lon="148.1541453"/>
      <trkpt lat="-9.1246687" lon="148.1539872"/>
      <trkpt lat="-9.1247553" lon="148.1538722"/>
      <trkpt lat="-9.1248952" lon="148.1537863"/>
      <trkpt lat="-9.1250495" lon="148.1537222"/>
      <trkpt lat="-9.1251947" lon="148.1536403"/>
      <trkpt lat="-9.1253293" lon="148.1535388"/>
      <trkpt lat="-9.1254430" lon="148.1534099"/>
      <trkpt lat="-9.1255484" lon="148.1532650"/>
      <trkpt lat="-9.1256458" lon="148.1531180"/>
      <trkpt lat="-9.1257678" lon="148.1529992"/>
      <trkpt lat="-9.1259018" lon="148.1528946"/>
      <trkpt lat="-9.1260612" lon="148.1528333"/>
      <trkpt lat="-9.1262225" lon="148.1527719"/>
      <trkpt lat="-9.1263866" lon="148.1527219"/>
      <trkpt lat="-9.1265536" lon="148.1526905"/>
      <trkpt lat="-9.1267260" lon="148.1526879"/>
      <trkpt lat="-9.1268995" lon="148.1526906"/>
      <trkpt lat="-9.1270700" lon="148.1526745"/>
      <trkpt lat="-9.1272387" lon="148.1526398"/>
      <trkpt lat="-9.1274038" lon="148.1526441"/>
      <trkpt lat="-9.1275649" lon="148.1526310"/>
      <trkpt lat="-9.1276937" lon="148.1525814"/>
      <trkpt lat="-9.1278247" lon="148.1524851"/>
      <trkpt lat="-9.1279552" lon="148.1523797"/>
      <trkpt lat="-9.1281071" lon="148.1522916"/>
      <trkpt lat="-9.1282562" lon="148.1522005"/>
      <trkpt lat="-9.1284069" lon="148.1521601"/>
      <trkpt lat="-9.1285672" lon="148.1521678"/>
      <trkpt lat="-9.1287292" lon="148.1521791"/>
      <trkpt lat="-9.1288743" lon="148.1521225"/>
      <trkpt lat="-9.1289955" lon="148.1520231"/>
      <trkpt lat="-9.1291176" lon="148.1519255"/>
      <trkpt lat="-9.1292648" lon="148.1518700"/>
      <trkpt lat="-9.1294391" lon="148.1518396"/>
      <trkpt lat="-9.1296185" lon="148.1518310"/>
      <trkpt lat="-9.1297923" lon="148.1518058"/>
      <trkpt lat="-9.1299608" lon="148.1517646"/>
      <trkpt lat="-9.1301226" lon="148.1516995"/>
      <trkpt lat="-9.1302865" lon="148.1516776"/>
      <trkpt lat="-9.1304423" lon="148.1516442"/>
      <trkpt lat="-9.1306037" lon="148.1516224"/>
      <trkpt lat="-9.1307667" lon="148.1515671"/>
      <trkpt lat="-9.1309426" lon="148.1515371"/>
      <trkpt lat="-9.1311123" lon="148.1514875"/>
      <trkpt lat="-9.1312794" lon="148.1514443"/>
      <trkpt lat="-9.1314418" lon="148.1513874"/>
      <trkpt lat="-9.1316099" lon="148.1513690"/>
      <trkpt lat="-9.1317833" lon="148.1513589"/>
      <trkpt lat="-9.1319605" lon="148.1513782"/>
      <trkpt lat="-9.1321391" lon="148.1513949"/>
      <trkpt lat="-9.1323174" lon="148.1514120"/>
      <trkpt lat="-9.1324950" lon="148.1514349"/>
      <trkpt lat="-9.1326657" lon="148.1514490"/>
      <trkpt lat="-9.1328286" lon="148.1514731"/>
      <trkpt lat="-9.1329743" lon="148.1515265"/>
      <trkpt lat="-9.1331156" lon="148.1516151"/>
      <trkpt lat="-9.1332586" lon="148.1517191"/>
      <trkpt lat="-9.1334122" lon="148.1518099"/>
      <trkpt lat="-9.1335657" lon="148.1518915"/>
      <trkpt lat="-9.1337205" lon="148.1519646"/>
      <trkpt lat="-9.1338679" lon="148.1520453"/>
      <trkpt lat="-9.1339979" lon="148.1521532"/>
      <trkpt lat="-9.1340738" lon="148.1523028"/>
      <trkpt lat="-9.1340890" lon="148.1524678"/>
      <trkpt lat="-9.1340833" lon="148.1526391"/>
      <trkpt lat="-9.1340809" lon="148.1528106"/>
      <trkpt lat="-9.1340819" lon="148.1529818"/>
      <trkpt lat="-9.1340887" lon="148.1531322"/>
      <trkpt lat="-9.1341339" lon="148.1532641"/>
      <trkpt lat="-9.1342399" lon="148.1533790"/>
      <trkpt lat="-9.1343211" lon="148.1535096"/>
      <trkpt lat="-9.1343656" lon="148.1536527"/>
      <trkpt lat="-9.1343648" lon="148.1538146"/>
      <trkpt lat="-9.1344131" lon="148.1539667"/>
      <trkpt lat="-9.1344603" lon="148.1541228"/>
      <trkpt lat="-9.1344877" lon="148.1542805"/>
      <trkpt lat="-9.1344609" lon="148.1544518"/>
      <trkpt lat="-9.1344356" lon="148.1546256"/>
      <trkpt lat="-9.1344433" lon="148.1547896"/>
      <trkpt lat="-9.1345235" lon="148.1549069"/>
      <trkpt lat="-9.1346501" lon="148.1549919"/>
      <trkpt lat="-9.1347902" lon="148.1550767"/>
      <trkpt lat="-9.1348543" lon="148.1552087"/>
      <trkpt lat="-9.1348567" lon="148.1553715"/>
      <trkpt lat="-9.1348219" lon="148.1555340"/>
      <trkpt lat="-9.1347979" lon="148.1556887"/>
      <trkpt lat="-9.1347903" lon="148.1558443"/>
      <trkpt lat="-9.1348003" lon="148.1560120"/>
      <trkpt lat="-9.1348230" lon="148.1561902"/>
      <trkpt lat="-9.1348460" lon="148.1563680"/>
      <trkpt lat="-9.1348598" lon="148.1565421"/>
      <trkpt lat="-9.1348655" lon="148.1567010"/>
      <trkpt lat="-9.1349016" lon="148.1568423"/>
      <trkpt lat="-9.1349698" lon="148.1569796"/>
      <trkpt lat="-9.1350475" lon="148.1571224"/>
      <trkpt lat="-9.1351041" lon="148.1572713"/>
      <trkpt lat="-9.1351720" lon="148.1574016"/>
      <trkpt lat="-9.1352409" lon="148.1575417"/>
      <trkpt lat="-9.1353221" lon="148.1576455"/>
      <trkpt lat="-9.1353718" lon="148.1577760"/>
      <trkpt lat="-9.1354398" lon="148.1579002"/>
      <trkpt lat="-9.1355036" lon="148.1579887"/>
      <trkpt lat="-9.1355997" lon="148.1580467"/>
      <trkpt lat="-9.1357078" lon="148.1580948"/>
      <trkpt lat="-9.1357968" lon="148.1582244"/>
      <trkpt lat="-9.1358783" lon="148.1583396"/>
      <trkpt lat="-9.1359554" lon="148.1584204"/>
      <trkpt lat="-9.1359985" lon="148.1584860"/>
      <trkpt lat="-9.1360520" lon="148.1585735"/>
      <trkpt lat="-9.1361015" lon="148.1586661"/>
      <trkpt lat="-9.1362242" lon="148.1586786"/>
      <trkpt lat="-9.1363133" lon="148.1586927"/>
      <trkpt lat="-9.1364055" lon="148.1587403"/>
      <trkpt lat="-9.1364935" lon="148.1588458"/>
      <trkpt lat="-9.1365995" lon="148.1589592"/>
      <trkpt lat="-9.1366843" lon="148.1590266"/>
      <trkpt lat="-9.1367293" lon="148.1591315"/>
      <trkpt lat="-9.1367746" lon="148.1592383"/>
      <trkpt lat="-9.1368040" lon="148.1593831"/>
      <trkpt lat="-9.1368643" lon="148.1595059"/>
      <trkpt lat="-9.1369108" lon="148.1596243"/>
      <trkpt lat="-9.1370110" lon="148.1597359"/>
      <trkpt lat="-9.1371345" lon="148.1598330"/>
      <trkpt lat="-9.1372847" lon="148.1599193"/>
      <trkpt lat="-9.1373597" lon="148.1600243"/>
      <trkpt lat="-9.1373736" lon="148.1601692"/>
      <trkpt lat="-9.1373861" lon="148.1602989"/>
      <trkpt lat="-9.1374732" lon="148.1603959"/>
      <trkpt lat="-9.1376095" lon="148.1604465"/>
      <trkpt lat="-9.1377603" lon="148.1604696"/>
      <trkpt lat="-9.1378931" lon="148.1605214"/>
      <trkpt lat="-9.1380311" lon="148.1605681"/>
      <trkpt lat="-9.1381584" lon="148.1606283"/>
      <trkpt lat="-9.1382559" lon="148.1606972"/>
      <trkpt lat="-9.1383261" lon="148.1607932"/>
      <trkpt lat="-9.1384074" lon="148.1609031"/>
      <trkpt lat="-9.1385443" lon="148.1609478"/>
      <trkpt lat="-9.1387173" lon="148.1609581"/>
      <trkpt lat="-9.1388511" lon="148.1609993"/>
      <trkpt lat="-9.1389353" lon="148.1611057"/>
      <trkpt lat="-9.1389612" lon="148.1612714"/>
      <trkpt lat="-9.1389752" lon="148.1614377"/>
      <trkpt lat="-9.1389656" lon="148.1615268"/>
      <trkpt lat="-9.1389495" lon="148.1615446"/>
      <trkpt lat="-9.1389228" lon="148.1615624"/>
      <trkpt lat="-9.1389421" lon="148.1616532"/>
      <trkpt lat="-9.1390011" lon="148.1618007"/>
      <trkpt lat="-9.1391132" lon="148.1619330"/>
      <trkpt lat="-9.1392336" lon="148.1620522"/>
      <trkpt lat="-9.1393603" lon="148.1621159"/>
      <trkpt lat="-9.1394195" lon="148.1621692"/>
      <trkpt lat="-9.1394837" lon="148.1622249"/>
      <trkpt lat="-9.1395606" lon="148.1623201"/>
      <trkpt lat="-9.1397087" lon="148.1624170"/>
      <trkpt lat="-9.1398721" lon="148.1624848"/>
      <trkpt lat="-9.1400333" lon="148.1625328"/>
      <trkpt lat="-9.1401909" lon="148.1625755"/>
      <trkpt lat="-9.1403494" lon="148.1626091"/>
      <trkpt lat="-9.1404927" lon="148.1626738"/>
      <trkpt lat="-9.1406353" lon="148.1627191"/>
      <trkpt lat="-9.1407711" lon="148.1627324"/>
      <trkpt lat="-9.1409321" lon="148.1627024"/>
      <trkpt lat="-9.1411050" lon="148.1626692"/>
      <trkpt lat="-9.1412794" lon="148.1626466"/>
      <trkpt lat="-9.1414528" lon="148.1626213"/>
      <trkpt lat="-9.1415811" lon="148.1626118"/>
      <trkpt lat="-9.1417080" lon="148.1626262"/>
      <trkpt lat="-9.1418248" lon="148.1626363"/>
      <trkpt lat="-9.1419520" lon="148.1626866"/>
      <trkpt lat="-9.1420525" lon="148.1627849"/>
      <trkpt lat="-9.1421339" lon="148.1629387"/>
      <trkpt lat="-9.1421795" lon="148.1630984"/>
      <trkpt lat="-9.1421736" lon="148.1632596"/>
      <trkpt lat="-9.1421236" lon="148.1634326"/>
      <trkpt lat="-9.1420889" lon="148.1636042"/>
      <trkpt lat="-9.1420816" lon="148.1637797"/>
      <trkpt lat="-9.1420944" lon="148.1639559"/>
      <trkpt lat="-9.1420909" lon="148.1641335"/>
      <trkpt lat="-9.1421123" lon="148.1642775"/>
      <trkpt lat="-9.1421164" lon="148.1644219"/>
      <trkpt lat="-9.1421144" lon="148.1645648"/>
      <trkpt lat="-9.1420581" lon="148.1647365"/>
      <trkpt lat="-9.1419697" lon="148.1648900"/>
      <trkpt lat="-9.1418599" lon="148.1650295"/>
      <trkpt lat="-9.1417435" lon="148.1651650"/>
      <trkpt lat="-9.1416423" lon="148.1653126"/>
      <trkpt lat="-9.1415583" lon="148.1654724"/>
      <trkpt lat="-9.1415132" lon="148.1656393"/>
      <trkpt lat="-9.1415109" lon="148.1658110"/>
      <trkpt lat="-9.1415315" lon="148.1659864"/>
      <trkpt lat="-9.1415201" lon="148.1661580"/>
      <trkpt lat="-9.1414485" lon="148.1663095"/>
      <trkpt lat="-9.1413352" lon="148.1664455"/>
      <trkpt lat="-9.1412071" lon="148.1665696"/>
      <trkpt lat="-9.1410931" lon="148.1667004"/>
      <trkpt lat="-9.1410030" lon="148.1668450"/>
      <trkpt lat="-9.1409221" lon="148.1669986"/>
      <trkpt lat="-9.1408368" lon="148.1671555"/>
      <trkpt lat="-9.1407616" lon="148.1673111"/>
      <trkpt lat="-9.1407454" lon="148.1674686"/>
      <trkpt lat="-9.1407643" lon="148.1676288"/>
      <trkpt lat="-9.1408085" lon="148.1677877"/>
      <trkpt lat="-9.1408534" lon="148.1679238"/>
      <trkpt lat="-9.1408865" lon="148.1680684"/>
      <trkpt lat="-9.1409038" lon="148.1682149"/>
      <trkpt lat="-9.1408946" lon="148.1683908"/>
      <trkpt lat="-9.1409494" lon="148.1685334"/>
      <trkpt lat="-9.1410221" lon="148.1686701"/>
      <trkpt lat="-9.1410987" lon="148.1688065"/>
      <trkpt lat="-9.1411212" lon="148.1689774"/>
      <trkpt lat="-9.1411560" lon="148.1691405"/>
      <trkpt lat="-9.1412259" lon="148.1692840"/>
      <trkpt lat="-9.1413262" lon="148.1694086"/>
      <trkpt lat="-9.1413863" lon="148.1695474"/>
      <trkpt lat="-9.1414115" lon="148.1697064"/>
      <trkpt lat="-9.1414253" lon="148.1698816"/>
      <trkpt lat="-9.1414466" lon="148.1700585"/>
      <trkpt lat="-9.1414496" lon="148.1702350"/>
      <trkpt lat="-9.1414369" lon="148.1704118"/>
      <trkpt lat="-9.1414426" lon="148.1705829"/>
      <trkpt lat="-9.1414659" lon="148.1707523"/>
      <trkpt lat="-9.1414608" lon="148.1709171"/>
      <trkpt lat="-9.1414084" lon="148.1710812"/>
      <trkpt lat="-9.1413193" lon="148.1712375"/>
      <trkpt lat="-9.1412366" lon="148.1713728"/>
      <trkpt lat="-9.1412317" lon="148.1714253"/>
      <trkpt lat="-9.1412250" lon="148.1714211"/>
      <trkpt lat="-9.1411958" lon="148.1714213"/>
      <trkpt lat="-9.1410953" lon="148.1714934"/>
      <trkpt lat="-9.1410702" lon="148.1716119"/>
      <trkpt lat="-9.1410487" lon="148.1717146"/>
      <trkpt lat="-9.1410323" lon="148.1718211"/>
      <trkpt lat="-9.1409872" lon="148.1719472"/>
      <trkpt lat="-9.1409761" lon="148.1721116"/>
      <trkpt lat="-9.1409832" lon="148.1722891"/>
      <trkpt lat="-9.1409977" lon="148.1724626"/>
      <trkpt lat="-9.1410089" lon="148.1726367"/>
      <trkpt lat="-9.1410086" lon="148.1728103"/>
      <trkpt lat="-9.1409661" lon="148.1729853"/>
      <trkpt lat="-9.1409555" lon="148.1731544"/>
      <trkpt lat="-9.1409717" lon="148.1733228"/>
      <trkpt lat="-9.1410066" lon="148.1734896"/>
      <trkpt lat="-9.1409908" lon="148.1736537"/>
      <trkpt lat="-9.1409243" lon="148.1738079"/>
      <trkpt lat="-9.1408489" lon="148.1739655"/>
      <trkpt lat="-9.1407751" lon="148.1741254"/>
      <trkpt lat="-9.1407282" lon="148.1742965"/>
      <trkpt lat="-9.1406890" lon="148.1744697"/>
      <trkpt lat="-9.1406795" lon="148.1746502"/>
      <trkpt lat="-9.1406704" lon="148.1748308"/>
      <trkpt lat="-9.1406689" lon="148.1750066"/>
      <trkpt lat="-9.1406923" lon="148.1751749"/>
      <trkpt lat="-9.1407373" lon="148.1753423"/>
      <trkpt lat="-9.1407804" lon="148.1755134"/>
      <trkpt lat="-9.1407676" lon="148.1756847"/>
      <trkpt lat="-9.1407394" lon="148.1758570"/>
      <trkpt lat="-9.1406933" lon="148.1760282"/>
      <trkpt lat="-9.1406563" lon="148.1762032"/>
      <trkpt lat="-9.1405748" lon="148.1763553"/>
      <trkpt lat="-9.1404656" lon="148.1764848"/>
      <trkpt lat="-9.1403411" lon="148.1766067"/>
      <trkpt lat="-9.1402226" lon="148.1767373"/>
      <trkpt lat="-9.1401036" lon="148.1768728"/>
      <trkpt lat="-9.1399752" lon="148.1770004"/>
      <trkpt lat="-9.1398411" lon="148.1771222"/>
      <trkpt lat="-9.1397005" lon="148.1772334"/>
      <trkpt lat="-9.1395637" lon="148.1773482"/>
      <trkpt lat="-9.1394238" lon="148.1774587"/>
      <trkpt lat="-9.1393062" lon="148.1775895"/>
      <trkpt lat="-9.1392044" lon="148.1777298"/>
      <trkpt lat="-9.1391240" lon="148.1778879"/>
      <trkpt lat="-9.1390777" lon="148.1780538"/>
      <trkpt lat="-9.1390602" lon="148.1782255"/>
      <trkpt lat="-9.1390713" lon="148.1784041"/>
      <trkpt lat="-9.1391071" lon="148.1785734"/>
      <trkpt lat="-9.1391916" lon="148.1787100"/>
      <trkpt lat="-9.1392959" lon="148.1788331"/>
      <trkpt lat="-9.1394003" lon="148.1789437"/>
      <trkpt lat="-9.1395053" lon="148.1790013"/>
      <trkpt lat="-9.1396309" lon="148.1790485"/>
      <trkpt lat="-9.1397837" lon="148.1790563"/>
      <trkpt lat="-9.1399022" lon="148.1791448"/>
      <trkpt lat="-9.1400090" lon="148.1792467"/>
      <trkpt lat="-9.1400946" lon="148.1793895"/>
      <trkpt lat="-9.1401602" lon="148.1795362"/>
      <trkpt lat="-9.1401940" lon="148.1796897"/>
      <trkpt lat="-9.1401986" lon="148.1798652"/>
      <trkpt lat="-9.1401970" lon="148.1800415"/>
      <trkpt lat="-9.1401787" lon="148.1802180"/>
      <trkpt lat="-9.1401446" lon="148.1803941"/>
      <trkpt lat="-9.1400980" lon="148.1805599"/>
      <trkpt lat="-9.1400366" lon="148.1807194"/>
      <trkpt lat="-9.1399746" lon="148.1808759"/>
      <trkpt lat="-9.1399529" lon="148.1810356"/>
      <trkpt lat="-9.1399901" lon="148.1811938"/>
      <trkpt lat="-9.1400371" lon="148.1813567"/>
      <trkpt lat="-9.1401017" lon="148.1815024"/>
      <trkpt lat="-9.1401933" lon="148.1816264"/>
      <trkpt lat="-9.1403186" lon="148.1817358"/>
      <trkpt lat="-9.1404345" lon="148.1818491"/>
      <trkpt lat="-9.1404853" lon="148.1819946"/>
      <trkpt lat="-9.1405011" lon="148.1821542"/>
      <trkpt lat="-9.1404794" lon="148.1823335"/>
      <trkpt lat="-9.1404761" lon="148.1825125"/>
      <trkpt lat="-9.1404649" lon="148.1826909"/>
      <trkpt lat="-9.1404617" lon="148.1828684"/>
      <trkpt lat="-9.1404561" lon="148.1830473"/>
      <trkpt lat="-9.1404578" lon="148.1832263"/>
      <trkpt lat="-9.1404772" lon="148.1833920"/>
      <trkpt lat="-9.1405416" lon="148.1834614"/>
      <trkpt lat="-9.1406458" lon="148.1834746"/>
      <trkpt lat="-9.1407138" lon="148.1835000"/>
      <trkpt lat="-9.1407235" lon="148.1836190"/>
      <trkpt lat="-9.1406761" lon="148.1837914"/>
      <trkpt lat="-9.1406355" lon="148.1839655"/>
      <trkpt lat="-9.1405974" lon="148.1841420"/>
      <trkpt lat="-9.1405581" lon="148.1843184"/>
      <trkpt lat="-9.1405166" lon="148.1844944"/>
      <trkpt lat="-9.1404581" lon="148.1846655"/>
      <trkpt lat="-9.1404010" lon="148.1848371"/>
      <trkpt lat="-9.1403296" lon="148.1850030"/>
      <trkpt lat="-9.1402350" lon="148.1851470"/>
      <trkpt lat="-9.1401108" lon="148.1852653"/>
      <trkpt lat="-9.1399642" lon="148.1853629"/>
      <trkpt lat="-9.1398702" lon="148.1854839"/>
      <trkpt lat="-9.1397942" lon="148.1856215"/>
      <trkpt lat="-9.1397402" lon="148.1857762"/>
      <trkpt lat="-9.1397034" lon="148.1859302"/>
      <trkpt lat="-9.1397304" lon="148.1860861"/>
      <trkpt lat="-9.1397985" lon="148.1862485"/>
      <trkpt lat="-9.1398393" lon="148.1864134"/>
      <trkpt lat="-9.1398362" lon="148.1865871"/>
      <trkpt lat="-9.1398243" lon="148.1867644"/>
      <trkpt lat="-9.1398238" lon="148.1869433"/>
      <trkpt lat="-9.1398691" lon="148.1871049"/>
      <trkpt lat="-9.1399225" lon="148.1872650"/>
      <trkpt lat="-9.1399560" lon="148.1874236"/>
      <trkpt lat="-9.1399633" lon="148.1875918"/>
      <trkpt lat="-9.1399435" lon="148.1877582"/>
      <trkpt lat="-9.1399212" lon="148.1879223"/>
      <trkpt lat="-9.1398438" lon="148.1880734"/>
      <trkpt lat="-9.1397355" lon="148.1882065"/>
      <trkpt lat="-9.1396251" lon="148.1883376"/>
      <trkpt lat="-9.1395302" lon="148.1884749"/>
      <trkpt lat="-9.1394332" lon="148.1886017"/>
      <trkpt lat="-9.1392945" lon="148.1886806"/>
      <trkpt lat="-9.1391861" lon="148.1887227"/>
      <trkpt lat="-9.1390677" lon="148.1887498"/>
      <trkpt lat="-9.1390015" lon="148.1888244"/>
      <trkpt lat="-9.1389151" lon="148.1889456"/>
      <trkpt lat="-9.1388736" lon="148.1891028"/>
      <trkpt lat="-9.1388193" lon="148.1892601"/>
      <trkpt lat="-9.1388240" lon="148.1894094"/>
      <trkpt lat="-9.1388805" lon="148.1895558"/>
      <trkpt lat="-9.1389858" lon="148.1897016"/>
      <trkpt lat="-9.1390907" lon="148.1898479"/>
      <trkpt lat="-9.1391798" lon="148.1900031"/>
      <trkpt lat="-9.1392914" lon="148.1901317"/>
      <trkpt lat="-9.1394114" lon="148.1902499"/>
      <trkpt lat="-9.1395284" lon="148.1903696"/>
      <trkpt lat="-9.1395780" lon="148.1905166"/>
      <trkpt lat="-9.1395852" lon="148.1906869"/>
      <trkpt lat="-9.1395974" lon="148.1908553"/>
      <trkpt lat="-9.1396565" lon="148.1910210"/>
      <trkpt lat="-9.1397644" lon="148.1911501"/>
      <trkpt lat="-9.1398779" lon="148.1912766"/>
      <trkpt lat="-9.1399957" lon="148.1914008"/>
      <trkpt lat="-9.1400773" lon="148.1915600"/>
      <trkpt lat="-9.1401221" lon="148.1917256"/>
      <trkpt lat="-9.1401436" lon="148.1919015"/>
      <trkpt lat="-9.1401435" lon="148.1920792"/>
      <trkpt lat="-9.1401597" lon="148.1922573"/>
      <trkpt lat="-9.1401840" lon="148.1924333"/>
      <trkpt lat="-9.1402246" lon="148.1926094"/>
      <trkpt lat="-9.1402238" lon="148.1927718"/>
      <trkpt lat="-9.1402017" lon="148.1929371"/>
      <trkpt lat="-9.1401486" lon="148.1930994"/>
      <trkpt lat="-9.1401219" lon="148.1932745"/>
      <trkpt lat="-9.1400816" lon="148.1934262"/>
      <trkpt lat="-9.1400551" lon="148.1935587"/>
      <trkpt lat="-9.1400383" lon="148.1936914"/>
      <trkpt lat="-9.1400371" lon="148.1938469"/>
      <trkpt lat="-9.1400632" lon="148.1940220"/>
      <trkpt lat="-9.1401016" lon="148.1941963"/>
      <trkpt lat="-9.1401446" lon="148.1943703"/>
      <trkpt lat="-9.1401659" lon="148.1945477"/>
      <trkpt lat="-9.1401807" lon="148.1947271"/>
      <trkpt lat="-9.1401840" lon="148.1949013"/>
      <trkpt lat="-9.1402223" lon="148.1950646"/>
      <trkpt lat="-9.1402883" lon="148.1952143"/>
      <trkpt lat="-9.1403964" lon="148.1953587"/>
      <trkpt lat="-9.1405094" lon="148.1954984"/>
      <trkpt lat="-9.1405833" lon="148.1956523"/>
      <trkpt lat="-9.1405954" lon="148.1958094"/>
      <trkpt lat="-9.1405483" lon="148.1959794"/>
      <trkpt lat="-9.1405187" lon="148.1961421"/>
      <trkpt lat="-9.1405249" lon="148.1963089"/>
      <trkpt lat="-9.1405481" lon="148.1964776"/>
      <trkpt lat="-9.1405387" lon="148.1966506"/>
      <trkpt lat="-9.1405308" lon="148.1968256"/>
      <trkpt lat="-9.1405114" lon="148.1969105"/>
      <trkpt lat="-9.1405562" lon="148.1969741"/>
      <trkpt lat="-9.1405427" lon="148.1969817"/>
      <trkpt lat="-9.1405741" lon="148.1970507"/>
      <trkpt lat="-9.1405531" lon="148.1971441"/>
      <trkpt lat="-9.1405797" lon="148.1972955"/>
      <trkpt lat="-9.1405501" lon="148.1974705"/>
      <trkpt lat="-9.1404891" lon="148.1976299"/>
      <trkpt lat="-9.1403742" lon="148.1977528"/>
      <trkpt lat="-9.1402378" lon="148.1978471"/>
      <trkpt lat="-9.1401114" lon="148.1979302"/>
      <trkpt lat="-9.1400245" lon="148.1980481"/>
      <trkpt lat="-9.1399656" lon="148.1981979"/>
      <trkpt lat="-9.1399166" lon="148.1983720"/>
      <trkpt lat="-9.1398405" lon="148.1985283"/>
      <trkpt lat="-9.1397400" lon="148.1986678"/>
      <trkpt lat="-9.1396137" lon="148.1987890"/>
      <trkpt lat="-9.1394874" lon="148.1988767"/>
      <trkpt lat="-9.1394558" lon="148.1988956"/>
      <trkpt lat="-9.1395147" lon="148.1988401"/>
      <trkpt lat="-9.1396569" lon="148.1987406"/>
      <trkpt lat="-9.1397759" lon="148.1986170"/>
      <trkpt lat="-9.1398588" lon="148.1984722"/>
      <trkpt lat="-9.1399004" lon="148.1983108"/>
      <trkpt lat="-9.1399294" lon="148.1982438"/>
      <trkpt lat="-9.1399252" lon="148.1982885"/>
      <trkpt lat="-9.1399235" lon="148.1983884"/>
      <trkpt lat="-9.1398915" lon="148.1984488"/>
      <trkpt lat="-9.1398650" lon="148.1984567"/>
    </trkseg>
    <trkseg>
      <trkpt lat="-9.1500467" lon="148.2497933"/>
      <trkpt lat="-9.1499611" lon="148.2497830"/>
      <trkpt lat="-9.1498549" lon="148.2497277"/>
      <trkpt lat="-9.1497126" lon="148.2496380"/>
      <trkpt lat="-9.1495859" lon="148.2495280"/>
      <trkpt lat="-9.1494720" lon="148.2494005"/>
      <trkpt lat="-9.1493714" lon="148.2492550"/>
      <trkpt lat="-9.1493019" lon="148.2490972"/>
      <trkpt lat="-9.1492503" lon="148.2489363"/>
      <trkpt lat="-9.1492056" lon="148.2487767"/>
      <trkpt lat="-9.1491837" lon="148.2486185"/>
      <trkpt lat="-9.1491825" lon="148.2484611"/>
      <trkpt lat="-9.1492340" lon="148.2482913"/>
      <trkpt lat="-9.1492907" lon="148.2481243"/>
      <trkpt lat="-9.1493096" lon="148.2479616"/>
      <trkpt lat="-9.1492651" lon="148.2478191"/>
      <trkpt lat="-9.1491524" lon="148.2477241"/>
      <trkpt lat="-9.1490109" lon="148.2476719"/>
      <trkpt lat="-9.1488710" lon="148.2476118"/>
      <trkpt lat="-9.1487641" lon="148.2474999"/>
      <trkpt lat="-9.1487174" lon="148.2473439"/>
      <trkpt lat="-9.1486678" lon="148.2471923"/>
      <trkpt lat="-9.1485907" lon="148.2470539"/>
      <trkpt lat="-9.1484856" lon="148.2469185"/>
      <trkpt lat="-9.1484352" lon="148.2467734"/>
      <trkpt lat="-9.1484561" lon="148.2466207"/>
      <trkpt lat="-9.1485313" lon="148.2464709"/>
      <trkpt lat="-9.1486173" lon="148.2463160"/>
      <trkpt lat="-9.1486722" lon="148.2461520"/>
      <trkpt lat="-9.1487134" lon="148.2459808"/>
      <trkpt lat="-9.1487804" lon="148.2458513"/>
      <trkpt lat="-9.1488908" lon="148.2457690"/>
      <trkpt lat="-9.1490034" lon="148.2456902"/>
      <trkpt lat="-9.1490693" lon="148.2455638"/>
      <trkpt lat="-9.1490726" lon="148.2454080"/>
      <trkpt lat="-9.1490230" lon="148.2452596"/>
      <trkpt lat="-9.1490055" lon="148.2451208"/>
      <trkpt lat="-9.1490486" lon="148.2449801"/>
      <trkpt lat="-9.1491665" lon="148.2448485"/>
      <trkpt lat="-9.1492728" lon="148.2447112"/>
      <trkpt lat="-9.1493554" lon="148.2445597"/>
      <trkpt lat="-9.1494348" lon="148.2444058"/>
      <trkpt lat="-9.1494759" lon="148.2442575"/>
      <trkpt lat="-9.1495183" lon="148.2441121"/>
      <trkpt lat="-9.1495160" lon="148.2439466"/>
      <trkpt lat="-9.1495193" lon="148.2437801"/>
      <trkpt lat="-9.1494863" lon="148.2436141"/>
      <trkpt lat="-9.1494610" lon="148.2434502"/>
      <trkpt lat="-9.1494188" lon="148.2433468"/>
      <trkpt lat="-9.1493667" lon="148.2433067"/>
    </trkseg>
    <trkseg>
      <trkpt lat="-9.1492767" lon="148.2433167"/>
      <trkpt lat="-9.1491268" lon="148.2433568"/>
      <trkpt lat="-9.1490212" lon="148.2433126"/>
      <trkpt lat="-9.1489436" lon="148.2431896"/>
      <trkpt lat="-9.1488742" lon="148.2430337"/>
      <trkpt lat="-9.1487912" lon="148.2429585"/>
      <trkpt lat="-9.1487724" lon="148.2429505"/>
      <trkpt lat="-9.1487556" lon="148.2429682"/>
      <trkpt lat="-9.1487358" lon="148.2429643"/>
      <trkpt lat="-9.1487088" lon="148.2429681"/>
      <trkpt lat="-9.1487417" lon="148.2430100"/>
    </trkseg>
    <trkseg>
      <trkpt lat="-9.1488367" lon="148.2430133"/>
      <trkpt lat="-9.1487441" lon="148.2429818"/>
      <trkpt lat="-9.1487917" lon="148.2430167"/>
    </trkseg>
    <trkseg>
      <trkpt lat="-9.1489500" lon="148.2431000"/>
      <trkpt lat="-9.1491286" lon="148.2431179"/>
      <trkpt lat="-9.1492559" lon="148.2431240"/>
      <trkpt lat="-9.1493317" lon="148.2431183"/>
    </trkseg>
    <trkseg>
      <trkpt lat="-9.1494800" lon="148.2432533"/>
      <trkpt lat="-9.1494917" lon="148.2433073"/>
      <trkpt lat="-9.1494581" lon="148.2432867"/>
      <trkpt lat="-9.1493909" lon="148.2431896"/>
      <trkpt lat="-9.1493842" lon="148.2430395"/>
      <trkpt lat="-9.1493782" lon="148.2429229"/>
      <trkpt lat="-9.1493733" lon="148.2428016"/>
      <trkpt lat="-9.1493384" lon="148.2426665"/>
      <trkpt lat="-9.1493617" lon="148.2425000"/>
      <trkpt lat="-9.1493949" lon="148.2423515"/>
      <trkpt lat="-9.1494459" lon="148.2422595"/>
      <trkpt lat="-9.1494575" lon="148.2422140"/>
      <trkpt lat="-9.1495033" lon="148.2421605"/>
      <trkpt lat="-9.1495514" lon="148.2420591"/>
      <trkpt lat="-9.1496159" lon="148.2419044"/>
      <trkpt lat="-9.1496778" lon="148.2417448"/>
      <trkpt lat="-9.1497652" lon="148.2416576"/>
      <trkpt lat="-9.1498343" lon="148.2415776"/>
      <trkpt lat="-9.1499003" lon="148.2415006"/>
      <trkpt lat="-9.1499251" lon="148.2413560"/>
      <trkpt lat="-9.1499808" lon="148.2412158"/>
      <trkpt lat="-9.1499988" lon="148.2410704"/>
      <trkpt lat="-9.1500035" lon="148.2409177"/>
      <trkpt lat="-9.1499485" lon="148.2407641"/>
      <trkpt lat="-9.1498935" lon="148.2406101"/>
      <trkpt lat="-9.1498390" lon="148.2404467"/>
      <trkpt lat="-9.1498156" lon="148.2402753"/>
      <trkpt lat="-9.1498336" lon="148.2401114"/>
      <trkpt lat="-9.1498639" lon="148.2399519"/>
      <trkpt lat="-9.1499058" lon="148.2398470"/>
      <trkpt lat="-9.1499271" lon="148.2397329"/>
      <trkpt lat="-9.1499804" lon="148.2396895"/>
      <trkpt lat="-9.1500160" lon="148.2396888"/>
      <trkpt lat="-9.1500287" lon="148.2396911"/>
      <trkpt lat="-9.1499714" lon="148.2396270"/>
      <trkpt lat="-9.1499289" lon="148.2394622"/>
      <trkpt lat="-9.1499027" lon="148.2392926"/>
      <trkpt lat="-9.1499359" lon="148.2391264"/>
      <trkpt lat="-9.1500205" lon="148.2390033"/>
      <trkpt lat="-9.1501224" lon="148.2388979"/>
      <trkpt lat="-9.1502000" lon="148.2387901"/>
      <trkpt lat="-9.1502378" lon="148.2386459"/>
      <trkpt lat="-9.1502934" lon="148.2385074"/>
      <trkpt lat="-9.1503346" lon="148.2384293"/>
      <trkpt lat="-9.1503566" lon="148.2383427"/>
      <trkpt lat="-9.1503119" lon="148.2382523"/>
      <trkpt lat="-9.1502816" lon="148.2381471"/>
      <trkpt lat="-9.1502670" lon="148.2381039"/>
      <trkpt lat="-9.1503115" lon="148.2380735"/>
      <trkpt lat="-9.1503533" lon="148.2380025"/>
      <trkpt lat="-9.1503597" lon="148.2379108"/>
      <trkpt lat="-9.1503228" lon="148.2377929"/>
      <trkpt lat="-9.1502663" lon="148.2377221"/>
      <trkpt lat="-9.1502494" lon="148.2376166"/>
      <trkpt lat="-9.1502439" lon="148.2375175"/>
      <trkpt lat="-9.1502958" lon="148.2373770"/>
      <trkpt lat="-9.1503452" lon="148.2372998"/>
      <trkpt lat="-9.1504183" lon="148.2372669"/>
      <trkpt lat="-9.1504301" lon="148.2372810"/>
      <trkpt lat="-9.1504100" lon="148.2372917"/>
    </trkseg>
    <trkseg>
      <trkpt lat="-9.1504367" lon="148.2371983"/>
      <trkpt lat="-9.1504255" lon="148.2373128"/>
      <trkpt lat="-9.1504318" lon="148.2373296"/>
      <trkpt lat="-9.1504307" lon="148.2373134"/>
      <trkpt lat="-9.1504194" lon="148.2373418"/>
      <trkpt lat="-9.1503787" lon="148.2373968"/>
      <trkpt lat="-9.1503784" lon="148.2374320"/>
      <trkpt lat="-9.1503766" lon="148.2374289"/>
      <trkpt lat="-9.1504000" lon="148.2374467"/>
    </trkseg>
    <trkseg>
      <trkpt lat="-9.1504767" lon="148.2373600"/>
      <trkpt lat="-9.1504753" lon="148.2371853"/>
      <trkpt lat="-9.1504884" lon="148.2370086"/>
      <trkpt lat="-9.1504988" lon="148.2368333"/>
      <trkpt lat="-9.1505024" lon="148.2366666"/>
      <trkpt lat="-9.1505355" lon="148.2365185"/>
      <trkpt lat="-9.1505815" lon="148.2364385"/>
      <trkpt lat="-9.1506532" lon="148.2363579"/>
      <trkpt lat="-9.1507198" lon="148.2362674"/>
      <trkpt lat="-9.1507723" lon="148.2361079"/>
      <trkpt lat="-9.1508004" lon="148.2359453"/>
      <trkpt lat="-9.1508341" lon="148.2357946"/>
      <trkpt lat="-9.1509300" lon="148.2356689"/>
      <trkpt lat="-9.1510561" lon="148.2355531"/>
      <trkpt lat="-9.1511658" lon="148.2354226"/>
      <trkpt lat="-9.1512665" lon="148.2352828"/>
      <trkpt lat="-9.1513820" lon="148.2351641"/>
      <trkpt lat="-9.1514674" lon="148.2350888"/>
      <trkpt lat="-9.1515225" lon="148.2350359"/>
      <trkpt lat="-9.1515767" lon="148.2349802"/>
      <trkpt lat="-9.1516925" lon="148.2349197"/>
      <trkpt lat="-9.1518509" lon="148.2348560"/>
      <trkpt lat="-9.1520130" lon="148.2347955"/>
      <trkpt lat="-9.1521420" lon="148.2347484"/>
      <trkpt lat="-9.1522668" lon="148.2347063"/>
      <trkpt lat="-9.1523896" lon="148.2346694"/>
      <trkpt lat="-9.1525366" lon="148.2346574"/>
      <trkpt lat="-9.1525939" lon="148.2346219"/>
      <trkpt lat="-9.1525920" lon="148.2346107"/>
      <trkpt lat="-9.1525499" lon="148.2345745"/>
      <trkpt lat="-9.1525552" lon="148.2345871"/>
      <trkpt lat="-9.1525415" lon="148.2345379"/>
      <trkpt lat="-9.1524949" lon="148.2344383"/>
      <trkpt lat="-9.1524230" lon="148.2342731"/>
      <trkpt lat="-9.1523540" lon="148.2341103"/>
      <trkpt lat="-9.1522903" lon="148.2339446"/>
      <trkpt lat="-9.1522207" lon="148.2337805"/>
      <trkpt lat="-9.1521849" lon="148.2336199"/>
      <trkpt lat="-9.1521490" lon="148.2334624"/>
      <trkpt lat="-9.1521616" lon="148.2333054"/>
      <trkpt lat="-9.1521839" lon="148.2331421"/>
      <trkpt lat="-9.1522476" lon="148.2329733"/>
      <trkpt lat="-9.1523052" lon="148.2328033"/>
      <trkpt lat="-9.1523710" lon="148.2326371"/>
      <trkpt lat="-9.1524372" lon="148.2324709"/>
      <trkpt lat="-9.1524910" lon="148.2323009"/>
      <trkpt lat="-9.1525084" lon="148.2321273"/>
      <trkpt lat="-9.1524991" lon="148.2319517"/>
      <trkpt lat="-9.1524823" lon="148.2317760"/>
      <trkpt lat="-9.1524564" lon="148.2315976"/>
      <trkpt lat="-9.1524256" lon="148.2314207"/>
      <trkpt lat="-9.1524199" lon="148.2312493"/>
      <trkpt lat="-9.1524136" lon="148.2310828"/>
      <trkpt lat="-9.1524166" lon="148.2309180"/>
      <trkpt lat="-9.1523676" lon="148.2307576"/>
      <trkpt lat="-9.1523062" lon="148.2306038"/>
      <trkpt lat="-9.1521951" lon="148.2304822"/>
      <trkpt lat="-9.1520834" lon="148.2303596"/>
      <trkpt lat="-9.1519535" lon="148.2302479"/>
      <trkpt lat="-9.1518368" lon="148.2301220"/>
      <trkpt lat="-9.1516922" lon="148.2300269"/>
      <trkpt lat="-9.1515363" lon="148.2299505"/>
      <trkpt lat="-9.1513651" lon="148.2298939"/>
      <trkpt lat="-9.1512200" lon="148.2298112"/>
      <trkpt lat="-9.1511171" lon="148.2296873"/>
      <trkpt lat="-9.1510445" lon="148.2295282"/>
      <trkpt lat="-9.1509780" lon="148.2293610"/>
      <trkpt lat="-9.1509314" lon="148.2291949"/>
      <trkpt lat="-9.1508998" lon="148.2290270"/>
      <trkpt lat="-9.1508815" lon="148.2288546"/>
      <trkpt lat="-9.1508454" lon="148.2286808"/>
      <trkpt lat="-9.1508173" lon="148.2285030"/>
      <trkpt lat="-9.1508082" lon="148.2283247"/>
      <trkpt lat="-9.1508475" lon="148.2281576"/>
      <trkpt lat="-9.1509275" lon="148.2280108"/>
      <trkpt lat="-9.1509941" lon="148.2278638"/>
      <trkpt lat="-9.1510612" lon="148.2277194"/>
      <trkpt lat="-9.1511017" lon="148.2275547"/>
      <trkpt lat="-9.1511596" lon="148.2273915"/>
      <trkpt lat="-9.1512031" lon="148.2272168"/>
      <trkpt lat="-9.1512404" lon="148.2270415"/>
      <trkpt lat="-9.1512606" lon="148.2268646"/>
      <trkpt lat="-9.1512690" lon="148.2266847"/>
      <trkpt lat="-9.1512992" lon="148.2265106"/>
      <trkpt lat="-9.1513630" lon="148.2263466"/>
      <trkpt lat="-9.1514754" lon="148.2262298"/>
      <trkpt lat="-9.1516209" lon="148.2261580"/>
      <trkpt lat="-9.1517975" lon="148.2261357"/>
      <trkpt lat="-9.1519742" lon="148.2261111"/>
      <trkpt lat="-9.1521383" lon="148.2260704"/>
      <trkpt lat="-9.1522898" lon="148.2259938"/>
      <trkpt lat="-9.1524344" lon="148.2259031"/>
      <trkpt lat="-9.1525684" lon="148.2257916"/>
      <trkpt lat="-9.1526864" lon="148.2256662"/>
      <trkpt lat="-9.1527840" lon="148.2255169"/>
      <trkpt lat="-9.1528771" lon="148.2253628"/>
      <trkpt lat="-9.1529704" lon="148.2252079"/>
      <trkpt lat="-9.1530242" lon="148.2250490"/>
      <trkpt lat="-9.1530609" lon="148.2249544"/>
      <trkpt lat="-9.1531098" lon="148.2248820"/>
      <trkpt lat="-9.1531726" lon="148.2248241"/>
      <trkpt lat="-9.1532619" lon="148.2247094"/>
      <trkpt lat="-9.1533509" lon="148.2245825"/>
      <trkpt lat="-9.1534854" lon="148.2244668"/>
      <trkpt lat="-9.1536046" lon="148.2243402"/>
      <trkpt lat="-9.1537096" lon="148.2242037"/>
      <trkpt lat="-9.1538186" lon="148.2240755"/>
      <trkpt lat="-9.1539461" lon="148.2239611"/>
      <trkpt lat="-9.1540817" lon="148.2238502"/>
      <trkpt lat="-9.1541981" lon="148.2237123"/>
      <trkpt lat="-9.1543047" lon="148.2235668"/>
      <trkpt lat="-9.1544112" lon="148.2234226"/>
      <trkpt lat="-9.1545025" lon="148.2232742"/>
      <trkpt lat="-9.1546047" lon="148.2231351"/>
      <trkpt lat="-9.1546933" lon="148.2229944"/>
      <trkpt lat="-9.1547819" lon="148.2229201"/>
      <trkpt lat="-9.1548172" lon="148.2228696"/>
      <trkpt lat="-9.1548380" lon="148.2228482"/>
      <trkpt lat="-9.1548483" lon="148.2227950"/>
    </trkseg>
  </trk>
</gpx>
