<?xml version="1.0" encoding="UTF-8"?>
<gpx version="1.1" creator="MCA Maps — Managalas clan boundary survey"
     xmlns="http://www.topografix.com/GPX/1/1"
     xmlns:xsi="http://www.w3.org/2001/XMLSchema-instance"
     xsi:schemaLocation="http://www.topografix.com/GPX/1/1 http://www.topografix.com/GPX/1/1/gpx.xsd">
  <metadata>
    <name>Wohukol — clan land boundary</name>
    <desc>Wohukol, Zone 7B. 34.9 km walked; 8.3 km still to walk in 4 gaps</desc>
    <time>2026-08-18T00:00:00Z</time>
  </metadata>
  <wpt lat="-9.1685061" lon="148.3925222">
    <name>GAP 1 OF 4 START</name>
    <desc>2.84 km not walked. This straight line is not a boundary — it joins the two ends so the shape can be closed on paper. Wohukol, Zone 7B.</desc>
    <sym>Flag</sym>
  </wpt>
  <wpt lat="-9.1428117" lon="148.3915767">
    <name>GAP 1 OF 4 END</name>
    <desc>2.84 km not walked. This straight line is not a boundary — it joins the two ends so the shape can be closed on paper. Wohukol, Zone 7B.</desc>
    <sym>Flag</sym>
  </wpt>
  <wpt lat="-9.1425417" lon="148.3906717">
    <name>GAP 2 OF 4 START</name>
    <desc>0.52 km not walked. This straight line is not a boundary — it joins the two ends so the shape can be closed on paper. Wohukol, Zone 7B.</desc>
    <sym>Flag</sym>
  </wpt>
  <wpt lat="-9.1390300" lon="148.3874683">
    <name>GAP 2 OF 4 END</name>
    <desc>0.52 km not walked. This straight line is not a boundary — it joins the two ends so the shape can be closed on paper. Wohukol, Zone 7B.</desc>
    <sym>Flag</sym>
  </wpt>
  <wpt lat="-9.1390300" lon="148.3874683">
    <name>GAP 3 OF 4 START</name>
    <desc>0.51 km not walked. This straight line is not a boundary — it joins the two ends so the shape can be closed on paper. Wohukol, Zone 7B.</desc>
    <sym>Flag</sym>
  </wpt>
  <wpt lat="-9.1432833" lon="148.3856400">
    <name>GAP 3 OF 4 END</name>
    <desc>0.51 km not walked. This straight line is not a boundary — it joins the two ends so the shape can be closed on paper. Wohukol, Zone 7B.</desc>
    <sym>Flag</sym>
  </wpt>
  <wpt lat="-9.1583186" lon="148.3859486">
    <name>GAP 4 OF 4 START</name>
    <desc>4.41 km not walked. This straight line is not a boundary — it joins the two ends so the shape can be closed on paper. Wohukol, Zone 7B.</desc>
    <sym>Flag</sym>
  </wpt>
  <wpt lat="-9.1959344" lon="148.3724939">
    <name>GAP 4 OF 4 END</name>
    <desc>4.41 km not walked. This straight line is not a boundary — it joins the two ends so the shape can be closed on paper. Wohukol, Zone 7B.</desc>
    <sym>Flag</sym>
  </wpt>
  <trk>
    <name>GAP 1 OF 4 - NOT WALKED - 2.84 km</name>
    <desc>2.84 km not walked. This straight line is not a boundary — it joins the two ends so the shape can be closed on paper. Wohukol, Zone 7B.</desc>
    <type>not-walked</type>
    <trkseg>
      <trkpt lat="-9.1685061" lon="148.3925222"/>
      <trkpt lat="-9.1428117" lon="148.3915767"/>
    </trkseg>
  </trk>
  <trk>
    <name>GAP 2 OF 4 - NOT WALKED - 0.52 km</name>
    <desc>0.52 km not walked. This straight line is not a boundary — it joins the two ends so the shape can be closed on paper. Wohukol, Zone 7B.</desc>
    <type>not-walked</type>
    <trkseg>
      <trkpt lat="-9.1425417" lon="148.3906717"/>
      <trkpt lat="-9.1390300" lon="148.3874683"/>
    </trkseg>
  </trk>
  <trk>
    <name>GAP 3 OF 4 - NOT WALKED - 0.51 km</name>
    <desc>0.51 km not walked. This straight line is not a boundary — it joins the two ends so the shape can be closed on paper. Wohukol, Zone 7B.</desc>
    <type>not-walked</type>
    <trkseg>
      <trkpt lat="-9.1390300" lon="148.3874683"/>
      <trkpt lat="-9.1432833" lon="148.3856400"/>
    </trkseg>
  </trk>
  <trk>
    <name>GAP 4 OF 4 - NOT WALKED - 4.41 km</name>
    <desc>4.41 km not walked. This straight line is not a boundary — it joins the two ends so the shape can be closed on paper. Wohukol, Zone 7B.</desc>
    <type>not-walked</type>
    <trkseg>
      <trkpt lat="-9.1583186" lon="148.3859486"/>
      <trkpt lat="-9.1959344" lon="148.3724939"/>
    </trkseg>
  </trk>
  <trk>
    <name>Wohukol - Darline Walele</name>
    <desc>Walked by Darline Walele. 17.1 km, 5 track(s), recorded on the ground. Wohukol, Zone 7B.</desc>
    <type>walked-boundary</type>
    <trkseg>
      <trkpt lat="-9.1390300" lon="148.3874683"/>
      <trkpt lat="-9.1389708" lon="148.3873765"/>
      <trkpt lat="-9.1389469" lon="148.3873637"/>
      <trkpt lat="-9.1389583" lon="148.3874300"/>
    </trkseg>
    <trkseg>
      <trkpt lat="-9.1425417" lon="148.3906717"/>
      <trkpt lat="-9.1426443" lon="148.3908016"/>
      <trkpt lat="-9.1427176" lon="148.3909424"/>
      <trkpt lat="-9.1427585" lon="148.3910942"/>
      <trkpt lat="-9.1427640" lon="148.3912757"/>
      <trkpt lat="-9.1427806" lon="148.3914365"/>
      <trkpt lat="-9.1428117" lon="148.3915767"/>
    </trkseg>
    <trkseg>
      <trkpt lat="-9.1428267" lon="148.3916667"/>
      <trkpt lat="-9.1426796" lon="148.3917146"/>
      <trkpt lat="-9.1425473" lon="148.3916790"/>
      <trkpt lat="-9.1424256" lon="148.3915632"/>
      <trkpt lat="-9.1423194" lon="148.3914166"/>
      <trkpt lat="-9.1422300" lon="148.3912927"/>
      <trkpt lat="-9.1421617" lon="148.3911883"/>
    </trkseg>
    <trkseg>
      <trkpt lat="-9.1421150" lon="148.3911083"/>
      <trkpt lat="-9.1420414" lon="148.3909584"/>
      <trkpt lat="-9.1420543" lon="148.3908301"/>
      <trkpt lat="-9.1421616" lon="148.3907523"/>
      <trkpt lat="-9.1423228" lon="148.3907109"/>
      <trkpt lat="-9.1424817" lon="148.3906783"/>
    </trkseg>
    <trkseg>
      <trkpt lat="-9.1453000" lon="148.3887417"/>
      <trkpt lat="-9.1454495" lon="148.3888127"/>
      <trkpt lat="-9.1455855" lon="148.3889145"/>
      <trkpt lat="-9.1457119" lon="148.3890388"/>
      <trkpt lat="-9.1458391" lon="148.3891555"/>
      <trkpt lat="-9.1459728" lon="148.3892539"/>
      <trkpt lat="-9.1461068" lon="148.3893572"/>
      <trkpt lat="-9.1462413" lon="148.3894666"/>
      <trkpt lat="-9.1463722" lon="148.3895918"/>
      <trkpt lat="-9.1464977" lon="148.3897213"/>
      <trkpt lat="-9.1466301" lon="148.3898407"/>
      <trkpt lat="-9.1467706" lon="148.3899494"/>
      <trkpt lat="-9.1469168" lon="148.3900534"/>
      <trkpt lat="-9.1470645" lon="148.3901517"/>
      <trkpt lat="-9.1472047" lon="148.3902529"/>
      <trkpt lat="-9.1473324" lon="148.3903037"/>
      <trkpt lat="-9.1474634" lon="148.3903488"/>
      <trkpt lat="-9.1475933" lon="148.3903998"/>
      <trkpt lat="-9.1477313" lon="148.3905043"/>
      <trkpt lat="-9.1478647" lon="148.3906100"/>
      <trkpt lat="-9.1479523" lon="148.3907110"/>
      <trkpt lat="-9.1480024" lon="148.3908255"/>
      <trkpt lat="-9.1479775" lon="148.3909755"/>
      <trkpt lat="-9.1479638" lon="148.3911481"/>
      <trkpt lat="-9.1479497" lon="148.3913009"/>
      <trkpt lat="-9.1479185" lon="148.3914299"/>
      <trkpt lat="-9.1478974" lon="148.3915360"/>
      <trkpt lat="-9.1478184" lon="148.3916238"/>
      <trkpt lat="-9.1477779" lon="148.3917270"/>
      <trkpt lat="-9.1476759" lon="148.3918277"/>
      <trkpt lat="-9.1476386" lon="148.3919625"/>
      <trkpt lat="-9.1476247" lon="148.3921059"/>
      <trkpt lat="-9.1476518" lon="148.3922713"/>
      <trkpt lat="-9.1476683" lon="148.3924409"/>
      <trkpt lat="-9.1476651" lon="148.3926142"/>
      <trkpt lat="-9.1476630" lon="148.3927898"/>
      <trkpt lat="-9.1476320" lon="148.3929563"/>
      <trkpt lat="-9.1476133" lon="148.3931224"/>
      <trkpt lat="-9.1476094" lon="148.3932577"/>
      <trkpt lat="-9.1476500" lon="148.3933700"/>
    </trkseg>
    <trkseg>
      <trkpt lat="-9.1475850" lon="148.3934350"/>
      <trkpt lat="-9.1476539" lon="148.3936021"/>
      <trkpt lat="-9.1477131" lon="148.3937709"/>
      <trkpt lat="-9.1477844" lon="148.3939326"/>
      <trkpt lat="-9.1478754" lon="148.3940830"/>
      <trkpt lat="-9.1479940" lon="148.3942196"/>
      <trkpt lat="-9.1481155" lon="148.3943529"/>
      <trkpt lat="-9.1482512" lon="148.3944581"/>
      <trkpt lat="-9.1484003" lon="148.3945420"/>
      <trkpt lat="-9.1485701" lon="148.3945774"/>
      <trkpt lat="-9.1487425" lon="148.3945788"/>
      <trkpt lat="-9.1489136" lon="148.3945310"/>
      <trkpt lat="-9.1490741" lon="148.3944522"/>
      <trkpt lat="-9.1492351" lon="148.3943764"/>
      <trkpt lat="-9.1493966" lon="148.3943019"/>
      <trkpt lat="-9.1495653" lon="148.3942432"/>
      <trkpt lat="-9.1497324" lon="148.3941799"/>
      <trkpt lat="-9.1498964" lon="148.3941109"/>
      <trkpt lat="-9.1500594" lon="148.3940376"/>
      <trkpt lat="-9.1502258" lon="148.3939789"/>
      <trkpt lat="-9.1503972" lon="148.3939371"/>
      <trkpt lat="-9.1505596" lon="148.3938796"/>
      <trkpt lat="-9.1507164" lon="148.3938250"/>
      <trkpt lat="-9.1508647" lon="148.3938192"/>
      <trkpt lat="-9.1510263" lon="148.3938500"/>
      <trkpt lat="-9.1511883" lon="148.3938577"/>
      <trkpt lat="-9.1513591" lon="148.3938107"/>
      <trkpt lat="-9.1515304" lon="148.3937641"/>
      <trkpt lat="-9.1517039" lon="148.3937611"/>
      <trkpt lat="-9.1518754" lon="148.3938040"/>
      <trkpt lat="-9.1520413" lon="148.3938747"/>
      <trkpt lat="-9.1522089" lon="148.3939361"/>
      <trkpt lat="-9.1523812" lon="148.3939622"/>
      <trkpt lat="-9.1525537" lon="148.3939735"/>
      <trkpt lat="-9.1527271" lon="148.3939755"/>
      <trkpt lat="-9.1528996" lon="148.3939727"/>
      <trkpt lat="-9.1530604" lon="148.3939189"/>
      <trkpt lat="-9.1531974" lon="148.3938166"/>
      <trkpt lat="-9.1533008" lon="148.3936738"/>
      <trkpt lat="-9.1534085" lon="148.3935327"/>
      <trkpt lat="-9.1535337" lon="148.3934128"/>
      <trkpt lat="-9.1536940" lon="148.3933493"/>
      <trkpt lat="-9.1538651" lon="148.3933083"/>
      <trkpt lat="-9.1540302" lon="148.3932612"/>
      <trkpt lat="-9.1541850" lon="148.3931880"/>
      <trkpt lat="-9.1543351" lon="148.3931115"/>
      <trkpt lat="-9.1544886" lon="148.3930434"/>
      <trkpt lat="-9.1546477" lon="148.3929905"/>
      <trkpt lat="-9.1547672" lon="148.3929115"/>
      <trkpt lat="-9.1548807" lon="148.3928683"/>
      <trkpt lat="-9.1549734" lon="148.3927848"/>
      <trkpt lat="-9.1550999" lon="148.3927090"/>
      <trkpt lat="-9.1552180" lon="148.3925755"/>
      <trkpt lat="-9.1553364" lon="148.3924430"/>
      <trkpt lat="-9.1554600" lon="148.3923203"/>
      <trkpt lat="-9.1555506" lon="148.3922420"/>
      <trkpt lat="-9.1556100" lon="148.3922100"/>
    </trkseg>
    <trkseg>
      <trkpt lat="-9.1556533" lon="148.3921283"/>
      <trkpt lat="-9.1557785" lon="148.3920150"/>
      <trkpt lat="-9.1558970" lon="148.3919030"/>
      <trkpt lat="-9.1560176" lon="148.3917975"/>
      <trkpt lat="-9.1561685" lon="148.3917125"/>
      <trkpt lat="-9.1563215" lon="148.3916195"/>
      <trkpt lat="-9.1564759" lon="148.3915408"/>
      <trkpt lat="-9.1566389" lon="148.3915026"/>
      <trkpt lat="-9.1568069" lon="148.3915176"/>
      <trkpt lat="-9.1569635" lon="148.3915541"/>
      <trkpt lat="-9.1571091" lon="148.3916108"/>
      <trkpt lat="-9.1572588" lon="148.3916689"/>
      <trkpt lat="-9.1574081" lon="148.3917555"/>
      <trkpt lat="-9.1575655" lon="148.3918243"/>
      <trkpt lat="-9.1577231" lon="148.3918617"/>
      <trkpt lat="-9.1578922" lon="148.3918805"/>
      <trkpt lat="-9.1580624" lon="148.3918814"/>
      <trkpt lat="-9.1582295" lon="148.3918732"/>
      <trkpt lat="-9.1583956" lon="148.3918358"/>
      <trkpt lat="-9.1585114" lon="148.3917537"/>
      <trkpt lat="-9.1585877" lon="148.3916363"/>
      <trkpt lat="-9.1585753" lon="148.3914793"/>
      <trkpt lat="-9.1585392" lon="148.3913187"/>
      <trkpt lat="-9.1584712" lon="148.3911582"/>
      <trkpt lat="-9.1583853" lon="148.3910412"/>
      <trkpt lat="-9.1582744" lon="148.3909447"/>
      <trkpt lat="-9.1581605" lon="148.3908497"/>
      <trkpt lat="-9.1580790" lon="148.3907029"/>
      <trkpt lat="-9.1579830" lon="148.3905768"/>
      <trkpt lat="-9.1578757" lon="148.3904566"/>
      <trkpt lat="-9.1577892" lon="148.3903315"/>
      <trkpt lat="-9.1577731" lon="148.3901677"/>
      <trkpt lat="-9.1577986" lon="148.3900061"/>
      <trkpt lat="-9.1578242" lon="148.3898663"/>
      <trkpt lat="-9.1578382" lon="148.3897270"/>
      <trkpt lat="-9.1578727" lon="148.3895945"/>
      <trkpt lat="-9.1579137" lon="148.3894397"/>
      <trkpt lat="-9.1579396" lon="148.3892797"/>
      <trkpt lat="-9.1579317" lon="148.3891022"/>
      <trkpt lat="-9.1579028" lon="148.3889258"/>
      <trkpt lat="-9.1578852" lon="148.3887490"/>
      <trkpt lat="-9.1578391" lon="148.3885808"/>
      <trkpt lat="-9.1577893" lon="148.3884144"/>
      <trkpt lat="-9.1577773" lon="148.3882602"/>
      <trkpt lat="-9.1578445" lon="148.3881186"/>
      <trkpt lat="-9.1579730" lon="148.3879983"/>
      <trkpt lat="-9.1580963" lon="148.3878753"/>
      <trkpt lat="-9.1581951" lon="148.3877351"/>
      <trkpt lat="-9.1582203" lon="148.3875928"/>
      <trkpt lat="-9.1582326" lon="148.3874472"/>
      <trkpt lat="-9.1582592" lon="148.3873097"/>
      <trkpt lat="-9.1583430" lon="148.3871588"/>
      <trkpt lat="-9.1584112" lon="148.3870057"/>
      <trkpt lat="-9.1584234" lon="148.3868492"/>
      <trkpt lat="-9.1584301" lon="148.3866884"/>
      <trkpt lat="-9.1584424" lon="148.3865245"/>
      <trkpt lat="-9.1584378" lon="148.3863660"/>
      <trkpt lat="-9.1584108" lon="148.3862137"/>
      <trkpt lat="-9.1583559" lon="148.3860788"/>
      <trkpt lat="-9.1583186" lon="148.3859486"/>
    </trkseg>
    <trkseg>
      <trkpt lat="-9.1582609" lon="148.3860346"/>
      <trkpt lat="-9.1583178" lon="148.3859484"/>
    </trkseg>
    <trkseg>
      <trkpt lat="-9.1582609" lon="148.3860356"/>
      <trkpt lat="-9.1580955" lon="148.3860840"/>
      <trkpt lat="-9.1579814" lon="148.3861633"/>
      <trkpt lat="-9.1579565" lon="148.3862740"/>
      <trkpt lat="-9.1579779" lon="148.3864198"/>
      <trkpt lat="-9.1579456" lon="148.3865183"/>
      <trkpt lat="-9.1578393" lon="148.3865288"/>
      <trkpt lat="-9.1577150" lon="148.3864425"/>
      <trkpt lat="-9.1575900" lon="148.3863402"/>
      <trkpt lat="-9.1574711" lon="148.3862456"/>
      <trkpt lat="-9.1573644" lon="148.3861460"/>
      <trkpt lat="-9.1572711" lon="148.3860292"/>
      <trkpt lat="-9.1571568" lon="148.3859297"/>
      <trkpt lat="-9.1570330" lon="148.3858491"/>
      <trkpt lat="-9.1569418" lon="148.3857618"/>
      <trkpt lat="-9.1568726" lon="148.3856526"/>
      <trkpt lat="-9.1567725" lon="148.3855739"/>
      <trkpt lat="-9.1566398" lon="148.3855109"/>
      <trkpt lat="-9.1565444" lon="148.3854313"/>
      <trkpt lat="-9.1565286" lon="148.3853277"/>
      <trkpt lat="-9.1565624" lon="148.3851994"/>
      <trkpt lat="-9.1565594" lon="148.3850740"/>
      <trkpt lat="-9.1565024" lon="148.3849237"/>
      <trkpt lat="-9.1563854" lon="148.3848254"/>
      <trkpt lat="-9.1562453" lon="148.3847580"/>
      <trkpt lat="-9.1560874" lon="148.3847685"/>
      <trkpt lat="-9.1559260" lon="148.3847749"/>
      <trkpt lat="-9.1557663" lon="148.3848227"/>
      <trkpt lat="-9.1555955" lon="148.3848451"/>
      <trkpt lat="-9.1554242" lon="148.3848586"/>
      <trkpt lat="-9.1552659" lon="148.3848831"/>
      <trkpt lat="-9.1551341" lon="148.3849544"/>
      <trkpt lat="-9.1550347" lon="148.3849958"/>
      <trkpt lat="-9.1549661" lon="148.3849461"/>
      <trkpt lat="-9.1548993" lon="148.3847954"/>
      <trkpt lat="-9.1548398" lon="148.3846289"/>
      <trkpt lat="-9.1547675" lon="148.3844673"/>
      <trkpt lat="-9.1546738" lon="148.3843344"/>
      <trkpt lat="-9.1545726" lon="148.3842764"/>
      <trkpt lat="-9.1544667" lon="148.3842917"/>
    </trkseg>
    <trkseg>
      <trkpt lat="-9.1535217" lon="148.3783400"/>
      <trkpt lat="-9.1535625" lon="148.3781711"/>
      <trkpt lat="-9.1535805" lon="148.3779960"/>
      <trkpt lat="-9.1535797" lon="148.3778153"/>
      <trkpt lat="-9.1535706" lon="148.3776394"/>
      <trkpt lat="-9.1535265" lon="148.3775316"/>
      <trkpt lat="-9.1534331" lon="148.3775217"/>
      <trkpt lat="-9.1532989" lon="148.3775934"/>
      <trkpt lat="-9.1531474" lon="148.3776868"/>
      <trkpt lat="-9.1530452" lon="148.3778027"/>
      <trkpt lat="-9.1530294" lon="148.3779226"/>
      <trkpt lat="-9.1530474" lon="148.3780508"/>
      <trkpt lat="-9.1530430" lon="148.3781761"/>
      <trkpt lat="-9.1529704" lon="148.3783149"/>
      <trkpt lat="-9.1528620" lon="148.3784008"/>
      <trkpt lat="-9.1527229" lon="148.3784562"/>
      <trkpt lat="-9.1525700" lon="148.3785013"/>
      <trkpt lat="-9.1524259" lon="148.3785977"/>
      <trkpt lat="-9.1523098" lon="148.3787048"/>
      <trkpt lat="-9.1521996" lon="148.3788168"/>
      <trkpt lat="-9.1520862" lon="148.3789213"/>
      <trkpt lat="-9.1519370" lon="148.3789932"/>
      <trkpt lat="-9.1517895" lon="148.3790512"/>
      <trkpt lat="-9.1516343" lon="148.3791009"/>
      <trkpt lat="-9.1514848" lon="148.3791779"/>
      <trkpt lat="-9.1513647" lon="148.3791884"/>
      <trkpt lat="-9.1512648" lon="148.3791526"/>
      <trkpt lat="-9.1511640" lon="148.3790590"/>
      <trkpt lat="-9.1510167" lon="148.3789970"/>
      <trkpt lat="-9.1508590" lon="148.3789278"/>
      <trkpt lat="-9.1506932" lon="148.3788771"/>
      <trkpt lat="-9.1505281" lon="148.3788352"/>
      <trkpt lat="-9.1503520" lon="148.3788258"/>
      <trkpt lat="-9.1501796" lon="148.3788441"/>
      <trkpt lat="-9.1500224" lon="148.3789044"/>
      <trkpt lat="-9.1499124" lon="148.3790246"/>
      <trkpt lat="-9.1498229" lon="148.3791715"/>
      <trkpt lat="-9.1497444" lon="148.3793293"/>
      <trkpt lat="-9.1496283" lon="148.3794611"/>
      <trkpt lat="-9.1495048" lon="148.3795879"/>
      <trkpt lat="-9.1493727" lon="148.3797025"/>
      <trkpt lat="-9.1492321" lon="148.3797957"/>
      <trkpt lat="-9.1490922" lon="148.3798870"/>
      <trkpt lat="-9.1489392" lon="148.3799664"/>
      <trkpt lat="-9.1488155" lon="148.3800857"/>
      <trkpt lat="-9.1486902" lon="148.3801792"/>
      <trkpt lat="-9.1485681" lon="148.3802629"/>
      <trkpt lat="-9.1484456" lon="148.3803386"/>
      <trkpt lat="-9.1483316" lon="148.3804430"/>
      <trkpt lat="-9.1482722" lon="148.3805840"/>
      <trkpt lat="-9.1482674" lon="148.3807349"/>
      <trkpt lat="-9.1483286" lon="148.3808944"/>
      <trkpt lat="-9.1484377" lon="148.3810158"/>
      <trkpt lat="-9.1485676" lon="148.3810752"/>
      <trkpt lat="-9.1486735" lon="148.3811285"/>
      <trkpt lat="-9.1487223" lon="148.3812262"/>
      <trkpt lat="-9.1487183" lon="148.3813905"/>
      <trkpt lat="-9.1487239" lon="148.3815668"/>
      <trkpt lat="-9.1487529" lon="148.3816943"/>
      <trkpt lat="-9.1487789" lon="148.3818216"/>
      <trkpt lat="-9.1487752" lon="148.3818889"/>
      <trkpt lat="-9.1487879" lon="148.3819824"/>
      <trkpt lat="-9.1488512" lon="148.3820589"/>
      <trkpt lat="-9.1489601" lon="148.3821883"/>
      <trkpt lat="-9.1490714" lon="148.3823278"/>
      <trkpt lat="-9.1491535" lon="148.3824763"/>
      <trkpt lat="-9.1492215" lon="148.3826174"/>
      <trkpt lat="-9.1492586" lon="148.3827489"/>
      <trkpt lat="-9.1492684" lon="148.3828890"/>
      <trkpt lat="-9.1492611" lon="148.3830416"/>
      <trkpt lat="-9.1492253" lon="148.3831654"/>
      <trkpt lat="-9.1491887" lon="148.3832346"/>
      <trkpt lat="-9.1491073" lon="148.3832834"/>
      <trkpt lat="-9.1490659" lon="148.3833691"/>
      <trkpt lat="-9.1490002" lon="148.3834825"/>
      <trkpt lat="-9.1489348" lon="148.3836020"/>
      <trkpt lat="-9.1488348" lon="148.3837310"/>
      <trkpt lat="-9.1487500" lon="148.3838798"/>
      <trkpt lat="-9.1486662" lon="148.3840207"/>
      <trkpt lat="-9.1485412" lon="148.3841101"/>
      <trkpt lat="-9.1484196" lon="148.3841973"/>
      <trkpt lat="-9.1482907" lon="148.3842567"/>
      <trkpt lat="-9.1481757" lon="148.3842747"/>
      <trkpt lat="-9.1480402" lon="148.3842032"/>
      <trkpt lat="-9.1478972" lon="148.3841371"/>
      <trkpt lat="-9.1477704" lon="148.3840871"/>
      <trkpt lat="-9.1476393" lon="148.3840564"/>
      <trkpt lat="-9.1475204" lon="148.3840493"/>
      <trkpt lat="-9.1473836" lon="148.3840705"/>
      <trkpt lat="-9.1472584" lon="148.3840980"/>
      <trkpt lat="-9.1471393" lon="148.3841325"/>
      <trkpt lat="-9.1470228" lon="148.3841795"/>
      <trkpt lat="-9.1468939" lon="148.3842625"/>
      <trkpt lat="-9.1467765" lon="148.3843572"/>
      <trkpt lat="-9.1466479" lon="148.3844129"/>
      <trkpt lat="-9.1465084" lon="148.3844572"/>
      <trkpt lat="-9.1463384" lon="148.3844556"/>
      <trkpt lat="-9.1461824" lon="148.3845132"/>
      <trkpt lat="-9.1460344" lon="148.3845914"/>
      <trkpt lat="-9.1458886" lon="148.3846795"/>
      <trkpt lat="-9.1457286" lon="148.3847445"/>
      <trkpt lat="-9.1455597" lon="148.3847915"/>
      <trkpt lat="-9.1453891" lon="148.3848267"/>
      <trkpt lat="-9.1452368" lon="148.3847975"/>
      <trkpt lat="-9.1450832" lon="148.3847594"/>
      <trkpt lat="-9.1449366" lon="148.3847255"/>
      <trkpt lat="-9.1447948" lon="148.3847908"/>
      <trkpt lat="-9.1446790" lon="148.3848974"/>
      <trkpt lat="-9.1445557" lon="148.3850037"/>
      <trkpt lat="-9.1444109" lon="148.3850851"/>
      <trkpt lat="-9.1442407" lon="148.3851138"/>
      <trkpt lat="-9.1440819" lon="148.3851661"/>
      <trkpt lat="-9.1439489" lon="148.3852458"/>
      <trkpt lat="-9.1438186" lon="148.3853153"/>
      <trkpt lat="-9.1436759" lon="148.3853476"/>
      <trkpt lat="-9.1435162" lon="148.3853643"/>
      <trkpt lat="-9.1433892" lon="148.3854537"/>
      <trkpt lat="-9.1433167" lon="148.3855597"/>
      <trkpt lat="-9.1432833" lon="148.3856400"/>
    </trkseg>
    <trkseg>
      <trkpt lat="-9.1765802" lon="148.3778882"/>
      <trkpt lat="-9.1765849" lon="148.3779450"/>
    </trkseg>
    <trkseg>
      <trkpt lat="-9.1765804" lon="148.3778876"/>
      <trkpt lat="-9.1767282" lon="148.3778296"/>
      <trkpt lat="-9.1768524" lon="148.3777355"/>
      <trkpt lat="-9.1769833" lon="148.3776409"/>
      <trkpt lat="-9.1771057" lon="148.3775307"/>
      <trkpt lat="-9.1772521" lon="148.3774437"/>
      <trkpt lat="-9.1773965" lon="148.3773492"/>
      <trkpt lat="-9.1775382" lon="148.3772558"/>
      <trkpt lat="-9.1776895" lon="148.3771805"/>
      <trkpt lat="-9.1778487" lon="148.3771300"/>
      <trkpt lat="-9.1780234" lon="148.3771194"/>
      <trkpt lat="-9.1782021" lon="148.3771200"/>
      <trkpt lat="-9.1783808" lon="148.3771270"/>
      <trkpt lat="-9.1785566" lon="148.3771098"/>
      <trkpt lat="-9.1787313" lon="148.3770934"/>
      <trkpt lat="-9.1788971" lon="148.3770389"/>
      <trkpt lat="-9.1790550" lon="148.3769673"/>
      <trkpt lat="-9.1791992" lon="148.3768606"/>
      <trkpt lat="-9.1793511" lon="148.3767719"/>
      <trkpt lat="-9.1795050" lon="148.3766903"/>
      <trkpt lat="-9.1796706" lon="148.3766365"/>
      <trkpt lat="-9.1798329" lon="148.3765874"/>
      <trkpt lat="-9.1799859" lon="148.3765567"/>
      <trkpt lat="-9.1801289" lon="148.3765344"/>
      <trkpt lat="-9.1802753" lon="148.3765290"/>
      <trkpt lat="-9.1804300" lon="148.3765539"/>
      <trkpt lat="-9.1805951" lon="148.3765797"/>
      <trkpt lat="-9.1807592" lon="148.3765886"/>
      <trkpt lat="-9.1809321" lon="148.3765867"/>
      <trkpt lat="-9.1811028" lon="148.3765682"/>
      <trkpt lat="-9.1812764" lon="148.3765553"/>
      <trkpt lat="-9.1814497" lon="148.3765187"/>
      <trkpt lat="-9.1816276" lon="148.3764933"/>
      <trkpt lat="-9.1818050" lon="148.3764791"/>
      <trkpt lat="-9.1819817" lon="148.3764622"/>
      <trkpt lat="-9.1821577" lon="148.3764406"/>
      <trkpt lat="-9.1823281" lon="148.3763968"/>
      <trkpt lat="-9.1824937" lon="148.3763604"/>
      <trkpt lat="-9.1826586" lon="148.3763219"/>
      <trkpt lat="-9.1828292" lon="148.3762989"/>
      <trkpt lat="-9.1830009" lon="148.3762610"/>
      <trkpt lat="-9.1831607" lon="148.3762651"/>
      <trkpt lat="-9.1833160" lon="148.3762480"/>
      <trkpt lat="-9.1834573" lon="148.3762114"/>
      <trkpt lat="-9.1836056" lon="148.3761258"/>
      <trkpt lat="-9.1837453" lon="148.3760378"/>
      <trkpt lat="-9.1839033" lon="148.3759826"/>
      <trkpt lat="-9.1840674" lon="148.3759498"/>
      <trkpt lat="-9.1842435" lon="148.3759463"/>
      <trkpt lat="-9.1843921" lon="148.3759074"/>
      <trkpt lat="-9.1844967" lon="148.3758074"/>
      <trkpt lat="-9.1845907" lon="148.3756681"/>
      <trkpt lat="-9.1846970" lon="148.3755385"/>
      <trkpt lat="-9.1848469" lon="148.3754768"/>
      <trkpt lat="-9.1850077" lon="148.3754627"/>
      <trkpt lat="-9.1851797" lon="148.3755103"/>
      <trkpt lat="-9.1853330" lon="148.3755922"/>
      <trkpt lat="-9.1854787" lon="148.3756914"/>
      <trkpt lat="-9.1856078" lon="148.3757548"/>
      <trkpt lat="-9.1857365" lon="148.3757378"/>
      <trkpt lat="-9.1858445" lon="148.3756408"/>
      <trkpt lat="-9.1859335" lon="148.3755056"/>
      <trkpt lat="-9.1859888" lon="148.3753555"/>
      <trkpt lat="-9.1860356" lon="148.3751995"/>
      <trkpt lat="-9.1860759" lon="148.3750426"/>
      <trkpt lat="-9.1861513" lon="148.3748953"/>
      <trkpt lat="-9.1862393" lon="148.3747536"/>
      <trkpt lat="-9.1863534" lon="148.3746167"/>
      <trkpt lat="-9.1864830" lon="148.3745095"/>
      <trkpt lat="-9.1866349" lon="148.3744443"/>
      <trkpt lat="-9.1868056" lon="148.3744197"/>
      <trkpt lat="-9.1869668" lon="148.3744393"/>
      <trkpt lat="-9.1871064" lon="148.3745107"/>
      <trkpt lat="-9.1872108" lon="148.3746415"/>
      <trkpt lat="-9.1872770" lon="148.3747989"/>
      <trkpt lat="-9.1872837" lon="148.3749659"/>
      <trkpt lat="-9.1872860" lon="148.3751267"/>
      <trkpt lat="-9.1873380" lon="148.3752381"/>
      <trkpt lat="-9.1874674" lon="148.3753173"/>
      <trkpt lat="-9.1876311" lon="148.3753258"/>
      <trkpt lat="-9.1877383" lon="148.3752779"/>
      <trkpt lat="-9.1878382" lon="148.3751755"/>
      <trkpt lat="-9.1879346" lon="148.3750675"/>
      <trkpt lat="-9.1880806" lon="148.3750023"/>
      <trkpt lat="-9.1882328" lon="148.3749523"/>
      <trkpt lat="-9.1883929" lon="148.3749121"/>
      <trkpt lat="-9.1885580" lon="148.3748883"/>
      <trkpt lat="-9.1887206" lon="148.3749172"/>
      <trkpt lat="-9.1888694" lon="148.3749513"/>
      <trkpt lat="-9.1890177" lon="148.3749708"/>
      <trkpt lat="-9.1891758" lon="148.3749692"/>
      <trkpt lat="-9.1893510" lon="148.3749827"/>
      <trkpt lat="-9.1895182" lon="148.3749976"/>
      <trkpt lat="-9.1896540" lon="148.3749497"/>
      <trkpt lat="-9.1897857" lon="148.3748988"/>
      <trkpt lat="-9.1898480" lon="148.3747920"/>
      <trkpt lat="-9.1898840" lon="148.3746774"/>
      <trkpt lat="-9.1898570" lon="148.3745050"/>
      <trkpt lat="-9.1898376" lon="148.3743305"/>
      <trkpt lat="-9.1898404" lon="148.3741649"/>
      <trkpt lat="-9.1899070" lon="148.3740367"/>
      <trkpt lat="-9.1900456" lon="148.3739559"/>
      <trkpt lat="-9.1902174" lon="148.3739113"/>
      <trkpt lat="-9.1903869" lon="148.3738696"/>
      <trkpt lat="-9.1905507" lon="148.3738123"/>
      <trkpt lat="-9.1907077" lon="148.3737359"/>
      <trkpt lat="-9.1908606" lon="148.3736485"/>
      <trkpt lat="-9.1910039" lon="148.3736017"/>
      <trkpt lat="-9.1911297" lon="148.3736349"/>
      <trkpt lat="-9.1912172" lon="148.3737432"/>
      <trkpt lat="-9.1912615" lon="148.3738985"/>
      <trkpt lat="-9.1913156" lon="148.3740473"/>
      <trkpt lat="-9.1914132" lon="148.3741695"/>
      <trkpt lat="-9.1915627" lon="148.3742497"/>
      <trkpt lat="-9.1917292" lon="148.3742787"/>
      <trkpt lat="-9.1918967" lon="148.3743037"/>
      <trkpt lat="-9.1920662" lon="148.3743287"/>
      <trkpt lat="-9.1922356" lon="148.3743517"/>
      <trkpt lat="-9.1924076" lon="148.3743498"/>
      <trkpt lat="-9.1925846" lon="148.3743213"/>
      <trkpt lat="-9.1927630" lon="148.3743057"/>
      <trkpt lat="-9.1929359" lon="148.3743152"/>
      <trkpt lat="-9.1930871" lon="148.3743792"/>
      <trkpt lat="-9.1932319" lon="148.3744667"/>
      <trkpt lat="-9.1933833" lon="148.3745412"/>
      <trkpt lat="-9.1935310" lon="148.3745237"/>
      <trkpt lat="-9.1936013" lon="148.3744336"/>
      <trkpt lat="-9.1935565" lon="148.3743168"/>
      <trkpt lat="-9.1934329" lon="148.3742054"/>
      <trkpt lat="-9.1932902" lon="148.3740992"/>
      <trkpt lat="-9.1932394" lon="148.3739791"/>
      <trkpt lat="-9.1932878" lon="148.3739152"/>
      <trkpt lat="-9.1934392" lon="148.3738905"/>
      <trkpt lat="-9.1936073" lon="148.3738775"/>
      <trkpt lat="-9.1937604" lon="148.3738033"/>
      <trkpt lat="-9.1938946" lon="148.3737008"/>
      <trkpt lat="-9.1939822" lon="148.3735668"/>
      <trkpt lat="-9.1940676" lon="148.3734321"/>
      <trkpt lat="-9.1941609" lon="148.3732937"/>
      <trkpt lat="-9.1942972" lon="148.3731886"/>
      <trkpt lat="-9.1944538" lon="148.3731206"/>
      <trkpt lat="-9.1946033" lon="148.3730789"/>
      <trkpt lat="-9.1947351" lon="148.3730122"/>
      <trkpt lat="-9.1948625" lon="148.3729408"/>
      <trkpt lat="-9.1949987" lon="148.3729034"/>
      <trkpt lat="-9.1951397" lon="148.3728688"/>
      <trkpt lat="-9.1952453" lon="148.3728149"/>
      <trkpt lat="-9.1953508" lon="148.3727190"/>
      <trkpt lat="-9.1954675" lon="148.3726363"/>
      <trkpt lat="-9.1956136" lon="148.3725556"/>
      <trkpt lat="-9.1957497" lon="148.3725175"/>
      <trkpt lat="-9.1958561" lon="148.3724980"/>
      <trkpt lat="-9.1959344" lon="148.3724939"/>
    </trkseg>
    <trkseg>
      <trkpt lat="-9.1959356" lon="148.3724943"/>
      <trkpt lat="-9.1959792" lon="148.3726518"/>
      <trkpt lat="-9.1960219" lon="148.3728154"/>
      <trkpt lat="-9.1960561" lon="148.3729878"/>
      <trkpt lat="-9.1961110" lon="148.3731603"/>
      <trkpt lat="-9.1961488" lon="148.3733373"/>
      <trkpt lat="-9.1961958" lon="148.3735104"/>
      <trkpt lat="-9.1962424" lon="148.3736797"/>
      <trkpt lat="-9.1962935" lon="148.3738450"/>
      <trkpt lat="-9.1963315" lon="148.3740125"/>
      <trkpt lat="-9.1963453" lon="148.3741837"/>
      <trkpt lat="-9.1963692" lon="148.3743548"/>
      <trkpt lat="-9.1963910" lon="148.3745284"/>
      <trkpt lat="-9.1964516" lon="148.3746958"/>
      <trkpt lat="-9.1965350" lon="148.3748487"/>
      <trkpt lat="-9.1966525" lon="148.3749827"/>
      <trkpt lat="-9.1967558" lon="148.3751217"/>
      <trkpt lat="-9.1968517" lon="148.3752620"/>
      <trkpt lat="-9.1969206" lon="148.3754200"/>
      <trkpt lat="-9.1969742" lon="148.3755817"/>
      <trkpt lat="-9.1969824" lon="148.3757601"/>
      <trkpt lat="-9.1969652" lon="148.3759383"/>
      <trkpt lat="-9.1969696" lon="148.3761122"/>
      <trkpt lat="-9.1970073" lon="148.3762774"/>
      <trkpt lat="-9.1970728" lon="148.3764373"/>
      <trkpt lat="-9.1971241" lon="148.3766004"/>
      <trkpt lat="-9.1971557" lon="148.3767728"/>
      <trkpt lat="-9.1971191" lon="148.3769070"/>
      <trkpt lat="-9.1970288" lon="148.3770184"/>
      <trkpt lat="-9.1969100" lon="148.3771249"/>
      <trkpt lat="-9.1968127" lon="148.3772706"/>
      <trkpt lat="-9.1967228" lon="148.3774262"/>
      <trkpt lat="-9.1966079" lon="148.3775595"/>
      <trkpt lat="-9.1964647" lon="148.3776324"/>
      <trkpt lat="-9.1963088" lon="148.3776794"/>
      <trkpt lat="-9.1961514" lon="148.3776861"/>
      <trkpt lat="-9.1960191" lon="148.3777511"/>
      <trkpt lat="-9.1959090" lon="148.3778467"/>
      <trkpt lat="-9.1958288" lon="148.3779695"/>
      <trkpt lat="-9.1957540" lon="148.3780913"/>
      <trkpt lat="-9.1956644" lon="148.3781968"/>
      <trkpt lat="-9.1955459" lon="148.3783128"/>
      <trkpt lat="-9.1954266" lon="148.3784313"/>
      <trkpt lat="-9.1953383" lon="148.3785738"/>
      <trkpt lat="-9.1952632" lon="148.3787315"/>
      <trkpt lat="-9.1951679" lon="148.3788739"/>
      <trkpt lat="-9.1950513" lon="148.3790059"/>
      <trkpt lat="-9.1949493" lon="148.3791444"/>
      <trkpt lat="-9.1948444" lon="148.3792748"/>
      <trkpt lat="-9.1947309" lon="148.3793997"/>
      <trkpt lat="-9.1946228" lon="148.3795237"/>
      <trkpt lat="-9.1945204" lon="148.3796584"/>
      <trkpt lat="-9.1944175" lon="148.3797914"/>
      <trkpt lat="-9.1943092" lon="148.3799293"/>
      <trkpt lat="-9.1942101" lon="148.3800759"/>
      <trkpt lat="-9.1941249" lon="148.3802342"/>
      <trkpt lat="-9.1940514" lon="148.3803892"/>
      <trkpt lat="-9.1939735" lon="148.3805403"/>
      <trkpt lat="-9.1939089" lon="148.3806969"/>
      <trkpt lat="-9.1938218" lon="148.3808501"/>
      <trkpt lat="-9.1937500" lon="148.3810136"/>
      <trkpt lat="-9.1936569" lon="148.3811666"/>
      <trkpt lat="-9.1935828" lon="148.3813274"/>
      <trkpt lat="-9.1935121" lon="148.3814891"/>
      <trkpt lat="-9.1934742" lon="148.3816623"/>
      <trkpt lat="-9.1934269" lon="148.3818341"/>
      <trkpt lat="-9.1933759" lon="148.3820050"/>
      <trkpt lat="-9.1933070" lon="148.3821727"/>
      <trkpt lat="-9.1932542" lon="148.3823445"/>
      <trkpt lat="-9.1932173" lon="148.3825203"/>
      <trkpt lat="-9.1931667" lon="148.3826857"/>
      <trkpt lat="-9.1931246" lon="148.3828500"/>
      <trkpt lat="-9.1930608" lon="148.3829978"/>
      <trkpt lat="-9.1929858" lon="148.3831368"/>
      <trkpt lat="-9.1928755" lon="148.3832667"/>
      <trkpt lat="-9.1927858" lon="148.3834080"/>
      <trkpt lat="-9.1927854" lon="148.3835546"/>
      <trkpt lat="-9.1928191" lon="148.3837102"/>
      <trkpt lat="-9.1928487" lon="148.3838706"/>
      <trkpt lat="-9.1928386" lon="148.3840394"/>
      <trkpt lat="-9.1928693" lon="148.3841939"/>
      <trkpt lat="-9.1929494" lon="148.3843357"/>
      <trkpt lat="-9.1930382" lon="148.3844859"/>
      <trkpt lat="-9.1931321" lon="148.3846132"/>
      <trkpt lat="-9.1932257" lon="148.3847274"/>
      <trkpt lat="-9.1933289" lon="148.3848326"/>
      <trkpt lat="-9.1934311" lon="148.3849430"/>
      <trkpt lat="-9.1935360" lon="148.3850599"/>
      <trkpt lat="-9.1936672" lon="148.3851605"/>
      <trkpt lat="-9.1938006" lon="148.3852702"/>
      <trkpt lat="-9.1939426" lon="148.3853783"/>
      <trkpt lat="-9.1940860" lon="148.3854855"/>
      <trkpt lat="-9.1942294" lon="148.3855946"/>
      <trkpt lat="-9.1943753" lon="148.3856989"/>
      <trkpt lat="-9.1945201" lon="148.3858061"/>
      <trkpt lat="-9.1946636" lon="148.3859150"/>
      <trkpt lat="-9.1948076" lon="148.3860246"/>
      <trkpt lat="-9.1949532" lon="148.3861318"/>
      <trkpt lat="-9.1951004" lon="148.3862367"/>
      <trkpt lat="-9.1952412" lon="148.3863493"/>
      <trkpt lat="-9.1953792" lon="148.3864653"/>
      <trkpt lat="-9.1954916" lon="148.3865991"/>
      <trkpt lat="-9.1955640" lon="148.3867517"/>
      <trkpt lat="-9.1955924" lon="148.3869275"/>
      <trkpt lat="-9.1955857" lon="148.3871055"/>
      <trkpt lat="-9.1955509" lon="148.3872786"/>
      <trkpt lat="-9.1954851" lon="148.3874450"/>
      <trkpt lat="-9.1953913" lon="148.3875975"/>
      <trkpt lat="-9.1952763" lon="148.3877341"/>
      <trkpt lat="-9.1951465" lon="148.3878597"/>
      <trkpt lat="-9.1950092" lon="148.3879764"/>
      <trkpt lat="-9.1948913" lon="148.3881062"/>
      <trkpt lat="-9.1947671" lon="148.3882245"/>
      <trkpt lat="-9.1946442" lon="148.3883422"/>
      <trkpt lat="-9.1945357" lon="148.3884667"/>
      <trkpt lat="-9.1944503" lon="148.3886146"/>
      <trkpt lat="-9.1943833" lon="148.3887814"/>
      <trkpt lat="-9.1942999" lon="148.3889424"/>
      <trkpt lat="-9.1942131" lon="148.3890991"/>
      <trkpt lat="-9.1941387" lon="148.3892600"/>
      <trkpt lat="-9.1940460" lon="148.3894035"/>
      <trkpt lat="-9.1939524" lon="148.3895460"/>
      <trkpt lat="-9.1938535" lon="148.3896829"/>
      <trkpt lat="-9.1937665" lon="148.3898332"/>
      <trkpt lat="-9.1936764" lon="148.3899845"/>
      <trkpt lat="-9.1935763" lon="148.3901354"/>
      <trkpt lat="-9.1934732" lon="148.3902796"/>
      <trkpt lat="-9.1933707" lon="148.3904242"/>
      <trkpt lat="-9.1932599" lon="148.3905625"/>
      <trkpt lat="-9.1931479" lon="148.3907026"/>
      <trkpt lat="-9.1930317" lon="148.3908396"/>
      <trkpt lat="-9.1929133" lon="148.3909737"/>
      <trkpt lat="-9.1927936" lon="148.3911082"/>
      <trkpt lat="-9.1926687" lon="148.3912386"/>
      <trkpt lat="-9.1925464" lon="148.3913722"/>
      <trkpt lat="-9.1924224" lon="148.3914394"/>
      <trkpt lat="-9.1923057" lon="148.3914137"/>
      <trkpt lat="-9.1921789" lon="148.3913585"/>
      <trkpt lat="-9.1920799" lon="148.3913424"/>
      <trkpt lat="-9.1920006" lon="148.3913931"/>
    </trkseg>
    <trkseg>
      <trkpt lat="-9.1919974" lon="148.3913935"/>
      <trkpt lat="-9.1918984" lon="148.3913446"/>
    </trkseg>
    <trkseg>
      <trkpt lat="-9.1918967" lon="148.3913433"/>
      <trkpt lat="-9.1917311" lon="148.3912981"/>
      <trkpt lat="-9.1915632" lon="148.3912554"/>
      <trkpt lat="-9.1913942" lon="148.3912237"/>
      <trkpt lat="-9.1912227" lon="148.3912355"/>
      <trkpt lat="-9.1910562" lon="148.3912477"/>
      <trkpt lat="-9.1909156" lon="148.3912097"/>
      <trkpt lat="-9.1908416" lon="148.3910938"/>
      <trkpt lat="-9.1908357" lon="148.3909359"/>
      <trkpt lat="-9.1908033" lon="148.3908251"/>
      <trkpt lat="-9.1907372" lon="148.3907606"/>
      <trkpt lat="-9.1906246" lon="148.3906966"/>
      <trkpt lat="-9.1905500" lon="148.3905804"/>
      <trkpt lat="-9.1904621" lon="148.3904335"/>
      <trkpt lat="-9.1904114" lon="148.3903275"/>
      <trkpt lat="-9.1903622" lon="148.3902194"/>
      <trkpt lat="-9.1903338" lon="148.3900946"/>
      <trkpt lat="-9.1902583" lon="148.3899402"/>
      <trkpt lat="-9.1902151" lon="148.3898112"/>
      <trkpt lat="-9.1902174" lon="148.3896892"/>
      <trkpt lat="-9.1902658" lon="148.3895457"/>
      <trkpt lat="-9.1902606" lon="148.3893911"/>
      <trkpt lat="-9.1902181" lon="148.3892325"/>
      <trkpt lat="-9.1901721" lon="148.3890744"/>
      <trkpt lat="-9.1901457" lon="148.3889039"/>
      <trkpt lat="-9.1901760" lon="148.3887662"/>
      <trkpt lat="-9.1902286" lon="148.3886555"/>
      <trkpt lat="-9.1903144" lon="148.3885436"/>
      <trkpt lat="-9.1903496" lon="148.3883973"/>
      <trkpt lat="-9.1904069" lon="148.3882786"/>
      <trkpt lat="-9.1904193" lon="148.3881682"/>
      <trkpt lat="-9.1903789" lon="148.3880894"/>
      <trkpt lat="-9.1902372" lon="148.3879986"/>
      <trkpt lat="-9.1900736" lon="148.3879709"/>
      <trkpt lat="-9.1899199" lon="148.3879303"/>
      <trkpt lat="-9.1898104" lon="148.3878514"/>
      <trkpt lat="-9.1897499" lon="148.3877225"/>
      <trkpt lat="-9.1896991" lon="148.3875830"/>
      <trkpt lat="-9.1896384" lon="148.3874422"/>
      <trkpt lat="-9.1895793" lon="148.3872767"/>
      <trkpt lat="-9.1895582" lon="148.3870999"/>
      <trkpt lat="-9.1895604" lon="148.3869268"/>
      <trkpt lat="-9.1895825" lon="148.3867657"/>
      <trkpt lat="-9.1895702" lon="148.3866205"/>
      <trkpt lat="-9.1895738" lon="148.3864713"/>
      <trkpt lat="-9.1895917" lon="148.3863333"/>
      <trkpt lat="-9.1896851" lon="148.3862221"/>
      <trkpt lat="-9.1897272" lon="148.3861471"/>
      <trkpt lat="-9.1896781" lon="148.3861055"/>
      <trkpt lat="-9.1895799" lon="148.3860306"/>
      <trkpt lat="-9.1895051" lon="148.3859297"/>
      <trkpt lat="-9.1895154" lon="148.3858521"/>
      <trkpt lat="-9.1894938" lon="148.3857907"/>
      <trkpt lat="-9.1894271" lon="148.3857812"/>
      <trkpt lat="-9.1892935" lon="148.3857161"/>
      <trkpt lat="-9.1891681" lon="148.3856347"/>
      <trkpt lat="-9.1890841" lon="148.3855903"/>
      <trkpt lat="-9.1890291" lon="148.3856256"/>
      <trkpt lat="-9.1889476" lon="148.3856926"/>
      <trkpt lat="-9.1888347" lon="148.3857400"/>
      <trkpt lat="-9.1887283" lon="148.3857873"/>
      <trkpt lat="-9.1886837" lon="148.3859075"/>
      <trkpt lat="-9.1886305" lon="148.3860251"/>
      <trkpt lat="-9.1885398" lon="148.3861337"/>
      <trkpt lat="-9.1883902" lon="148.3862189"/>
      <trkpt lat="-9.1882576" lon="148.3863097"/>
      <trkpt lat="-9.1881903" lon="148.3864212"/>
      <trkpt lat="-9.1881493" lon="148.3865374"/>
      <trkpt lat="-9.1880963" lon="148.3866532"/>
      <trkpt lat="-9.1879917" lon="148.3867653"/>
      <trkpt lat="-9.1879084" lon="148.3869020"/>
      <trkpt lat="-9.1878695" lon="148.3870736"/>
      <trkpt lat="-9.1878494" lon="148.3872533"/>
      <trkpt lat="-9.1878272" lon="148.3874264"/>
      <trkpt lat="-9.1877528" lon="148.3875363"/>
      <trkpt lat="-9.1876332" lon="148.3875660"/>
      <trkpt lat="-9.1874860" lon="148.3875711"/>
      <trkpt lat="-9.1873595" lon="148.3876265"/>
      <trkpt lat="-9.1872907" lon="148.3877600"/>
      <trkpt lat="-9.1872323" lon="148.3879205"/>
      <trkpt lat="-9.1872085" lon="148.3880856"/>
      <trkpt lat="-9.1871539" lon="148.3882396"/>
      <trkpt lat="-9.1870737" lon="148.3883693"/>
      <trkpt lat="-9.1869391" lon="148.3884584"/>
      <trkpt lat="-9.1867921" lon="148.3885441"/>
      <trkpt lat="-9.1866824" lon="148.3886567"/>
      <trkpt lat="-9.1866096" lon="148.3888140"/>
      <trkpt lat="-9.1865578" lon="148.3889847"/>
      <trkpt lat="-9.1864865" lon="148.3891464"/>
      <trkpt lat="-9.1863897" lon="148.3892651"/>
      <trkpt lat="-9.1862595" lon="148.3893222"/>
      <trkpt lat="-9.1861022" lon="148.3893164"/>
      <trkpt lat="-9.1859299" lon="148.3892893"/>
      <trkpt lat="-9.1857693" lon="148.3892880"/>
      <trkpt lat="-9.1856530" lon="148.3892537"/>
      <trkpt lat="-9.1855389" lon="148.3892263"/>
      <trkpt lat="-9.1854196" lon="148.3892140"/>
      <trkpt lat="-9.1852689" lon="148.3892879"/>
      <trkpt lat="-9.1851414" lon="148.3894053"/>
      <trkpt lat="-9.1850022" lon="148.3894904"/>
      <trkpt lat="-9.1848560" lon="148.3895089"/>
      <trkpt lat="-9.1846890" lon="148.3894634"/>
      <trkpt lat="-9.1845328" lon="148.3893920"/>
      <trkpt lat="-9.1843729" lon="148.3893675"/>
      <trkpt lat="-9.1842156" lon="148.3893875"/>
      <trkpt lat="-9.1840502" lon="148.3894455"/>
      <trkpt lat="-9.1838848" lon="148.3895039"/>
      <trkpt lat="-9.1837312" lon="148.3895777"/>
      <trkpt lat="-9.1835910" lon="148.3896404"/>
      <trkpt lat="-9.1834493" lon="148.3896982"/>
      <trkpt lat="-9.1833218" lon="148.3897616"/>
      <trkpt lat="-9.1832481" lon="148.3898554"/>
      <trkpt lat="-9.1831944" lon="148.3898937"/>
      <trkpt lat="-9.1831095" lon="148.3898875"/>
      <trkpt lat="-9.1829618" lon="148.3898226"/>
      <trkpt lat="-9.1828005" lon="148.3897830"/>
      <trkpt lat="-9.1826486" lon="148.3897443"/>
      <trkpt lat="-9.1825004" lon="148.3896939"/>
      <trkpt lat="-9.1823466" lon="148.3896452"/>
      <trkpt lat="-9.1821832" lon="148.3895929"/>
      <trkpt lat="-9.1820203" lon="148.3895961"/>
      <trkpt lat="-9.1818720" lon="148.3895982"/>
      <trkpt lat="-9.1817234" lon="148.3896203"/>
      <trkpt lat="-9.1815692" lon="148.3896437"/>
      <trkpt lat="-9.1814132" lon="148.3896419"/>
      <trkpt lat="-9.1812590" lon="148.3896158"/>
      <trkpt lat="-9.1811285" lon="148.3895857"/>
      <trkpt lat="-9.1809857" lon="148.3895961"/>
      <trkpt lat="-9.1808513" lon="148.3896314"/>
      <trkpt lat="-9.1806950" lon="148.3896241"/>
      <trkpt lat="-9.1805415" lon="148.3896208"/>
      <trkpt lat="-9.1803854" lon="148.3896139"/>
      <trkpt lat="-9.1802317" lon="148.3896668"/>
      <trkpt lat="-9.1800787" lon="148.3897432"/>
      <trkpt lat="-9.1799238" lon="148.3898335"/>
      <trkpt lat="-9.1797739" lon="148.3899296"/>
      <trkpt lat="-9.1796374" lon="148.3900424"/>
      <trkpt lat="-9.1795032" lon="148.3901602"/>
      <trkpt lat="-9.1793706" lon="148.3902482"/>
      <trkpt lat="-9.1792975" lon="148.3902418"/>
      <trkpt lat="-9.1793200" lon="148.3901633"/>
      <trkpt lat="-9.1794268" lon="148.3900306"/>
      <trkpt lat="-9.1795603" lon="148.3899092"/>
      <trkpt lat="-9.1796996" lon="148.3897959"/>
      <trkpt lat="-9.1798462" lon="148.3896925"/>
      <trkpt lat="-9.1800054" lon="148.3896147"/>
      <trkpt lat="-9.1801292" lon="148.3895229"/>
      <trkpt lat="-9.1801723" lon="148.3894141"/>
      <trkpt lat="-9.1801453" lon="148.3892621"/>
      <trkpt lat="-9.1801054" lon="148.3890959"/>
      <trkpt lat="-9.1800943" lon="148.3889258"/>
      <trkpt lat="-9.1800448" lon="148.3887775"/>
      <trkpt lat="-9.1799406" lon="148.3886577"/>
      <trkpt lat="-9.1798016" lon="148.3885473"/>
      <trkpt lat="-9.1796791" lon="148.3884204"/>
      <trkpt lat="-9.1795783" lon="148.3882767"/>
      <trkpt lat="-9.1795115" lon="148.3881195"/>
      <trkpt lat="-9.1794438" lon="148.3879633"/>
      <trkpt lat="-9.1793495" lon="148.3878489"/>
      <trkpt lat="-9.1792022" lon="148.3877761"/>
      <trkpt lat="-9.1790615" lon="148.3878027"/>
      <trkpt lat="-9.1789359" lon="148.3878717"/>
      <trkpt lat="-9.1788070" lon="148.3879628"/>
      <trkpt lat="-9.1786461" lon="148.3880099"/>
      <trkpt lat="-9.1784720" lon="148.3880463"/>
      <trkpt lat="-9.1783173" lon="148.3881095"/>
      <trkpt lat="-9.1782006" lon="148.3882208"/>
      <trkpt lat="-9.1781102" lon="148.3883566"/>
      <trkpt lat="-9.1780453" lon="148.3885176"/>
      <trkpt lat="-9.1779643" lon="148.3886699"/>
      <trkpt lat="-9.1778805" lon="148.3888205"/>
      <trkpt lat="-9.1777641" lon="148.3889514"/>
      <trkpt lat="-9.1776411" lon="148.3890775"/>
      <trkpt lat="-9.1774936" lon="148.3891756"/>
      <trkpt lat="-9.1773347" lon="148.3892424"/>
      <trkpt lat="-9.1771702" lon="148.3892948"/>
      <trkpt lat="-9.1770011" lon="148.3893296"/>
      <trkpt lat="-9.1768376" lon="148.3893834"/>
      <trkpt lat="-9.1766780" lon="148.3894233"/>
      <trkpt lat="-9.1765257" lon="148.3894856"/>
      <trkpt lat="-9.1763768" lon="148.3895542"/>
      <trkpt lat="-9.1762246" lon="148.3896432"/>
      <trkpt lat="-9.1760737" lon="148.3897376"/>
      <trkpt lat="-9.1759246" lon="148.3898373"/>
      <trkpt lat="-9.1757679" lon="148.3899237"/>
      <trkpt lat="-9.1756114" lon="148.3900083"/>
      <trkpt lat="-9.1754482" lon="148.3900823"/>
      <trkpt lat="-9.1752941" lon="148.3901732"/>
      <trkpt lat="-9.1751627" lon="148.3902857"/>
      <trkpt lat="-9.1750336" lon="148.3904026"/>
      <trkpt lat="-9.1749043" lon="148.3905184"/>
      <trkpt lat="-9.1747816" lon="148.3906395"/>
      <trkpt lat="-9.1746626" lon="148.3907617"/>
      <trkpt lat="-9.1745534" lon="148.3908917"/>
      <trkpt lat="-9.1744283" lon="148.3910125"/>
      <trkpt lat="-9.1743253" lon="148.3911566"/>
      <trkpt lat="-9.1742346" lon="148.3913112"/>
      <trkpt lat="-9.1741553" lon="148.3914727"/>
      <trkpt lat="-9.1740504" lon="148.3916107"/>
      <trkpt lat="-9.1739153" lon="148.3917088"/>
      <trkpt lat="-9.1737584" lon="148.3917793"/>
      <trkpt lat="-9.1735988" lon="148.3918426"/>
      <trkpt lat="-9.1734487" lon="148.3919264"/>
      <trkpt lat="-9.1732934" lon="148.3920043"/>
      <trkpt lat="-9.1731399" lon="148.3920873"/>
      <trkpt lat="-9.1730022" lon="148.3921861"/>
      <trkpt lat="-9.1728821" lon="148.3923136"/>
      <trkpt lat="-9.1727849" lon="148.3924646"/>
      <trkpt lat="-9.1726952" lon="148.3926211"/>
      <trkpt lat="-9.1726219" lon="148.3927863"/>
      <trkpt lat="-9.1725740" lon="148.3929187"/>
      <trkpt lat="-9.1725454" lon="148.3930152"/>
    </trkseg>
    <trkseg>
      <trkpt lat="-9.1725450" lon="148.3930150"/>
      <trkpt lat="-9.1723771" lon="148.3929578"/>
      <trkpt lat="-9.1722296" lon="148.3928694"/>
      <trkpt lat="-9.1721026" lon="148.3927487"/>
      <trkpt lat="-9.1719703" lon="148.3926441"/>
      <trkpt lat="-9.1718183" lon="148.3925794"/>
      <trkpt lat="-9.1716666" lon="148.3925150"/>
      <trkpt lat="-9.1715347" lon="148.3924197"/>
      <trkpt lat="-9.1714345" lon="148.3922740"/>
      <trkpt lat="-9.1713309" lon="148.3921293"/>
      <trkpt lat="-9.1712133" lon="148.3919990"/>
      <trkpt lat="-9.1710642" lon="148.3919078"/>
      <trkpt lat="-9.1709016" lon="148.3918415"/>
      <trkpt lat="-9.1707298" lon="148.3918073"/>
      <trkpt lat="-9.1705644" lon="148.3918176"/>
      <trkpt lat="-9.1704020" lon="148.3918755"/>
      <trkpt lat="-9.1702397" lon="148.3919492"/>
      <trkpt lat="-9.1700739" lon="148.3920163"/>
      <trkpt lat="-9.1699049" lon="148.3920778"/>
      <trkpt lat="-9.1697370" lon="148.3921444"/>
      <trkpt lat="-9.1695667" lon="148.3921856"/>
      <trkpt lat="-9.1693922" lon="148.3921968"/>
      <trkpt lat="-9.1692260" lon="148.3922139"/>
      <trkpt lat="-9.1690740" lon="148.3922710"/>
      <trkpt lat="-9.1689248" lon="148.3923523"/>
      <trkpt lat="-9.1687641" lon="148.3924055"/>
      <trkpt lat="-9.1685968" lon="148.3924322"/>
      <trkpt lat="-9.1685098" lon="148.3924640"/>
      <trkpt lat="-9.1685061" lon="148.3925222"/>
    </trkseg>
    <trkseg>
      <trkpt lat="-9.1725844" lon="148.3930735"/>
      <trkpt lat="-9.1726785" lon="148.3929181"/>
      <trkpt lat="-9.1727573" lon="148.3927882"/>
      <trkpt lat="-9.1728206" lon="148.3926837"/>
    </trkseg>
    <trkseg>
      <trkpt lat="-9.1727701" lon="148.3924673"/>
      <trkpt lat="-9.1726679" lon="148.3923268"/>
      <trkpt lat="-9.1725895" lon="148.3921712"/>
      <trkpt lat="-9.1725352" lon="148.3920002"/>
      <trkpt lat="-9.1724807" lon="148.3918292"/>
      <trkpt lat="-9.1724382" lon="148.3916574"/>
      <trkpt lat="-9.1724274" lon="148.3914847"/>
      <trkpt lat="-9.1724459" lon="148.3913145"/>
      <trkpt lat="-9.1724935" lon="148.3911457"/>
      <trkpt lat="-9.1725391" lon="148.3909750"/>
      <trkpt lat="-9.1725741" lon="148.3908001"/>
      <trkpt lat="-9.1726215" lon="148.3906336"/>
      <trkpt lat="-9.1727132" lon="148.3905027"/>
      <trkpt lat="-9.1728461" lon="148.3903949"/>
      <trkpt lat="-9.1729892" lon="148.3902951"/>
      <trkpt lat="-9.1731129" lon="148.3901710"/>
      <trkpt lat="-9.1732399" lon="148.3900527"/>
      <trkpt lat="-9.1733680" lon="148.3899336"/>
      <trkpt lat="-9.1734954" lon="148.3898132"/>
      <trkpt lat="-9.1736079" lon="148.3896729"/>
      <trkpt lat="-9.1736891" lon="148.3895181"/>
      <trkpt lat="-9.1737186" lon="148.3893543"/>
      <trkpt lat="-9.1737026" lon="148.3891830"/>
      <trkpt lat="-9.1736633" lon="148.3890060"/>
      <trkpt lat="-9.1736585" lon="148.3888345"/>
      <trkpt lat="-9.1736841" lon="148.3886663"/>
      <trkpt lat="-9.1737185" lon="148.3884990"/>
      <trkpt lat="-9.1737274" lon="148.3883246"/>
      <trkpt lat="-9.1737357" lon="148.3881490"/>
      <trkpt lat="-9.1737897" lon="148.3879935"/>
      <trkpt lat="-9.1738911" lon="148.3878542"/>
      <trkpt lat="-9.1740322" lon="148.3877495"/>
      <trkpt lat="-9.1741877" lon="148.3876772"/>
      <trkpt lat="-9.1743553" lon="148.3876191"/>
      <trkpt lat="-9.1745246" lon="148.3875698"/>
      <trkpt lat="-9.1746677" lon="148.3874800"/>
      <trkpt lat="-9.1747826" lon="148.3873673"/>
      <trkpt lat="-9.1748898" lon="148.3872347"/>
      <trkpt lat="-9.1750199" lon="148.3871272"/>
      <trkpt lat="-9.1751846" lon="148.3870604"/>
      <trkpt lat="-9.1753587" lon="148.3870313"/>
      <trkpt lat="-9.1755360" lon="148.3870230"/>
      <trkpt lat="-9.1757149" lon="148.3870245"/>
      <trkpt lat="-9.1758932" lon="148.3870098"/>
      <trkpt lat="-9.1760627" lon="148.3869635"/>
      <trkpt lat="-9.1762291" lon="148.3869006"/>
      <trkpt lat="-9.1763874" lon="148.3868172"/>
      <trkpt lat="-9.1765394" lon="148.3867280"/>
      <trkpt lat="-9.1766425" lon="148.3865990"/>
      <trkpt lat="-9.1767286" lon="148.3864521"/>
      <trkpt lat="-9.1767996" lon="148.3862907"/>
      <trkpt lat="-9.1768710" lon="148.3861294"/>
      <trkpt lat="-9.1769350" lon="148.3859637"/>
      <trkpt lat="-9.1770048" lon="148.3858036"/>
      <trkpt lat="-9.1770966" lon="148.3856499"/>
      <trkpt lat="-9.1771830" lon="148.3854943"/>
      <trkpt lat="-9.1772480" lon="148.3853300"/>
      <trkpt lat="-9.1773140" lon="148.3851668"/>
      <trkpt lat="-9.1773870" lon="148.3850066"/>
      <trkpt lat="-9.1774754" lon="148.3848511"/>
      <trkpt lat="-9.1775577" lon="148.3846916"/>
      <trkpt lat="-9.1776400" lon="148.3845351"/>
      <trkpt lat="-9.1776979" lon="148.3843725"/>
      <trkpt lat="-9.1777456" lon="148.3842072"/>
      <trkpt lat="-9.1777524" lon="148.3840363"/>
      <trkpt lat="-9.1777482" lon="148.3838628"/>
      <trkpt lat="-9.1777137" lon="148.3836884"/>
      <trkpt lat="-9.1777039" lon="148.3835126"/>
      <trkpt lat="-9.1777192" lon="148.3833398"/>
      <trkpt lat="-9.1777757" lon="148.3831720"/>
      <trkpt lat="-9.1778345" lon="148.3830074"/>
      <trkpt lat="-9.1778949" lon="148.3828433"/>
      <trkpt lat="-9.1779414" lon="148.3826733"/>
      <trkpt lat="-9.1779681" lon="148.3824984"/>
      <trkpt lat="-9.1779968" lon="148.3823261"/>
      <trkpt lat="-9.1780150" lon="148.3821566"/>
      <trkpt lat="-9.1780331" lon="148.3819871"/>
      <trkpt lat="-9.1780037" lon="148.3818195"/>
      <trkpt lat="-9.1779372" lon="148.3816611"/>
      <trkpt lat="-9.1778614" lon="148.3815043"/>
      <trkpt lat="-9.1777720" lon="148.3813538"/>
      <trkpt lat="-9.1777051" lon="148.3811912"/>
      <trkpt lat="-9.1776517" lon="148.3810278"/>
      <trkpt lat="-9.1776296" lon="148.3808565"/>
      <trkpt lat="-9.1776219" lon="148.3806849"/>
      <trkpt lat="-9.1776513" lon="148.3805230"/>
      <trkpt lat="-9.1777231" lon="148.3803670"/>
      <trkpt lat="-9.1777971" lon="148.3802164"/>
      <trkpt lat="-9.1778432" lon="148.3800635"/>
      <trkpt lat="-9.1778920" lon="148.3799113"/>
      <trkpt lat="-9.1779791" lon="148.3797761"/>
      <trkpt lat="-9.1780571" lon="148.3796315"/>
      <trkpt lat="-9.1780931" lon="148.3794747"/>
      <trkpt lat="-9.1780933" lon="148.3792952"/>
      <trkpt lat="-9.1780883" lon="148.3791176"/>
      <trkpt lat="-9.1780631" lon="148.3789438"/>
      <trkpt lat="-9.1779943" lon="148.3787829"/>
      <trkpt lat="-9.1778848" lon="148.3786476"/>
      <trkpt lat="-9.1777400" lon="148.3785602"/>
      <trkpt lat="-9.1775750" lon="148.3785034"/>
      <trkpt lat="-9.1774058" lon="148.3784562"/>
      <trkpt lat="-9.1772411" lon="148.3784111"/>
      <trkpt lat="-9.1770846" lon="148.3783699"/>
      <trkpt lat="-9.1769415" lon="148.3783075"/>
      <trkpt lat="-9.1768128" lon="148.3782074"/>
      <trkpt lat="-9.1766977" lon="148.3780763"/>
      <trkpt lat="-9.1765852" lon="148.3779461"/>
    </trkseg>
  </trk>
  <trk>
    <name>Wohukol - Nelson Runage</name>
    <desc>Walked by Nelson Runage. 17.8 km, 4 track(s), recorded on the ground. Wohukol, Zone 7B.</desc>
    <type>walked-boundary</type>
    <trkseg>
      <trkpt lat="-9.1451867" lon="148.3886383"/>
      <trkpt lat="-9.1453355" lon="148.3887299"/>
      <trkpt lat="-9.1454794" lon="148.3888257"/>
      <trkpt lat="-9.1456149" lon="148.3889290"/>
      <trkpt lat="-9.1457409" lon="148.3890456"/>
      <trkpt lat="-9.1458716" lon="148.3891577"/>
      <trkpt lat="-9.1459969" lon="148.3892658"/>
      <trkpt lat="-9.1461090" lon="148.3893725"/>
      <trkpt lat="-9.1462266" lon="148.3894581"/>
      <trkpt lat="-9.1463442" lon="148.3895463"/>
      <trkpt lat="-9.1464579" lon="148.3896610"/>
      <trkpt lat="-9.1465654" lon="148.3897962"/>
      <trkpt lat="-9.1466886" lon="148.3899156"/>
      <trkpt lat="-9.1468384" lon="148.3899979"/>
      <trkpt lat="-9.1469795" lon="148.3900856"/>
      <trkpt lat="-9.1471246" lon="148.3901708"/>
      <trkpt lat="-9.1472464" lon="148.3902743"/>
      <trkpt lat="-9.1473924" lon="148.3903348"/>
      <trkpt lat="-9.1475327" lon="148.3904025"/>
      <trkpt lat="-9.1476759" lon="148.3904709"/>
      <trkpt lat="-9.1477684" lon="148.3905435"/>
      <trkpt lat="-9.1478670" lon="148.3906096"/>
      <trkpt lat="-9.1479481" lon="148.3906820"/>
      <trkpt lat="-9.1480279" lon="148.3907975"/>
      <trkpt lat="-9.1480273" lon="148.3909115"/>
      <trkpt lat="-9.1479550" lon="148.3910151"/>
      <trkpt lat="-9.1479173" lon="148.3910880"/>
      <trkpt lat="-9.1479095" lon="148.3911931"/>
      <trkpt lat="-9.1479220" lon="148.3913191"/>
      <trkpt lat="-9.1478358" lon="148.3914496"/>
      <trkpt lat="-9.1477219" lon="148.3915648"/>
      <trkpt lat="-9.1476548" lon="148.3916871"/>
      <trkpt lat="-9.1476397" lon="148.3918365"/>
      <trkpt lat="-9.1476092" lon="148.3919686"/>
      <trkpt lat="-9.1475832" lon="148.3920957"/>
      <trkpt lat="-9.1475831" lon="148.3922295"/>
      <trkpt lat="-9.1476131" lon="148.3923874"/>
      <trkpt lat="-9.1476274" lon="148.3925483"/>
      <trkpt lat="-9.1476087" lon="148.3927084"/>
      <trkpt lat="-9.1475797" lon="148.3928743"/>
      <trkpt lat="-9.1475446" lon="148.3930445"/>
      <trkpt lat="-9.1475386" lon="148.3932176"/>
      <trkpt lat="-9.1475602" lon="148.3933537"/>
      <trkpt lat="-9.1475900" lon="148.3934483"/>
    </trkseg>
    <trkseg>
      <trkpt lat="-9.1475883" lon="148.3935433"/>
      <trkpt lat="-9.1476586" lon="148.3937082"/>
      <trkpt lat="-9.1477340" lon="148.3938677"/>
      <trkpt lat="-9.1478232" lon="148.3940170"/>
      <trkpt lat="-9.1479410" lon="148.3941507"/>
      <trkpt lat="-9.1480641" lon="148.3942822"/>
      <trkpt lat="-9.1481902" lon="148.3944076"/>
      <trkpt lat="-9.1483299" lon="148.3945111"/>
      <trkpt lat="-9.1484909" lon="148.3945737"/>
      <trkpt lat="-9.1486650" lon="148.3945850"/>
      <trkpt lat="-9.1488401" lon="148.3945557"/>
      <trkpt lat="-9.1490050" lon="148.3944875"/>
      <trkpt lat="-9.1491687" lon="148.3944145"/>
      <trkpt lat="-9.1493309" lon="148.3943423"/>
      <trkpt lat="-9.1494998" lon="148.3942843"/>
      <trkpt lat="-9.1496684" lon="148.3942257"/>
      <trkpt lat="-9.1498370" lon="148.3941623"/>
      <trkpt lat="-9.1500019" lon="148.3940904"/>
      <trkpt lat="-9.1501692" lon="148.3940270"/>
      <trkpt lat="-9.1503410" lon="148.3939850"/>
      <trkpt lat="-9.1505087" lon="148.3939383"/>
      <trkpt lat="-9.1506729" lon="148.3938868"/>
      <trkpt lat="-9.1508302" lon="148.3938630"/>
      <trkpt lat="-9.1509966" lon="148.3938804"/>
      <trkpt lat="-9.1511647" lon="148.3938956"/>
      <trkpt lat="-9.1513339" lon="148.3938589"/>
      <trkpt lat="-9.1515031" lon="148.3938052"/>
      <trkpt lat="-9.1516712" lon="148.3937912"/>
      <trkpt lat="-9.1518418" lon="148.3938243"/>
      <trkpt lat="-9.1520127" lon="148.3938826"/>
      <trkpt lat="-9.1521859" lon="148.3939334"/>
      <trkpt lat="-9.1523617" lon="148.3939563"/>
      <trkpt lat="-9.1525334" lon="148.3939826"/>
      <trkpt lat="-9.1527059" lon="148.3939950"/>
      <trkpt lat="-9.1528789" lon="148.3940126"/>
      <trkpt lat="-9.1530407" lon="148.3939776"/>
      <trkpt lat="-9.1531763" lon="148.3938940"/>
      <trkpt lat="-9.1532766" lon="148.3937568"/>
      <trkpt lat="-9.1533714" lon="148.3936071"/>
      <trkpt lat="-9.1534812" lon="148.3934698"/>
      <trkpt lat="-9.1536208" lon="148.3933820"/>
      <trkpt lat="-9.1537804" lon="148.3933467"/>
      <trkpt lat="-9.1539431" lon="148.3933164"/>
      <trkpt lat="-9.1541034" lon="148.3932614"/>
      <trkpt lat="-9.1542621" lon="148.3931765"/>
      <trkpt lat="-9.1544249" lon="148.3931016"/>
      <trkpt lat="-9.1545913" lon="148.3930387"/>
      <trkpt lat="-9.1547395" lon="148.3929551"/>
      <trkpt lat="-9.1548513" lon="148.3928981"/>
      <trkpt lat="-9.1549565" lon="148.3928316"/>
      <trkpt lat="-9.1550447" lon="148.3927588"/>
      <trkpt lat="-9.1551639" lon="148.3926481"/>
      <trkpt lat="-9.1552707" lon="148.3925181"/>
      <trkpt lat="-9.1553951" lon="148.3923945"/>
      <trkpt lat="-9.1554920" lon="148.3922984"/>
      <trkpt lat="-9.1555750" lon="148.3922450"/>
    </trkseg>
    <trkseg>
      <trkpt lat="-9.1556500" lon="148.3921500"/>
      <trkpt lat="-9.1557712" lon="148.3920293"/>
      <trkpt lat="-9.1558902" lon="148.3919123"/>
      <trkpt lat="-9.1560149" lon="148.3918013"/>
      <trkpt lat="-9.1561648" lon="148.3917184"/>
      <trkpt lat="-9.1562933" lon="148.3916129"/>
      <trkpt lat="-9.1564225" lon="148.3915208"/>
      <trkpt lat="-9.1565563" lon="148.3914617"/>
      <trkpt lat="-9.1567276" lon="148.3914633"/>
      <trkpt lat="-9.1569062" lon="148.3914872"/>
      <trkpt lat="-9.1570727" lon="148.3915354"/>
      <trkpt lat="-9.1572296" lon="148.3916114"/>
      <trkpt lat="-9.1573736" lon="148.3917194"/>
      <trkpt lat="-9.1575301" lon="148.3917981"/>
      <trkpt lat="-9.1576926" lon="148.3918459"/>
      <trkpt lat="-9.1578637" lon="148.3918789"/>
      <trkpt lat="-9.1580346" lon="148.3919056"/>
      <trkpt lat="-9.1582041" lon="148.3919097"/>
      <trkpt lat="-9.1583669" lon="148.3918569"/>
      <trkpt lat="-9.1584853" lon="148.3917444"/>
      <trkpt lat="-9.1585578" lon="148.3915951"/>
      <trkpt lat="-9.1585475" lon="148.3914331"/>
      <trkpt lat="-9.1585042" lon="148.3912728"/>
      <trkpt lat="-9.1584245" lon="148.3911584"/>
      <trkpt lat="-9.1583374" lon="148.3910647"/>
      <trkpt lat="-9.1582563" lon="148.3909709"/>
      <trkpt lat="-9.1581645" lon="148.3908457"/>
      <trkpt lat="-9.1580743" lon="148.3907085"/>
      <trkpt lat="-9.1579425" lon="148.3906036"/>
      <trkpt lat="-9.1578624" lon="148.3904957"/>
      <trkpt lat="-9.1578100" lon="148.3903663"/>
      <trkpt lat="-9.1578293" lon="148.3902126"/>
      <trkpt lat="-9.1578282" lon="148.3900779"/>
      <trkpt lat="-9.1578477" lon="148.3899428"/>
      <trkpt lat="-9.1578311" lon="148.3898122"/>
      <trkpt lat="-9.1578191" lon="148.3896500"/>
      <trkpt lat="-9.1578156" lon="148.3894901"/>
      <trkpt lat="-9.1578650" lon="148.3893245"/>
      <trkpt lat="-9.1579091" lon="148.3891685"/>
      <trkpt lat="-9.1579100" lon="148.3890175"/>
      <trkpt lat="-9.1578800" lon="148.3888605"/>
      <trkpt lat="-9.1578608" lon="148.3886921"/>
      <trkpt lat="-9.1578479" lon="148.3885243"/>
      <trkpt lat="-9.1578226" lon="148.3883535"/>
      <trkpt lat="-9.1578198" lon="148.3881969"/>
      <trkpt lat="-9.1578755" lon="148.3880557"/>
      <trkpt lat="-9.1579775" lon="148.3879357"/>
      <trkpt lat="-9.1581133" lon="148.3878542"/>
      <trkpt lat="-9.1581986" lon="148.3877738"/>
      <trkpt lat="-9.1582273" lon="148.3876940"/>
      <trkpt lat="-9.1582256" lon="148.3875715"/>
      <trkpt lat="-9.1582194" lon="148.3874323"/>
      <trkpt lat="-9.1582627" lon="148.3873155"/>
      <trkpt lat="-9.1583166" lon="148.3872357"/>
      <trkpt lat="-9.1583806" lon="148.3871558"/>
      <trkpt lat="-9.1584196" lon="148.3870459"/>
      <trkpt lat="-9.1584488" lon="148.3869049"/>
      <trkpt lat="-9.1584746" lon="148.3867567"/>
      <trkpt lat="-9.1584971" lon="148.3865971"/>
      <trkpt lat="-9.1584650" lon="148.3864445"/>
      <trkpt lat="-9.1584062" lon="148.3863095"/>
      <trkpt lat="-9.1583356" lon="148.3861709"/>
      <trkpt lat="-9.1582747" lon="148.3860706"/>
      <trkpt lat="-9.1582350" lon="148.3860133"/>
    </trkseg>
    <trkseg>
      <trkpt lat="-9.1583333" lon="148.3860400"/>
      <trkpt lat="-9.1581573" lon="148.3860715"/>
      <trkpt lat="-9.1579947" lon="148.3861234"/>
      <trkpt lat="-9.1579192" lon="148.3861999"/>
      <trkpt lat="-9.1579111" lon="148.3863275"/>
      <trkpt lat="-9.1579147" lon="148.3864336"/>
      <trkpt lat="-9.1578410" lon="148.3864733"/>
      <trkpt lat="-9.1577180" lon="148.3864172"/>
      <trkpt lat="-9.1575762" lon="148.3863383"/>
      <trkpt lat="-9.1574903" lon="148.3862324"/>
      <trkpt lat="-9.1574067" lon="148.3861238"/>
      <trkpt lat="-9.1573268" lon="148.3859909"/>
      <trkpt lat="-9.1571867" lon="148.3858944"/>
      <trkpt lat="-9.1570661" lon="148.3857845"/>
      <trkpt lat="-9.1569521" lon="148.3856746"/>
      <trkpt lat="-9.1568331" lon="148.3855679"/>
      <trkpt lat="-9.1566934" lon="148.3854931"/>
      <trkpt lat="-9.1566182" lon="148.3853984"/>
      <trkpt lat="-9.1566026" lon="148.3852624"/>
      <trkpt lat="-9.1565983" lon="148.3850986"/>
      <trkpt lat="-9.1565368" lon="148.3849469"/>
      <trkpt lat="-9.1564175" lon="148.3848311"/>
      <trkpt lat="-9.1562694" lon="148.3847524"/>
      <trkpt lat="-9.1560965" lon="148.3847221"/>
      <trkpt lat="-9.1559223" lon="148.3847289"/>
      <trkpt lat="-9.1557523" lon="148.3847787"/>
      <trkpt lat="-9.1555823" lon="148.3848209"/>
      <trkpt lat="-9.1554130" lon="148.3848506"/>
      <trkpt lat="-9.1552553" lon="148.3848890"/>
      <trkpt lat="-9.1551178" lon="148.3849137"/>
      <trkpt lat="-9.1550205" lon="148.3848770"/>
      <trkpt lat="-9.1549451" lon="148.3847495"/>
      <trkpt lat="-9.1548839" lon="148.3845815"/>
      <trkpt lat="-9.1548029" lon="148.3844265"/>
      <trkpt lat="-9.1546834" lon="148.3843271"/>
      <trkpt lat="-9.1545300" lon="148.3842833"/>
    </trkseg>
    <trkseg>
      <trkpt lat="-9.1544783" lon="148.3843150"/>
      <trkpt lat="-9.1545976" lon="148.3841856"/>
      <trkpt lat="-9.1547030" lon="148.3840431"/>
      <trkpt lat="-9.1547700" lon="148.3838804"/>
      <trkpt lat="-9.1547817" lon="148.3837138"/>
      <trkpt lat="-9.1547615" lon="148.3835398"/>
      <trkpt lat="-9.1547312" lon="148.3833661"/>
      <trkpt lat="-9.1547049" lon="148.3831884"/>
      <trkpt lat="-9.1546409" lon="148.3830271"/>
      <trkpt lat="-9.1545287" lon="148.3829053"/>
      <trkpt lat="-9.1544221" lon="148.3827963"/>
      <trkpt lat="-9.1543103" lon="148.3826970"/>
      <trkpt lat="-9.1542175" lon="148.3825696"/>
      <trkpt lat="-9.1540911" lon="148.3824480"/>
      <trkpt lat="-9.1539624" lon="148.3823264"/>
      <trkpt lat="-9.1538102" lon="148.3822587"/>
      <trkpt lat="-9.1536431" lon="148.3822347"/>
      <trkpt lat="-9.1534659" lon="148.3822321"/>
      <trkpt lat="-9.1533114" lon="148.3821838"/>
      <trkpt lat="-9.1531719" lon="148.3821329"/>
      <trkpt lat="-9.1530435" lon="148.3821097"/>
      <trkpt lat="-9.1529081" lon="148.3820906"/>
      <trkpt lat="-9.1528395" lon="148.3820151"/>
      <trkpt lat="-9.1527990" lon="148.3818689"/>
      <trkpt lat="-9.1527497" lon="148.3817361"/>
      <trkpt lat="-9.1526463" lon="148.3816148"/>
      <trkpt lat="-9.1525411" lon="148.3814985"/>
      <trkpt lat="-9.1524604" lon="148.3813528"/>
      <trkpt lat="-9.1524287" lon="148.3811915"/>
      <trkpt lat="-9.1524106" lon="148.3810223"/>
      <trkpt lat="-9.1524107" lon="148.3808457"/>
      <trkpt lat="-9.1524219" lon="148.3806774"/>
      <trkpt lat="-9.1524766" lon="148.3805235"/>
      <trkpt lat="-9.1525622" lon="148.3803768"/>
      <trkpt lat="-9.1526513" lon="148.3802363"/>
      <trkpt lat="-9.1527101" lon="148.3800807"/>
      <trkpt lat="-9.1527993" lon="148.3799586"/>
      <trkpt lat="-9.1529168" lon="148.3798772"/>
      <trkpt lat="-9.1530871" lon="148.3798565"/>
      <trkpt lat="-9.1532600" lon="148.3798766"/>
      <trkpt lat="-9.1534294" lon="148.3798794"/>
      <trkpt lat="-9.1535979" lon="148.3798664"/>
      <trkpt lat="-9.1537342" lon="148.3797756"/>
      <trkpt lat="-9.1538723" lon="148.3797027"/>
      <trkpt lat="-9.1540040" lon="148.3796242"/>
      <trkpt lat="-9.1540748" lon="148.3795553"/>
      <trkpt lat="-9.1540532" lon="148.3794400"/>
      <trkpt lat="-9.1539378" lon="148.3793073"/>
      <trkpt lat="-9.1538351" lon="148.3791711"/>
      <trkpt lat="-9.1537670" lon="148.3790235"/>
      <trkpt lat="-9.1537253" lon="148.3788553"/>
      <trkpt lat="-9.1536906" lon="148.3786796"/>
      <trkpt lat="-9.1536230" lon="148.3785144"/>
      <trkpt lat="-9.1535816" lon="148.3783663"/>
      <trkpt lat="-9.1535493" lon="148.3782164"/>
      <trkpt lat="-9.1535459" lon="148.3780558"/>
      <trkpt lat="-9.1535317" lon="148.3778755"/>
      <trkpt lat="-9.1535334" lon="148.3776957"/>
      <trkpt lat="-9.1535107" lon="148.3775515"/>
      <trkpt lat="-9.1534473" lon="148.3775112"/>
      <trkpt lat="-9.1533262" lon="148.3775592"/>
      <trkpt lat="-9.1531829" lon="148.3776594"/>
      <trkpt lat="-9.1530862" lon="148.3777765"/>
      <trkpt lat="-9.1530408" lon="148.3779230"/>
      <trkpt lat="-9.1530211" lon="148.3780936"/>
      <trkpt lat="-9.1529759" lon="148.3782583"/>
      <trkpt lat="-9.1528768" lon="148.3783642"/>
      <trkpt lat="-9.1527482" lon="148.3784173"/>
      <trkpt lat="-9.1526013" lon="148.3784616"/>
      <trkpt lat="-9.1524605" lon="148.3785405"/>
      <trkpt lat="-9.1523343" lon="148.3786661"/>
      <trkpt lat="-9.1522099" lon="148.3787933"/>
      <trkpt lat="-9.1520791" lon="148.3789053"/>
      <trkpt lat="-9.1519317" lon="148.3789950"/>
      <trkpt lat="-9.1517632" lon="148.3790537"/>
      <trkpt lat="-9.1516023" lon="148.3791289"/>
      <trkpt lat="-9.1514486" lon="148.3791786"/>
      <trkpt lat="-9.1513431" lon="148.3792134"/>
      <trkpt lat="-9.1512923" lon="148.3791756"/>
      <trkpt lat="-9.1512540" lon="148.3791324"/>
      <trkpt lat="-9.1511696" lon="148.3790702"/>
      <trkpt lat="-9.1510229" lon="148.3790191"/>
      <trkpt lat="-9.1508569" lon="148.3789519"/>
      <trkpt lat="-9.1506895" lon="148.3788848"/>
      <trkpt lat="-9.1505169" lon="148.3788481"/>
      <trkpt lat="-9.1503429" lon="148.3788537"/>
      <trkpt lat="-9.1501701" lon="148.3788912"/>
      <trkpt lat="-9.1500233" lon="148.3789722"/>
      <trkpt lat="-9.1499092" lon="148.3790898"/>
      <trkpt lat="-9.1498106" lon="148.3792376"/>
      <trkpt lat="-9.1497094" lon="148.3793842"/>
      <trkpt lat="-9.1495873" lon="148.3795133"/>
      <trkpt lat="-9.1494678" lon="148.3796447"/>
      <trkpt lat="-9.1493297" lon="148.3797458"/>
      <trkpt lat="-9.1491835" lon="148.3798335"/>
      <trkpt lat="-9.1490333" lon="148.3799152"/>
      <trkpt lat="-9.1488872" lon="148.3800020"/>
      <trkpt lat="-9.1487715" lon="148.3801168"/>
      <trkpt lat="-9.1486494" lon="148.3802008"/>
      <trkpt lat="-9.1485275" lon="148.3802932"/>
      <trkpt lat="-9.1484008" lon="148.3803849"/>
      <trkpt lat="-9.1483060" lon="148.3805223"/>
      <trkpt lat="-9.1482885" lon="148.3806820"/>
      <trkpt lat="-9.1483353" lon="148.3808355"/>
      <trkpt lat="-9.1484427" lon="148.3809641"/>
      <trkpt lat="-9.1485746" lon="148.3810640"/>
      <trkpt lat="-9.1486837" lon="148.3811735"/>
      <trkpt lat="-9.1487507" lon="148.3813129"/>
      <trkpt lat="-9.1487673" lon="148.3814877"/>
      <trkpt lat="-9.1487775" lon="148.3816674"/>
      <trkpt lat="-9.1488025" lon="148.3818313"/>
      <trkpt lat="-9.1488145" lon="148.3819382"/>
      <trkpt lat="-9.1488456" lon="148.3820187"/>
      <trkpt lat="-9.1488724" lon="148.3820773"/>
      <trkpt lat="-9.1489411" lon="148.3821823"/>
      <trkpt lat="-9.1490321" lon="148.3822840"/>
      <trkpt lat="-9.1491138" lon="148.3824171"/>
      <trkpt lat="-9.1491817" lon="148.3825211"/>
      <trkpt lat="-9.1492114" lon="148.3826329"/>
      <trkpt lat="-9.1492373" lon="148.3827505"/>
      <trkpt lat="-9.1492466" lon="148.3829075"/>
      <trkpt lat="-9.1492113" lon="148.3830766"/>
      <trkpt lat="-9.1491453" lon="148.3832374"/>
      <trkpt lat="-9.1490770" lon="148.3833750"/>
      <trkpt lat="-9.1490151" lon="148.3834950"/>
      <trkpt lat="-9.1489540" lon="148.3836098"/>
      <trkpt lat="-9.1488510" lon="148.3837259"/>
      <trkpt lat="-9.1487586" lon="148.3838664"/>
      <trkpt lat="-9.1486618" lon="148.3839968"/>
      <trkpt lat="-9.1485506" lon="148.3840963"/>
      <trkpt lat="-9.1484044" lon="148.3841574"/>
      <trkpt lat="-9.1482576" lon="148.3842258"/>
      <trkpt lat="-9.1481646" lon="148.3843449"/>
      <trkpt lat="-9.1481380" lon="148.3844153"/>
      <trkpt lat="-9.1481791" lon="148.3843977"/>
      <trkpt lat="-9.1482138" lon="148.3843269"/>
      <trkpt lat="-9.1482297" lon="148.3843228"/>
      <trkpt lat="-9.1482347" lon="148.3843350"/>
      <trkpt lat="-9.1482539" lon="148.3843116"/>
      <trkpt lat="-9.1482280" lon="148.3842806"/>
      <trkpt lat="-9.1481428" lon="148.3842313"/>
      <trkpt lat="-9.1480109" lon="148.3841931"/>
      <trkpt lat="-9.1478716" lon="148.3841465"/>
      <trkpt lat="-9.1477249" lon="148.3841216"/>
      <trkpt lat="-9.1475835" lon="148.3841044"/>
      <trkpt lat="-9.1474435" lon="148.3840820"/>
      <trkpt lat="-9.1473104" lon="148.3840656"/>
      <trkpt lat="-9.1471894" lon="148.3841098"/>
      <trkpt lat="-9.1470863" lon="148.3841682"/>
      <trkpt lat="-9.1469688" lon="148.3842660"/>
      <trkpt lat="-9.1468537" lon="148.3843564"/>
      <trkpt lat="-9.1467769" lon="148.3843898"/>
      <trkpt lat="-9.1467530" lon="148.3844214"/>
      <trkpt lat="-9.1467534" lon="148.3844321"/>
      <trkpt lat="-9.1466999" lon="148.3844633"/>
      <trkpt lat="-9.1466167" lon="148.3844928"/>
      <trkpt lat="-9.1465291" lon="148.3844471"/>
      <trkpt lat="-9.1464468" lon="148.3844358"/>
      <trkpt lat="-9.1463525" lon="148.3844260"/>
      <trkpt lat="-9.1462536" lon="148.3844689"/>
      <trkpt lat="-9.1461480" lon="148.3844978"/>
      <trkpt lat="-9.1460631" lon="148.3845365"/>
      <trkpt lat="-9.1460196" lon="148.3845525"/>
      <trkpt lat="-9.1460031" lon="148.3845913"/>
      <trkpt lat="-9.1459552" lon="148.3846321"/>
      <trkpt lat="-9.1458195" lon="148.3847126"/>
      <trkpt lat="-9.1456517" lon="148.3847671"/>
      <trkpt lat="-9.1454776" lon="148.3848043"/>
      <trkpt lat="-9.1453122" lon="148.3848085"/>
      <trkpt lat="-9.1451560" lon="148.3847717"/>
      <trkpt lat="-9.1450021" lon="148.3847164"/>
      <trkpt lat="-9.1448580" lon="148.3847264"/>
      <trkpt lat="-9.1447375" lon="148.3848204"/>
      <trkpt lat="-9.1446153" lon="148.3849383"/>
      <trkpt lat="-9.1444799" lon="148.3850394"/>
      <trkpt lat="-9.1443291" lon="148.3850935"/>
      <trkpt lat="-9.1441810" lon="148.3851241"/>
      <trkpt lat="-9.1440423" lon="148.3851656"/>
      <trkpt lat="-9.1438960" lon="148.3852290"/>
      <trkpt lat="-9.1437491" lon="148.3852861"/>
      <trkpt lat="-9.1435918" lon="148.3853289"/>
      <trkpt lat="-9.1434594" lon="148.3853992"/>
      <trkpt lat="-9.1433654" lon="148.3855208"/>
      <trkpt lat="-9.1433067" lon="148.3856550"/>
    </trkseg>
    <trkseg>
      <trkpt lat="-9.1764567" lon="148.3781283"/>
      <trkpt lat="-9.1763529" lon="148.3780420"/>
      <trkpt lat="-9.1763218" lon="148.3780264"/>
      <trkpt lat="-9.1763466" lon="148.3780516"/>
      <trkpt lat="-9.1763846" lon="148.3780955"/>
      <trkpt lat="-9.1763663" lon="148.3780522"/>
      <trkpt lat="-9.1763574" lon="148.3780035"/>
      <trkpt lat="-9.1763743" lon="148.3779744"/>
      <trkpt lat="-9.1764518" lon="148.3779855"/>
      <trkpt lat="-9.1765468" lon="148.3779847"/>
      <trkpt lat="-9.1766233" lon="148.3779034"/>
      <trkpt lat="-9.1767248" lon="148.3778297"/>
      <trkpt lat="-9.1768483" lon="148.3777579"/>
      <trkpt lat="-9.1770107" lon="148.3777278"/>
      <trkpt lat="-9.1771394" lon="148.3776467"/>
      <trkpt lat="-9.1772453" lon="148.3775317"/>
      <trkpt lat="-9.1773506" lon="148.3774037"/>
      <trkpt lat="-9.1774845" lon="148.3772947"/>
      <trkpt lat="-9.1776270" lon="148.3772301"/>
      <trkpt lat="-9.1777771" lon="148.3772018"/>
      <trkpt lat="-9.1779389" lon="148.3772167"/>
      <trkpt lat="-9.1781111" lon="148.3772108"/>
      <trkpt lat="-9.1782826" lon="148.3771891"/>
      <trkpt lat="-9.1784506" lon="148.3771483"/>
      <trkpt lat="-9.1786246" lon="148.3771380"/>
      <trkpt lat="-9.1787917" lon="148.3771264"/>
      <trkpt lat="-9.1789539" lon="148.3770945"/>
      <trkpt lat="-9.1790962" lon="148.3770063"/>
      <trkpt lat="-9.1792297" lon="148.3768885"/>
      <trkpt lat="-9.1793616" lon="148.3767687"/>
      <trkpt lat="-9.1795103" lon="148.3766855"/>
      <trkpt lat="-9.1796698" lon="148.3766464"/>
      <trkpt lat="-9.1798374" lon="148.3766544"/>
      <trkpt lat="-9.1799926" lon="148.3766654"/>
      <trkpt lat="-9.1801362" lon="148.3766518"/>
      <trkpt lat="-9.1802699" lon="148.3766506"/>
      <trkpt lat="-9.1804174" lon="148.3766361"/>
      <trkpt lat="-9.1805780" lon="148.3766433"/>
      <trkpt lat="-9.1807459" lon="148.3766420"/>
      <trkpt lat="-9.1809168" lon="148.3766640"/>
      <trkpt lat="-9.1810916" lon="148.3766853"/>
      <trkpt lat="-9.1812662" lon="148.3766648"/>
      <trkpt lat="-9.1814317" lon="148.3766337"/>
      <trkpt lat="-9.1815896" lon="148.3765827"/>
      <trkpt lat="-9.1817521" lon="148.3765537"/>
      <trkpt lat="-9.1819120" lon="148.3764980"/>
      <trkpt lat="-9.1820765" lon="148.3764809"/>
      <trkpt lat="-9.1822404" lon="148.3764613"/>
      <trkpt lat="-9.1824146" lon="148.3764872"/>
      <trkpt lat="-9.1825564" lon="148.3764546"/>
      <trkpt lat="-9.1826966" lon="148.3764157"/>
      <trkpt lat="-9.1828235" lon="148.3763444"/>
      <trkpt lat="-9.1829786" lon="148.3763399"/>
      <trkpt lat="-9.1831358" lon="148.3763397"/>
      <trkpt lat="-9.1833059" lon="148.3763474"/>
      <trkpt lat="-9.1834664" lon="148.3762866"/>
      <trkpt lat="-9.1836204" lon="148.3762172"/>
      <trkpt lat="-9.1837662" lon="148.3761347"/>
      <trkpt lat="-9.1839247" lon="148.3760713"/>
      <trkpt lat="-9.1840874" lon="148.3760320"/>
      <trkpt lat="-9.1842574" lon="148.3760244"/>
      <trkpt lat="-9.1844142" lon="148.3759987"/>
      <trkpt lat="-9.1845419" lon="148.3759109"/>
      <trkpt lat="-9.1846397" lon="148.3757628"/>
      <trkpt lat="-9.1847485" lon="148.3756319"/>
      <trkpt lat="-9.1848892" lon="148.3755618"/>
      <trkpt lat="-9.1850580" lon="148.3755655"/>
      <trkpt lat="-9.1852136" lon="148.3756352"/>
      <trkpt lat="-9.1853618" lon="148.3757268"/>
      <trkpt lat="-9.1855100" lon="148.3758195"/>
      <trkpt lat="-9.1856749" lon="148.3758514"/>
      <trkpt lat="-9.1858136" lon="148.3758062"/>
      <trkpt lat="-9.1859295" lon="148.3756940"/>
      <trkpt lat="-9.1859888" lon="148.3755416"/>
      <trkpt lat="-9.1860346" lon="148.3753790"/>
      <trkpt lat="-9.1860695" lon="148.3752221"/>
      <trkpt lat="-9.1861253" lon="148.3750689"/>
      <trkpt lat="-9.1862029" lon="148.3749286"/>
      <trkpt lat="-9.1862975" lon="148.3747843"/>
      <trkpt lat="-9.1864268" lon="148.3746729"/>
      <trkpt lat="-9.1865816" lon="148.3746040"/>
      <trkpt lat="-9.1867474" lon="148.3745484"/>
      <trkpt lat="-9.1868989" lon="148.3745414"/>
      <trkpt lat="-9.1870246" lon="148.3745774"/>
      <trkpt lat="-9.1870888" lon="148.3747037"/>
      <trkpt lat="-9.1871339" lon="148.3748565"/>
      <trkpt lat="-9.1871720" lon="148.3750234"/>
      <trkpt lat="-9.1872635" lon="148.3751677"/>
      <trkpt lat="-9.1873866" lon="148.3752845"/>
      <trkpt lat="-9.1875427" lon="148.3753462"/>
      <trkpt lat="-9.1876958" lon="148.3753334"/>
      <trkpt lat="-9.1878454" lon="148.3752738"/>
      <trkpt lat="-9.1879882" lon="148.3751896"/>
      <trkpt lat="-9.1881360" lon="148.3751017"/>
      <trkpt lat="-9.1882899" lon="148.3750175"/>
      <trkpt lat="-9.1884475" lon="148.3749664"/>
      <trkpt lat="-9.1886177" lon="148.3749778"/>
      <trkpt lat="-9.1887839" lon="148.3749907"/>
      <trkpt lat="-9.1889523" lon="148.3750061"/>
      <trkpt lat="-9.1891105" lon="148.3749971"/>
      <trkpt lat="-9.1892648" lon="148.3750119"/>
      <trkpt lat="-9.1894069" lon="148.3749801"/>
      <trkpt lat="-9.1895595" lon="148.3749599"/>
      <trkpt lat="-9.1896959" lon="148.3749016"/>
      <trkpt lat="-9.1898181" lon="148.3748817"/>
      <trkpt lat="-9.1898857" lon="148.3747942"/>
      <trkpt lat="-9.1898833" lon="148.3746901"/>
      <trkpt lat="-9.1898576" lon="148.3745308"/>
      <trkpt lat="-9.1898321" lon="148.3743722"/>
      <trkpt lat="-9.1898586" lon="148.3742184"/>
      <trkpt lat="-9.1899189" lon="148.3740780"/>
      <trkpt lat="-9.1900350" lon="148.3739853"/>
      <trkpt lat="-9.1901954" lon="148.3739458"/>
      <trkpt lat="-9.1903501" lon="148.3739183"/>
      <trkpt lat="-9.1904915" lon="148.3738612"/>
      <trkpt lat="-9.1906262" lon="148.3737676"/>
      <trkpt lat="-9.1907778" lon="148.3736945"/>
      <trkpt lat="-9.1909415" lon="148.3736715"/>
      <trkpt lat="-9.1910944" lon="148.3737089"/>
      <trkpt lat="-9.1911830" lon="148.3738116"/>
      <trkpt lat="-9.1912532" lon="148.3739492"/>
      <trkpt lat="-9.1913267" lon="148.3740915"/>
      <trkpt lat="-9.1914614" lon="148.3742072"/>
      <trkpt lat="-9.1916143" lon="148.3742819"/>
      <trkpt lat="-9.1917759" lon="148.3743017"/>
      <trkpt lat="-9.1919411" lon="148.3742954"/>
      <trkpt lat="-9.1921057" lon="148.3743068"/>
      <trkpt lat="-9.1922764" lon="148.3743274"/>
      <trkpt lat="-9.1924518" lon="148.3743428"/>
      <trkpt lat="-9.1926204" lon="148.3743093"/>
      <trkpt lat="-9.1927866" lon="148.3742973"/>
      <trkpt lat="-9.1929434" lon="148.3743110"/>
      <trkpt lat="-9.1930876" lon="148.3744005"/>
      <trkpt lat="-9.1932256" lon="148.3744903"/>
      <trkpt lat="-9.1933665" lon="148.3745741"/>
      <trkpt lat="-9.1935238" lon="148.3745833"/>
      <trkpt lat="-9.1936356" lon="148.3745238"/>
      <trkpt lat="-9.1936476" lon="148.3744071"/>
      <trkpt lat="-9.1935542" lon="148.3742894"/>
      <trkpt lat="-9.1934159" lon="148.3741845"/>
      <trkpt lat="-9.1933135" lon="148.3740602"/>
      <trkpt lat="-9.1933032" lon="148.3739587"/>
      <trkpt lat="-9.1933917" lon="148.3739051"/>
      <trkpt lat="-9.1935506" lon="148.3739049"/>
      <trkpt lat="-9.1937234" lon="148.3738830"/>
      <trkpt lat="-9.1938789" lon="148.3738154"/>
      <trkpt lat="-9.1940080" lon="148.3737077"/>
      <trkpt lat="-9.1940894" lon="148.3735659"/>
      <trkpt lat="-9.1941729" lon="148.3734280"/>
      <trkpt lat="-9.1942782" lon="148.3733158"/>
      <trkpt lat="-9.1944373" lon="148.3732671"/>
      <trkpt lat="-9.1945972" lon="148.3732306"/>
      <trkpt lat="-9.1947494" lon="148.3731753"/>
      <trkpt lat="-9.1948922" lon="148.3730864"/>
      <trkpt lat="-9.1950214" lon="148.3729740"/>
      <trkpt lat="-9.1951574" lon="148.3728780"/>
      <trkpt lat="-9.1952703" lon="148.3727710"/>
      <trkpt lat="-9.1954078" lon="148.3726890"/>
      <trkpt lat="-9.1955421" lon="148.3725977"/>
      <trkpt lat="-9.1957060" lon="148.3725507"/>
      <trkpt lat="-9.1958081" lon="148.3725357"/>
      <trkpt lat="-9.1958815" lon="148.3725018"/>
      <trkpt lat="-9.1958949" lon="148.3725007"/>
      <trkpt lat="-9.1959430" lon="148.3725354"/>
      <trkpt lat="-9.1959700" lon="148.3726798"/>
      <trkpt lat="-9.1960100" lon="148.3728472"/>
      <trkpt lat="-9.1960410" lon="148.3730234"/>
      <trkpt lat="-9.1960572" lon="148.3731973"/>
      <trkpt lat="-9.1960553" lon="148.3733373"/>
      <trkpt lat="-9.1960647" lon="148.3734622"/>
      <trkpt lat="-9.1961192" lon="148.3735801"/>
      <trkpt lat="-9.1962331" lon="148.3737037"/>
      <trkpt lat="-9.1963057" lon="148.3738413"/>
      <trkpt lat="-9.1963436" lon="148.3739858"/>
      <trkpt lat="-9.1963391" lon="148.3741544"/>
      <trkpt lat="-9.1963493" lon="148.3743269"/>
      <trkpt lat="-9.1963703" lon="148.3745014"/>
      <trkpt lat="-9.1964092" lon="148.3746743"/>
      <trkpt lat="-9.1964868" lon="148.3748291"/>
      <trkpt lat="-9.1966055" lon="148.3749589"/>
      <trkpt lat="-9.1967353" lon="148.3750801"/>
      <trkpt lat="-9.1968359" lon="148.3752130"/>
      <trkpt lat="-9.1969064" lon="148.3753657"/>
      <trkpt lat="-9.1969449" lon="148.3755326"/>
      <trkpt lat="-9.1969605" lon="148.3757063"/>
      <trkpt lat="-9.1969439" lon="148.3758837"/>
      <trkpt lat="-9.1969312" lon="148.3760613"/>
      <trkpt lat="-9.1969076" lon="148.3762304"/>
      <trkpt lat="-9.1969207" lon="148.3763826"/>
      <trkpt lat="-9.1969591" lon="148.3765220"/>
      <trkpt lat="-9.1970329" lon="148.3766625"/>
      <trkpt lat="-9.1970793" lon="148.3768089"/>
      <trkpt lat="-9.1970384" lon="148.3769361"/>
      <trkpt lat="-9.1969487" lon="148.3770601"/>
      <trkpt lat="-9.1968390" lon="148.3771920"/>
      <trkpt lat="-9.1967489" lon="148.3773479"/>
      <trkpt lat="-9.1966524" lon="148.3774981"/>
      <trkpt lat="-9.1965213" lon="148.3775923"/>
      <trkpt lat="-9.1963723" lon="148.3776584"/>
      <trkpt lat="-9.1962338" lon="148.3776839"/>
      <trkpt lat="-9.1961689" lon="148.3776829"/>
      <trkpt lat="-9.1961030" lon="148.3776666"/>
      <trkpt lat="-9.1960308" lon="148.3776792"/>
      <trkpt lat="-9.1959234" lon="148.3777748"/>
      <trkpt lat="-9.1958266" lon="148.3778926"/>
      <trkpt lat="-9.1957421" lon="148.3780299"/>
      <trkpt lat="-9.1956387" lon="148.3781548"/>
      <trkpt lat="-9.1955369" lon="148.3782950"/>
      <trkpt lat="-9.1954207" lon="148.3784179"/>
      <trkpt lat="-9.1953453" lon="148.3785574"/>
      <trkpt lat="-9.1952666" lon="148.3786948"/>
      <trkpt lat="-9.1951851" lon="148.3788421"/>
      <trkpt lat="-9.1950720" lon="148.3789811"/>
      <trkpt lat="-9.1949680" lon="148.3791232"/>
      <trkpt lat="-9.1948668" lon="148.3792578"/>
      <trkpt lat="-9.1947531" lon="148.3793796"/>
      <trkpt lat="-9.1946599" lon="148.3795055"/>
      <trkpt lat="-9.1945608" lon="148.3796333"/>
      <trkpt lat="-9.1944604" lon="148.3797623"/>
      <trkpt lat="-9.1943392" lon="148.3798920"/>
      <trkpt lat="-9.1942321" lon="148.3800354"/>
      <trkpt lat="-9.1941444" lon="148.3801932"/>
      <trkpt lat="-9.1940564" lon="148.3803505"/>
      <trkpt lat="-9.1939683" lon="148.3805072"/>
      <trkpt lat="-9.1938768" lon="148.3806627"/>
      <trkpt lat="-9.1937822" lon="148.3808156"/>
      <trkpt lat="-9.1937013" lon="148.3809738"/>
      <trkpt lat="-9.1936262" lon="148.3811347"/>
      <trkpt lat="-9.1935708" lon="148.3813060"/>
      <trkpt lat="-9.1935137" lon="148.3814779"/>
      <trkpt lat="-9.1934723" lon="148.3816536"/>
      <trkpt lat="-9.1934320" lon="148.3818297"/>
      <trkpt lat="-9.1933644" lon="148.3819735"/>
      <trkpt lat="-9.1932877" lon="148.3821154"/>
      <trkpt lat="-9.1932021" lon="148.3822502"/>
      <trkpt lat="-9.1931685" lon="148.3824168"/>
      <trkpt lat="-9.1931428" lon="148.3825782"/>
      <trkpt lat="-9.1931160" lon="148.3827411"/>
      <trkpt lat="-9.1930676" lon="148.3829050"/>
      <trkpt lat="-9.1929833" lon="148.3830525"/>
      <trkpt lat="-9.1929014" lon="148.3831976"/>
      <trkpt lat="-9.1928072" lon="148.3833373"/>
      <trkpt lat="-9.1927594" lon="148.3834947"/>
      <trkpt lat="-9.1927639" lon="148.3836485"/>
      <trkpt lat="-9.1927945" lon="148.3838005"/>
      <trkpt lat="-9.1928156" lon="148.3839525"/>
      <trkpt lat="-9.1928322" lon="148.3841042"/>
      <trkpt lat="-9.1928866" lon="148.3842519"/>
      <trkpt lat="-9.1929702" lon="148.3844001"/>
      <trkpt lat="-9.1930344" lon="148.3845622"/>
      <trkpt lat="-9.1931098" lon="148.3846866"/>
      <trkpt lat="-9.1932052" lon="148.3847883"/>
      <trkpt lat="-9.1933235" lon="148.3848804"/>
      <trkpt lat="-9.1934350" lon="148.3850007"/>
      <trkpt lat="-9.1935589" lon="148.3851123"/>
      <trkpt lat="-9.1936986" lon="148.3852131"/>
      <trkpt lat="-9.1938430" lon="148.3853154"/>
      <trkpt lat="-9.1939794" lon="148.3854312"/>
      <trkpt lat="-9.1941155" lon="148.3855458"/>
      <trkpt lat="-9.1942542" lon="148.3856572"/>
      <trkpt lat="-9.1943946" lon="148.3857668"/>
      <trkpt lat="-9.1945408" lon="148.3858722"/>
      <trkpt lat="-9.1946901" lon="148.3859733"/>
      <trkpt lat="-9.1948416" lon="148.3860707"/>
      <trkpt lat="-9.1949892" lon="148.3861727"/>
      <trkpt lat="-9.1951256" lon="148.3862876"/>
      <trkpt lat="-9.1952616" lon="148.3864033"/>
      <trkpt lat="-9.1953902" lon="148.3865255"/>
      <trkpt lat="-9.1954975" lon="148.3866605"/>
      <trkpt lat="-9.1955572" lon="148.3868237"/>
      <trkpt lat="-9.1955744" lon="148.3870016"/>
      <trkpt lat="-9.1955488" lon="148.3871775"/>
      <trkpt lat="-9.1954933" lon="148.3873473"/>
      <trkpt lat="-9.1954037" lon="148.3875020"/>
      <trkpt lat="-9.1952925" lon="148.3876414"/>
      <trkpt lat="-9.1951681" lon="148.3877702"/>
      <trkpt lat="-9.1950378" lon="148.3878940"/>
      <trkpt lat="-9.1949142" lon="148.3880240"/>
      <trkpt lat="-9.1947957" lon="148.3881590"/>
      <trkpt lat="-9.1946731" lon="148.3882890"/>
      <trkpt lat="-9.1945530" lon="148.3884207"/>
      <trkpt lat="-9.1944443" lon="148.3885594"/>
      <trkpt lat="-9.1943586" lon="148.3887172"/>
      <trkpt lat="-9.1942839" lon="148.3888821"/>
      <trkpt lat="-9.1942098" lon="148.3890468"/>
      <trkpt lat="-9.1941452" lon="148.3892154"/>
      <trkpt lat="-9.1940683" lon="148.3893735"/>
      <trkpt lat="-9.1939699" lon="148.3895114"/>
      <trkpt lat="-9.1938926" lon="148.3896494"/>
      <trkpt lat="-9.1938102" lon="148.3897860"/>
      <trkpt lat="-9.1937454" lon="148.3899409"/>
      <trkpt lat="-9.1936390" lon="148.3900856"/>
      <trkpt lat="-9.1935351" lon="148.3902321"/>
      <trkpt lat="-9.1934229" lon="148.3903732"/>
      <trkpt lat="-9.1933087" lon="148.3905124"/>
      <trkpt lat="-9.1931908" lon="148.3906481"/>
      <trkpt lat="-9.1930741" lon="148.3907856"/>
      <trkpt lat="-9.1929570" lon="148.3909230"/>
      <trkpt lat="-9.1928398" lon="148.3910605"/>
      <trkpt lat="-9.1927166" lon="148.3911933"/>
      <trkpt lat="-9.1925935" lon="148.3913260"/>
      <trkpt lat="-9.1924692" lon="148.3914275"/>
      <trkpt lat="-9.1923486" lon="148.3914357"/>
      <trkpt lat="-9.1922148" lon="148.3913859"/>
      <trkpt lat="-9.1921481" lon="148.3913135"/>
      <trkpt lat="-9.1921083" lon="148.3913101"/>
      <trkpt lat="-9.1921360" lon="148.3912835"/>
      <trkpt lat="-9.1921567" lon="148.3912333"/>
    </trkseg>
    <trkseg>
      <trkpt lat="-9.1920567" lon="148.3913400"/>
      <trkpt lat="-9.1918801" lon="148.3913411"/>
      <trkpt lat="-9.1917733" lon="148.3913217"/>
    </trkseg>
    <trkseg>
      <trkpt lat="-9.1916717" lon="148.3913100"/>
      <trkpt lat="-9.1915414" lon="148.3913238"/>
      <trkpt lat="-9.1913889" lon="148.3913442"/>
      <trkpt lat="-9.1912136" lon="148.3913670"/>
      <trkpt lat="-9.1910420" lon="148.3913814"/>
      <trkpt lat="-9.1908834" lon="148.3913592"/>
      <trkpt lat="-9.1907398" lon="148.3912968"/>
      <trkpt lat="-9.1906709" lon="148.3911856"/>
      <trkpt lat="-9.1906024" lon="148.3910744"/>
      <trkpt lat="-9.1905291" lon="148.3909692"/>
      <trkpt lat="-9.1903786" lon="148.3909075"/>
      <trkpt lat="-9.1902666" lon="148.3908300"/>
      <trkpt lat="-9.1901694" lon="148.3907687"/>
      <trkpt lat="-9.1901490" lon="148.3906511"/>
      <trkpt lat="-9.1901100" lon="148.3905473"/>
      <trkpt lat="-9.1901192" lon="148.3904011"/>
      <trkpt lat="-9.1901174" lon="148.3902532"/>
      <trkpt lat="-9.1901059" lon="148.3900971"/>
      <trkpt lat="-9.1900739" lon="148.3899434"/>
      <trkpt lat="-9.1900641" lon="148.3897973"/>
      <trkpt lat="-9.1901241" lon="148.3896427"/>
      <trkpt lat="-9.1902223" lon="148.3894957"/>
      <trkpt lat="-9.1902660" lon="148.3893442"/>
      <trkpt lat="-9.1902718" lon="148.3891831"/>
      <trkpt lat="-9.1902700" lon="148.3890147"/>
      <trkpt lat="-9.1902652" lon="148.3888810"/>
      <trkpt lat="-9.1902645" lon="148.3887467"/>
      <trkpt lat="-9.1902752" lon="148.3886236"/>
      <trkpt lat="-9.1903013" lon="148.3884718"/>
      <trkpt lat="-9.1903227" lon="148.3883287"/>
      <trkpt lat="-9.1902567" lon="148.3882179"/>
      <trkpt lat="-9.1901473" lon="148.3881759"/>
      <trkpt lat="-9.1899917" lon="148.3881524"/>
      <trkpt lat="-9.1898299" lon="148.3881266"/>
      <trkpt lat="-9.1896891" lon="148.3880336"/>
      <trkpt lat="-9.1895540" lon="148.3879348"/>
      <trkpt lat="-9.1894633" lon="148.3878004"/>
      <trkpt lat="-9.1894393" lon="148.3876638"/>
      <trkpt lat="-9.1894647" lon="148.3875348"/>
      <trkpt lat="-9.1895332" lon="148.3874105"/>
      <trkpt lat="-9.1895625" lon="148.3872882"/>
      <trkpt lat="-9.1896223" lon="148.3871472"/>
      <trkpt lat="-9.1896531" lon="148.3869961"/>
      <trkpt lat="-9.1896949" lon="148.3868328"/>
      <trkpt lat="-9.1896676" lon="148.3866706"/>
      <trkpt lat="-9.1896208" lon="148.3865098"/>
      <trkpt lat="-9.1895753" lon="148.3863771"/>
      <trkpt lat="-9.1895730" lon="148.3862434"/>
      <trkpt lat="-9.1895877" lon="148.3861152"/>
      <trkpt lat="-9.1895456" lon="148.3859847"/>
      <trkpt lat="-9.1894414" lon="148.3858753"/>
      <trkpt lat="-9.1893018" lon="148.3857940"/>
      <trkpt lat="-9.1891515" lon="148.3857501"/>
      <trkpt lat="-9.1889955" lon="148.3857465"/>
      <trkpt lat="-9.1888262" lon="148.3857804"/>
      <trkpt lat="-9.1886932" lon="148.3858527"/>
      <trkpt lat="-9.1886497" lon="148.3859510"/>
      <trkpt lat="-9.1886029" lon="148.3860477"/>
      <trkpt lat="-9.1885556" lon="148.3861391"/>
      <trkpt lat="-9.1884179" lon="148.3861997"/>
      <trkpt lat="-9.1883279" lon="148.3862621"/>
      <trkpt lat="-9.1882438" lon="148.3863292"/>
      <trkpt lat="-9.1882143" lon="148.3864456"/>
      <trkpt lat="-9.1881492" lon="148.3865605"/>
      <trkpt lat="-9.1880656" lon="148.3866791"/>
      <trkpt lat="-9.1879506" lon="148.3867859"/>
      <trkpt lat="-9.1878732" lon="148.3869373"/>
      <trkpt lat="-9.1878434" lon="148.3871021"/>
      <trkpt lat="-9.1878402" lon="148.3872747"/>
      <trkpt lat="-9.1878494" lon="148.3874296"/>
      <trkpt lat="-9.1877939" lon="148.3875083"/>
      <trkpt lat="-9.1876923" lon="148.3875330"/>
      <trkpt lat="-9.1875366" lon="148.3875528"/>
      <trkpt lat="-9.1874054" lon="148.3876427"/>
      <trkpt lat="-9.1873051" lon="148.3877884"/>
      <trkpt lat="-9.1872351" lon="148.3879526"/>
      <trkpt lat="-9.1871698" lon="148.3881166"/>
      <trkpt lat="-9.1870815" lon="148.3882619"/>
      <trkpt lat="-9.1869667" lon="148.3883906"/>
      <trkpt lat="-9.1868552" lon="148.3885226"/>
      <trkpt lat="-9.1867758" lon="148.3886734"/>
      <trkpt lat="-9.1867343" lon="148.3888393"/>
      <trkpt lat="-9.1866834" lon="148.3889907"/>
      <trkpt lat="-9.1866064" lon="148.3891189"/>
      <trkpt lat="-9.1864810" lon="148.3891644"/>
      <trkpt lat="-9.1863261" lon="148.3891675"/>
      <trkpt lat="-9.1861584" lon="148.3891455"/>
      <trkpt lat="-9.1859925" lon="148.3891414"/>
      <trkpt lat="-9.1858331" lon="148.3891347"/>
      <trkpt lat="-9.1856712" lon="148.3891143"/>
      <trkpt lat="-9.1855079" lon="148.3891200"/>
      <trkpt lat="-9.1853818" lon="148.3891850"/>
      <trkpt lat="-9.1852636" lon="148.3892876"/>
      <trkpt lat="-9.1851483" lon="148.3894067"/>
      <trkpt lat="-9.1849915" lon="148.3894547"/>
      <trkpt lat="-9.1848368" lon="148.3894569"/>
      <trkpt lat="-9.1846803" lon="148.3894099"/>
      <trkpt lat="-9.1845374" lon="148.3893731"/>
      <trkpt lat="-9.1844058" lon="148.3893329"/>
      <trkpt lat="-9.1842787" lon="148.3893399"/>
      <trkpt lat="-9.1841398" lon="148.3893561"/>
      <trkpt lat="-9.1839799" lon="148.3894094"/>
      <trkpt lat="-9.1838149" lon="148.3894606"/>
      <trkpt lat="-9.1836815" lon="148.3895439"/>
      <trkpt lat="-9.1835462" lon="148.3896169"/>
      <trkpt lat="-9.1834105" lon="148.3896897"/>
      <trkpt lat="-9.1832549" lon="148.3897579"/>
      <trkpt lat="-9.1831019" lon="148.3897991"/>
      <trkpt lat="-9.1829437" lon="148.3897993"/>
      <trkpt lat="-9.1827765" lon="148.3897601"/>
      <trkpt lat="-9.1826117" lon="148.3897139"/>
      <trkpt lat="-9.1824507" lon="148.3896623"/>
      <trkpt lat="-9.1822831" lon="148.3896170"/>
      <trkpt lat="-9.1821110" lon="148.3896092"/>
      <trkpt lat="-9.1819339" lon="148.3896125"/>
      <trkpt lat="-9.1817571" lon="148.3896271"/>
      <trkpt lat="-9.1815802" lon="148.3896424"/>
      <trkpt lat="-9.1814104" lon="148.3896338"/>
      <trkpt lat="-9.1812410" lon="148.3896176"/>
      <trkpt lat="-9.1810710" lon="148.3895991"/>
      <trkpt lat="-9.1808931" lon="148.3896098"/>
      <trkpt lat="-9.1807166" lon="148.3895994"/>
      <trkpt lat="-9.1805408" lon="148.3895837"/>
      <trkpt lat="-9.1803670" lon="148.3895839"/>
      <trkpt lat="-9.1801954" lon="148.3896054"/>
      <trkpt lat="-9.1800252" lon="148.3896371"/>
      <trkpt lat="-9.1798683" lon="148.3896952"/>
      <trkpt lat="-9.1797188" lon="148.3897822"/>
      <trkpt lat="-9.1795941" lon="148.3899050"/>
      <trkpt lat="-9.1794744" lon="148.3900324"/>
      <trkpt lat="-9.1793690" lon="148.3901095"/>
      <trkpt lat="-9.1793426" lon="148.3901076"/>
      <trkpt lat="-9.1793340" lon="148.3901169"/>
      <trkpt lat="-9.1793194" lon="148.3901847"/>
      <trkpt lat="-9.1792703" lon="148.3902788"/>
      <trkpt lat="-9.1792976" lon="148.3903015"/>
      <trkpt lat="-9.1794131" lon="148.3902491"/>
      <trkpt lat="-9.1795560" lon="148.3901541"/>
      <trkpt lat="-9.1796810" lon="148.3900416"/>
      <trkpt lat="-9.1797578" lon="148.3899660"/>
      <trkpt lat="-9.1798161" lon="148.3898802"/>
      <trkpt lat="-9.1798802" lon="148.3897868"/>
      <trkpt lat="-9.1800028" lon="148.3896979"/>
      <trkpt lat="-9.1801618" lon="148.3896480"/>
      <trkpt lat="-9.1802587" lon="148.3895906"/>
      <trkpt lat="-9.1802756" lon="148.3894710"/>
      <trkpt lat="-9.1802070" lon="148.3893129"/>
      <trkpt lat="-9.1801763" lon="148.3891487"/>
      <trkpt lat="-9.1801460" lon="148.3889839"/>
      <trkpt lat="-9.1801033" lon="148.3888341"/>
      <trkpt lat="-9.1799981" lon="148.3887006"/>
      <trkpt lat="-9.1798579" lon="148.3886009"/>
      <trkpt lat="-9.1797343" lon="148.3884882"/>
      <trkpt lat="-9.1796199" lon="148.3883652"/>
      <trkpt lat="-9.1795386" lon="148.3882129"/>
      <trkpt lat="-9.1794667" lon="148.3880550"/>
      <trkpt lat="-9.1793976" lon="148.3878960"/>
      <trkpt lat="-9.1792989" lon="148.3878066"/>
      <trkpt lat="-9.1791555" lon="148.3877618"/>
      <trkpt lat="-9.1790267" lon="148.3877944"/>
      <trkpt lat="-9.1789586" lon="148.3878530"/>
      <trkpt lat="-9.1788957" lon="148.3879476"/>
      <trkpt lat="-9.1787945" lon="148.3880091"/>
      <trkpt lat="-9.1786324" lon="148.3880488"/>
      <trkpt lat="-9.1784684" lon="148.3880883"/>
      <trkpt lat="-9.1783173" lon="148.3881723"/>
      <trkpt lat="-9.1781977" lon="148.3882918"/>
      <trkpt lat="-9.1781143" lon="148.3884451"/>
      <trkpt lat="-9.1780518" lon="148.3886067"/>
      <trkpt lat="-9.1779644" lon="148.3887488"/>
      <trkpt lat="-9.1778498" lon="148.3888717"/>
      <trkpt lat="-9.1777113" lon="148.3889815"/>
      <trkpt lat="-9.1775736" lon="148.3890946"/>
      <trkpt lat="-9.1774258" lon="148.3891892"/>
      <trkpt lat="-9.1772671" lon="148.3892620"/>
      <trkpt lat="-9.1770958" lon="148.3893111"/>
      <trkpt lat="-9.1769238" lon="148.3893592"/>
      <trkpt lat="-9.1767553" lon="148.3893952"/>
      <trkpt lat="-9.1765964" lon="148.3894506"/>
      <trkpt lat="-9.1764408" lon="148.3895096"/>
      <trkpt lat="-9.1762886" lon="148.3896005"/>
      <trkpt lat="-9.1761289" lon="148.3896766"/>
      <trkpt lat="-9.1759727" lon="148.3897635"/>
      <trkpt lat="-9.1758142" lon="148.3898425"/>
      <trkpt lat="-9.1756582" lon="148.3899273"/>
      <trkpt lat="-9.1755084" lon="148.3900201"/>
      <trkpt lat="-9.1753594" lon="148.3901188"/>
      <trkpt lat="-9.1752225" lon="148.3902302"/>
      <trkpt lat="-9.1750938" lon="148.3903464"/>
      <trkpt lat="-9.1749647" lon="148.3904617"/>
      <trkpt lat="-9.1748387" lon="148.3905838"/>
      <trkpt lat="-9.1747039" lon="148.3906978"/>
      <trkpt lat="-9.1745780" lon="148.3908233"/>
      <trkpt lat="-9.1744557" lon="148.3909524"/>
      <trkpt lat="-9.1743498" lon="148.3910968"/>
      <trkpt lat="-9.1742539" lon="148.3912451"/>
      <trkpt lat="-9.1741752" lon="148.3914015"/>
      <trkpt lat="-9.1740769" lon="148.3915388"/>
      <trkpt lat="-9.1739577" lon="148.3916572"/>
      <trkpt lat="-9.1738009" lon="148.3917438"/>
      <trkpt lat="-9.1736427" lon="148.3918304"/>
      <trkpt lat="-9.1734879" lon="148.3919206"/>
      <trkpt lat="-9.1733366" lon="148.3920017"/>
      <trkpt lat="-9.1731843" lon="148.3920810"/>
      <trkpt lat="-9.1730507" lon="148.3921808"/>
      <trkpt lat="-9.1729310" lon="148.3923107"/>
      <trkpt lat="-9.1728339" lon="148.3924611"/>
      <trkpt lat="-9.1727513" lon="148.3926190"/>
      <trkpt lat="-9.1726747" lon="148.3927814"/>
      <trkpt lat="-9.1726231" lon="148.3929210"/>
      <trkpt lat="-9.1725971" lon="148.3929693"/>
      <trkpt lat="-9.1725709" lon="148.3929907"/>
      <trkpt lat="-9.1724910" lon="148.3929646"/>
      <trkpt lat="-9.1723569" lon="148.3929328"/>
      <trkpt lat="-9.1722026" lon="148.3928447"/>
      <trkpt lat="-9.1720561" lon="148.3927404"/>
      <trkpt lat="-9.1718980" lon="148.3926624"/>
      <trkpt lat="-9.1717465" lon="148.3925750"/>
      <trkpt lat="-9.1716187" lon="148.3924673"/>
      <trkpt lat="-9.1715178" lon="148.3923202"/>
      <trkpt lat="-9.1714222" lon="148.3921680"/>
      <trkpt lat="-9.1713108" lon="148.3920260"/>
      <trkpt lat="-9.1711765" lon="148.3919148"/>
      <trkpt lat="-9.1710221" lon="148.3918445"/>
      <trkpt lat="-9.1708566" lon="148.3917894"/>
      <trkpt lat="-9.1706884" lon="148.3917776"/>
      <trkpt lat="-9.1705248" lon="148.3917954"/>
      <trkpt lat="-9.1703560" lon="148.3918587"/>
      <trkpt lat="-9.1701905" lon="148.3919272"/>
      <trkpt lat="-9.1700244" lon="148.3919933"/>
      <trkpt lat="-9.1698585" lon="148.3920615"/>
      <trkpt lat="-9.1696913" lon="148.3921219"/>
      <trkpt lat="-9.1695200" lon="148.3921608"/>
      <trkpt lat="-9.1693473" lon="148.3921830"/>
      <trkpt lat="-9.1691846" lon="148.3922252"/>
      <trkpt lat="-9.1690242" lon="148.3922847"/>
      <trkpt lat="-9.1688636" lon="148.3923537"/>
      <trkpt lat="-9.1686895" lon="148.3923961"/>
      <trkpt lat="-9.1685382" lon="148.3924400"/>
      <trkpt lat="-9.1684465" lon="148.3924805"/>
      <trkpt lat="-9.1684133" lon="148.3925167"/>
    </trkseg>
    <trkseg>
      <trkpt lat="-9.1728283" lon="148.3925867"/>
      <trkpt lat="-9.1727895" lon="148.3925063"/>
      <trkpt lat="-9.1727214" lon="148.3923965"/>
      <trkpt lat="-9.1726495" lon="148.3922439"/>
      <trkpt lat="-9.1725800" lon="148.3920833"/>
      <trkpt lat="-9.1725302" lon="148.3919109"/>
      <trkpt lat="-9.1724758" lon="148.3917402"/>
      <trkpt lat="-9.1724557" lon="148.3915643"/>
      <trkpt lat="-9.1724600" lon="148.3913870"/>
      <trkpt lat="-9.1725005" lon="148.3912127"/>
      <trkpt lat="-9.1725361" lon="148.3910380"/>
      <trkpt lat="-9.1725679" lon="148.3908628"/>
      <trkpt lat="-9.1725933" lon="148.3906893"/>
      <trkpt lat="-9.1726627" lon="148.3905414"/>
      <trkpt lat="-9.1727797" lon="148.3904260"/>
      <trkpt lat="-9.1729279" lon="148.3903275"/>
      <trkpt lat="-9.1730587" lon="148.3902120"/>
      <trkpt lat="-9.1731833" lon="148.3900868"/>
      <trkpt lat="-9.1733176" lon="148.3899777"/>
      <trkpt lat="-9.1734519" lon="148.3898745"/>
      <trkpt lat="-9.1735749" lon="148.3897594"/>
      <trkpt lat="-9.1736730" lon="148.3896130"/>
      <trkpt lat="-9.1737343" lon="148.3894522"/>
      <trkpt lat="-9.1737406" lon="148.3892836"/>
      <trkpt lat="-9.1737117" lon="148.3891098"/>
      <trkpt lat="-9.1736906" lon="148.3889378"/>
      <trkpt lat="-9.1737007" lon="148.3887637"/>
      <trkpt lat="-9.1737248" lon="148.3885883"/>
      <trkpt lat="-9.1737510" lon="148.3884114"/>
      <trkpt lat="-9.1737819" lon="148.3882352"/>
      <trkpt lat="-9.1738170" lon="148.3880605"/>
      <trkpt lat="-9.1738925" lon="148.3879057"/>
      <trkpt lat="-9.1740067" lon="148.3877868"/>
      <trkpt lat="-9.1741653" lon="148.3877162"/>
      <trkpt lat="-9.1743313" lon="148.3876579"/>
      <trkpt lat="-9.1744973" lon="148.3876019"/>
      <trkpt lat="-9.1746483" lon="148.3875212"/>
      <trkpt lat="-9.1747774" lon="148.3874166"/>
      <trkpt lat="-9.1749006" lon="148.3872972"/>
      <trkpt lat="-9.1750351" lon="148.3871867"/>
      <trkpt lat="-9.1751958" lon="148.3871070"/>
      <trkpt lat="-9.1753675" lon="148.3870588"/>
      <trkpt lat="-9.1755424" lon="148.3870470"/>
      <trkpt lat="-9.1757201" lon="148.3870473"/>
      <trkpt lat="-9.1758967" lon="148.3870467"/>
      <trkpt lat="-9.1760665" lon="148.3870035"/>
      <trkpt lat="-9.1762309" lon="148.3869483"/>
      <trkpt lat="-9.1763859" lon="148.3868649"/>
      <trkpt lat="-9.1765331" lon="148.3867742"/>
      <trkpt lat="-9.1766473" lon="148.3866474"/>
      <trkpt lat="-9.1767361" lon="148.3864985"/>
      <trkpt lat="-9.1768139" lon="148.3863363"/>
      <trkpt lat="-9.1768935" lon="148.3861751"/>
      <trkpt lat="-9.1769757" lon="148.3860146"/>
      <trkpt lat="-9.1770575" lon="148.3858571"/>
      <trkpt lat="-9.1771412" lon="148.3857000"/>
      <trkpt lat="-9.1772218" lon="148.3855413"/>
      <trkpt lat="-9.1772898" lon="148.3853734"/>
      <trkpt lat="-9.1773595" lon="148.3852063"/>
      <trkpt lat="-9.1774377" lon="148.3850440"/>
      <trkpt lat="-9.1775334" lon="148.3848912"/>
      <trkpt lat="-9.1776160" lon="148.3847336"/>
      <trkpt lat="-9.1776855" lon="148.3845694"/>
      <trkpt lat="-9.1777110" lon="148.3843952"/>
      <trkpt lat="-9.1777613" lon="148.3842359"/>
      <trkpt lat="-9.1777922" lon="148.3840882"/>
      <trkpt lat="-9.1778031" lon="148.3839524"/>
      <trkpt lat="-9.1777793" lon="148.3838038"/>
      <trkpt lat="-9.1777274" lon="148.3836541"/>
      <trkpt lat="-9.1777212" lon="148.3834935"/>
      <trkpt lat="-9.1777266" lon="148.3833326"/>
      <trkpt lat="-9.1777891" lon="148.3831683"/>
      <trkpt lat="-9.1778397" lon="148.3830153"/>
      <trkpt lat="-9.1779052" lon="148.3828739"/>
      <trkpt lat="-9.1779582" lon="148.3827248"/>
      <trkpt lat="-9.1780032" lon="148.3825622"/>
      <trkpt lat="-9.1780129" lon="148.3823854"/>
      <trkpt lat="-9.1780261" lon="148.3822141"/>
      <trkpt lat="-9.1780408" lon="148.3820417"/>
      <trkpt lat="-9.1780533" lon="148.3818745"/>
      <trkpt lat="-9.1780077" lon="148.3817123"/>
      <trkpt lat="-9.1779421" lon="148.3815535"/>
      <trkpt lat="-9.1778520" lon="148.3814032"/>
      <trkpt lat="-9.1777741" lon="148.3812452"/>
      <trkpt lat="-9.1777027" lon="148.3810848"/>
      <trkpt lat="-9.1776703" lon="148.3809112"/>
      <trkpt lat="-9.1776571" lon="148.3807337"/>
      <trkpt lat="-9.1776907" lon="148.3805700"/>
      <trkpt lat="-9.1777542" lon="148.3804192"/>
      <trkpt lat="-9.1778182" lon="148.3802674"/>
      <trkpt lat="-9.1778650" lon="148.3801046"/>
      <trkpt lat="-9.1779140" lon="148.3799434"/>
      <trkpt lat="-9.1780076" lon="148.3797997"/>
      <trkpt lat="-9.1780873" lon="148.3796529"/>
      <trkpt lat="-9.1781310" lon="148.3794926"/>
      <trkpt lat="-9.1781498" lon="148.3793202"/>
      <trkpt lat="-9.1781513" lon="148.3791540"/>
      <trkpt lat="-9.1781129" lon="148.3789994"/>
      <trkpt lat="-9.1780348" lon="148.3788628"/>
      <trkpt lat="-9.1779398" lon="148.3787352"/>
      <trkpt lat="-9.1778405" lon="148.3786113"/>
      <trkpt lat="-9.1777126" lon="148.3785256"/>
      <trkpt lat="-9.1775706" lon="148.3784531"/>
      <trkpt lat="-9.1774139" lon="148.3784037"/>
      <trkpt lat="-9.1772556" lon="148.3783380"/>
      <trkpt lat="-9.1770872" lon="148.3782880"/>
      <trkpt lat="-9.1769438" lon="148.3782066"/>
      <trkpt lat="-9.1768169" lon="148.3780943"/>
      <trkpt lat="-9.1767054" lon="148.3779531"/>
      <trkpt lat="-9.1765864" lon="148.3778516"/>
      <trkpt lat="-9.1764683" lon="148.3777833"/>
    </trkseg>
  </trk>
</gpx>
